time_s,x_m,y_m,progress_m,lateral_error_m,heading_error_rad,speed_mps,target_speed_mps,drive,steer,clearance_m,reference_valid
0.0,0.0,0.15,0.0,0.15,0.08,0.0,0.5,0.34999999999382064,-0.048675567117875525,0.20166512260332825,True
0.05,0.0014546271404427605,0.15010162096285457,0.0014546271404427605,0.15010162096285457,0.07988736350084677,0.058314435900446444,0.5,0.3499999964845441,-0.24867577934776697,0.20159572346504726,True
0.1,0.005823675778216222,0.1503053761290931,0.005823675778216222,0.1503053761290931,0.07880010744893629,0.11651566547273659,0.5,0.34999999799636144,-0.3286755578339217,0.20170309536095088,True
0.15000000000000002,0.013114202498596416,0.1504018729071502,0.013114202498596416,0.1504018729071502,0.07527059647114832,0.1744913611712638,0.5,0.3499999954634841,-0.44867550249698496,0.2026178003871025,True
0.2,0.02332526669411023,0.15015301347910487,0.02332526669411023,0.15015301347910487,0.06784334717078278,0.23213093425318426,0.5,0.349999945484711,-0.5286745970353125,0.20500052558103543,True
0.25,0.036443042611366216,0.1492622934727832,0.036443042611366216,0.1492622934727832,0.05498109911717272,0.2893263636305674,0.5,0.34999998493399875,-0.6486751257168829,0.20960543091044867,True
0.30000000000000004,0.0524298807379975,0.14735098920917825,0.0524298807379975,0.14735098920917825,0.035023348713973564,0.3459730187696897,0.5,0.34999999880297195,-0.7286755275304566,0.21732585950349154,True
0.35000000000000003,0.07120497334984438,0.1439319794350305,0.07120497334984438,0.1439319794350305,0.006133704660264021,0.4019703568821326,0.5,0.32251704398874764,-0.7302301344891428,0.229248673092113,True
0.4,0.09250201704763837,0.1385060921294103,0.09250201704763837,0.1385060921294103,-0.03288803347630664,0.4526753548105717,0.5,0.20411608787461444,-0.6302397894064476,0.22679551799750358,True
0.45,0.11556264001809687,0.13170556460197433,0.11556264001809687,0.13170556460197433,-0.07482068911926251,0.48304459013745715,0.5,0.12207334390571627,-0.5400355520391561,0.22144313859253656,True
0.5,0.13956206100119273,0.12456454948967141,0.13956206100119273,0.12456454948967141,-0.11165704679757557,0.49936801872985603,0.5,0.0746321357936793,-0.4478994978747604,0.2181205685056848,True
0.55,0.16400775983407243,0.11727378757059947,0.16400775983407243,0.11727378757059947,-0.14284018317656244,0.5075816397990096,0.5,0.048429591730826824,-0.3536030631109565,0.21671983504103265,True
0.6000000000000001,0.1886573663603533,0.11003938026379154,0.1886573663603533,0.11003938026379154,-0.16798023745010413,0.5113273971379108,0.5,0.034499185061215645,-0.2707014416878574,0.21706422830376487,True
0.65,0.21339983054271916,0.10298056325666766,0.21339983054271916,0.10298056325666766,-0.18739628638977698,0.5127078576444699,0.5,0.027189148764808123,-0.1986830713274239,0.2188763409243344,True
0.7000000000000001,0.23818279445994966,0.09613561789821227,0.23818279445994966,0.09613561789821227,-0.20188578245541633,0.5128569488927062,0.5,0.023510913498108223,-0.1370758133724497,0.2218495094313148,True
0.75,0.26298534208959556,0.08952787819708213,0.26298534208959556,0.08952787819708213,-0.21218893935043828,0.5123956830733374,0.5,0.02171498283259863,-0.08445774121208557,0.225727314587057,True
0.8,0.28780114861193135,0.08317229848495085,0.28780114861193135,0.08317229848495085,-0.21895645065800096,0.5116454466615568,0.5,0.02093625758392914,-0.03952852864808357,0.23030042123533373,True
0.8500000000000001,0.3126304607678342,0.07708127925122005,0.3126304607678342,0.07708127925122005,-0.22273153143568483,0.51077920877805,0.5,0.0206980986354302,-0.00131965377323794,0.23540084065595457,True
0.9,0.3374758849744907,0.0712648143971605,0.3374758849744907,0.0712648143971605,-0.22397244127379085,0.5098882371211134,0.5,0.020734455538097045,0.03096507742851505,0.24089226755181803,True
0.9500000000000001,0.36234015677423914,0.06572997731355587,0.36234015677423914,0.06572997731355587,-0.22307403880326165,0.5090182891113868,0.5,0.020902571155642955,0.05800568516661028,0.24666239898832953,True
1.0,0.38722518268699313,0.06048093617996418,0.38722518268699313,0.06048093617996418,-0.2203806749794656,0.5081907604633881,0.5,0.021128159624461153,0.08039591083139898,0.2526177470325608,True
1.05,0.41213175342440095,0.05551910553860707,0.41213175342440095,0.05551910553860707,-0.21619496461262044,0.5074144136433063,0.5,0.021373970851708144,0.09866319038659781,0.25867992600626805,True
1.1,0.43705959191466065,0.05084336625501432,0.43705959191466065,0.05084336625501432,-0.21078398307839472,0.5066917117911488,0.5,0.021622266878400256,0.11328204642928948,0.264782936770598,True
1.1500000000000001,0.4620075500532407,0.04645033381570238,0.4620075500532407,0.04645033381570238,-0.2043837440263049,0.5060221491933078,0.5,0.021865227412119246,0.12468289351770113,0.27087114574914944,True
1.2000000000000002,0.48697385198319343,0.04233465585868636,0.48697385198319343,0.04233465585868636,-0.19720256126250482,0.5054039398144006,0.5,0.022099802232293634,0.1332577501065389,0.27689774709758286,True
1.25,0.5119563301883198,0.038489320519897424,0.5119563301883198,0.038489320519897424,-0.18942371380131087,0.5048348266598965,0.5,0.02232503235992655,0.1393639869600225,0.2828235602740685,True
1.3,0.5369526288079277,0.034905959869024845,0.5369526288079277,0.034905959869024845,-0.18120769138914067,0.5043124348415975,0.5,0.02254072403140785,0.14332692280739953,0.2886160609959751,True
1.35,0.5619603647833054,0.03157513654114639,0.5619603647833054,0.03157513654114639,-0.17269419238052053,0.5038343996104366,0.5,0.0227468486478989,0.14544181370904813,0.29424857609675514,True
1.4000000000000001,0.5869772464920004,0.028486605679385088,0.5869772464920004,0.028486605679385088,-0.16400397148013937,0.5033983931157694,0.5,0.022943318313015635,0.14597557503152733,0.2996995956549403,True
1.4500000000000002,0.6120011542092432,0.025629547874998722,0.6120011542092432,0.025629547874998722,-0.15524058562549856,0.5030021136574859,0.5,0.023129943280824117,0.14516842587362588,0.3049521715871377,True
1.5,0.6370301887602736,0.0229927716325819,0.6370301887602736,0.0229927716325819,-0.14649205618172365,0.5026432681184164,0.5,0.02330646660772827,0.14323554482867396,0.30999338263684234,True
1.55,0.6620626951746529,0.020564885941593027,0.6620626951746529,0.020564885941593027,-0.1378324491619699,0.5023195604471262,0.5,0.0234726216131607,0.14036876275655713,0.31481385281427987,True
1.6,0.6870972677217704,0.018334444868394997,0.6870972677217704,0.018334444868394997,-0.12932336785528525,0.5020286898575452,0.5,0.023628186162577957,0.1367382841330521,0.3194073149301643,True
1.6500000000000001,0.7121327418464922,0.016290066832581027,0.7121327418464922,0.016290066832581027,-0.12101535049054038,0.5017683580568529,0.5,0.023773023169255832,0.13249441155372688,0.3237702137237333,True
1.7000000000000002,0.7371681775160146,0.0144205315460129,0.7371681775160146,0.0144205315460129,-0.11294916686007804,0.5015362830725805,0.5,0.023907105051166104,0.1277692450044986,0.3279013447936162,True
1.75,0.7622028374990364,0.012714857612126968,0.7622028374990364,0.012714857612126968,-0.10515701044711533,0.501330216916339,0.5,0.02403052329514299,0.1226783275032714,0.33180152651642303,True
1.8,0.7872361632113714,0.01116236361461062,0.7872361632113714,0.01116236361461062,-0.09766358553705941,0.501147964557848,0.5,0.02414348662180333,0.11732221629182732,0.3354733026614326,True
1.85,0.8122677500160664,0.009752715255006648,0.8122677500160664,0.009752715255006648,-0.09048709144169644,0.5009874023020704,0.5,0.024246310929927517,0.11178796362149192,0.3389206736758504,True
1.9000000000000001,0.8372973232678523,0.008475960791786799,0.8372973232678523,0.008475960791786799,-0.08364010804197464,0.5008464942190464,0.5,0.024339404145755722,0.10615049765394204,0.34214885474781054,True
1.9500000000000002,0.8623247159279459,0.007322556719573187,0.8623247159279459,0.007322556719573187,-0.07713038834889249,0.5007233058147874,0.5,0.024423248478266806,0.10047389913493256,0.3451640588197684,True
2.0,0.8873498482285447,0.006283385334748502,0.8873498482285447,0.006283385334748502,-0.07096156469296669,0.5006160145582962,0.5,0.024498381957397987,0.09481257344175614,0.3479733027714237,True
2.0500000000000003,0.9123727096151817,0.005349765572058919,0.9123727096151817,0.005349765572058919,-0.06513377559211528,0.5005229171963389,0.5,0.02456538063121874,0.08921232062172041,0.35058423503750746,True
2.1,0.9373933430195599,0.0045134582702341655,0.9373933430195599,0.0045134582702341655,-0.05964422042293647,0.50044243401619,0.5,0.024624842242612674,0.08371130809116689,0.35300498298097394,True
2.15,0.9624118313978182,0.0037666668333604506,0.9624118313978182,0.0037666668333604506,-0.05448764883104192,0.5003731103496363,0.5,0.024677371899207885,0.07834095183469568,0.35524401840897124,True
2.2,0.987428286394559,0.003102034095445048,0.987428286394559,0.003102034095445048,-0.04965679145501295,0.5003136156917225,0.5,0.02472356994989042,0.07312671267490892,0.35731003969537006,True
2.25,1.0124428389498072,0.0025126360644493577,1.0124428389498072,0.0025126360644493577,-0.045142738075152504,0.500262740836969,0.5,0.02476402209437962,0.06808881435247804,0.3592118690570077,True
2.3000000000000003,1.0374556316451733,0.001991973114901577,1.0374556316451733,0.001991973114901577,-0.040935268784979356,0.5002193934336809,0.5,0.024799291616990262,0.06324289007868276,0.36095836361816785,True
2.35,1.062466812579952,0.0015339591105808308,1.062466812579952,0.0015339591105808308,-0.037023143260485496,0.5001825923325265,0.5,0.02482991357025294,0.058600563944334695,0.3625583389860862,True
2.4000000000000004,1.0874765305726117,0.0011329088671606447,1.0874765305726117,0.0011329088671606447,-0.033394352693516906,0.5001514610706932,0.5,0.02485639068260748,0.05416997314768617,0.36402050414752574,True
2.45,1.1124849314944036,0.0007835243057853396,1.1124849314944036,0.0007835243057853396,-0.030036338477963487,0.5001252207901253,0.5,0.024879190748591427,0.04995623656746563,0.36535340658099846,True
2.5,1.1374921555569408,0.00048087959971145945,1.1374921555569408,0.00048087959971145945,-0.026936181298890444,0.5001031828436165,0.5,0.024898745266866747,0.045961874704578194,0.3665653865601077,True
2.5500000000000003,1.1624983353927119,0.00022040557520315395,1.1624983353927119,0.00022040557520315395,-0.024080763879001505,0.5000847412996714,0.5,0.02491544909763268,0.04218718556340095,0.36766453970015334,True
2.6,1.187503594785283,-2.126406937486827e-06,1.187503594785283,-2.126406937486827e-06,-0.02145691028422511,0.5000693655159039,0.5,0.024929660935286514,0.03863058060331732,0.36865443405847687,True
2.6500000000000004,1.2125080479235528,-0.00019062089271693525,1.2125080479235528,-0.00019062089271693525,-0.019051504377868993,0.5000565929142773,0.5,0.02494170441083101,0.03528888448381342,0.3691741088924626,True
2.7,1.2375117990712614,-0.0003486749287418758,1.2375117990712614,-0.0003486749287418758,-0.01685158973783324,0.5000460220586965,0.5,0.024951869665373425,0.032157601960853516,0.3696643878802358,True
2.75,1.2625149425586804,-0.00047959466101171375,1.2625149425586804,-0.00047959466101171375,-0.014844453109857549,0.5000373061076321,0.5,0.024960415255907933,0.029231154969785594,0.3701255367914299,True
2.8000000000000003,1.2875175630178015,-0.0005864118117289362,1.2875175630178015,-0.0005864118117289362,-0.013017693257431654,0.500030146690358,0.5,0.024967570281105186,0.026503092648120154,0.37055803360757533,True
2.85,1.3125197357953329,-0.0006718999254641148,1.3125197357953329,-0.0006718999254641148,-0.011359276881672944,0.5000242882360582,0.5,0.02497353663067723,0.023966276785428356,0.3709625318800137,True
2.9000000000000004,1.3375215274893535,-0.0007385902925494757,1.3375215274893535,-0.0007385902925494757,-0.009857583119002089,0.5000195127686616,0.5,0.024978491282461202,0.02161304497900157,0.37133982813334276,True
2.95,1.362522996565629,-0.0007887874725218588,1.362522996565629,-0.0007887874725218588,-0.00850143797734537,0.5000156351675362,0.5,0.02498258858733296,0.019435353570460324,0.371690832988489,True
3.0,1.3875241940183958,-0.0008245843539202023,1.3875241940183958,-0.0008245843539202023,-0.0072801399398993915,0.5000124988842864,0.5,0.02498596249535788,0.01742490225916818,0.3720165456962,True
3.0500000000000003,1.4125251640479943,-0.0008478766989657348,1.4125251640479943,-0.0008478766989657348,-0.00618347784743744,0.5000099720983722,0.5,0.024988728688179064,0.015573242144516917,0.37231803178827483,True
3.1,1.4375259447341515,-0.0008603771326406426,1.4375259447341515,-0.0008603771326406426,-0.00520174206321964,0.5000079442887754,0.5,0.024990986593796564,0.013871868795482351,0.3725964035703847,True
3.1500000000000004,1.4625265686891036,-0.000863628545539293,1.4625265686891036,-0.000863628545539293,-0.004325729827463186,0.5000063231953823,0.5,0.024992821266855564,0.012312301827783987,0.37285280319670366,True
3.2,1.4875270636792213,-0.0008590168886846028,1.4875270636792213,-0.0008590168886846028,-0.003546745619841717,0.500005032141399,0.5,0.024994305125435486,0.010886152348025296,0.373088388082667,True
3.25,1.5125274532074462,-0.0008477833463064198,1.5125274532074462,-0.0008477833463064198,-0.0028565972673260916,0.5000040076871073,0.5,0.024995499539965292,0.00958517951784728,0.3733043184280549,True
3.3000000000000003,1.5375277570517965,-0.0008310358794659421,1.5375277570517965,-0.0008310358794659421,-0.002247588460281235,0.5000031975850362,0.5,0.024996456274697515,0.00840133739227078,0.3735017466380903,True
3.35,1.5625279917575259,-0.0008097601394217238,1.5625279917575259,-0.0008097601394217238,-0.0017125082712882529,0.5000025590071943,0.5,0.024997218785126715,0.007326813093043983,0.3736818084453482,True
3.4000000000000004,1.5875281710823306,-0.0007848297548356596,1.5875281710823306,-0.0007848297548356596,-0.001244618208188106,0.500002057016053,0.5,0.02499782337737273,0.0063540572913199905,0.3738456155499115,True
3.45,1.6125283063953637,-0.0007570160013746991,1.6125283063953637,-0.0007570160013746991,-0.0008376372749240951,0.5000016632524351,0.5,0.02499830023717636,0.005475807893466063,0.37399424960932504,True
3.5,1.6375284070318212,-0.0007269968660308081,1.6375284070318212,-0.0007269968660308081,-0.00048572546049346655,0.5000013548151697,0.5,0.02499867433725423,0.004685107747237648,0.37412875742345136,True
3.5500000000000003,1.6625284806055618,-0.000695365521618819,1.6625284806055618,-0.000695365521618819,-0.00018346602740992488,0.5000011133092405,0.5,0.024998966232565065,0.003975317114352359,0.37425014717228255,True
3.6,1.6875285332826793,-0.0006626382294790135,1.6875285332826793,-0.0006626382294790135,7.415307373272802e-05,0.5000009240411124,0.5,0.024999192753159545,0.003340121588675496,0.37431533865130995,True
3.6500000000000004,1.7125285700192119,-0.0006292616904620904,1.7125285700192119,-0.0006292616904620904,0.00029175837798557186,0.5000007753418776,0.5,0.024999367604371003,0.0027735360764190474,0.37428409139269,True
3.7,1.7375285947662782,-0.000595619865863385,1.7375285947662782,-0.000595619865863385,0.0004736104198166107,0.5000006580007915,0.5,0.024999501883836754,0.002269905396368491,0.3742637318638863,True
3.75,1.7625286106459277,-0.000562040291151507,1.7625286106459277,-0.000562040291151507,0.0006236233726659666,0.5000005647936289,0.5,0.024999604524417483,0.0018239020033640765,0.3742527678858031,True
3.8000000000000003,1.7875286201009035,-0.0005287999061519141,1.7875286201009035,-0.0005287999061519141,0.0007453846308151931,0.5000004900920425,0.5,0.024999682671593262,0.0014305212876086614,0.3742498556038845,True
3.85,1.8125286250213573,-0.0004961304258433645,1.8125286250213573,-0.0004961304258433645,0.0008421741779152936,0.5000004295417578,0.5,0.024999742003268217,0.0010850748550383332,0.3742537882014646,True
3.9000000000000004,1.8375286268513669,-0.0004642232761463185,1.8375286268513669,-0.0004642232761463185,0.000916983611546037,0.5000003797989454,0.5,0.02499978699931978,0.000783182150567317,0.37426348518307195,True
3.95,1.8625286266778855,-0.0004332341190655114,1.8625286266778855,-0.0004332341190655114,0.0009725347156135856,0.5000003383155031,0.5,0.024999821167538877,0.0005207607455988106,0.3742779822299108,True
4.0,1.8875286253045187,-0.00040328699132904456,1.8875286253045187,-0.00040328699132904456,0.0010112974924199733,0.500000303165232,0.5,0.02499984723196941,0.00029401557432880544,0.37429642162477716,True
4.05,1.9125286233122902,-0.00037447808027565,1.9125286233122902,-0.00037447808027565,0.0010355075840347051,0.5000002729040156,0.5,0.02499986728901087,9.942736937190267e-05,0.3743180432394697,True
4.1000000000000005,1.9375286211093274,-0.00034687916020858926,1.9375286211093274,-0.00034687916020858926,0.0010471830283423987,0.5000002464581108,0.5,0.024999882936046977,-6.6259483739113e-05,0.37434217607422837,True
4.15,1.962528618971173,-0.0003205407117852809,1.962528618971173,-0.0003205407117852809,0.0010481403089942515,0.5000002230355461,0.5,0.024999895376798142,-0.0002060494818208228,0.37436823033581734,True
4.2,1.9875286170732214,-0.0002954947462687968,1.9875286170732214,-0.0002954947462687968,0.0010400096706182757,0.5000002020563978,0.5,0.02499990550705288,-0.00032270876342813093,0.37439569003849105,True
4.25,2.0125286155165862,-0.0002717573556516368,2.0125286155165862,-0.0002717573556516368,0.0010242496811924862,0.5000001830983883,0.5,0.024999913983979896,-0.0004187779498160705,0.3744241061101806,True
4.3,2.0375286143485236,-0.00024933100879152517,2.0375286143485236,-0.00024933100879152517,0.0010021610326019555,0.5000001658548401,0.5,0.024999921281756297,-0.0004965849459453992,0.374453089984763,True
4.3500000000000005,2.0625286135783822,-0.00022820661278919894,2.0625286135783822,-0.00022820661278919894,0.0009748995782196622,0.5000001501025191,0.5,0.02499992773588355,-0.0005582575987013432,0.37448230766016444,True
4.4,2.087528613189899,-0.00020836535790305947,2.087528613189899,-0.00020836535790305947,0.0009434886129993906,0.5000001356773345,0.5,0.024999933578194564,-0.0006057361264271635,0.37451147420127806,True
4.45,2.112528613150542,-0.0001897803633469477,2.112528613150542,-0.0001897803633469477,0.000908830407165303,0.5000001224562264,0.5,0.02499993896425513,-0.0006407852488152139,0.3745403486661738,True
4.5,2.1375286134184797,-0.00017241814036551327,2.1375286134184797,-0.00017241814036551327,0.0008717170092367449,0.5000001103438815,0.5,0.024999943994601547,-0.0006650059596035435,0.37456872943383646,True
4.55,2.1625286139476705,-0.0001562398880351435,2.1625286139476705,-0.0001562398880351435,0.0008328403379416342,0.5000000992631792,0.5,0.024999948731005694,-0.0006798468963003739,0.374596449911628,True
4.6000000000000005,2.1875286146914714,-0.0001412026363046795,2.1875286146914714,-0.0001412026363046795,0.0007928015856404007,0.5000000891484837,0.5,0.02499995320877571,-0.000686615271596188,0.3746233746008212,True
4.65,2.212528615605097,-0.0001272602498751134,2.212528615605097,-0.0001272602498751134,0.0007521199582922678,0.5000000799410796,0.5,0.02499995744590815,-0.0006864873402259848,0.3746493954988478,True
4.7,2.2375286166472015,-0.00011436430562617722,2.2375286166472015,-0.00011436430562617722,0.0007112407788255357,0.500000071586197,0.5,0.024999961449777293,-0.0006805183830274831,0.37467442881733626,True
4.75,2.262528617780798,-0.00010246485543417323,2.262528617780798,-0.00010246485543417323,0.0006705429820959837,0.5000000640311898,0.5,0.024999965221904216,-0.0006696521968258885,0.37469841199554943,True
4.800000000000001,2.287528618973692,-9.151108539273922e-05,2.287528618973692,-9.151108539273922e-05,0.0006303460304982003,0.5000000572245337,0.5,0.02499996876126055,-0.0006547300847328466,0.37472130098945355,True
4.8500000000000005,2.312528620198563,-8.145188164882902e-05,2.312528620198563,-8.145188164882902e-05,0.0005909162797936646,0.5000000511153858,0.5,0.024999972066456898,-0.000636499346537367,0.3747430678173436,True
4.9,2.3375286214328095,-7.22363123018592e-05,2.3375286214328095,-7.22363123018592e-05,0.000552472824889953,0.5000000456535142,0.5,0.024999975137108263,-0.0006156212731701536,0.3747636983436914,True
4.95,2.3625286226582283,-6.381403408583414e-05,2.3625286226582283,-6.381403408583414e-05,0.0005151928551966363,0.5000000407894534,0.5,0.02499997797459245,-0.0005926786528503285,0.37478319028366913,True
5.0,2.387528623860605,-5.613563186300558e-05,2.387528623860605,-5.613563186300558e-05,0.00047921654883872395,0.5000000364747833,0.5,0.024999980582387036,-0.000568182799525194,0.3748015514116104,True
5.050000000000001,2.4125286250292524,-4.915289830355138e-05,2.4125286250292524,-4.915289830355138e-05,0.0004446515344665852,0.5000000326624591,0.5,0.024999982966101408,-0.000542580116666381,0.3748187979574982,True
5.1000000000000005,2.437528626156536,-4.281906050874603e-05,2.437528626156536,-4.281906050874603e-05,0.0004115769486970791,0.5000000293071403,0.5,0.024999985133331924,-0.0005162582114507984,0.37483495317640325,True
5.15,2.462528627237408,-3.7088959754737396e-05,2.462528627237408,-3.7088959754737396e-05,0.000380047116384981,0.5000000263654918,0.5,0.024999987093390408,-0.0004895515758978811,0.3748500460766342,True
5.2,2.48752862826897,-3.191918998971142e-05,2.48752862826897,-3.191918998971142e-05,0.00035009487998375856,0.5000000237964336,0.5,0.02499998885697785,-0.00046274685269169486,0.37486411029318056,True
5.25,2.512528629250068,-2.7268200208049826e-05,2.512528629250068,-2.7268200208049826e-05,0.0003217346032343692,0.5000000215613336,0.5,0.024999990435836433,-0.0004360877042527723,0.374877183093852,True
5.300000000000001,2.5375286301809337,-2.309636535002972e-05,2.5375286301809337,-2.309636535002972e-05,0.00029496487334104883,0.5000000196241389,0.5,0.024999991842410595,-0.00040977930416901233,0.37488930450630525,True
5.3500000000000005,2.5625286310628637,-1.9366029933523227e-05,2.5625286310628637,-1.9366029933523227e-05,0.00026977092467227046,0.5000000179514494,0.5,0.024999993089531377,-0.0003839924703975574,0.3749005165549326,True
5.4,2.5875286318979493,-1.6041528213757088e-05,2.5875286318979493,-1.6041528213757088e-05,0.0002461268058790472,0.5000000165125381,0.5,0.0249999941901333,-0.00035886745973746594,0.3749108625973285,True
5.45,2.612528632688843,-1.3089184287150504e-05,2.612528632688843,-1.3089184287150504e-05,0.00022399731116513056,0.5000000152793234,0.5,0.024999995157018253,-0.00033451744298165987,0.3749203867507778,True
5.5,2.637528633438565,-1.0477295204156748e-05,2.637528633438565,-1.0477295204156748e-05,0.0002033396952861259,0.5000000142263039,0.5,0.02499999600265522,-0.00031103167991460956,0.3749291333999015,True
5.550000000000001,2.6625286341503474,-8.176099832465985e-06,2.6625286341503474,-8.176099832465985e-06,0.00018410519070693497,0.5000000133304608,0.5,0.024999996739021854,-0.0002884784129528493,0.37493714677725654,True
5.6000000000000005,2.687528634827508,-6.157735914437076e-06,2.687528634827508,-6.157735914437076e-06,0.00016624034421750938,0.5000000125711355,0.5,0.02499999737748824,-0.000266907497751505,0.3749444706093211,True
5.65,2.71252863547335,-4.396187489760265e-06,2.71252863547335,-4.396187489760265e-06,0.0001496881892025639,0.5000000119298899,0.5,0.024999997928731123,-0.00024635278854435126,0.3749511478208927,True
5.7,2.73752863609109,-2.867224604679625e-06,2.73752863609109,-2.867224604679625e-06,0.0001343892686871895,0.5000000113903554,0.5,0.024999998402681488,-0.0002268342953600385,0.3749572202914951,True
5.75,2.7625286366838004,-1.5483370012075507e-06,2.7625286366838004,-1.5483370012075507e-06,0.0001202825232417239,0.5000000109380759,0.5,0.024999998808490673,-0.0002083601295833061,0.37496272865792496,True
5.800000000000001,2.787528637254373,-4.1866327225479394e-07,2.787528637254373,-4.1866327225479394e-07,0.00010730605682928963,0.5000000105603463,0.5,0.024999999154530876,-0.00019092825361830364,0.3749677121575724,True
5.8500000000000005,2.8125286378054937,5.410832198620066e-07,2.8125286378054937,5.410832198620066e-07,9.539779272068439e-05,0.5000000102460553,0.5,0.024999999448398178,-0.00017452804967300415,0.37497112634118124,True
5.9,2.83752863833963,1.3486905347961314e-06,2.83752863833963,1.3486905347961314e-06,8.449603068571562e-05,0.5000000099855312,0.5,0.0249999996969404,-0.00015914172193169196,0.37497355643460506,True
5.95,2.8625286388590254,2.0205254829279215e-06,2.8625286388590254,2.0205254829279215e-06,7.453991579881204e-05,0.5000000097703935,0.5,0.024999999906290198,-0.0001447455456220991,0.37497584146680774,True
6.0,2.8875286393657023,2.5716112579576132e-06,2.8875286393657023,2.5716112579576132e-06,6.546982837048024e-05,0.5000000095934142,0.5,0.02500000008190435,-0.00013131097572609618,0.37497798411762356,True
6.050000000000001,2.9125286398614674,3.0157046646143705e-06,2.9125286398614674,3.0157046646143705e-06,5.722770373507402e-05,0.5000000094483866,0.5,0.02500000022861152,-0.00011880562733063107,0.37497998787202347,True
6.1000000000000005,2.937528640347924,3.3653723445521482e-06,2.937528640347924,3.3653723445521482e-06,4.975728988916217e-05,0.5000000093300047,0.5,0.025000000350658424,-0.00010719413887723796,0.3749818568673012,True
6.15,2.9625286408264837,3.632065503298199e-06,2.9625286408264837,3.632065503298199e-06,4.300435028294503e-05,0.500000009233752,0.5,0.02500000045176315,-9.64389288462816e-05,0.3749835957580525,True
6.2,2.9875286412983817,3.826192729900008e-06,2.9875286412983817,3.826192729900008e-06,3.691681841878476e-05,0.5000000091558013,0.5,0.025000000535160317,-8.650085571052962e-05,0.3749852095973804,True
6.25,3.012528641764691,3.957190579609786e-06,3.012528641764691,3.957190579609786e-06,3.144491030488582e-05,0.5000000090929235,0.5,0.02500000060365256,-7.733979031469216e-05,0.37498670373286025,True
6.300000000000001,3.037528642226338,4.033591659421647e-06,3.037528642226338,4.033591659421647e-06,2.6541200247174015e-05,0.5000000090424057,0.5,0.025000000659653143,-6.891510918475527e-05,0.3749880837158953,True
6.3500000000000005,3.0625286426841183,4.063090017351838e-06,3.0625286426841183,4.063090017351838e-06,2.216066493702532e-05,0.5000000090019789,0.5,0.02500000070523436,-6.11861166456531e-05,0.3749893552231903,True
6.4,3.0875286431387114,4.052603689790455e-06,3.0875286431387114,4.052603689790455e-06,1.8260700305121437e-05,0.5000000089697543,0.5,0.025000000742162173,-5.41124030288081e-05,0.3749905239891607,True
6.45,3.112528643590693,4.008334307764875e-06,3.112528643590693,4.008334307764875e-06,1.4801115160698187e-05,0.5000000089441659,0.5,0.025000000771936995,-4.7654145683154953e-05,0.37499159574818175,True
6.5,3.1375286440405485,3.935823703203065e-06,3.1375286440405485,3.935823703203065e-06,1.1744105219098786e-05,0.5000000089239217,0.5,0.025000000795827176,-4.1772358965014715e-05,0.37499257618566706,True
6.550000000000001,3.162528644488685,3.84000749088302e-06,3.162528644488685,3.84000749088302e-06,9.054210737097753e-06,0.5000000089079609,0.5,0.025000000814899885,-3.642909887337182e-05,0.37499347089704393,True
6.6000000000000005,3.187528644935442,3.7252656312713285e-06,3.187528644935442,3.7252656312713285e-06,6.698260623165614e-06,0.5000000088954164,0.5,0.025000000830048035,-3.158762751789821e-05,0.3749942853537679,True
6.65,3.2125286453811,3.5954700044142382e-06,3.2125286453811,3.5954700044142382e-06,4.645305566941867e-06,0.5000000088855829,0.5,0.02500000084201627,-2.7212542156719394e-05,0.3749950248755909,True
6.7,3.2375286458258907,3.4540290459321044e-06,3.2375286458258907,3.4540290459321044e-06,2.8665424369357543e-06,0.5000000088778902,0.5,0.025000000851420973,-2.3269873119089182e-05,0.37499569460836385,True
6.75,3.2625286462700025,3.3039295134272397e-06,3.2625286462700025,3.3039295134272397e-06,1.3352319261733164e-06,0.5000000088718791,0.5,0.025000000858770015,-1.972715453394745e-05,0.3749962995067159,True
6.800000000000001,3.287528646713589,3.147775465653252e-06,3.287528646713589,3.147775465653252e-06,2.6611180484822168e-08,0.5000000088671821,0.5,0.0250000008644818,-1.6553471417945e-05,0.37499684432101377,True
6.8500000000000005,3.312528647156774,2.9878245479836435e-06,3.312528647156774,2.9878245479836435e-06,-1.0821970782407725e-06,0.5000000088635067,0.5,0.025000000868895946,-1.371948633499512e-05,0.37499669076299297,True
6.9,3.3375286475996555,2.8260216863986876e-06,3.3375286475996555,2.8260216863986876e-06,-2.0122776227849744e-06,0.5000000088606217,0.5,0.025000000872289086,-1.1197448522671796e-05,0.3749965763321127,True
6.95,3.3625286480423124,2.6640302986917843e-06,3.3625286480423124,2.6640302986917843e-06,-2.783016855957158e-06,0.5000000088583452,0.5,0.02500000087488458,-8.961188087767786e-06,0.37499650941417917,True
7.0,3.387528648484806,2.503261136160469e-06,3.387528648484806,2.503261136160469e-06,-3.4121970447789827e-06,0.5000000088565353,0.5,0.02500000087686048,-6.986097602897996e-06,0.37499648331706925,True
7.050000000000001,3.4125286489271835,2.3448988719473136e-06,3.4125286489271835,2.3448988719473136e-06,-3.9160898344865745e-06,0.5000000088550819,0.5,0.02500000087835917,-5.249103187058239e-06,0.3749964920234057,True
7.1000000000000005,3.437528649369482,2.189926553661719e-06,3.437528649369482,2.189926553661719e-06,-4.309548354681038e-06,0.5000000088539003,0.5,0.02500000087949303,-3.7286269243599564e-06,0.3749965301387458,True
7.15,3.4625286498117287,2.039148038151799e-06,3.4625286498117287,2.039148038151799e-06,-4.6060973470871525e-06,0.5000000088529256,0.5,0.025000000880351127,-2.4045422656133454e-06,0.37499659284237574,True
7.2,3.487528650253944,1.8932085254918069e-06,3.487528650253944,1.8932085254918069e-06,-4.81802084847194e-06,0.5000000088521088,0.5,0.025000000881002255,-1.2581238658869046e-06,0.3749966758407334,True
7.25,3.5125286506961437,1.7526133075710131e-06,3.5125286506961437,1.7526133075710131e-06,-4.956447054434072e-06,0.5000000088514132,0.5,0.025000000881498678,-2.719931365035379e-07,0.37499677532345266,True
7.300000000000001,3.5375286511383375,1.617744844262772e-06,3.5375286511383375,1.617744844262772e-06,-5.0314300710396565e-06,0.5000000088508111,0.5,0.02500000088188194,5.699393689296136e-07,0.37499688792200686,True
7.3500000000000005,3.562528651580533,1.4888782771495235e-06,3.562528651580533,1.4888782771495235e-06,-5.0520283326219305e-06,0.5000000088502823,0.5,0.02500000088218259,1.2825337590018016e-06,0.37499701067090324,True
7.4,3.5875286520227343,1.3661954872973143e-06,3.5875286520227343,1.3661954872973143e-06,-5.0263795263901005e-06,0.500000008849812,0.5,0.025000000882423476,1.8794819544569937e-06,0.3749971409713724,True
7.45,3.612528652464945,1.2497977997150974e-06,3.612528652464945,1.2497977997150974e-06,-4.961771918651924e-06,0.5000000088493892,0.5,0.025000000882621845,2.3733694562887863e-06,0.37499727655747916,True
7.5,3.6375286529071658,1.1397174329899352e-06,3.6375286529071658,1.1397174329899352e-06,-4.864712024232673e-06,0.5000000088490062,0.5,0.025000000882789742,2.7757371105481376e-06,0.3749974154645749,True
7.550000000000001,3.6625286533493973,1.0359277882383833e-06,3.6625286533493973,1.0359277882383833e-06,-4.740988600798758e-06,0.5000000088486573,0.5,0.02500000088293634,3.0971423434540134e-06,0.3749975560000022,True
7.6000000000000005,3.687528653791639,9.383526670254668e-07,3.687528653791639,9.383526670254668e-07,-4.595732983942258e-06,0.5000000088483384,0.5,0.025000000883067062,3.3472194253883663e-06,0.37499769671595684,True
7.65,3.7125286542338904,8.468745033351494e-07,3.7125286542338904,8.468745033351494e-07,-4.433475807675442e-06,0.5000000088480464,0.5,0.02500000088318666,3.53473839811764e-06,0.37499783638441025,True
7.7,3.7375286546761504,7.613416900810728e-07,3.7375286546761504,7.613416900810728e-07,-4.258200178994835e-06,0.500000008847779,0.5,0.02500000088329776,3.6676623668792262e-06,0.37499797397399004,True
7.75,3.762528655118418,6.815750760669779e-07,3.762528655118418,6.815750760669779e-07,-4.073391394928877e-06,0.5000000088475343,0.5,0.025000000883402342,3.753202918533571e-06,0.3749981086287167,True
7.800000000000001,3.7875286555606915,6.073737047793049e-07,3.7875286555606915,6.073737047793049e-07,-3.882083306463789e-06,0.500000008847311,0.5,0.025000000883500694,3.7978734794682853e-06,0.3749982396484951,True
7.8500000000000005,3.8125286560029705,5.385198619505945e-07,3.8125286560029705,5.385198619505945e-07,-3.6869014463892563e-06,0.5000000088471076,0.5,0.025000000883593436,3.807540472999177e-06,0.37499836647125806,True
7.9,3.8375286564452535,4.7478349449668905e-07,3.8375286564452535,4.7478349449668905e-07,-3.4901030478210112e-06,0.500000008846923,0.5,0.025000000883681768,3.787472176225507e-06,0.3749984886566616,True
7.95,3.8625286568875397,4.1592605922381103e-07,3.8625286568875397,4.1592605922381103e-07,-3.2936140873061957e-06,0.500000008846756,0.5,0.025000000883764344,3.742385211212255e-06,0.3749986058712349,True
8.0,3.887528657329828,3.617038556395797e-07,3.887528657329828,3.617038556395797e-07,-3.099063491331186e-06,0.5000000088466053,0.5,0.025000000883842997,3.676488635514067e-06,0.3749987178748877,True
8.05,3.912528657772118,3.118708932974266e-07,3.912528657772118,3.118708932974266e-07,-2.9078146480299186e-06,0.5000000088464702,0.5,0.02500000088391597,3.5935256228776803e-06,0.3749988245086847,True
8.1,3.937528658214409,2.66181340365932e-07,3.937528658214409,2.66181340365932e-07,-2.7209943672041467e-06,0.5000000088463494,0.5,0.025000000883983794,3.4968127469227043e-06,0.37499892568379534,True
8.15,3.9625286586567006,2.2439159654972743e-07,3.9625286586567006,2.2439159654972743e-07,-2.5395194316588903e-06,0.5000000088462419,0.5,0.025000000884046483,3.389276899091125e-06,0.37499902137153535,True
8.200000000000001,3.987528659098992,1.8626203010077528e-07,3.987528659098992,1.8626203010077528e-07,-2.364120881544646e-06,0.5000000088461464,0.5,0.02500000088410408,3.273489887553181e-06,0.37499911159441746,True
8.25,4.0125286595412835,1.515584154498554e-07,4.0125286595412835,1.515584154498554e-07,-2.1953661710780867e-06,0.500000008846062,0.5,0.025000000884156947,3.151700776407079e-06,0.37499919641813295,True
8.3,4.037528659983574,1.2005310495801444e-07,4.037528659983574,1.2005310495801444e-07,-2.033679333858739e-06,0.5000000088459877,0.5,0.025000000884205183,3.0258660347140496e-06,0.37499927594439136,True
8.35,4.062528660425864,9.152596543506486e-08,4.062528660425864,9.152596543506486e-08,-1.8793592891649948e-06,0.5000000088459227,0.5,0.025000000884248842,2.8976775729651235e-06,0.37499935030454645,True
8.4,4.087528660868153,6.576510739416478e-08,4.087528660868153,6.576510739416478e-08,-1.732596417235456e-06,0.5000000088458659,0.5,0.02500000088428805,2.7685887507374677e-06,0.3749994196539443,True
8.450000000000001,4.112528661310441,4.256743250423501e-08,4.112528661310441,4.256743250423501e-08,-1.5934875267413537e-06,0.5000000088458166,0.5,0.02500000088432271,2.639838443799729e-06,0.37499948416693074,True
8.5,4.137528661752729,2.1739022360747872e-08,4.137528661752729,2.1739022360747872e-08,-1.462049332538256e-06,0.5000000088457738,0.5,0.025000000884354685,2.512473261991971e-06,0.3749995440324595,True
8.55,4.162528662195015,3.0953895148482616e-09,4.162528662195015,3.0953895148482616e-09,-1.3382305564426677e-06,0.5000000088457369,0.5,0.02500000088438178,2.3873680110185656e-06,0.3749995994502472,True
8.6,4.1875286626373,-1.3538390325111356e-08,4.1875286626373,-1.3538390325111356e-08,-1.2219227582913055e-06,0.5000000088457052,0.5,0.02500000088440612,2.26524449203708e-06,0.3749996235506438,True
8.65,4.212528663079584,-2.8327647883098e-08,4.212528663079584,-2.8327647883098e-08,-1.1129699989769767e-06,0.500000008845678,0.5,0.02500000088442764,2.1466887327554906e-06,0.37499964112033984,True
8.700000000000001,4.237528663521868,-4.1428176395342744e-08,4.237528663521868,-4.1428176395342744e-08,-1.0111774315740344e-06,0.5000000088456548,0.5,0.02500000088444631,2.0321667428042773e-06,0.37499965825219034,True
8.75,4.262528663964151,-5.298636048111813e-08,4.262528663964151,-5.298636048111813e-08,-9.163189111186476e-07,0.5000000088456351,0.5,0.025000000884462133,1.922038884560095e-06,0.3749996748669754,True
8.8,4.287528664406433,-6.31393655779503e-08,4.287528664406433,-6.31393655779503e-08,-8.281437081368287e-07,0.5000000088456183,0.5,0.025000000884476334,1.8165729484705738e-06,0.374999690901996,True
8.85,4.312528664848714,-7.201537706715933e-08,4.312528664848714,-7.201537706715933e-08,-7.463824056514362e-07,0.5000000088456042,0.5,0.025000000884488165,1.715956019369592e-06,0.3749997063090833,True
8.9,4.337528665290995,-7.973387945396661e-08,4.337528665290995,-7.973387945396661e-08,-6.707520541771103e-07,0.5000000088455923,0.5,0.025000000884498875,1.620305217365563e-06,0.37499972105278856,True
8.950000000000001,4.362528665733275,-8.640596709765521e-08,4.362528665733275,-8.640596709765521e-08,-6.009606541524611e-07,0.5000000088455823,0.5,0.025000000884507677,1.5296773937089507e-06,0.3749997351087412,True
9.0,4.387528666175554,-9.213467901814346e-08,4.387528666175554,-9.213467901814346e-08,-5.367110303801841e-07,0.5000000088455739,0.5,0.025000000884515053,1.4440778586695584e-06,0.374999748462163,True
9.05,4.412528666617834,-9.701535124238058e-08,4.412528666617834,-9.701535124238058e-08,-4.777041583620385e-07,0.500000008845567,0.5,0.025000000884521215,1.3634682149366904e-06,0.374999761106528,True
9.1,4.437528667060112,-1.0113598100354426e-07,4.437528667060112,-1.0113598100354426e-07,-4.236419979369663e-07,0.5000000088455611,0.5,0.025000000884526627,1.2877733664483226e-06,0.3749997730423569,True
9.15,4.462528667502391,-1.0457759787423944e-07,4.462528667502391,-1.0457759787423944e-07,-3.7422988536391213e-07,0.5000000088455562,0.5,0.025000000884530697,1.216887768904256e-06,0.37499978427613495,True
9.200000000000001,4.4875286679446695,-1.0741463760764641e-07,4.4875286679446695,-1.0741463760764641e-07,-3.2917853094012547e-07,0.5000000088455521,0.5,0.02500000088453474,1.1506809845588043e-06,0.3749997948193454,True
9.25,4.512528668386947,-1.0971531508347059e-07,4.512528668386947,-1.0971531508347059e-07,-2.882056654124282e-07,0.5000000088455487,0.5,0.025000000884537577,1.0890026002555943e-06,0.37499980468760746,True
9.3,4.537528668829225,-1.1154199331397172e-07,4.537528668829225,-1.1154199331397172e-07,-2.510373748225882e-07,0.5000000088455459,0.5,0.025000000884540234,1.031686564085801e-06,0.37499981389991033,True
9.35,4.562528669271503,-1.129515459643854e-07,4.562528669271503,-1.129515459643854e-07,-2.1740916002621385e-07,0.5000000088455435,0.5,0.025000000884542024,9.78554992545049e-07,0.3749998224779365,True
9.4,4.58752866971378,-1.1399571128651934e-07,4.58752866971378,-1.1399571128651934e-07,-1.8706675393371027e-07,0.5000000088455415,0.5,0.025000000884544005,9.294214966516631e-07,0.37499983044546503,True
9.450000000000001,4.612528670156058,-1.1472143575875827e-07,4.612528670156058,-1.1472143575875827e-07,-1.5976672653679256e-07,0.5000000088455399,0.5,0.02500000088454564,8.840940721843446e-07,0.37499983782784807,True
9.5,4.637528670598335,-1.1517120607442586e-07,4.637528670598335,-1.1517120607442586e-07,-1.3527690499883943e-07,0.5000000088455385,0.5,0.025000000884546653,8.423775960129551e-07,0.3749998446515543,True
9.55,4.6625286710406115,-1.1538336842744694e-07,4.6625286710406115,-1.1538336842744694e-07,-1.1337663349520692e-07,0.5000000088455373,0.5,0.02500000088454745,8.040759674401011e-07,0.37499985094377225,True
9.600000000000001,4.687528671482888,-1.1539243431328644e-07,4.687528671482888,-1.1539243431328644e-07,-9.385689508310919e-08,0.5000000088455363,0.5,0.025000000884548547,7.689939305507312e-07,0.37499985673206837,True
9.65,4.712528671925165,-1.1522937229772028e-07,4.712528671925165,-1.1522937229772028e-07,-7.652031565196068e-08,0.5000000088455354,0.5,0.02500000088454868,7.369386107853494e-07,0.3749998620440943,True
9.700000000000001,4.737528672367442,-1.1492188540938474e-07,4.737528672367442,-1.1492188540938474e-07,-6.11810679459965e-08,0.5000000088455346,0.5,0.025000000884549105,7.077207963131793e-07,0.37499986690733766,True
9.75,4.762528672809719,-1.1449467398728609e-07,4.762528672809719,-1.1449467398728609e-07,-4.766469175318223e-08,0.500000008845534,0.5,0.02500000088454967,6.811559922845945e-07,0.3749998713489127,True
9.8,4.7875286732519955,-1.1396968396434022e-07,4.7875286732519955,-1.1396968396434022e-07,-3.5807844609424094e-08,0.5000000088455333,0.5,0.025000000884550358,6.570652736873761e-07,0.37499987539538626,True
9.850000000000001,4.812528673694272,-1.1336634069514988e-07,4.812528673694272,-1.1336634069514988e-07,-2.5457995766426986e-08,0.5000000088455329,0.5,0.025000000884550292,6.352759603172233e-07,0.3749998790726346,True
9.9,4.837528674136549,-1.1270176854300691e-07,4.837528674136549,-1.1270176854300691e-07,-1.647307470681176e-08,0.5000000088455324,0.5,0.0250000008845505,6.156221352964834e-07,0.3749998824057283,True
9.950000000000001,4.862528674578826,-1.1199099652972944e-07,4.862528674578826,-1.1199099652972944e-07,-8.721084153009995e-09,0.500000008845532,0.5,0.025000000884550826,5.979450266333529e-07,0.37499988541884144,True
10.0,4.887528675021103,-1.1124715042443065e-07,4.887528675021103,-1.1124715042443065e-07,-2.07968629890244e-09,0.5000000088455315,0.5,0.025000000884551014,5.82093269502524e-07,0.3749998881351827,True
10.05,4.9125286754633795,-1.1048163170551215e-07,4.9125286754633795,-1.1048163170551215e-07,3.564230112733541e-09,0.5000000088455312,0.5,0.025000000884551208,5.679230652430662e-07,0.37499988845979193,True
10.100000000000001,4.937528675905656,-1.0970428387577104e-07,4.937528675905656,-1.0970428387577104e-07,8.314995245783657e-09,0.5000000088455309,0.5,0.0250000008845511,5.552982515052074e-07,0.37499988782616256,True
10.15,4.962528676347933,-1.0892354664504203e-07,4.962528676347933,-1.0892354664504203e-07,1.226861044339427e-08,0.5000000088455305,0.5,0.025000000884551385,5.440902965296814e-07,0.3749998874326761,True
10.200000000000001,4.98752867679021,-1.0814659851966083e-07,4.98752867679021,-1.0814659851966083e-07,1.5513202417242848e-08,0.5000000088455303,0.5,0.02500000088455125,5.341782292057111e-07,0.3749998872459804,True
10.25,5.012528677232487,-1.0737948835449838e-07,5.012528677232487,-1.0737948835449838e-07,1.8129475185849235e-08,0.50000000884553,0.5,0.02500000088455123,5.254485153213753e-07,0.37499988723605754,True
10.3,5.037528677674763,-1.0662725643252147e-07,5.037528677674763,-1.0662725643252147e-07,2.0191156250573712e-08,0.5000000088455296,0.5,0.0250000008845517,5.17794889287269e-07,0.37499988737597023,True
10.350000000000001,5.06252867811704,-1.0589404563981409e-07,5.06252867811704,-1.0589404563981409e-07,2.1765434083862505e-08,0.5000000088455294,0.5,0.02500000088455176,5.111181495754216e-07,0.37499988764162046,True
10.4,5.087528678559317,-1.0518320330167231e-07,5.087528678559317,-1.0518320330167231e-07,2.2913384525605793e-08,0.5000000088455292,0.5,0.025000000884551683,5.05325925165218e-07,0.3749998880115215,True
10.450000000000001,5.112528679001594,-1.0449737423859411e-07,5.112528679001594,-1.0449737423859411e-07,2.369038414559985e-08,0.500000008845529,0.5,0.025000000884551864,5.003324194206649e-07,0.3749998884665817,True
10.5,5.137528679443871,-1.0383858559046445e-07,5.137528679443871,-1.0383858559046445e-07,2.4146509038157895e-08,0.5000000088455288,0.5,0.025000000884551878,4.96058137033877e-07,0.37499988898990133,True
10.55,5.162528679886147,-1.0320832394364592e-07,5.162528679886147,-1.0320832394364592e-07,2.4326917873674847e-08,0.5000000088455286,0.5,0.02500000088455179,4.924295989527473e-07,0.3749998895665815,True
10.600000000000001,5.187528680328424,-1.0260760527961124e-07,5.187528680328424,-1.0260760527961124e-07,2.42722183458975e-08,0.5000000088455284,0.5,0.025000000884552214,4.893790495615121e-07,0.3749998901835459,True
10.65,5.212528680770701,-1.0203703824571222e-07,5.212528680770701,-1.0203703824571222e-07,2.4018816426954626e-08,0.5000000088455283,0.5,0.025000000884551815,4.868441597964298e-07,0.3749998908293733,True
10.700000000000001,5.237528681212978,-1.0149688122912583e-07,5.237528681212978,-1.0149688122912583e-07,2.3599248078740998e-08,0.5000000088455281,0.5,0.025000000884552086,4.847677293506991e-07,0.37499989149414215,True
10.75,5.262528681655255,-1.0098709369434906e-07,5.262528681655255,-1.0098709369434906e-07,2.304249327263029e-08,0.500000008845528,0.5,0.025000000884551992,4.830973906482215e-07,0.37499989216928586,True
10.8,5.287528682097531,-1.005073822231778e-07,5.287528682097531,-1.005073822231778e-07,2.2374272343044694e-08,0.5000000088455279,0.5,0.025000000884552145,4.817853168412579e-07,0.3749998928474589,True
10.850000000000001,5.312528682539808,-1.000572416742007e-07,5.312528682539808,-1.000572416742007e-07,2.1617324847214836e-08,0.5000000088455278,0.5,0.02500000088455209,4.807879357078716e-07,0.3749998935224129,True
10.9,5.337528682982085,-9.963599185672508e-08,5.337528682982085,-9.963599185672508e-08,2.0791671226358874e-08,0.5000000088455276,0.5,0.02500000088455229,4.800656509880345e-07,0.3749998941888818,True
10.950000000000001,5.362528683424362,-9.924281009195016e-08,5.362528683424362,-9.924281009195016e-08,1.9914857665098625e-08,0.5000000088455275,0.5,0.02500000088455225,4.795825723985509e-07,0.3749998948424772,True
11.0,5.3875286838666385,-9.88767600122984e-08,5.3875286838666385,-9.88767600122984e-08,1.9002184628606734e-08,0.5000000088455274,0.5,0.02500000088455239,4.79306255303346e-07,0.3749998954795912,True
11.05,5.412528684308915,-9.853681692826663e-08,5.412528684308915,-9.853681692826663e-08,1.8066919622925522e-08,0.5000000088455273,0.5,0.025000000884552395,4.792074507840187e-07,0.374999896097308,True
11.100000000000001,5.437528684751192,-9.822189007109363e-08,5.437528684751192,-9.822189007109363e-08,1.712049477511111e-08,0.5000000088455272,0.5,0.025000000884552596,4.792598666529698e-07,0.374999896693323,True
11.15,5.462528685193469,-9.79308419990656e-08,5.462528685193469,-9.79308419990656e-08,1.6172689868150768e-08,0.5000000088455272,0.5,0.025000000884552235,4.79439939775159e-07,0.37499989726586913,True
11.200000000000001,5.487528685635746,-9.76625054354808e-08,5.487528685635746,-9.76625054354808e-08,1.523180149262535e-08,0.5000000088455271,0.5,0.025000000884552627,4.797266199121426e-07,0.37499989781364956,True
11.25,5.5125286860780225,-9.74156977872342e-08,5.5125286860780225,-9.74156977872342e-08,1.4304798994334754e-08,0.5000000088455271,0.5,0.02500000088455243,4.801011651710368e-07,0.37499989833577696,True
11.3,5.537528686520298,-9.718923357471254e-08,5.537528686520298,-9.718923357471254e-08,1.3397467905919221e-08,0.5000000088455271,0.5,0.025000000884552412,4.805469490294842e-07,0.37499989883171847,True
11.350000000000001,5.562528686962574,-9.698193498624465e-08,5.562528686962574,-9.698193498624465e-08,1.2514541552107463e-08,0.5000000088455271,0.5,0.02500000088455217,4.810492788132972e-07,0.3749998993012462,True
11.4,5.58752868740485,-9.679264075375388e-08,5.58752868740485,-9.679264075375388e-08,1.1659821513693317e-08,0.500000008845527,0.5,0.025000000884552346,4.815952254246767e-07,0.3749998997443923,True
11.450000000000001,5.612528687847126,-9.662021353052121e-08,5.612528687847126,-9.662021353052121e-08,1.0836287625661082e-08,0.5000000088455269,0.5,0.025000000884552506,4.821734640537515e-07,0.37499990016140905,True
11.5,5.637528688289402,-9.646354593709161e-08,5.637528688289402,-9.646354593709161e-08,1.0046198170916402e-08,0.5000000088455269,0.5,0.025000000884552218,4.827741255533886e-07,0.37499990055273325,True
11.55,5.662528688731678,-9.632156542733812e-08,5.662528688731678,-9.632156542733812e-08,9.291180913607311e-09,0.5000000088455268,0.5,0.025000000884552585,4.833886581151596e-07,0.37499990091895385,True
11.600000000000001,5.687528689173954,-9.61932381135258e-08,5.687528689173954,-9.61932381135258e-08,8.57231559572572e-09,0.5000000088455268,0.5,0.025000000884552356,4.840096988518193e-07,0.3749999012607842,True
11.65,5.71252868961623,-9.607757167687446e-08,5.71252868961623,-9.607757167687446e-08,7.890208498166032e-09,0.5000000088455268,0.5,0.025000000884552644,4.846309548674884e-07,0.3749999015790364,True
11.700000000000001,5.737528690058506,-9.597361747858387e-08,5.737528690058506,-9.597361747858387e-08,7.245059643217513e-09,0.5000000088455268,0.5,0.02500000088455248,4.852470933798056e-07,0.37499990187459975,True
11.75,5.7625286905007815,-9.588047197553192e-08,5.7625286905007815,-9.588047197553192e-08,6.636723190044434e-09,0.5000000088455268,0.5,0.025000000884552565,4.858536404476631e-07,0.37499990214842127,True
11.8,5.787528690943057,-9.57972775348583e-08,5.787528690943057,-9.57972775348583e-08,6.0647615484649324e-09,0.5000000088455268,0.5,0.02500000088455277,4.864468878530465e-07,0.3749999024014883,True
11.850000000000001,5.812528691385333,-9.572322273237272e-08,5.812528691385333,-9.572322273237272e-08,5.528493709628178e-09,0.5000000088455268,0.5,0.02500000088455247,4.870238076848463e-07,0.37499990263481464,True
11.9,5.837528691827609,-9.565754221114589e-08,5.837528691827609,-9.565754221114589e-08,5.027038265306976e-09,0.5000000088455268,0.5,0.025000000884552273,4.875819741760291e-07,0.3749999028494274,True
11.950000000000001,5.862528692269885,-9.559951616872146e-08,5.862528692269885,-9.559951616872146e-08,4.55935156072591e-09,0.5000000088455266,0.5,0.025000000884552374,4.881194923521472e-07,0.3749999030463564,True
12.0,5.887528692712161,-9.554846953409339e-08,5.887528692712161,-9.554846953409339e-08,4.124261399348819e-09,0.5000000088455266,0.5,0.02500000088455234,4.886349330587108e-07,0.3749999032266248,True
12.05,5.912528693154437,-9.550377088889335e-08,5.912528693154437,-9.550377088889335e-08,3.720496692033154e-09,0.5000000088455266,0.5,0.025000000884552884,4.891272739465945e-07,0.37499990339124156,True
12.100000000000001,5.937528693596713,-9.546483118109208e-08,5.937528693596713,-9.546483118109208e-08,3.3467134175730743e-09,0.5000000088455266,0.5,0.025000000884552634,4.895958460081745e-07,0.37499990354119495,True
12.15,5.962528694038989,-9.543110227390499e-08,5.962528694038989,-9.543110227390499e-08,3.0015172370162217e-09,0.5000000088455266,0.5,0.025000000884552384,4.900402852717643e-07,0.37499990367744707,True
12.200000000000001,5.987528694481265,-9.540207536747218e-08,5.987528694481265,-9.540207536747218e-08,2.683483080347069e-09,0.5000000088455266,0.5,0.025000000884552422,4.904604892779711e-07,0.3749999038009302,True
12.25,6.012528694923541,-9.537727932622561e-08,6.012528694923541,-9.537727932622561e-08,2.391172001257689e-09,0.5000000088455266,0.5,0.025000000884552575,4.908565779782404e-07,0.37499990391254256,True
12.3,6.0375286953658165,-9.535627894062917e-08,6.0375286953658165,-9.535627894062917e-08,2.1231455738275198e-09,0.5000000088455266,0.5,0.025000000884552544,4.912288587132085e-07,0.37499990401314687,True
12.350000000000001,6.062528695808092,-9.533867314815286e-08,6.062528695808092,-9.533867314815286e-08,1.8779780840459276e-09,0.5000000088455266,0.5,0.025000000884552304,4.915777949459665e-07,0.3749999041035674,True
12.4,6.087528696250368,-9.532409323488898e-08,6.087528696250368,-9.532409323488898e-08,1.6542667492599464e-09,0.5000000088455265,0.5,0.025000000884552728,4.91903978442973e-07,0.3749999041845895,True
12.450000000000001,6.112528696692644,-9.531220103611164e-08,6.112528696692644,-9.531220103611164e-08,1.450640179822862e-09,0.5000000088455265,0.5,0.025000000884553057,4.922081046129347e-07,0.37499990425695884,True
12.5,6.13752869713492,-9.530268715129166e-08,6.13752869713492,-9.530268715129166e-08,1.2657652794602652e-09,0.5000000088455266,0.5,0.025000000884552554,4.924909507312956e-07,0.3749999043213806,True
12.55,6.162528697577196,-9.5295269186585e-08,6.162528697577196,-9.5295269186585e-08,1.098352764149546e-09,0.5000000088455266,0.5,0.025000000884552377,4.927533567949887e-07,0.37499990437852004,True
12.600000000000001,6.187528698019472,-9.528969003558792e-08,6.187528698019472,-9.528969003558792e-08,9.471614636096474e-10,0.5000000088455266,0.5,0.025000000884552745,4.929962087687228e-07,0.374999904429003,True
12.65,6.212528698461748,-9.528571620717615e-08,6.212528698461748,-9.528571620717615e-08,8.11001554799199e-10,0.5000000088455266,0.5,0.025000000884552412,4.932204240001353e-07,0.37499990447341636,True
12.700000000000001,6.237528698904024,-9.528313620749579e-08,6.237528698904024,-9.528313620749579e-08,6.887368630946241e-10,0.5000000088455266,0.5,0.02500000088455237,4.934269385967071e-07,0.3749999045123089,True
12.75,6.2625286993463,-9.528175898163108e-08,6.2625286993463,-9.528175898163108e-08,5.792863540341444e-10,0.5000000088455266,0.5,0.02500000088455254,4.936166965722387e-07,0.374999904546193,True
12.8,6.2875286997885755,-9.528141241912068e-08,6.2875286997885755,-9.528141241912068e-08,4.816249266343e-10,0.5000000088455266,0.5,0.025000000884552693,4.937906405849761e-07,0.374999904575545,True
12.850000000000001,6.312528700230851,-9.52819419263118e-08,6.312528700230851,-9.52819419263118e-08,3.9478360827475716e-10,0.5000000088455266,0.5,0.025000000884552336,4.939497041031045e-07,0.37499990460080734,True
12.9,6.337528700673127,-9.528320906751407e-08,6.337528700673127,-9.528320906751407e-08,3.1784924096697664e-10,0.5000000088455266,0.5,0.025000000884552648,4.940948048462333e-07,0.37499990462238975,True
12.950000000000001,6.362528701115403,-9.528509027602864e-08,6.362528701115403,-9.528509027602864e-08,2.4996373943149825e-10,0.5000000088455266,0.5,0.025000000884552717,4.942268393638008e-07,0.3749999046406705,True
13.0,6.387528701557679,-9.528747563536702e-08,6.387528701557679,-9.528747563536702e-08,1.9032299276777017e-10,0.5000000088455266,0.5,0.02500000088455239,4.943466786228251e-07,0.3749999046559984,True
13.05,6.412528701999955,-9.529026773032776e-08,6.412528701999955,-9.529026773032776e-08,1.3817547356778613e-10,0.5000000088455266,0.5,0.02500000088455247,4.944551644883779e-07,0.37499990466869415,True
13.100000000000001,6.437528702442231,-9.529338056705355e-08,6.437528702442231,-9.529338056705355e-08,9.28206110599537e-11,0.5000000088455266,0.5,0.025000000884552374,4.945531069903152e-07,0.3749999046790517,True
13.15,6.462528702884507,-9.529673856073712e-08,6.462528702884507,-9.529673856073712e-08,5.360697823272884e-11,0.5000000088455266,0.5,0.025000000884552304,4.946412822794221e-07,0.3749999046873402,True
13.200000000000001,6.487528703326783,-9.53002755892707e-08,6.487528703326783,-9.53002755892707e-08,1.993033683912878e-11,0.5000000088455265,0.5,0.025000000884552714,4.947204311849907e-07,0.37499990469380506,True
13.25,6.512528703769059,-9.530393411083196e-08,6.512528703769059,-9.530393411083196e-08,-8.768421315267204e-12,0.5000000088455265,0.5,0.025000000884552877,4.947912582942269e-07,0.37499990469346167,True
13.3,6.537528704211335,-9.530766434316077e-08,6.537528704211335,-9.530766434316077e-08,-3.300540338385848e-11,0.5000000088455265,0.5,0.025000000884552884,4.948544314815571e-07,0.3749999046825331,True
13.350000000000001,6.5625287046536105,-9.531142350209786e-08,6.5625287046536105,-9.531142350209786e-08,-5.325588588124223e-11,0.5000000088455265,0.5,0.025000000884552783,4.949105818230639e-07,0.37499990467275957,True
13.4,6.587528705095886,-9.531517509682271e-08,6.587528705095886,-9.531517509682271e-08,-6.995650163405455e-11,0.5000000088455265,0.5,0.025000000884552964,4.949603038379556e-07,0.37499990466404787,True
13.450000000000001,6.612528705538162,-9.531888827913539e-08,6.612528705538162,-9.531888827913539e-08,-8.350742209364295e-11,0.5000000088455265,0.5,0.025000000884552835,4.950041560049591e-07,0.37499990465631,True
13.5,6.637528705980438,-9.53225372440724e-08,6.637528705980438,-9.53225372440724e-08,-9.427451710239275e-11,0.5000000088455265,0.5,0.02500000088455288,4.950426615072448e-07,0.3749999046494632,True
13.55,6.662528706422714,-9.532610067912281e-08,6.662528706422714,-9.532610067912281e-08,-1.0259147713592358e-10,0.5000000088455265,0.5,0.025000000884553016,4.950763091645824e-07,0.37499990464342964,True
13.600000000000001,6.68752870686499,-9.532956125931404e-08,6.68752870686499,-9.532956125931404e-08,-1.0876188565225435e-10,0.5000000088455266,0.5,0.02500000088455266,4.951055545161549e-07,0.3749999046381365,True
13.65,6.712528707307266,-9.533290518546306e-08,6.712528707307266,-9.533290518546306e-08,-1.1306123149576498e-10,0.5000000088455266,0.5,0.025000000884552932,4.951308210217649e-07,0.3749999046335156,True
13.700000000000001,6.737528707749542,-9.533612176293352e-08,6.737528707749542,-9.533612176293352e-08,-1.1573885335170268e-10,0.5000000088455266,0.5,0.025000000884552842,4.951525013530841e-07,0.3749999046295038,True
13.75,6.762528708191818,-9.533920301830086e-08,6.762528708191818,-9.533920301830086e-08,-1.170198100502979e-10,0.5000000088455266,0.5,0.02500000088455272,4.951709587501753e-07,0.37499990462604205,True
13.8,6.787528708634094,-9.534214335140054e-08,6.787528708634094,-9.534214335140054e-08,-1.1710667209986845e-10,0.5000000088455266,0.5,0.025000000884552464,4.951865284217201e-07,0.374999904623076,True
13.850000000000001,6.8125287090763695,-9.534493922031924e-08,6.8125287090763695,-9.534493922031924e-08,-1.161812312068134e-10,0.5000000088455266,0.5,0.025000000884552294,4.951995189703499e-07,0.374999904620555,True
13.9,6.837528709518645,-9.534758885698041e-08,6.837528709518645,-9.534758885698041e-08,-1.1440612573542019e-10,0.5000000088455265,0.5,0.02500000088455271,4.952102138270623e-07,0.37499990461843247,True
13.950000000000001,6.862528709960921,-9.535009201107377e-08,6.862528709960921,-9.535009201107377e-08,-1.1192638109038688e-10,0.5000000088455265,0.5,0.025000000884552783,4.952188726811034e-07,0.3749999046166659,True
14.0,6.887528710403197,-9.535244972018064e-08,6.887528710403197,-9.535244972018064e-08,-1.0887086488665507e-10,0.5000000088455265,0.5,0.025000000884552887,4.952257328938216e-07,0.37499990461521565,True
14.05,6.912528710845473,-9.53546641040516e-08,6.912528710845473,-9.53546641040516e-08,-1.0535365751829876e-10,0.5000000088455265,0.5,0.025000000884552794,4.952310108868627e-07,0.37499990461404586,True
14.100000000000001,6.937528711287749,-9.535673818109967e-08,6.937528711287749,-9.535673818109967e-08,-1.0147533936664498e-10,0.5000000088455265,0.5,0.025000000884552846,4.952349034968035e-07,0.37499990461312366,True
14.15,6.962528711730025,-9.535867570527838e-08,6.962528711730025,-9.535867570527838e-08,-9.732419640943383e-11,0.5000000088455265,0.5,0.025000000884552717,4.952375892897869e-07,0.37499990461241905,True
14.200000000000001,6.987528712172301,-9.536048102162037e-08,6.987528712172301,-9.536048102162037e-08,-9.297734641941374e-11,0.5000000088455265,0.5,0.025000000884553113,4.952392298310631e-07,0.3749999046119047,True
14.25,7.012528712614577,-9.536215893881627e-08,7.012528712614577,-9.536215893881627e-08,-8.850178828386502e-11,0.5000000088455266,0.5,0.025000000884552682,4.952399709054951e-07,0.374999904611556,True
14.3,7.037528713056853,-9.536371461731616e-08,7.037528713056853,-9.536371461731616e-08,-8.395537724542702e-11,0.5000000088455266,0.5,0.0250000008845528,4.95239943686122e-07,0.3749999046113507,True
14.350000000000001,7.062528713499129,-9.536515347153533e-08,7.062528713499129,-9.536515347153533e-08,-7.938772906827365e-11,0.5000000088455266,0.5,0.02500000088455268,4.952392658487316e-07,0.3749999046112683,True
14.4,7.0875287139414045,-9.536648108484258e-08,7.0875287139414045,-9.536648108484258e-08,-7.484105628115411e-11,0.5000000088455266,0.5,0.02500000088455248,4.952380426312177e-07,0.37499990461129107,True
14.450000000000001,7.11252871438368,-9.536770313610233e-08,7.11252871438368,-9.536770313610233e-08,-7.035093974618442e-11,0.5000000088455266,0.5,0.02500000088455255,4.95236367837092e-07,0.37499990461140265,True
14.5,7.137528714825956,-9.536882533663106e-08,7.137528714825956,-9.536882533663106e-08,-6.594703885741205e-11,0.5000000088455266,0.5,0.02500000088455268,4.952343247831519e-07,0.3749999046115884,True
14.55,7.162528715268232,-9.53698533765139e-08,7.162528715268232,-9.53698533765139e-08,-6.165374369191273e-11,0.5000000088455266,0.5,0.02500000088455259,4.952319871917349e-07,0.3749999046118354,True
14.600000000000001,7.187528715710508,-9.537079287930854e-08,7.187528715710508,-9.537079287930854e-08,-5.7490772423336297e-11,0.5000000088455266,0.5,0.02500000088455256,4.95229420028443e-07,0.3749999046121324,True
14.65,7.212528716152784,-9.537164936424084e-08,7.212528716152784,-9.537164936424084e-08,-5.3473717268716567e-11,0.5000000088455266,0.5,0.02500000088455255,4.952266802865117e-07,0.37499990461246896,True
14.700000000000001,7.23752871659506,-9.537242821506928e-08,7.23752871659506,-9.537242821506928e-08,-4.9614542178091755e-11,0.5000000088455266,0.5,0.02500000088455255,4.952238177192689e-07,0.3749999046128363,True
14.75,7.262528717037336,-9.537313465486456e-08,7.262528717037336,-9.537313465486456e-08,-4.592203539860368e-11,0.5000000088455266,0.5,0.025000000884552613,4.952208755224281e-07,0.3749999046132265,True
14.8,7.287528717479612,-9.53737737260153e-08,7.287528717479612,-9.53737737260153e-08,-4.240221994983141e-11,0.5000000088455266,0.5,0.025000000884552488,4.952178909679862e-07,0.37499990461363286,True
14.850000000000001,7.312528717921888,-9.537435027483154e-08,7.312528717921888,-9.537435027483154e-08,-3.9058724942524776e-11,0.5000000088455266,0.5,0.025000000884552637,4.95214895991792e-07,0.3749999046140493,True
14.9,7.3375287183641635,-9.53748689401744e-08,7.3375287183641635,-9.53748689401744e-08,-3.5893120558803623e-11,0.5000000088455266,0.5,0.02500000088455241,4.952119177367896e-07,0.3749999046144708,True
14.950000000000001,7.362528718806439,-9.53753341455937e-08,7.362528718806439,-9.53753341455937e-08,-3.2905219390780574e-11,0.5000000088455266,0.5,0.025000000884552565,4.952089790541339e-07,0.374999904614893,True
15.0,7.387528719248715,-9.537575009450418e-08,7.387528719248715,-9.537575009450418e-08,-3.009334670957213e-11,0.5000000088455266,0.5,0.02500000088455262,4.952060989642944e-07,0.3749999046153122,True
15.05,7.412528719690991,-9.537612076797702e-08,7.412528719690991,-9.537612076797702e-08,-2.7454582108354707e-11,0.5000000088455266,0.5,0.02500000088455243,4.952032930803737e-07,0.3749999046157252,True
15.100000000000001,7.437528720133267,-9.537644992476586e-08,7.437528720133267,-9.537644992476586e-08,-2.498497483393235e-11,0.5000000088455266,0.5,0.025000000884552433,4.952005739957604e-07,0.37499990461612953,True
15.15,7.462528720575543,-9.537674110322523e-08,7.462528720575543,-9.537674110322523e-08,-2.2679734991945618e-11,0.5000000088455266,0.5,0.02500000088455257,4.951979516383114e-07,0.374999904616523,True
15.200000000000001,7.487528721017819,-9.537699762481614e-08,7.487528721017819,-9.537699762481614e-08,-2.0533402682529922e-11,0.5000000088455266,0.5,0.025000000884552245,4.951954335931095e-07,0.3749999046169039,True
15.25,7.512528721460095,-9.53772225989259e-08,7.512528721460095,-9.53772225989259e-08,-1.8539996997076453e-11,0.5000000088455265,0.5,0.02500000088455276,4.951930253958839e-07,0.374999904617271,True
15.3,7.537528721902371,-9.537741892876048e-08,7.537528721902371,-9.537741892876048e-08,-1.669314668372718e-11,0.5000000088455265,0.5,0.02500000088455263,4.951907307990522e-07,0.3749999046176232,True
15.350000000000001,7.562528722344647,-9.537758931809502e-08,7.562528722344647,-9.537758931809502e-08,-1.4986204168891224e-11,0.5000000088455265,0.5,0.02500000088455251,4.951885520123169e-07,0.37499990461795973,True
15.4,7.587528722786923,-9.537773627869371e-08,7.587528722786923,-9.537773627869371e-08,-1.3412344506320156e-11,0.5000000088455265,0.5,0.025000000884552814,4.951864899196325e-07,0.37499990461828026,True
15.450000000000001,7.6125287232291985,-9.537786213823354e-08,7.6125287232291985,-9.537786213823354e-08,-1.1964650713686394e-11,0.5000000088455265,0.5,0.025000000884552807,4.951845442743197e-07,0.37499990461858435,True
15.5,7.637528723671474,-9.537796904858723e-08,7.637528723671474,-9.537796904858723e-08,-1.063618684976804e-11,0.5000000088455265,0.5,0.025000000884552537,4.951827138740153e-07,0.374999904618872,True
15.55,7.66252872411375,-9.537805899433973e-08,7.66252872411375,-9.537805899433973e-08,-9.420060082256445e-12,0.5000000088455265,0.5,0.02500000088455288,4.951809967170012e-07,0.37499990461914323,True
15.600000000000001,7.687528724556026,-9.537813380143002e-08,7.687528724556026,-9.537813380143002e-08,-8.309472900036552e-12,0.5000000088455265,0.5,0.025000000884553033,4.951793901414827e-07,0.3749999046193983,True
15.65,7.712528724998302,-9.537819514582529e-08,7.712528724998302,-9.537819514582529e-08,-7.297766531181769e-12,0.5000000088455266,0.5,0.025000000884552613,4.951778909491964e-07,0.37499990461963745,True
15.700000000000001,7.737528725440578,-9.53782445621485e-08,7.737528725440578,-9.53782445621485e-08,-6.378456540091592e-12,0.5000000088455266,0.5,0.02500000088455227,4.951764955146961e-07,0.374999904619861,True
15.75,7.762528725882854,-9.537828345219302e-08,7.762528725882854,-9.537828345219302e-08,-5.545261496054733e-12,0.5000000088455265,0.5,0.025000000884552717,4.951751998815861e-07,0.3749999046200696,True
15.8,7.78752872632513,-9.537831309326868e-08,7.78752872632513,-9.537831309326868e-08,-4.792125527628612e-12,0.5000000088455265,0.5,0.025000000884552506,4.951739998468575e-07,0.37499990462026367,True
15.850000000000001,7.812528726767406,-9.53783346463342e-08,7.812528726767406,-9.53783346463342e-08,-4.113235505095791e-12,0.5000000088455265,0.5,0.02500000088455283,4.951728910344511e-07,0.37499990462044375,True
15.9,7.837528727209682,-9.53783491638788e-08,7.837528727209682,-9.53783491638788e-08,-3.50303352542225e-12,0.5000000088455265,0.5,0.025000000884552807,4.951718689590317e-07,0.37499990462061045,True
15.950000000000001,7.8625287276519575,-9.537835759752455e-08,7.8625287276519575,-9.537835759752455e-08,-2.956225311441873e-12,0.5000000088455265,0.5,0.025000000884552915,4.951709290809584e-07,0.3749999046207644,True
16.0,7.887528728094233,-9.537836080532698e-08,7.887528728094233,-9.537836080532698e-08,-2.467785078411775e-12,0.5000000088455265,0.5,0.025000000884552787,4.951700668533198e-07,0.37499990462090627,True
16.05,7.912528728536509,-9.5378359558758e-08,7.912528728536509,-9.5378359558758e-08,-2.032957365888958e-12,0.5000000088455265,0.5,0.025000000884552932,4.951692777618279e-07,0.37499990462103666,True
16.1,7.937528728978785,-9.537835454935989e-08,7.937528728978785,-9.537835454935989e-08,-1.6472562834872562e-12,0.5000000088455265,0.5,0.02500000088455275,4.951685573583453e-07,0.3749999046211562,True
16.150000000000002,7.962528729421061,-9.537834639506414e-08,7.962528729421061,-9.537834639506414e-08,-1.306462572355216e-12,0.5000000088455265,0.5,0.025000000884552797,4.951679012887174e-07,0.3749999046212656,True
16.2,7.987528729863337,-9.537833564617227e-08,7.987528729863337,-9.537833564617227e-08,-1.0066188412234767e-12,0.5000000088455265,0.5,0.02500000088455301,4.951673053155526e-07,0.37499990462136534,True
16.25,8.012528730305613,-9.537832279099941e-08,8.012528730305613,-9.537832279099941e-08,-7.440232967301595e-13,0.5000000088455266,0.5,0.02500000088844792,2.703713919179402e-06,0.37499990462145627,True
16.3,8.037528730747905,-8.61578293281488e-08,8.037528730747905,-8.61578293281488e-08,6.570361012227375e-08,0.5000000088461705,0.5,0.025000000883444257,4.4615506654170305e-07,0.37499989432819875,True
16.35,8.062528731190207,-7.495181426677269e-08,8.062528731190207,-7.495181426677269e-08,1.2994985354825348e-07,0.5000000088459766,0.5,0.02500000337256136,5.0721226523259254e-05,0.3749998864530803,True
16.400000000000002,8.087528731642633,1.3776932054885066e-07,8.087528731642633,1.3776932054885066e-07,1.622713782958462e-06,0.5000000092572009,0.5,0.025000008405237015,5.7959207228194116e-05,0.37499938028485047,True
16.45,8.112528732134985,6.403851979617902e-07,8.112528732134985,6.403851979617902e-07,4.826487050857426e-06,0.5000000104934563,0.5,0.025000018920511333,8.869173599814124e-05,0.37499792614960387,True
16.5,8.137528732729104,1.3834131699296453e-06,8.137528732729104,1.3834131699296453e-06,9.159880378582105e-06,0.5000000134473002,0.5,0.025000044785756514,0.0002503669129447638,0.37499589610760165,True
16.55,8.162528733560274,3.0456793745457207e-06,8.162528733560274,3.0456793745457207e-06,1.9217389884066386e-05,0.5000000206274703,0.5,0.02500012241464133,0.0003104575008330234,0.37499124677891205,True
16.6,8.187528735020212,5.925316773145061e-06,8.187528735020212,5.925316773145061e-06,3.587241634277712e-05,0.5000000405198887,0.5,0.02500020171900405,0.00038819864919696385,0.3749834206560022,True
16.650000000000002,8.212528737711803,9.811662242256716e-06,8.212528737711803,9.811662242256716e-06,5.662792897897754e-05,0.5000000731913725,0.5,0.025000262527522493,0.00016201927724569622,0.37497337004328013,True
16.7,8.237528742234474,1.3616453284544919e-05,8.237528742234474,1.3616453284544919e-05,7.296741516320685e-05,0.5000001153736081,0.5,0.025000360461249718,0.00016592150880446717,0.37496471255719643,True
16.75,8.26252874927325,1.684567179146917e-05,8.26252874927325,1.684567179146917e-05,8.269417146411482e-05,0.5000001730456538,0.5,0.02500063529911058,0.0006984712656349174,0.3749585945867071,True
16.8,8.287528760053602,2.2558665698424224e-05,8.287528760053602,2.2558665698424224e-05,0.0001083803476639307,0.5000002751911666,0.5,0.025001080594131538,0.0008187488389474592,0.3749452531052521,True
16.85,8.312528777182608,3.1771339882752705e-05,8.312528777182608,3.1771339882752705e-05,0.00015348811638672894,0.5000004492491544,0.5,0.025001407307376974,0.0008459228409200684,0.374922644162142,True
16.900000000000002,8.337528803726745,4.275712975683334e-05,8.337528803726745,4.275712975683334e-05,0.00020298258371012328,0.5000006744311633,0.5,0.0250013596898662,4.2029409304626644e-05,0.37489695961841585,True
16.95,8.362528841442897,5.174428757716043e-05,8.362528841442897,5.174428757716043e-05,0.00022936968077535906,0.5000008880207537,0.5,0.02500145317552217,-5.823169910283124e-05,0.37488013620598304,True
17.0,8.387528890853817,5.7417060329630807e-05,8.387528890853817,5.7417060329630807e-05,0.00022885820045005694,0.5000011135318321,0.5,0.02500197487310771,-7.504111919602974e-05,0.37487461532823474,True
17.05,8.412528953727914,6.256343277441319e-05,8.412528953727914,6.256343277441319e-05,0.00022486387112617337,0.5000014215445564,0.5,0.025002526600273904,-9.40410297385675e-05,0.374870655158299,True
17.1,8.4375290342154,6.745628176144738e-05,8.4375290342154,6.745628176144738e-05,0.00021980421044572818,0.5000018156587407,0.5,0.02500306519325007,-0.00013424848619483407,0.37486726488788,True
17.150000000000002,8.462529136555355,7.197074617009406e-05,8.462529136555355,7.197074617009406e-05,0.00021298312296974192,0.5000022922803528,0.5,0.02500359693436435,-0.00019632790442034235,0.3748647761018993,True
17.2,8.48752926485197,7.587767840244196e-05,8.48752926485197,7.587767840244196e-05,0.0002031189852283772,0.5000028489131384,0.5,0.025004136479146784,-0.0002770193634659017,0.37486379856198215,True
17.25,8.512529423139647,7.892656032889632e-05,8.512529423139647,7.892656032889632e-05,0.00018900738489424122,0.500003485524445,0.5,0.025004685975967725,-0.00037419395804187607,0.37486494047942875,True
17.3,8.53752961544327,8.086006810751433e-05,8.53752961544327,8.086006810751433e-05,0.0001696042216374904,0.5000042024372493,0.5,0.025006494665062575,0.001526389749114868,0.3748687692761571,True
17.35,8.562529849494613,8.981354778785567e-05,8.562529849494613,8.981354778785567e-05,0.00020385285436148867,0.5000052064504169,0.5,0.025009437631796406,0.0014993100450816056,0.3748496447521352,True
17.400000000000002,8.587530143026518,0.00010791627775161294,8.587530143026518,0.00010791627775161294,0.0002938388629199994,0.5000066802981018,0.5,0.025006184938322285,-0.0011297469258427252,0.37480481897754675,True
17.45,8.61253049824413,0.00011717272250038924,8.61253049824413,0.00011717272250038924,0.00030480401502327537,0.5000075921620288,0.5,0.02500576321596036,0.0009108379323498066,0.3747923062930324,True
17.5,8.63753089778309,0.000123594658184133,8.63753089778309,0.000123594658184133,0.000298261936590735,0.5000084192493781,0.5,0.025010326370420586,0.0008466935131427469,0.3747878271079732,True
17.55,8.662531354486932,0.00013861058011080616,8.662531354486932,0.00013861058011080616,0.00035051988261967335,0.5000099868889238,0.5,0.025006256888142054,-0.002280255729829751,0.3747572926958946,True
17.6,8.68753187598072,0.00014159429190253552,8.68753187598072,0.00014159429190253552,0.0003078411023538123,0.5000108559910175,0.5,0.02500362783231665,-0.0027522584530045922,0.3747669828250264,True
17.650000000000002,8.71253243320367,0.00012771009658766195,8.71253243320367,0.00012771009658766195,0.00015809118104169917,0.5000112761831833,0.5,0.025004703319312264,-0.0028718823252855334,0.37482533838488985,True
17.7,8.737533013373456,0.00010749497040635985,8.737533013373456,0.00010749497040635985,-9.26022344907855e-06,0.5000118671923586,0.5,0.025005449173289094,-0.0029575676798175798,0.37488975474858877,True
17.75,8.762533622051619,8.220909634231531e-05,8.762533622051619,8.220909634231531e-05,-0.0001827199599912817,0.5000125717115752,0.5,0.025005729794738484,-0.003050922617613112,0.3748635251625037,True
17.8,8.787534261792382,5.1817832763010306e-05,8.787534261792382,5.1817832763010306e-05,-0.000361506549933817,0.5000133109684589,0.5,0.025005706833311533,-0.003155156751521256,0.3748408228921817,True
17.85,8.812534931805029,1.6108646242374056e-05,8.812534931805029,1.6108646242374056e-05,-0.0005461718570867782,0.5000140342109893,0.5,0.025005481605417487,-0.003267768847346168,0.3748216969642483,True
17.900000000000002,8.837535629047737,-2.5148544262540734e-05,8.837535629047737,-2.5148544262540734e-05,-0.0007372888075826024,0.500014708272152,0.5,0.02500640821625988,0.00011002337180147576,0.37475591067439695,True
17.95,8.862536367154203,-5.757948178181e-05,8.862536367154203,-5.757948178181e-05,-0.000831263894207683,0.5000155243470008,0.5,0.02501219661221245,-2.7227631450627696e-05,0.37469557835754785,True
18.0,8.88753717914507,-7.799306153462048e-05,8.88753717914507,-7.799306153462048e-05,-0.0008288301104011348,0.5000172836703405,0.5,0.02500480205410197,-0.0042014608572800245,0.37467588735881724,True
18.05,8.912538031740565,-0.0001163806110454453,8.912538031740565,-0.0001163806110454453,-0.0009546674230253306,0.5000177917010417,0.5,0.024999117951022196,-0.0047573213785112815,0.37460014016924836,True
18.1,8.937538857222236,-0.00017869768181910913,8.937538857222236,-0.00017869768181910913,-0.0012212305011193548,0.5000173518351141,0.5,0.02499936253191523,-0.00480587877614455,0.37445869016223965,True
18.150000000000002,8.962539640453231,-0.00025034031561006076,8.962539640453231,-0.00025034031561006076,-0.0015057756014346514,0.5000169596654354,0.5,0.0249990325246057,-0.0011618963010341212,0.3743025862097469,True
18.2,8.98754040747394,-0.0003140975685067969,8.98754040747394,-0.0003140975685067969,-0.0016833523627842056,0.500016519432574,0.5,0.0250032192707992,-0.004818614842590364,0.37418612412052166,True
18.25,9.01254115979996,-0.0003814440705053419,9.01254115979996,-0.0003814440705053419,-0.001861307998699408,0.5000167784844484,0.5,0.02499777358979278,-0.005221401777467783,0.3740659643022328,True
18.3,9.037541852731167,-0.00047109495504066697,9.037541852731167,-0.00047109495504066697,-0.002160038634336439,0.5000161331627792,0.5,0.024997192766234327,-0.005156384935146897,0.37388766567975196,True
18.35,9.062542479661449,-0.0005697242589059803,9.062542479661449,-0.0005697242589059803,-0.0024688179746861377,0.5000154025060153,0.5,0.02499688149742191,-0.005011709218021194,0.37369741848866167,True
18.400000000000002,9.087543039893001,-0.0006751814642040593,9.087543039893001,-0.0006751814642040593,-0.002771358224627953,0.5000146324781178,0.5,0.024996526732137772,-0.004844872186676428,0.3735022062230424,True
18.45,9.112543531514351,-0.0007868656952599655,9.112543531514351,-0.0007868656952599655,-0.003064630105601608,0.5000138165405014,0.5,0.024996190787319544,-0.004662998888083509,0.3733035275850239,True
18.5,9.137543952464178,-0.0009043844057042656,9.137543952464178,-0.0009043844057042656,-0.0033475269601539004,0.500012958562735,0.5,0.024995918624127665,-0.004447526057607554,0.37310210231437446,True
18.55,9.162544301660724,-0.0010272713977221566,9.162544301660724,-0.0010272713977221566,-0.0036186018475749602,0.5000120697818486,0.5,0.024991884641911863,-0.0012250634953904526,0.37289882459056944,True
18.6,9.187544611091937,-0.001142528203646419,9.187544611091937,-0.001142528203646419,-0.0037873946857769833,0.5000105289330818,0.5,0.024996787304545742,-0.001168540051780279,0.3727335147852343,True
18.650000000000002,9.212544901184419,-0.0012475159692101833,9.212544901184419,-0.0012475159692101833,-0.003858635157483126,0.5000098238915622,0.5,0.024996239006024462,-0.0014692888618296615,0.3726074027982883,True
18.7,9.237545142547516,-0.0013552902244303843,9.237545142547516,-0.0013552902244303843,-0.003937141352559106,0.5000090398778209,0.5,0.024996036891523014,-0.001715612346658769,0.3724763506312152,True
18.75,9.262545326175772,-0.0014673855421218618,9.262545326175772,-0.0014673855421218618,-0.004031923088454247,0.5000082354163352,0.5,0.02499655998415665,-0.001859189748232105,0.3723361525689214,True
18.8,9.28754545437162,-0.0015835391309117534,9.28754545437162,-0.0015835391309117534,-0.0041383044097196755,0.5000075307112419,0.5,0.024997709325053727,-0.001907090060795129,0.372188458313687,True
18.85,9.312545536345514,-0.0017031871251498086,9.312545536345514,-0.0017031871251498086,-0.004250382146696472,0.5000070276233917,0.5,0.024999403244308126,-0.0018660278670878424,0.37203558228577616,True
18.900000000000002,9.33754558665011,-0.0018256774067087137,9.33754558665011,-0.0018256774067087137,-0.004362663240471439,0.5000068128311624,0.5,0.025001565434948737,-0.0017105271135472117,0.3718798052710646,True
18.95,9.362545625066057,-0.0019501438942119305,9.362545625066057,-0.0019501438942119305,-0.004469096499738519,0.5000069589678224,0.5,0.02500418632759101,-0.0014476340549792587,0.37172378716314747,True
19.0,9.387545676352357,-0.0020754859906493214,9.387545676352357,-0.0020754859906493214,-0.004563082445953132,0.5000075358844212,0.5,0.025007266058417056,-0.0010944522196298903,0.37157058458128367,True
19.05,9.41254576936737,-0.002200540701244397,9.41254576936737,-0.002200540701244397,-0.004638740041216385,0.5000086122999478,0.5,0.025010805895948358,-0.0006601442634452268,0.3714231033143119,True
19.1,9.437545936758706,-0.0023241119158879837,9.437545936758706,-0.0023241119158879837,-0.004690969613500641,0.5000102560071749,0.5,0.02501472137482506,-0.0001146948604790685,0.3712840505407917,True
19.150000000000002,9.462546215237122,-0.002444791243031643,9.462546215237122,-0.002444791243031643,-0.004714050999652286,0.5000125197173684,0.5,0.025019000764138575,0.0005339793062309347,0.37115652968526436,True
19.200000000000003,9.487546645068534,-0.002560927563567218,9.487546645068534,-0.002560927563567218,-0.004701606410420369,0.5000154533314657,0.5,0.025023678804511056,0.0012664664396386496,0.37104408204342454,True
19.25,9.512547268869737,-0.0026708263303913114,9.512547268869737,-0.0026708263303913114,-0.004648070847946884,0.5000191116675377,0.5,0.025028770539247597,0.0020723765003503353,0.3709500518812622,True
19.3,9.537548131225787,-0.0027727830436429053,9.537548131225787,-0.0027727830436429053,-0.004548765630248401,0.5000235511237638,0.5,0.02503410917524677,0.002985217004020785,0.37087753142516283,True
19.35,9.562549278494235,-0.0028648822024587794,9.562549278494235,-0.0028648822024587794,-0.004398323906634013,0.5000287995973304,0.5,0.025039662064185408,0.003996233828958502,0.37083002888543304,True
19.400000000000002,9.587550757482534,-0.0029449623464337647,9.587550757482534,-0.0029449623464337647,-0.004190641870470851,0.5000348791276218,0.5,0.02501168223180201,0.006009501128064871,0.37081151825177894,True
19.450000000000003,9.612552488879059,-0.003006972883524399,9.612552488879059,-0.003006972883524399,-0.0038929786234225103,0.5000362335085242,0.5,0.025022250677312525,0.007177163438302937,0.3708377625897407,True
19.5,9.637554397634888,-0.0030477610091850914,9.637554397634888,-0.0030477610091850914,-0.0035006725218544284,0.5000393123111715,0.5,0.025035231372990983,0.008329739282878501,0.3709133072938334,True
19.55,9.662556557717195,-0.0030687635055673783,9.662556557717195,-0.0030687635055673783,-0.0030393282480788396,0.5000444857404985,0.5,0.025038032602480546,0.009745032615979544,0.3710291347388248,True
19.6,9.687559021077899,-0.003067223505698304,9.687559021077899,-0.003067223505698304,-0.002501574503847485,0.5000500366551577,0.5,0.02504754880449617,0.011061827762959353,0.3711902007585419,True
19.650000000000002,9.712561817494777,-0.0030404789451610233,9.712561817494777,-0.0030404789451610233,-0.0018825210823689364,0.5000570687005914,0.5,0.025056562443906166,0.012421493046122127,0.3714006341163978,True
19.700000000000003,9.737564992901625,-0.002986752732649042,9.737564992901625,-0.002986752732649042,-0.001183817768625967,0.5000654743253975,0.5,0.025064142695540158,0.013881012763604839,0.3716617410612127,True
19.75,9.762568578502894,-0.002903445379319613,9.762568578502894,-0.002903445379319613,-0.00040121151978227934,0.5000749939033141,0.5,0.025070671666465795,0.015432670123210271,0.3719774048631695,True
19.8,9.787572585135198,-0.0027876308256500463,9.787572585135198,-0.0027876308256500463,0.00047101777471709116,0.5000854352555621,0.5,0.025048690864644844,0.020114464745876085,0.3720724907665405,True
19.85,9.812576870536347,-0.0026235863425776752,9.812576870536347,-0.0026235863425776752,0.0015287710471292796,0.5000920708967266,0.5,0.025054178157396877,0.02190023228536582,0.3719225149045648,True
19.900000000000002,9.837581245797066,-0.002404916394215693,9.837581245797066,-0.002404916394215693,0.002779029170758867,0.500099503808623,0.5,0.02506736235060973,0.023369737335273904,0.3717701956918449,True
19.950000000000003,9.862585694608983,-0.0021409398483557785,9.862585694608983,-0.0021409398483557785,0.004126201203429292,0.5001089929927058,0.5,0.025077643946388197,0.02486601177331111,0.37163464596615026,True
20.0,9.887590208360225,-0.001830518362643719,9.887590208360225,-0.001830518362643719,0.005561682630596793,0.5001200246955086,0.5,0.025085608137262586,0.026414858154049894,0.37151960367644543,True
20.05,9.912594739072324,-0.001471102941359988,9.912594739072324,-0.001471102941359988,0.0070878470028560795,0.5001321903790783,0.5,0.025092235393774517,0.028009642762626352,0.37142696395982283,True
20.1,9.937599206313303,-0.0010599986850729694,9.937599206313303,-0.0010599986850729694,0.008707638987585432,0.5001452503154721,0.5,0.02509758093341281,0.02968198866725664,0.371358604123429,True
20.150000000000002,9.962603499417241,-0.0005943342869669999,9.962603499417241,-0.0005943342869669999,0.010424748035607808,0.5001589778656566,0.5,0.025101965975110094,0.03142130360301794,0.3713163637745779,True
20.200000000000003,9.987607476666296,-7.105053891359411e-05,9.987607476666296,-7.105053891359411e-05,0.01224349079109948,0.5001732032294824,0.5,0.025088292074887657,0.033302833685046725,0.3713020923692579,True
20.25,10.01261089055146,0.0005132853503460869,10.012612377089365,0.0004973802868262304,0.011647629737117271,0.5001849332978902,0.5,0.025095871786961446,0.03511690856465683,0.3710518310097733,True
20.3,10.037613489034007,0.00116171882731976,10.037621738882843,0.0010202104954703769,0.008682479978210512,0.5001977222264086,0.5,0.02509663164280079,0.03646330166137451,0.3714058369118114,True
20.35,10.062615103080994,0.0018747512306223476,10.062635531390022,0.0014825544447884917,0.005810629199034398,0.500210425282344,0.5,0.02510252528031724,0.03836364694473798,0.37179380860161504,True
20.400000000000002,10.087615510487657,0.002654982605901071,10.087653296934905,0.0018869860164584973,0.003034752158244343,0.5002238924166696,0.5,0.025068071070129563,0.03924568145274454,0.3722122695831283,True
20.450000000000003,10.11261436706223,0.0035030238871848005,10.112674462500252,0.0022340963213040655,0.00034112904362848875,0.500231442101827,0.5,0.025038271600258552,0.040101109675248846,0.3726645956277672,True
20.5,10.137611259991559,0.004416315750189204,10.137698310910661,0.002521315181086266,-0.0023012466470391374,0.5002339415444715,0.5,0.025039793572748967,0.04171148414350242,0.37179554615135135,True
20.55,10.162605765609504,0.005399181233270799,10.162724286686496,0.0027529604956757353,-0.004870568936881266,0.5002366512147353,0.5,0.025061824071196996,0.04406314540261644,0.3708019688990618,True
20.6,10.187597517701668,0.006459896766649164,10.187752126776115,0.0029373036505162976,-0.0073221866480648115,0.5002429573836714,0.5,0.025073916071046868,0.046483710379013214,0.36989137723351795,True
20.650000000000002,10.212586168525,0.00760498442608048,10.212781677646685,0.003080862113590093,-0.009631892196449873,0.5002511578941274,0.5,0.025080259954861853,0.04887340899467458,0.36906430842558946,True
20.700000000000003,10.237571335791358,0.008838172272570284,10.237812748957197,0.0031873629129230345,-0.011798491053836166,0.5002602713418429,0.5,0.02508268358273557,0.051238880926399395,0.3683172667159299,True
20.75,10.262552571498194,0.010162799597455568,10.262845139026332,0.003260148924959048,-0.013823548507565958,0.5002696346684445,0.5,0.025082673530359898,0.053571601297901734,0.3676463308893551,True
20.8,10.287529366291318,0.011582155238918956,10.287878649065538,0.0033025176211966146,-0.015708699881255395,0.5002788414886096,0.5,0.025081343187163582,0.05585762480224499,0.36704761277613523,True
20.85,10.312501164170389,0.013099386250855731,10.312913091017633,0.003317629764782326,-0.017456256204679343,0.5002876761639217,0.5,0.02507930470988618,0.05808831649275025,0.36651717001449036,True
20.900000000000002,10.337467371741397,0.014717479211641786,10.337948292104658,0.003308490704276736,-0.019069192452331123,0.5002960278025701,0.5,0.025076406545924933,0.06027279981471358,0.36605102881707907,True
20.950000000000003,10.36242735751809,0.01643934080984702,10.362984096079042,0.0032780312183326834,-0.020550497020522474,0.5003037622977627,0.5,0.02507294070594428,0.06240530027586458,0.36564529501939,True
21.0,10.38738045193849,0.018267814148767023,10.388020362625825,0.003229124115237714,-0.021903041781623386,0.5003107960259572,0.5,0.025069243658228095,0.06447627514324873,0.3652961753547943,True
21.05,10.41232595480808,0.02020559923676274,10.413056966754288,0.0031645047208844687,-0.02313017978743344,0.500317102360154,0.5,0.02506550199668138,0.06647808291052483,0.36499988075212625,True
21.1,10.437263140387815,0.022255232619267217,10.438093798626284,0.0030867504900512154,-0.02423575636085261,0.5003226859553058,0.5,0.025061452215123334,0.06840772480612924,0.3647526434485061,True
21.150000000000002,10.462191258226513,0.02441910205331646,10.463130761771072,0.00299829585851229,-0.025223966341453668,0.5003275078362988,0.5,0.02505724330601381,0.07026098036943226,0.3645507439454817,True
21.200000000000003,10.487109534196787,0.026699453682496613,10.488167771214968,0.002901439604439345,-0.02609920756667577,0.5003315542991768,0.5,0.02505307529776988,0.07203345972525377,0.36439054635054846,True
21.25,10.512017174840114,0.029098380392976853,10.51320475319387,0.0027983331525454373,-0.02686614468713483,0.5003348449285836,0.5,0.02504904310667238,0.07371950232257451,0.36426849087501945,True
21.3,10.536913371955624,0.03161780925016588,10.53824164465481,0.002690967896334261,-0.02752975211968768,0.5003374146737137,0.5,0.02504503816128564,0.07530150637652347,0.36418109343684757,True
21.35,10.561797310623497,0.03425943836735212,10.563278390100841,0.0025811118470845957,-0.028095693972547478,0.5003392799607501,0.5,0.025041170481055478,0.07677688667793305,0.3641248970589363,True
21.400000000000002,10.586668174128567,0.037024729469388055,10.58831493999157,0.0024703019958204598,-0.028570247384375885,0.5003404751288607,0.5,0.025037504906872333,0.07814862618670751,0.36409650157929246,True
21.450000000000003,10.611525142230818,0.039914982709034603,10.613351252374773,0.002359919088335898,-0.028959672639067194,0.5003410446665534,0.5,0.02503411863437993,0.0794136989711459,0.3640926730652809,True
21.5,10.636367394744394,0.0429313366405703,10.638387292495949,0.0022511873490672334,-0.029270248425536025,0.5003410450858105,0.5,0.02503117677075844,0.08053725781263736,0.36411033302958307,True
21.55,10.661194132072575,0.0460746091236665,10.66342302815913,0.0021450142429664913,-0.02950937980600239,0.5003405592536012,0.5,0.025028703596452782,0.08152013056931041,0.3641463931635648,True
21.6,10.686004584968508,0.0493452780036782,10.688458428788206,0.0020419702620263413,-0.029685498023526363,0.5003396726794698,0.5,0.025026629214681274,0.08237384241484794,0.364197804428924,True
21.650000000000002,10.710798001660407,0.052743658683571844,10.713493469476063,0.0019424667316968864,-0.02980663715779755,0.5003384579057749,0.5,0.02502491395529844,0.0831107211289645,0.3642617959127338,True
21.700000000000003,10.735573643503653,0.05626996423148601,10.73852813151813,0.0018468159152028717,-0.02988017935453159,0.5003369797181533,0.5,0.025023452838962974,0.083742143283237,0.3643358887256586,True
21.75,10.760330784020084,0.059924322896256356,10.763562401620263,0.0017552484256427815,-0.029912739661138985,0.5003352844792139,0.5,0.025022272255586748,0.08427888188647775,0.3644179117871439,True
21.8,10.785068708569094,0.06370678921786842,10.788596271249084,0.0016679241983020652,-0.029910316451312532,0.5003334221465581,0.5,0.025021308214462336,0.08473096576729988,0.3645059463269848,True
21.85,10.809786713931343,0.06761735492841693,10.813629736193228,0.0015849432582061634,-0.029878256897830583,0.500331431274807,0.5,0.025020545019311374,0.0851069675697869,0.3645983249183232,True
21.900000000000002,10.834484108079844,0.07165595521726499,10.83866279586002,0.0015063518712694836,-0.029821397059011098,0.500329347186532,0.5,0.02501995728176602,0.0854156521443441,0.36469358402897917,True
21.950000000000003,10.859160209669406,0.07582247708605976,10.863695452840165,0.0014321508005867853,-0.029743980281806442,0.500327200423766,0.5,0.02501953179209384,0.08566485832454482,0.3647904795184762,True
22.0,10.88381434708188,0.08011676934913668,10.888727712575331,0.0013623052528253675,-0.029649828019299662,0.5003250188400187,0.5,0.025019239591855914,0.08586115129351207,0.36488792650615975,True
22.05,10.908445858265319,0.08453864569424073,10.91375958284515,0.0012967478482164847,-0.029542316107879555,0.5003228250417324,0.5,0.025019072032867695,0.08601107830980817,0.36498500328160743,True
22.1,10.933054090215862,0.08908788978784207,10.938791073375231,0.0012353836675821307,-0.029424368623455988,0.5003206398320428,0.5,0.025019002099905947,0.08612063585310684,0.36508094801801905,True
22.150000000000002,10.957638397966232,0.09376426270904463,10.96382219555969,0.0011780976783882032,-0.029298638761058534,0.5003184792048216,0.5,0.02501902796922406,0.08619465574620101,0.3651750982954193,True
22.200000000000003,10.982198144317664,0.09856750505900425,10.988852962090396,0.001124756791325985,-0.029167351493030236,0.5003163585879853,0.5,0.02501914299536401,0.08623832379245713,0.36526693516976794,True
22.25,11.006732699219054,0.10349734140247556,11.013883386773088,0.0010752142756234565,-0.029032491698221082,0.5003142920559045,0.5,0.02501930897820408,0.08625595714960439,0.36535602360504316,True
22.3,11.031241438716378,0.10855348565647371,11.038913484251754,0.0010293151880495712,-0.028895774865739077,0.5003122871362945,0.5,0.025019526862004253,0.08625054002209104,0.3654420156445083,True
22.35,11.05572374522546,0.11373563881542609,11.06394326957191,0.0009868940344472323,-0.02875863844721965,0.5003103513884549,0.5,0.025019795245067773,0.0862264765209813,0.3655246553032315,True
22.400000000000002,11.08017900657769,0.11904349442183337,11.08897275815001,0.0009477802690447602,-0.028622343557538343,0.5003084920149982,0.5,0.025020093086393382,0.0861870840920261,0.3656037432628553,True
22.450000000000003,11.104606614491052,0.12447674573956924,11.114001965724288,0.0009118055777805825,-0.02848790542135418,0.5003067126216753,0.5,0.025020416506468714,0.0861342521191373,0.3656791500060384,True
22.5,11.129005965282808,0.1300350807971316,11.13903090796911,0.0008787988376632349,-0.02835619840107995,0.5003050161133936,0.5,0.025020767507698622,0.08607085662225904,0.3657507900726332,True
22.55,11.153376459481096,0.13571818407499509,11.164059600420092,0.0008485878077450025,-0.028227924497964577,0.5003034056779986,0.5,0.025021116680424078,0.0859987778274912,0.36581862962430556,True
22.6,11.177717500866056,0.14152574019899794,11.18908805836858,0.0008210029050690284,-0.028103688158593654,0.5003018795896625,0.5,0.02502148779093922,0.08592049951117255,0.3658826607405635,True
22.650000000000002,11.202028495955577,0.14745743556900318,11.214116296804999,0.0007958788719396576,-0.027983903705701668,0.5003004400793168,0.5,0.025021860309379144,0.08583725096079155,0.36594292692134467,True
22.700000000000003,11.226308853706774,0.15351295902837028,11.239144330386527,0.0007730554629185441,-0.027868934015119584,0.5002990859477383,0.5,0.025022224317829,0.0857503223096609,0.3659994817300388,True
22.75,11.250557985797272,0.15969199934803713,11.26417217319018,0.0007523749051262038,-0.027759021932031946,0.5002978143762695,0.5,0.025022599001555314,0.08566157340617021,0.3660524114631034,True
22.8,11.274775305537537,0.16599424966958648,11.289199838840819,0.0007336864459977707,-0.027654345916278494,0.50029662576391,0.5,0.025022953587025786,0.08557191624263069,0.36610181428507055,True
22.85,11.298960227421828,0.1724194083609674,11.31422734046042,0.000716847267636384,-0.027554956857889557,0.5002955154166779,0.5,0.02502331337981297,0.0854821834039291,0.3661478178611757,True
22.900000000000002,11.323112167496026,0.1789671765828049,11.339254690562228,0.0007017200168980931,-0.027460942912991115,0.5002944829008538,0.5,0.025023651632808078,0.08539281573184208,0.36619053346444613,True
22.950000000000003,11.347230543389037,0.18563725760355157,11.364281901018265,0.0006881721165494282,-0.027372264781375305,0.5002935233690122,0.5,0.02502399024345195,0.08530433254331865,0.3662301050033963,True
23.0,11.371314774300357,0.19242935634031896,11.38930898302598,0.0006760753085023622,-0.02728888428816434,0.5002926356732142,0.5,0.025024301590776638,0.08521835868867148,0.3662666717504939,True
23.05,11.395364279442537,0.19934318486634495,11.414335947243009,0.0006653113605803164,-0.027210699183810194,0.5002918141191897,0.5,0.025024603579068848,0.08513458166918965,0.36630038177053686,True
23.1,11.419378478195505,0.20637846079950703,11.439362803713568,0.000655770458340106,-0.02713756802597367,0.5002910560661507,0.5,0.025024899355583625,0.0850536212571991,0.3663313862288615,True
23.150000000000002,11.443356790990222,0.2135349037034693,11.46438956187124,0.0006473474896225764,-0.027069370017397953,0.500290359437181,0.5,0.025025178402095172,0.08497519147041643,0.3663598255449668,True
23.200000000000003,11.467298639040873,0.22081223562054422,11.489416230542107,0.0006399426201060787,-0.027005914811850606,0.5002897204512157,0.5,0.025025435204889042,0.0849003372268161,0.36638585528857537,True
23.25,11.491203443692566,0.22821018277528607,11.514442817947458,0.0006334631025470942,-0.02694704902459549,0.5002891344783925,0.5,0.025025690192566386,0.08482904366249545,0.3664096131089191,True
23.3,11.515070625779726,0.2357284775199812,11.539469331844376,0.0006278253149974577,-0.026892528903787905,0.5002886003419561,0.5,0.02502592066708708,0.08476053690385345,0.3664312540689483,True
23.35,11.538899607444629,0.24336685145097686,11.564495779350409,0.0006229476395137848,-0.026842164120560952,0.5002881131329769,0.5,0.025026137531948052,0.0846962799233726,0.366450915560841,True
23.400000000000002,11.56268981052453,0.2511250405909034,11.58952216706659,0.0006187558838904956,-0.026795803393282025,0.5002876698258928,0.5,0.02502634113371805,0.08463472601636557,0.36646871610116316,True
23.450000000000003,11.586440657090053,0.2590027832915778,11.614548501093322,0.0006151811142481575,-0.026753178770487048,0.5002872675024627,0.5,0.02502654133538102,0.08457707184800901,0.3664848032068828,True
23.5,11.610151569970931,0.2669998183827443,11.639574787048437,0.0006121577268252919,-0.026714092397782607,0.5002869049229092,0.5,0.025026720957652675,0.08452288256886584,0.36649930049941915,True
23.55,11.633821971151411,0.2751158900053934,11.664601030198533,0.0006096285350342403,-0.026678353477538382,0.5002865780284874,0.5,0.02502688068361604,0.08447196105900157,0.36651232112073895,True
23.6,11.657451283286168,0.28335074213041744,11.689627235267414,0.0006075390875100602,-0.02664576034976973,0.5002862829404803,0.5,0.025027043617991167,0.08442481064823144,0.36652397867466013,True
23.650000000000002,11.681038928673155,0.2917041219335918,11.714653406656979,0.0006058411911823695,-0.026616102223141702,0.5002860196631737,0.5,0.02502718776095003,0.08438053586881916,0.3665343831949986,True
23.700000000000003,11.704584329945453,0.30017577736719203,11.739679548411049,0.0006044903866959877,-0.026589180052918104,0.5002857845645491,0.5,0.02502731312408291,0.08433937626988172,0.36654363754031716,True
23.75,11.72808691049639,0.3087654554580963,11.764705664104262,0.0006034442012661787,-0.02656478464255846,0.5002855740745704,0.5,0.025027433553236132,0.08430088250294875,0.3665518455689094,True
23.8,11.751546093983253,0.31747290389874855,11.78973175696916,0.0006026638133263866,-0.026542802502112772,0.5002853869707494,0.5,0.025027543220624792,0.08426597065643253,0.3665590793959138,True
23.85,11.77496130347926,0.32629787341228367,11.81475783001924,0.0006021165625012425,-0.02652298699764294,0.500285221087572,0.5,0.025027651228799783,0.08423318661621798,0.36656544406748603,True
23.900000000000002,11.79833196255814,0.33524011439824675,11.83978388599322,0.0006017724252554466,-0.026505197004438596,0.5002850757998499,0.5,0.025027750735851315,0.0842032046952724,0.3665710110218532,True
23.950000000000003,11.821657495957338,0.3442993750391212,11.86480992733342,0.0006016020086293867,-0.0264892849237518,0.5002849493618715,0.5,0.02502782542333389,0.08417551890279942,0.36657585297039574,True
24.0,11.844937328155131,0.35347540495822694,11.889835956213645,0.0006015804750760219,-0.02647506835482033,0.5002848373596067,0.5,0.02502790871784515,0.0841501525714614,0.3665800482892287,True
24.05,11.868170884376466,0.3627679525012933,11.91486197455497,0.0006016846443415303,-0.02646246875182018,0.500284740976929,0.5,0.025027977774396467,0.08412697867837508,0.36658364320915793,True
24.1,11.89135759014449,0.37217676602339167,11.939887984123576,0.0006018943545919643,-0.02645132127059191,0.5002846576022064,0.5,0.025028125119024986,0.08410501028614022,0.36658670628050644,True
24.150000000000002,11.914496873067552,0.3817015899209024,11.96491398672212,0.0006021881105965476,-0.02644152412386236,0.5002845999601345,0.5,0.025028813005876685,0.08407748431019457,0.3665892888759198,True
24.200000000000003,11.937588175494774,0.3913421386302581,11.989939985730393,0.0006025142041074918,-0.026433176915635126,0.5002846569684981,0.5,0.02502994967115256,0.08404471409009026,0.366591413455387,True
24.25,11.960630957213619,0.40109809589163836,12.014965987526578,0.000602788935859489,-0.02642666067743504,0.5002849009074201,0.5,0.025031381776092966,0.08400726053335503,0.36659305184501945,True
24.3,11.983624684833554,0.4109691403894257,12.039992001099913,0.0006029242778498432,-0.026422240304895206,0.5002853775171124,0.5,0.025033055000784364,0.08396606173401817,0.3665942142963098,True
24.35,12.006568829740623,0.42095494859359994,12.065018037194825,0.0006028312109383071,-0.0264201354693529,0.5002861228030827,0.5,0.02503510504514103,0.0839234413904407,0.36659492533046967,True
24.400000000000002,12.029462865067838,0.4310552029070549,12.090044108811139,0.0006024283347846322,-0.026420587066147472,0.5002871946044821,0.5,0.025037434897866074,0.08388096168918942,0.36659519562042964,True
24.450000000000003,12.052306263502713,0.4412695966902496,12.115070231445133,0.0006016472706291909,-0.026423540511722854,0.5002886337694117,0.5,0.025039987389599862,0.08383820885285613,0.3665951095708009,True
24.5,12.075098499772562,0.4515978258526289,12.140096422173837,0.0006004238961982761,-0.02642905554809927,0.5002904710211631,0.5,0.025042693312230087,0.083797111345279,0.36659471376695985,True
24.55,12.097839049279646,0.4620395903811522,12.165122699152358,0.00059870024913937,-0.02643705698506471,0.5002927251358215,0.5,0.0250455345713405,0.08376395406840771,0.36659408825212964,True
24.6,12.120527375684,0.472594621492561,12.190149082028912,0.0005964543394420181,-0.02644731332216299,0.5002954115881375,0.5,0.025048453613114665,0.08374065690743818,0.3665933229906033,True
24.650000000000002,12.143162926904665,0.48326268775435516,12.215175591845526,0.0005937073397821275,-0.02645922845211579,0.5002985360840697,0.5,0.02505148927254538,0.0837245109220278,0.3665925718294507,True
24.700000000000003,12.165745147495839,0.4940435648266683,12.24020225015462,0.0005904909097781204,-0.026472319176219228,0.5003021106539115,0.5,0.025054581457302383,0.0837172146931302,0.36659194497790965,True
24.75,12.188273479493839,0.5049370329117492,12.26522907891679,0.0005868445242196466,-0.026486102626865123,0.5003061371965072,0.5,0.025057581239964186,0.08372672449699682,0.3665915447302142,True
24.8,12.210747342664884,0.5159429172746827,12.290256100888984,0.0005828605487484376,-0.026499837180827268,0.5003105929637156,0.5,0.02506049239370327,0.08375257002152588,0.36659149645293115,True
24.85,12.233166133019381,0.5270610871599967,12.315283339125358,0.0005786839212030206,-0.026512468197186997,0.5003154562070847,0.5,0.02506338676483419,0.08379273597621877,0.3665919648314226,True
24.900000000000002,12.255529238442142,0.5382914207325715,12.34031081641553,0.0005744738244212568,-0.026523164481677186,0.5003207174127546,0.5,0.02506624500169909,0.08384631602782518,0.3665930346997066,True
24.950000000000003,12.277836040466916,0.5496338013621195,12.36533855551864,0.0005703996127143715,-0.026531033249059255,0.500326364025484,0.5,0.025068809350624062,0.08391982178508818,0.3665947987986058,True
25.0,12.30008589837963,0.5610881474725594,12.39036657902679,0.0005666746686753445,-0.026535133622199444,0.5003323410947741,0.5,0.025071133410813917,0.08401310942759496,0.3665973199583164,True
25.05,12.322278143585581,0.5726544199696534,12.415394908919229,0.0005635656416694867,-0.02653421555824398,0.500338603437896,0.5,0.02507332202161144,0.08412168957598869,0.36660069850962373,True
25.1,12.344412098384357,0.5843325834010196,12.440423566254971,0.0005613494048294056,-0.026527257234804646,0.5003451239475659,0.5,0.025075364339907206,0.08424459231373088,0.36660495756776745,True
25.150000000000002,12.366487079877224,0.5961225988535471,12.465452571498567,0.0005603050387464445,-0.02651340026430354,0.5003518741724834,0.5,0.025076943199007214,0.08438625615685093,0.36661007007585195,True
25.200000000000003,12.388502383322695,0.6080244537836968,12.490481944194263,0.0005607480738212217,-0.026491623405962172,0.500358773709045,0.5,0.025078138939030683,0.08454604030987144,0.3666160203621905,True
25.25,12.410457278229568,0.6200381658362643,12.51551170228555,0.0005630358108465857,-0.026460881908897615,0.5003657567624025,0.5,0.025079092904203158,0.08471889789576748,0.3666227579218035,True
25.3,12.432351026177026,0.6321637488855117,12.540541862196177,0.0005675290994985231,-0.026420152530099772,0.5003727819879188,0.5,0.025079799510391635,0.08490246113363839,0.36663022243297283,True
25.35,12.454182887320167,0.6444012020859939,12.565572439199704,0.000574579733678656,-0.02636881290137788,0.5003798078018202,0.5,0.025079940597718734,0.08509794651517512,0.3666382449917719,True
25.400000000000002,12.4759521094836,0.6567505281384487,12.59060344675092,0.000584551841892347,-0.026306126686028105,0.5003867407212939,0.5,0.025079609259829702,0.0853050323582456,0.36664667788197247,True
25.450000000000003,12.497657923169879,0.6692117401946186,12.615634895906403,0.0005978304959904629,-0.026231391188261118,0.5003935041968154,0.5,0.025078945017041984,0.08551965363462716,0.3666553426399695,True
25.5,12.519299552671407,0.6817848428316362,12.640666795844705,0.0006147998289875079,-0.026144095105385845,0.5004000460057256,0.5,0.025077981648281067,0.08573852843292237,0.3666640056255039,True
25.55,12.540876224970784,0.6944698178073273,12.665699154252685,0.0006358263881338026,-0.026043887722635106,0.500406320372477,0.5,0.025076395959889884,0.08596006967960679,0.36667240371308424,True
25.6,12.562387166745406,0.7072666280326151,12.690731976332557,0.0006612642166338727,-0.025930505071044996,0.5004122288600462,0.5,0.0250743031567594,0.08618288075792192,0.36668026089120487,True
25.650000000000002,12.583831601751527,0.7201752212721667,12.715765264144485,0.0006914595293666978,-0.025803892541975793,0.5004176937015231,0.5,0.025071877970763913,0.08640486714470434,0.3666872475763856,True
25.700000000000003,12.605208754344813,0.733195527025834,12.740799017771781,0.0007267463853106242,-0.025663981408289516,0.5004226672971075,0.5,0.025069124599237262,0.08662318756502153,0.3666930505603707,True
25.75,12.626517854960195,0.7463274493344327,12.765833235879661,0.0007674378250390532,-0.02551097031554239,0.5004271035284126,0.5,0.025065810923162228,0.08683179498122821,0.36669729919678196,True
25.8,12.647758150267926,0.7595708488283485,12.790867914274775,0.0008138053862640664,-0.025345264915189958,0.5004309186745851,0.5,0.025062011044741383,0.08703032604385717,0.36669960358918713,True
25.85,12.668928902125383,0.7729255453491255,12.81590304535763,0.0008660820335891532,-0.025167403896691032,0.5004340426479079,0.5,0.0250579343667977,0.0872174602078251,0.36669957336222647,True
25.900000000000002,12.690029380996778,0.7863913330716187,12.840938619725119,0.0009244786020806654,-0.02497803656894859,0.500436441131329,0.5,0.025053593018153943,0.08739205380510524,0.366696807780792,True
25.950000000000003,12.711058869740695,0.799967977128152,12.865974626943707,0.0009891790126436003,-0.024777946008487928,0.5004380823803966,0.5,0.025048801132131565,0.08754339324847335,0.366690893710234,True
26.0,12.732016685289986,0.8136551784161135,12.891011053772456,0.0010602990328933293,-0.024568151403851934,0.500438904455117,0.5,0.025043656325236394,0.0876725097546347,0.366681416754402,True
26.05,12.752902180979218,0.8274525724160671,12.916047883722632,0.0011378841302867333,-0.02435008149054141,0.5004388625747331,0.5,0.025038343435624836,0.08777954179033648,0.36666791239059526,True
26.1,12.773714726979206,0.8413597655601714,12.941085099174071,0.0012219507000427795,-0.02412501121181021,0.5004379432501619,0.5,0.025032900103879062,0.08786560128353767,0.3666499902326988,True
26.150000000000002,12.794453711083161,0.8553763369067358,12.96612268220738,0.0013124870563197702,-0.023894237897310155,0.5004361394368224,0.5,0.025027126133359404,0.08791512737024289,0.3666272812653265,True
26.200000000000003,12.815118573842325,0.8695017837433141,12.99116061227008,0.0014093887084827095,-0.023659551074226345,0.5004334111171964,0.5,0.025021242361332994,0.08793004334984597,0.3665993644479457,True
26.25,12.83570881688011,0.8837355131847284,13.016198865904258,0.0015124467947118787,-0.02342296972511637,0.5004297554364876,0.5,0.02501529481042438,0.08791428843202352,0.3665658554395277,True
26.3,12.856223963897445,0.8980769075888354,13.041237419484112,0.001621424101810424,-0.02318651623540091,0.5004251771936489,0.5,0.025009369436658473,0.08786759290842051,0.36652639700050405,True
26.35,12.876663563909664,0.9125253216322252,13.066276249439886,0.0017360507649071023,-0.022952103035472793,0.5004196953150507,0.5,0.025003373781414616,0.08777193277715808,0.3664806966237377,True
26.400000000000002,12.897027242464894,0.9270800077807136,13.091315329947655,0.0018559337886922419,-0.022722010828708283,0.5004133131315641,0.5,0.024997425829866485,0.0876311155120243,0.36642847639443665,True
26.450000000000003,12.917314704657208,0.9417401172522284,13.11635463282489,0.0019805560673199305,-0.022499124135830658,0.5004060534195315,0.5,0.024991608342886596,0.08745084214989689,0.3663694046472349,True
26.5,12.937525684314386,0.9565047798551782,13.141394130209605,0.002109370810450166,-0.02228598285806105,0.5003979522570119,0.5,0.024985924563407022,0.08723341030662575,0.36630328044593147,True
26.55,12.957659943802586,0.9713731056042997,13.16643379458537,0.002241802825724727,-0.02208482734813444,0.5003890456606327,0.5,0.024980421889292757,0.08695440002774482,0.3662300191212432,True
26.6,12.977717344530914,0.9863440862366208,13.191473595982776,0.0023771272726082985,-0.021898618558630623,0.5003793768846991,0.5,0.024975169000045615,0.08662020063411516,0.36614947347154625,True
26.650000000000002,12.997697853531271,1.0014165927559278,13.216513501994825,0.0025144636773980714,-0.021730915393876504,0.5003689998189863,0.5,0.024970188283091357,0.0862400216850586,0.3660614757913091,True
26.700000000000003,13.017601467045063,1.0165894875400059,13.24155348063768,0.002652911324919123,-0.021584749402828063,0.5003579711614707,0.5,0.024965456189116542,0.08581758625778842,0.36596603358831725,True
26.75,13.037428209655806,1.0318616255148847,13.266593499839669,0.002791550487987873,-0.021462644964105326,0.5003463427792817,0.5,0.02496109374152419,0.08532496227642355,0.36586332255160625,True
26.8,13.057178222214214,1.0472317359843246,13.291633524189969,0.0029292949378475625,-0.021368028000965378,0.5003341856842757,0.5,0.024957126973559805,0.08476849338028361,0.36575341963378394,True
26.85,13.076851774040335,1.0626984134121482,13.316673514681499,0.0030648770308838655,-0.02130496845001706,0.500321574016052,0.5,0.024953505919044862,0.08416257744136486,0.3656363937934676,True
26.900000000000002,13.096449163217331,1.0782602556317067,13.341713431535842,0.00319701779755974,-0.021276735524005663,0.5003085724287814,0.5,0.024950228115001905,0.08350979495590781,0.3655125611731816,True
26.950000000000003,13.115970714835896,1.093915865109716,13.366753233309115,0.0033244287269861917,-0.021286208443090926,0.5002952440997268,0.5,0.024947458871454203,0.08277982986889658,0.3653823626216773,True
27.0,13.135416889616296,1.1096637085633274,13.391792873107335,0.0034456340233449774,-0.021337153543283915,0.500281678484072,0.5,0.024945148131468434,0.08198240145681146,0.3652461657719631,True
27.05,13.154788286469774,1.1255021207288334,13.416832298239605,0.0035589717356157113,-0.021433891270960626,0.5002679552836092,0.5,0.02494321805041407,0.08113215269608647,0.3651043621029276,True
27.1,13.174085531414502,1.1414294505406595,13.441871452613245,0.0036627770045542006,-0.021579892638252218,0.5002541400152971,0.5,0.024941655019921273,0.08023318540104071,0.3649575969303136,True
27.150000000000002,13.193309278985343,1.1574440574491591,13.466910275369123,0.00375537799772407,-0.021778305088016037,0.5002402948632364,0.5,0.02494063327581241,0.07925521660807659,0.3648066189200968,True
27.200000000000003,13.212460322824896,1.173544173669824,13.491948696811578,0.003834919002337328,-0.02203281819904712,0.5002265097816939,0.5,0.024940066678196038,0.0782052733896965,0.3646522025079929,True
27.25,13.231539608351705,1.1897278945619763,13.516986637223292,0.003899344706414284,-0.022347933516551732,0.5002128589998763,0.5,0.02493984785956687,0.07710314208648833,0.3644950845905113,True
27.3,13.250548106832891,1.2059933369215228,13.542024009211588,0.003946602134963468,-0.02272734939491916,0.5001993977734926,0.5,0.02493997245241741,0.07595410730777281,0.3643362380667281,True
27.35,13.26948680381063,1.222338650501604,13.567060716537283,0.003974656610928242,-0.02317407313832398,0.5001861797229408,0.5,0.024940586557084206,0.07472438204246042,0.3641768230472881,True
27.400000000000002,13.28835683233944,1.2387618568675842,13.592096648795913,0.003981282446225209,-0.02369172325259028,0.5001732817305125,0.5,0.02494157489624981,0.07342408566845669,0.3640180134543106,True
27.450000000000003,13.307159482179946,1.2552608435966008,13.617131679672944,0.003964052363757273,-0.024284921115772518,0.5001607603540781,0.5,0.024942837364839463,0.07207334406995189,0.3638608930190418,True
27.5,13.325896059499701,1.2718335331721318,13.642165669627097,0.003920556779003049,-0.024957144648070306,0.5001486546709697,0.5,0.024944343213078816,0.07067980689118478,0.36370686737462177,True
27.55,13.344567875462028,1.2884778929814982,13.66719846453702,0.0038484185865971625,-0.02571116029710041,0.5001369980304496,0.5,0.024946244721811884,0.06920849842044084,0.3635575223240371,True
27.6,13.363176384322221,1.3051917732604703,13.692229889539767,0.0037450801180292557,-0.02655054890816777,0.5001258484006869,0.5,0.024948378088693123,0.06767044870720812,0.36341438892138755,True
27.650000000000002,13.381723196121305,1.3219728962624095,13.717259746518234,0.003607786511029526,-0.027479485278623983,0.5001152357179391,0.5,0.024950661106488,0.06608748451388376,0.363279025627785,True
27.700000000000003,13.40020992504208,1.338819031545757,13.742287817334823,0.003433817297500935,-0.028501281427086855,0.5001051758364803,0.5,0.024953095458284922,0.06446691425853204,0.36315321486183005,True
27.75,13.418638179776648,1.3557280032468908,13.767313862641172,0.0032204981062565353,-0.029618379090200042,0.5000956846272319,0.5,0.02495575218605732,0.06277503825876098,0.3630389534056714,True
27.8,13.437009704577907,1.3726975289507326,13.792337614591489,0.0029649865302296134,-0.030833827760336607,0.5000867894414761,0.5,0.024958490539026,0.06102492278232558,0.3629382332240218,True
27.85,13.455326384102056,1.3897252166161496,13.81735877401744,0.002664266610746719,-0.03215158949128727,0.5000784939148488,0.5,0.024961257971664527,0.05923699587297706,0.3628529586307966,True
27.900000000000002,13.473590094527303,1.4068087306161896,13.842377014464404,0.0023153717772229137,-0.033574268894399406,0.5000707929383936,0.5,0.0249640437418855,0.057421531661859905,0.36278538898430956,True
27.950000000000003,13.491802691364747,1.4239458012532253,13.867391981368645,0.0019154000961009257,-0.035103793109764636,0.5000636797125736,0.5,0.024966902201581192,0.05554396940231431,0.3627379238277981,True
28.0,13.509966149399677,1.441134068706448,13.892403283748092,0.0014613048558372813,-0.036742753650889304,0.5000571565342549,0.5,0.02496968685266655,0.05361931449473178,0.36271291991252286,True
28.05,13.528082569483987,1.4583710766652307,13.91741049093061,0.0009498854584250864,-0.038494265127908656,0.5000512014487513,0.5,0.024972389574223826,0.05166801072740899,0.3627127427175135,True
28.1,13.546154023698588,1.4756544396356963,13.942411421080216,0.0004017964548081739,-0.037276023732567665,0.5000457915223804,0.5,0.02497501607720071,0.04969929492978342,0.3636166219925585,True
28.150000000000002,13.564182550908088,1.4929818438251403,13.96741183949971,-9.397238712004978e-05,-0.03425852678751162,0.5000409051448024,0.5,0.024977574943028293,0.04768590008014415,0.36480658104895247,True
28.200000000000003,13.582170278322186,1.5103509141703169,13.992412870528462,-0.0005314289957837698,-0.03135971513787705,0.5000365224815502,0.5,0.024979962004901636,0.045638172297541954,0.3652177215664191,True
28.25,13.600119433520815,1.527759201239958,14.017414357293886,-0.0009138805175188938,-0.028581923622663208,0.5000326068090012,0.5,0.02498218570223864,0.04357906979376204,0.3656494983326056,True
28.3,13.618032201939387,1.5452043310518642,14.042416166473272,-0.001244550947436904,-0.02592649526641322,0.5000291234056704,0.5,0.024984277744406123,0.04151740182732363,0.3660981516775111,True
28.35,13.635910710302023,1.5626840189717779,14.067418186407297,-0.0015265595869616998,-0.023393827523399358,0.5000260433652599,0.5,0.024986211759263,0.03942781864485347,0.3665603102462175,True
28.400000000000002,13.653757150582944,1.580195936718349,14.092420320712264,-0.0017631027394595764,-0.020984811384706203,0.5000233339004804,0.5,0.02498792093113321,0.037324212897028426,0.36703238732907423,True
28.450000000000003,13.67157377916048,1.5977377122003469,14.117422487566802,-0.001957453227145796,-0.018700679851593405,0.5000209517224478,0.5,0.02498944976839779,0.035225307815188414,0.36751062515432986,True
28.5,13.689362787504974,1.6153070623583405,14.142424622207642,-0.002112775020362275,-0.01654169548886486,0.5000188616144827,0.5,0.02499083222254167,0.03313869930114217,0.3679916668071901,True
28.55,13.707126301270913,1.6329017910515267,14.167426674793436,-0.0022321240898694585,-0.014507338231921074,0.5000170345537612,0.5,0.024992037155004636,0.031049907822793456,0.36847250128803966,True
28.6,13.724866463857813,1.6505197002255338,14.192428606677364,-0.0023185703071488947,-0.01259729407682253,0.5000154368504836,0.5,0.024993037677635,0.028967533829401648,0.3689500504135482,True
28.650000000000002,13.742585440071881,1.6681585845061435,14.217430389173511,-0.0023752038564163755,-0.01081142509567079,0.5000140309275323,0.5,0.0249938852578845,0.026908311828625495,0.3694211708045304,True
28.700000000000003,13.7602853232744,1.6858163246228954,14.242432003961323,-0.002405003518142601,-0.009148840232001687,0.5000127883357525,0.5,0.024994617297355488,0.02488106160722913,0.36988306013175065,True
28.75,13.777968119015277,1.7034909017930722,14.267433441683789,-0.0024108149252157736,-0.0076078889181459,0.5000116872781871,0.5,0.02499521168945341,0.022878028370274882,0.37033328134399374,True
28.8,13.795635803670809,1.721180335766899,14.292434699601948,-0.0023954358347633583,-0.006186890036245174,0.5000107026642789,0.5,0.024995672182504144,0.020908884974153663,0.37076946188989635,True
28.85,13.813290323454657,1.7388826841420613,14.317435780410827,-0.002361615913511022,-0.00488410647330817,0.5000098104377464,0.5,0.024996042058822027,0.018983689929901303,0.37118930113408943,True
28.900000000000002,13.830933537376294,1.7565960986142233,14.342436691680103,-0.0023119766281910928,-0.0036972149527128013,0.5000089940938769,0.5,0.02499635162094761,0.017111248393851846,0.37159080736894456,True
28.950000000000003,13.84856720861943,1.7743188320694858,14.367437444772847,-0.0022490001340484704,-0.0026233318738831946,0.5000082424093372,0.5,0.024996597786113486,0.015296614095997784,0.3719723013096885,True
29.0,13.866193008808553,1.7920492326495323,14.392438053665852,-0.002175036488312485,-0.0016591622315746957,0.500007543836771,0.5,0.024996793171034214,0.013544057963124264,0.37233236460616226,True
29.05,13.88381252406023,1.8097857362468546,14.417438533921874,-0.002092313235787209,-0.0008011344890301864,0.5000068891050496,0.5,0.024996960807076304,0.01185920471075164,0.3726697899599499,True
29.1,13.901427248042886,1.8275268724341376,14.442438901974858,-0.002002926308670615,-4.538351621119485e-05,0.5000062729030372,0.5,0.024997118206962553,0.01025105268422219,0.3729835949157483,True
29.150000000000002,13.919038562162246,1.8452712834162304,14.467439174520003,-0.0019088126144777133,0.0006123901379008201,0.5000056929019854,0.5,0.02499724073386863,0.008732142431037879,0.3729093309647882,True
29.200000000000003,13.936647706323978,1.8630177521628688,14.492439367732658,-0.001811709469266046,0.0011771260654389604,0.5000051427395303,0.5,0.024997448993761374,0.007316886395486695,0.37283877077163674,True
29.25,13.954255750797492,1.880765230113448,14.517439496963267,-0.0017131151121081848,0.001654565140777442,0.5000046360928835,0.5,0.024997639324477055,0.005994377192103091,0.37279565036436557,True
29.3,13.971863650730798,1.8985127822314058,14.542439576432773,-0.0016143661053337646,0.0020505519795871456,0.500004169279344,0.5,0.0249978141181975,0.004771503152909563,0.37277688318114377,True
29.35,13.989472270583947,1.9162595618094085,14.567439618694243,-0.0015166724270039215,0.0023708111793909747,0.5000037390724764,0.5,0.02499801828867495,0.0036831549012824685,0.3727795486087787,True
29.400000000000002,14.007082247659898,1.934004946414456,14.592439634262323,-0.0014209248449554871,0.0026223099326686534,0.5000033497227654,0.5,0.02499824370533896,0.0027293340892855684,0.37280067977923254,True
29.450000000000003,14.024693985508538,1.9517485443861404,14.617439631544144,-0.0013276856577820566,0.002813053199262616,0.5000030040665773,0.5,0.0249984566345377,0.0018969382771769723,0.3728373332228712,True
29.5,14.042307783631601,1.969490065643588,14.642439617201264,-0.001237371763344964,0.0029506559618661665,0.5000026993177167,0.5,0.024998644207802775,0.0011762083595548544,0.3728868288353787,True
29.55,14.059923875622934,1.987229283825323,14.667439596347737,-0.0011503083991695907,0.0030420529160608556,0.5000024306090711,0.5,0.024998801420139428,0.0005548239451695786,0.3729467816581804,True
29.6,14.077542438437062,2.0049660273052883,14.692439572751361,-0.0010667420489514252,0.0030935217930212477,0.5000021923267229,0.5,0.02499893369328829,2.4785719212878063e-05,0.3730150815607902,True
29.650000000000002,14.095163599418722,2.02270017249429,14.717439549067706,-0.0009868501497735855,0.0031107357516685363,0.5000019798456804,0.5,0.024999041208970785,-0.00042561431855649785,0.37308986761382823,True
29.700000000000003,14.11278744458385,2.040431635881643,14.742439527068251,-0.0009107525750582472,0.003098781622281277,0.500001788647433,0.5,0.0249991320504066,-0.0008026152342985506,0.3731695109085311,True
29.75,14.130414024577398,2.058160368358986,14.767439507839532,-0.0008385198610521075,0.0030622122895610504,0.5000016156241942,0.5,0.024999208082833974,-0.001115958882155437,0.37325259058137916,True
29.8,14.148043357465102,2.0758863526623546,14.792439491948485,-0.0007701769896247097,0.0030051051949175904,0.5000014580278417,0.5,0.024999275156506396,-0.0013707738675695462,0.3733378725264711,True
29.85,14.165675434577166,2.0936095977360467,14.817439479589211,-0.0007057115057302989,0.0029310953780153914,0.5000013141226379,0.5,0.02499933312441392,-0.0015759623706847602,0.37342429137062927,True
29.900000000000002,14.183310225120985,2.1113301342799264,14.842439470696135,-0.0006450799276280696,0.0028434004599277034,0.5000011821772363,0.5,0.02499938653079578,-0.0017356485601164099,0.3735109365812582,True
29.950000000000003,14.200947681321878,2.129048009739986,14.867439465036837,-0.0005882149241330905,0.002744850526511966,0.5000010612400039,0.5,0.024999434761641993,-0.0018567879824264984,0.3735970363806458,True
30.0,14.21858773873004,2.146763288082642,14.892439462269511,-0.000535025691264528,0.0026379460413542555,0.5000009502735497,0.5,0.024999480783556675,-0.0019425365112929064,0.3736819401653212,True
30.05,14.236230319723093,2.164476046367779,14.917439461996414,-0.00048540285214779884,0.0025248866527003426,0.5000008487479666,0.5,0.02499952296114419,-0.0019996555408885747,0.37376510504934246,True
30.1,14.253875337613783,2.182186370699547,14.942439463805227,-0.0004392242248066826,0.0024075769694404947,0.5000007558717985,0.5,0.024999563540028507,-0.002030324980167621,0.3738460883825628,True
30.150000000000002,14.27152269963477,2.1998943532780952,14.96743946729489,-0.00039635901747517836,0.0022876555960154032,0.5000006712378403,0.5,0.024999601408610128,-0.0020396338345515658,0.3739245349484944,True
30.200000000000003,14.289172305907048,2.217600093443729,14.99243947208448,-0.00035666636082828604,0.0021665448859815584,0.5000005942618861,0.5,0.02499963808094172,-0.002029070806478671,0.37400016368111105,True
30.25,14.306824051742057,2.2353036953944567,15.017439477827125,-0.0003199985497572438,0.0020454715054003536,0.5000005246196373,0.5,0.024999671786788812,-0.0020037595706098176,0.3740727583337814,True
30.3,14.324477830578331,2.2530052652616024,15.042439484218672,-0.00028620518774852787,0.0019254654014606576,0.5000004616995612,0.5,0.024999704111089753,-0.001964755569980147,0.3741421636548652,True
30.35,14.342133536820569,2.2707049082774002,15.067439491002391,-0.0002551371972212332,0.0018073726920321274,0.5000004051622005,0.5,0.024999733916537748,-0.001915377733462811,0.3742082775676884,True
30.400000000000002,14.359791063041538,2.288402731559523,15.09243949795939,-0.00022664287201819863,0.001691909356999921,0.500000354485728,0.5,0.024999762152978014,-0.0018565367217954494,0.37427103919847743,True
30.450000000000003,14.377450302253132,2.3060988418422883,15.117439504910216,-0.00020057108756335064,0.0015796655456329356,0.5000003093139376,0.5,0.02499978780345627,-0.00179141333951739,0.374330424399423,True
30.5,14.395111149299435,2.323793344080813,15.14243951171288,-0.0001767732729204412,0.0014711096858965877,0.5000002691284228,0.5,0.024999811844270015,-0.00172067492554863,0.3743864425681699,True
30.55,14.412773502686676,2.341486339618186,15.167439518260833,-0.0001551060007723485,0.0013665957233834902,0.5000002335807134,0.5,0.024999833628416398,-0.001646411642287176,0.374439131919692,True
30.6,14.430437262941114,2.3591779278164218,15.192439524475075,-0.00013542867300681943,0.001266395568016443,0.500000202221159,0.5,0.024999853743996565,-0.001568920373463184,0.3744885521786714,True
30.650000000000002,14.448102333212264,2.376868205447704,15.217439530300238,-0.0001176043777209781,0.0011707101151582357,0.5000001747047457,0.5,0.024999871655220413,-0.0014902405734386888,0.3745347804576274,True
30.700000000000003,14.465768620061915,2.3945572659007968,15.242439535701358,-0.00010150100829561947,0.0010796707542376494,0.5000001506036036,0.5,0.02499988801400323,-0.0014108774780007174,0.37457790969554605,True
30.75,14.483436035612561,2.412245197030969,15.267439540662707,-8.699430289260926e-05,0.0009933331703275705,0.5000001296046874,0.5,0.02499990260541703,-0.0013316514270805043,0.3746180474634558,True
30.8,14.501104495012912,2.429932083684795,15.292439545180956,-7.396426700110109e-05,0.0009117136128103942,0.5000001113646015,0.5,0.024999915800477668,-0.0012530833970737102,0.37465530877886044,True
30.85,14.518773917235471,2.4476180069000626,15.31743954926338,-6.229630316051095e-05,0.0008347884271097116,0.5000000956069495,0.5,0.02499992733097521,-0.0011755830584893596,0.3746898151172639,True
30.900000000000002,14.536444224514568,2.4653030444626367,15.342439552924258,-5.188041982578324e-05,0.0007625062721026145,0.5000000820155721,0.5,0.024999937600237006,-0.0011003393589271266,0.3747216915777914,True
30.950000000000003,14.554115344788352,2.4829872684647745,15.36743955618509,-4.261468464789957e-05,0.0006947682480044071,0.5000000703462002,0.5,0.024999946642998584,-0.0010268968877690844,0.37475106933122665,True
31.0,14.57178721012012,2.500670746879411,15.392439559071496,-3.440299500036684e-05,0.0006314536324961706,0.5000000603643431,0.5,0.024999954574795005,-0.0009564622144334792,0.3747780802094663,True
31.05,14.589459756846693,2.518353543409483,15.417439561611593,-2.7155289442095746e-05,0.000572419356470677,0.5000000518584822,0.5,0.024999961515440455,-0.0008882243642237311,0.3748028566499648,True
31.1,14.607132925214154,2.5360357178502095,15.44243956383458,-2.0787033963365096e-05,0.0005175105820337533,0.5000000446403986,0.5,0.024999967522416563,-0.0008229405485438049,0.374825529068608,True
31.150000000000002,14.624806657904275,2.553717327559911,15.46743956576881,-1.5217140001771188e-05,0.0004665740708696963,0.5000000385344853,0.5,0.024999972707533923,-0.000760325774396532,0.3748462239716876,True
31.200000000000003,14.642480901834446,2.5713984256611684,15.492439567442545,-1.037050914822696e-05,0.0004194425362969989,0.5000000333865183,0.5,0.02499997716589909,-0.0007012865099862963,0.3748650660569768,True
31.25,14.66015560866371,2.5890790605343286,15.51743956888364,-6.178749109123141e-06,0.00037593020287696177,0.5000000290605427,0.5,0.024999981004485423,-0.0006444727175415022,0.37488217881598596,True
31.3,14.677830732183073,2.606759278424667,15.54243957011775,-2.576484847262885e-06,0.0003358644914213116,0.5000000254405318,0.5,0.024999984273796096,-0.0005915228720586689,0.37489767881338576,True
31.35,14.695506229848199,2.624439121910852,15.567439571169148,4.964746933714087e-07,0.0002990642418214673,0.5000000224207239,0.5,0.024999987083513486,-0.0005412039406493297,0.37491068703677344,True
31.400000000000002,14.713182063800556,2.6421186288841065,15.592439572060954,3.093692677209951e-06,0.0002653362321493047,0.5000000199152346,0.5,0.024999989443496542,-0.0004945555430490931,0.3749181058475064,True
31.450000000000003,14.730858198808603,2.659797834605481,15.617439572814032,5.265014895168439e-06,0.00023449299455713393,0.5000000178412282,0.5,0.024999991460988413,-0.00045023830758471616,0.37492509400304486,True
31.5,14.748534602250658,2.677476771723193,15.642439573447145,7.056594133111058e-06,0.00020635597883900125,0.5000000161349641,0.5,0.02499999312472408,-0.0004090010713898832,0.37493165834201103,True
31.55,14.766211242681592,2.695155471705549,15.667439573976685,8.512916909371804e-06,0.0001807642031871337,0.5000000147318935,0.5,0.02499999452866818,-0.0003703268009912866,0.37493780215726746,True
31.6,14.783888092316586,2.7128339623584297,15.692439574417541,9.673291784922159e-06,0.00015754978967652547,0.5000000135840651,0.5,0.024999995698342714,-0.0003350746618026747,0.3749435359722457,True
31.650000000000002,14.8015651272569,2.730512267599675,15.717439574783224,1.0571530187753666e-05,0.00013653468200180985,0.5000000126485389,0.5,0.02499999668418908,-0.00030166890246289695,0.37494887883449113,True
31.700000000000003,14.819242324785268,2.7481904101629997,15.74243957508536,1.1239770813628988e-05,0.00011756214225988604,0.5000000118914216,0.5,0.024999997477590224,-0.00027111862814141723,0.3749538451368192,True
31.75,14.836919663004938,2.7658684119591825,15.767439575333867,1.1708990265682159e-05,0.00010049229024777784,0.500000011277956,0.5,0.024999998140776,-0.00024254927177233594,0.37495844543074974,True
31.8,14.854597123065162,2.7835462918513523,15.792439575537504,1.200585628296336e-05,8.518124327394627e-05,0.500000010784245,0.5,0.02499999868221441,-0.00021701854517837738,0.3749626957679855,True
31.85,14.872274689045293,2.801224065771023,15.817439575703952,1.2152891740050411e-05,7.14796701113407e-05,0.5000000103881863,0.5,0.0249999991317669,-0.00019273388135983163,0.3749666179655889,True
31.900000000000002,14.889952345679694,2.8189017489929604,15.842439575839668,1.2171691967468475e-05,5.926010143131322e-05,0.5000000100729783,0.5,0.02499999948323599,-0.00017097361070974435,0.3749702282774027,True
31.950000000000003,14.907630078123013,2.836579356370142,15.867439575950042,1.2083256853878677e-05,4.841036641434204e-05,0.5000000098210731,0.5,0.024999999774705257,-0.00015067463770821021,0.37497353901079944,True
32.0,14.925307874371791,2.8542568999126163,15.892439576039735,1.1904566513364014e-05,3.881189102195037e-05,0.500000009621507,0.5,0.02500000001021904,-0.00013300266804535274,0.3749765683960037,True
32.050000000000004,14.94298572463475,2.8719343894172877,15.917439576112724,1.164947188175227e-05,3.034304857330028e-05,0.5000000094641666,0.5,0.02500000020047903,-0.00011593709540855997,0.37497933870023714,True
32.1,14.960663618950772,2.8896118348498727,15.94243957617226,1.1332063359720698e-05,2.2907645624625772e-05,0.500000009340874,0.5,0.02500000034269425,-0.0001010768673544269,0.37498186439868786,True
32.15,14.978341547459788,2.9072892460741895,15.967439576220997,1.0966287841181806e-05,1.6422033052743146e-05,0.5000000092431253,0.5,0.025000000460275958,-8.708015680398692e-05,0.37498415638519755,True
32.2,14.996019502819506,2.924966630435689,15.992439576261168,1.0562531127884595e-05,1.0794912419176406e-05,0.5000000091664267,0.5,0.02500000055600758,-7.543114221904293e-05,0.3749862313871668,True
32.25,15.013697479486318,2.9426439934806075,16.01743957629463,1.0128634926344879e-05,5.930750342608704e-06,0.500000009106819,0.5,0.025000000629993413,-6.384035941671067e-05,0.3749881099344203,True
32.300000000000004,15.031375471488065,2.960321341183222,16.04243957632288,9.673046639844385e-06,1.7579706371728676e-06,0.5000000090604252,0.5,0.025000000683436347,-5.4202002693642e-05,0.3749898048362741,True
32.35,15.049053472549442,2.9779986798205242,16.067439576347113,9.204642085209012e-06,-1.783243630870679e-06,0.5000000090236316,0.5,0.02500000072628282,-4.4959808549645566e-05,0.37499026573475513,True
32.4,15.066731478782067,2.9956760132822486,16.092439576368285,8.728921219072977e-06,-4.762762812804411e-06,0.5000000089945281,0.5,0.025000000763677893,-3.766809774331573e-05,0.3749898565396433,True
32.45,15.08440948725402,3.013353344501408,16.11743957638717,8.250031176576346e-06,-7.2503994630324095e-06,0.5000000089720865,0.5,0.025000000788536206,-3.0097037429221838e-05,0.3749895966034685,True
32.5,15.102087494545685,3.031030676898484,16.142439576404374,7.772808634760515e-06,-9.295869698000558e-06,0.5000000089541246,0.5,0.0250000008070133,-2.4144684373692755e-05,0.37498946632346575,True
32.550000000000004,15.119765496745885,3.0487080143853333,16.167439576420385,7.302785318568461e-06,-1.0939019318478847e-05,0.5000000089395135,0.5,0.025000000820637015,-1.8336404338222726e-05,0.3749894483334228,True
32.6,15.13744349223045,3.0663853585866163,16.192439576435543,6.842258493394199e-06,-1.2232290916291966e-05,0.5000000089273957,0.5,0.025000000836240828,-1.4204200331784559e-05,0.3749895247604563,True
32.65,15.155121480213069,3.084062710289023,16.217439576450122,6.392340439427034e-06,-1.3229833800032507e-05,0.5000000089180573,0.5,0.0250000008423041,-9.230045243483367e-06,0.37498967840986136,True
32.7,15.172799458222357,3.101740071964265,16.242439576464353,5.95652645630412e-06,-1.3956463129294328e-05,0.5000000089098754,0.5,0.025000000849346102,-6.103918318376026e-06,0.37498989841616837,True
32.75,15.190477424291755,3.1194174455791273,16.267439576478388,5.537597836580582e-06,-1.444210962786574e-05,0.5000000089029927,0.5,0.025000000853028666,-2.608728008556966e-06,0.37499017310864,True
32.800000000000004,15.208155378851329,3.137094830703656,16.292439576492313,5.134946454871488e-06,-1.4730772395887827e-05,0.5000000088968324,0.5,0.025000000859995417,-5.39452769229303e-07,0.3749904900277059,True
32.85,15.225833321474157,3.1547722277648793,16.317439576506203,4.74917614361497e-06,-1.4853892697952453e-05,0.5000000088919254,0.5,0.02500000086041905,2.4444706762037944e-06,0.3749908392315151,True
32.9,15.243511250993166,3.1724496379299696,16.34243957652013,4.381937466590459e-06,-1.482668068797377e-05,0.5000000088871696,0.5,0.02500000086435066,3.898533248595714e-06,0.3749912145521086,True
32.95,15.26118916640669,3.190127062200649,16.367439576534125,4.0346470318683395e-06,-1.4667438900439754e-05,0.5000000088831421,0.5,0.025000000864384572,5.772051603058014e-06,0.37499160913706076,True
33.0,15.278867068926962,3.2078044993646655,16.392439576548185,3.705590467425679e-06,-1.4409201810061665e-05,0.5000000088791869,0.5,0.025000000868945705,6.581112720177836e-06,0.3749920148895717,True
33.050000000000004,15.296544958634566,3.225481949341453,16.417439576562312,3.3946538241163053e-06,-1.407115816554061e-05,0.500000008876051,0.5,0.025000000868186236,8.308223888570983e-06,0.37499242622457574,True
33.1,15.314222834737533,3.2431594129230072,16.442439576576536,3.1029571361881393e-06,-1.365766357064313e-05,0.5000000088728414,0.5,0.02500000087072754,8.597326959802448e-06,0.3749928407284417,True
33.15,15.331900697276097,3.2608368900690885,16.467439576590845,2.830443497210108e-06,-1.3184186741344027e-05,0.5000000088701048,0.5,0.025000000870242966,9.427853499268354e-06,0.3749932538639047,True
33.2,15.349578548088783,3.278514378941116,16.492439576605204,2.574512804552893e-06,-1.267740100840964e-05,0.5000000088673333,0.5,0.025000000873449352,9.475276500405193e-06,0.37499366030914083,True
33.25,15.36725638720532,3.2961918795093625,16.51743957661961,2.335123011768487e-06,-1.2144496337240794e-05,0.5000000088651376,0.5,0.02500000087240413,1.0463313756998157e-05,0.3749940579707942,True
33.300000000000004,15.384934213836285,3.313869392563266,16.542439576634077,2.11339054534636e-06,-1.158078679486252e-05,0.5000000088628055,0.5,0.0250000008752578,1.012800270740995e-05,0.37499444712415886,True
33.35,15.402612028402093,3.331546917682398,16.567439576648596,1.9087208389060343e-06,-1.099765869294611e-05,0.5000000088609836,0.5,0.02500000087470467,1.0342287786095888e-05,0.3749948249820887,True
33.4,15.420289833075628,3.3492244526938255,16.592439576663132,1.7180409335509094e-06,-1.0418131105360828e-05,0.5000000088591005,0.5,0.02500000087664139,9.920589268710143e-06,0.3749951877809118,True
33.45,15.437967628079218,3.366901997375218,16.61743957667768,1.5410364101016527e-06,-9.844774053191507e-06,0.5000000088575685,0.5,0.025000000875987517,1.0471537200305173e-05,0.37499553507175365,True
33.5,15.455645412639573,3.3845795524998756,16.642439576692247,1.378800872497772e-06,-9.267571839943756e-06,0.5000000088559537,0.5,0.025000000878285248,9.796874623476329e-06,0.3749958687356591,True
33.550000000000004,15.473323187264985,3.402257117559499,16.667439576706833,1.2306154818547044e-06,-8.694050128821296e-06,0.5000000088547455,0.5,0.025000000878276182,9.545824077255949e-06,0.3749961872563541,True
33.6,15.491000954602933,3.419934689906569,16.692439576721405,1.0927361096544057e-06,-8.148068319169255e-06,0.5000000088535557,0.5,0.02500000087936963,9.130925522410956e-06,0.37499648729174906,True
33.65,15.508678714299155,3.43761226989536,16.717439576735977,9.656637670621278e-07,-7.621898449272635e-06,0.5000000088525662,0.5,0.025000000878926155,9.26640689272803e-06,0.3749967706360243,True
33.7,15.526356465591524,3.4552898582880087,16.74243957675055,8.504762704236875e-07,-7.104041221395185e-06,0.5000000088515199,0.5,0.025000000880485516,8.872502066980991e-06,0.3749970396266411,True
33.75,15.54403420846853,3.472967455096027,16.767439576765128,7.471898987717148e-07,-6.593872073468177e-06,0.5000000088507486,0.5,0.025000000880675763,8.528995015850406e-06,0.3749972944328128,True
33.800000000000004,15.561711944572899,3.4906450586766713,16.7924395767797,6.534814735922361e-07,-6.1056408779958105e-06,0.5000000088500215,0.5,0.025000000881185497,7.75445395483486e-06,0.37499753314551554,True
33.85,15.579389675407278,3.5083226675272794,16.81743957679425,5.672259224732336e-07,-5.650671536572282e-06,0.5000000088493907,0.5,0.02500000088120928,7.900096537050307e-06,0.3749977545266268,True
33.9,15.597067400191207,3.526000282428325,16.842439576808793,4.895269893253313e-07,-5.21441188150451e-06,0.5000000088487742,0.5,0.025000000882171414,7.2319678054736925e-06,0.3749979617943813,True
33.95,15.61474511877998,3.5436779035245185,16.86743957682333,4.205893262799639e-07,-4.793696153360116e-06,0.5000000088483268,0.5,0.025000000882157435,6.920378546038494e-06,0.37499815568435246,True
34.0,15.632422832940826,3.5613555290486207,16.89243957683785,3.57913683398767e-07,-4.40212696772857e-06,0.5000000088478846,0.5,0.025000000882740566,6.336031189092487e-06,0.37499833465581833,True
34.050000000000004,15.650100542879153,3.5790331587952235,16.917439576852363,3.0120957128157113e-07,-4.037211834617693e-06,0.5000000088475461,0.5,0.025000000882714164,6.437433437400764e-06,0.37499849973953253,True
34.1,15.66777824789477,3.5967107934645286,16.942439576866867,2.5146721709629296e-07,-3.6866642851851594e-06,0.5000000088472089,0.5,0.02500000088334291,5.8199215492567205e-06,0.3749986535943397,True
34.15,15.685455948219353,3.61438843282486,16.967439576881368,2.0835898179911664e-07,-3.351470961865388e-06,0.5000000088469811,0.5,0.025000000883292545,5.591034223204671e-06,0.37499879625484456,True
34.2,15.703133645225403,3.6320660755037104,16.99243957689586,1.6994384989266008e-07,-3.0414579567095146e-06,0.5000000088467488,0.5,0.02500000088352548,4.757001433789996e-06,0.37499892674371516,True
34.25,15.720811339929114,3.6497437204848833,17.017439576910338,1.3478470664295377e-07,-2.7630667516209684e-06,0.5000000088465588,0.5,0.02500000088344212,5.090035958679994e-06,0.3749990445849453,True
34.300000000000004,15.73848903133672,3.667421368762151,17.042439576924806,1.0428695248639423e-07,-2.4995802103688902e-06,0.5000000088463582,0.5,0.025000000883959934,4.490344931879383e-06,0.37499915333811557,True
34.35,15.756166718815312,3.685099020968429,17.06743957693928,7.934565976547661e-08,-2.2440266815859644e-06,0.5000000088462465,0.5,0.0250000008840359,4.611146901231178e-06,0.37499925417873053,True
34.4,15.773844403295168,3.7027766761734364,17.09243957695374,5.864521503712811e-08,-2.002720069227415e-06,0.5000000088461491,0.5,0.025000000884085837,3.747348045716484e-06,0.3749993465471751,True
34.45,15.79152208568151,3.7204543334719506,17.117439576968202,4.090544184506846e-08,-1.783517562858883e-06,0.5000000088460617,0.5,0.02500000088396779,3.922210487127742e-06,0.3749994293900408,True
34.5,15.809199766378098,3.7381319924602106,17.142439576982653,2.5555336500367357e-08,-1.584810867316655e-06,0.5000000088459562,0.5,0.0250000008842234,3.280163837469097e-06,0.3749995037559929,True
34.550000000000004,15.826877444910535,3.7558096536126158,17.167439576997104,1.3265798568564913e-08,-1.400002869744732e-06,0.5000000088458947,0.5,0.025000000884285414,3.2124775476254476e-06,0.3749995709334716,True
34.6,15.84455512238375,3.7734873158242337,17.192439577011545,2.4742180235984135e-09,-1.2363093780942693e-06,0.5000000088458444,0.5,0.025000000884306452,2.7353798701835513e-06,0.37499963034199224,True
34.65,15.86223279858337,3.7911649793094435,17.217439577025985,-6.516226875148574e-09,-1.0888231718464425e-06,0.5000000088457984,0.5,0.025000000884321635,3.013496269492977e-06,0.37499967010336516,True
34.7,15.879910472846827,3.808842644730814,17.242439577040425,-1.2768525673554053e-08,-9.472566449009179e-07,0.5000000088457558,0.5,0.025000000884458667,2.4152663518394224e-06,0.3749997058963068,True
34.75,15.89758814550397,3.8265203117584954,17.26743957705486,-1.6749157551370406e-08,-8.152134729488836e-07,0.5000000088457365,0.5,0.02500000088442023,2.1295430329489627e-06,0.3749997411324825,True
34.800000000000004,15.91526581854129,3.8441979784059956,17.292439577069295,-2.1267441528128146e-08,-7.094678488028805e-07,0.5000000088457112,0.5,0.025000000884354133,1.7080757835654097e-06,0.37499976802063884,True
34.85,15.932943491847059,3.861875644785041,17.31743957708372,-2.6165375117469606e-08,-6.24761095191495e-07,0.5000000088456753,0.5,0.025000000884588158,2.435011488282275e-06,0.374999788280604,True
34.9,15.95062116282752,3.8795533134893945,17.34243957709815,-2.7774826044572872e-08,-5.309666761821319e-07,0.5000000088456787,0.5,0.02500000088460937,1.8170684631401138e-06,0.3749998145280887,True
34.95,15.968298831700723,3.8972309843010073,17.367439577112584,-2.6404162666452923e-08,-4.3392973247957656e-07,0.5000000088456856,0.5,0.02500000088454673,1.4007528117860991e-06,0.3749998447187185,True
35.0,15.985976502020106,3.9149086536664384,17.39243957712701,-2.7078708947439776e-08,-3.676619130255077e-07,0.500000008845682,0.5,0.02500000088432979,1.0255681895403266e-06,0.37499986372571137,True
35.050000000000004,16.0036541735776,3.9325863217937553,17.41743957714144,-2.9504210405648087e-08,-3.2494117196968375e-07,0.5000000088456426,0.5,0.025000000884623823,1.5538957825324542e-06,0.3749998739882681,True
35.1,16.02133184399357,3.9502639910625983,17.442439577155866,-3.031535064830007e-08,-2.7766443810861574e-07,0.5000000088456524,0.5,0.02500000088452634,1.1018317773931486e-06,0.374999887218316,True
35.15,16.039009513256037,3.9679416614849394,17.467439577170293,-2.949519560019173e-08,-2.2811886779550147e-07,0.500000008845646,0.5,0.025000000884511087,7.691111848144664e-07,0.3749999027535039,True
35.2,16.05668718403867,3.9856193303871152,17.492439577184715,-3.082487928852598e-08,-2.0192058514112432e-07,0.5000000088456371,0.5,0.02500000088435324,5.094530968398327e-07,0.3749999092047095,True
35.25,16.074364856165268,4.0032969979453235,17.51743957719914,-3.4055219561610356e-08,-1.9334552725513984e-07,0.5000000088456024,0.5,0.025000000884569197,8.52051601247614e-07,0.37499990852116116,True
35.300000000000004,16.092042527940947,4.020974665854448,17.542439577213564,-3.6789288778575875e-08,-1.823029978087476e-07,0.5000000088456038,0.5,0.025000000884618633,7.718046893999468e-07,0.374999909066723,True
35.35,16.109720198686873,4.038652334793327,17.567439577227987,-3.806706207004111e-08,-1.6345552655838702e-07,0.5000000088456135,0.5,0.02500000088447036,2.5574922555995574e-07,0.37499991338664823,True
35.4,16.127397870874034,4.056330002290971,17.59243957724241,-4.1383052142820625e-08,-1.623480098134067e-07,0.5000000088455985,0.5,0.025000000884376046,1.7876894431620014e-07,0.3749999103995906,True
35.45,16.145075544882786,4.074007667967022,17.617439577256828,-4.7275162624667836e-08,-1.7888326553361367e-07,0.5000000088455681,0.5,0.025000000884734697,7.908483245589875e-07,0.3749998995965095,True
35.5,16.16275321761767,4.091685334916942,17.64243957727125,-5.136574839138425e-08,-1.7949936004235667e-07,0.5000000088455975,0.5,0.025000000884550903,4.237810132455037e-07,0.3749998953229437,True
35.550000000000004,16.180430889532843,4.109363002686573,17.667439577285673,-5.429708904915461e-08,-1.7282636233240112e-07,0.500000008845596,0.5,0.025000000884445744,-7.056906590126682e-08,0.37499989437348324,True
35.6,16.198108563937396,4.127040667966823,17.692439577300092,-6.074894628504035e-08,-1.917804725026784e-07,0.5000000088455772,0.5,0.02500000088440646,1.9834208320585076e-07,0.37499988229225567,True
35.65,16.215786239429193,4.144718332159827,17.717439577314515,-6.873840009001095e-08,-2.1744137534973618e-07,0.5000000088455522,0.5,0.025000000884683796,3.2706125132647694e-07,0.3749998666815144,True
35.7,16.233463914153628,4.162395997120194,17.742439577328934,-7.564263738938846e-08,-2.3127280368573366e-07,0.5000000088455734,0.5,0.02500000088451161,4.0919425385617153e-07,0.37499985566934324,True
35.75,16.251141588477548,4.1800736624810755,17.767439577343353,-8.198046320625887e-08,-2.388313945500542e-07,0.5000000088455658,0.5,0.02500000088443235,-1.9257235397551672e-07,0.37499984708661616,True
35.800000000000004,16.268819264454702,4.197751326188723,17.792439577357776,-9.065631307531825e-08,-2.618490492212189e-07,0.5000000088455453,0.5,0.02500000088449437,1.360909371653545e-07,0.3749998315745236,True
35.85,16.286496941750475,4.2154289885777505,17.817439577372195,-1.0119697369025907e-07,-2.929915087213075e-07,0.5000000088455353,0.5,0.025000000884676604,2.5293604464204905e-07,0.37499981178455355,True
35.9,16.304174618223968,4.233106651789055,17.842439577386614,-1.1057475977052639e-07,-3.1088012408808647e-07,0.5000000088455556,0.5,0.025000000884496963,1.782958239290229e-07,0.3749997970938494,True
35.95,16.321852294868616,4.2507843148292075,17.867439577401033,-1.2019458879207643e-07,-3.275131470470427e-07,0.500000008845546,0.5,0.025000000884493903,-3.318680145136566e-07,0.3749997825340132,True
36.0,16.33952997354678,4.268461975835838,17.89243957741545,-1.3269025191605831e-07,-3.615440503645928e-07,0.500000008845536,0.5,0.02500000088450439,5.173629310210255e-07,0.3749997599311733,True
36.050000000000004,16.357207651915008,4.28613963715241,17.917439577429867,-1.4474759232834943e-07,-3.8548773062530017e-07,0.5000000088455279,0.5,0.025000000884615695,2.0719301873177872e-07,0.374999740762561,True
36.1,16.374885328966265,4.303817299785952,17.942439577444283,-1.549424564082267e-07,-3.9339438240304503e-07,0.5000000088455383,0.5,0.02500000088451474,3.6754639971212966e-07,0.3749997282194217,True
36.15,16.39256300665394,4.321494961783074,17.967439577458702,-1.660373521246391e-07,-4.057580657024218e-07,0.5000000088455319,0.5,0.025000000884545712,-1.3456510226067808e-07,0.3749997134525126,True
36.2,16.410240685540973,4.339172622580839,17.99243957747312,-1.7882839862698412e-07,-4.282890294637909e-07,0.5000000088455306,0.5,0.02500000088456996,6.448057527761763e-07,0.37499969396977106,True
36.25,16.427918364095824,4.356850283710786,18.017439577487536,-1.9114966467317317e-07,-4.425715466327418e-07,0.5000000088455334,0.5,0.025000000884505838,1.5615745963253976e-07,0.37499967740659823,True
36.300000000000004,16.445596041908285,4.374527945583122,18.042439577501952,-2.024210350137197e-07,-4.4820508759979566e-07,0.5000000088455255,0.5,0.025000000884518397,5.307689279445815e-07,0.37499966446206656,True
36.35,16.463273720242643,4.392205606933558,18.067439577516367,-2.1443048195368813e-07,-4.5723121622209817e-07,0.5000000088455199,0.5,0.025000000884564427,1.7847874668410907e-07,0.37499964977185996,True
36.4,16.480951398604997,4.409883268255999,18.092439577530783,-2.2647951846098373e-07,-4.6559328814588236e-07,0.500000008845522,0.5,0.0250000008845699,1.1118890228777863e-06,0.3749996352392885,True
36.45,16.498629075461405,4.42756093108439,18.117439577545206,-2.3639882754614014e-07,-4.5666707737535006e-07,0.5000000088455249,0.5,0.025000000884435027,5.575888206769705e-09,0.37499962797106345,True
36.5,16.516306752506814,4.445238593723777,18.14243957755962,-2.46585422263056e-07,-4.528847147300397e-07,0.5000000088455054,0.5,0.025000000884570887,5.828944024948801e-07,0.3749996189078303,True
36.550000000000004,16.53398443124095,4.462916254674438,18.167439577574036,-2.5916023814413903e-07,-4.648399054563157e-07,0.5000000088455088,0.5,0.025000000884631494,4.979312837582114e-07,0.3749996027823234,True
36.6,16.55166210863173,4.48059391696845,18.192439577588452,-2.6983526475954605e-07,-4.6214755722306933e-07,0.5000000088455221,0.5,0.02500000088455681,1.4098401144370227e-06,0.3749995929069241,True
36.65,16.569339783548585,4.498271581736395,18.217439577602867,-2.7701162671564076e-07,-4.3485363110384867e-07,0.5000000088455229,0.5,0.02500000088440645,2.6000844559607646e-09,0.37499959383685666,True
36.7,16.587017459285356,4.515949245684423,18.242439577617287,-2.853475264459158e-07,-4.2229577401631246e-07,0.5000000088454988,0.5,0.025000000884660548,5.092341122842574e-07,0.3749995892306398,True
36.75,16.60469513770551,4.533626906949066,18.267439577631706,-2.9747830510679543e-07,-4.3653088321882194e-07,0.5000000088455171,0.5,0.025000000884626904,6.677789900192315e-07,0.3749995728720345,True
36.800000000000004,16.622372814324812,4.551304570014559,18.29243957764612,-3.0706229582592056e-07,-4.309769660038043e-07,0.5000000088455295,0.5,0.02500000088450482,1.8944475472469576e-06,0.37499956493755693,True
36.85,16.64005048672885,4.568982237295323,18.31743957766054,-3.106849978081711e-07,-3.8421304471292217e-07,0.5000000088455215,0.5,0.02500000088425689,-1.0623622770095377e-07,0.37499957520373717,True
36.9,16.657728160376145,4.586659903332827,18.34243957767496,-3.1606593266020767e-07,-3.6047602269828616e-07,0.5000000088454727,0.5,0.025000000884729014,5.414414486648405e-07,0.3749995768726967,True
36.95,16.675405837948762,4.604337565445003,18.367439577689375,-3.269981159269047e-07,-3.7699083865749827e-07,0.5000000088455028,0.5,0.025000000884701085,6.527343104004897e-07,0.3749995610356139,True
37.0,16.693083513459225,4.622015229619338,18.39243957770379,-3.350139686384386e-07,-3.709263335371915e-07,0.5000000088455278,0.5,0.02500000088446552,2.2001390771773845e-06,0.37499955482091896,True
37.050000000000004,16.710761183946325,4.6396928988170405,18.417439577718213,-3.359257100432329e-07,-3.1551568846488465e-07,0.5000000088455133,0.5,0.025000000884278676,2.13076973886339e-08,0.37499957036613674,True
37.1,16.728438855046665,4.6573705674015,18.44243957773263,-3.377047070904686e-07,-2.7888994158509206e-07,0.5000000088454682,0.5,0.025000000884733798,5.3239185232182e-07,0.3749995794649851,True
37.15,16.746116530804866,4.675048231328095,18.467439577747047,-3.460709140014551e-07,-2.918795595219237e-07,0.5000000088454991,0.5,0.02500000088468943,8.331456148158316e-07,0.37499956724086214,True
37.2,16.763794204306468,4.69272589751129,18.492439577761466,-3.512458087603234e-07,-2.807170553786875e-07,0.5000000088455222,0.5,0.025000000884497546,2.4327407961914898e-06,0.3749995653812307,True
37.25,16.781471871947993,4.710403569554567,18.517439577775885,-3.481333008234828e-07,-2.1301930142048064e-07,0.5000000088455132,0.5,0.025000000884203746,-8.690941608519716e-08,0.3749995885999695,True
37.300000000000004,16.799149540828463,4.728081240358896,18.542439577790304,-3.4677292688928163e-07,-1.7269312113654678e-07,0.5000000088454558,0.5,0.025000000884693473,7.572992153943158e-07,0.37499960193721804,True
37.35,16.81682721438384,4.745758906488314,18.56743957780472,-3.520238731586267e-07,-1.8221121211858815e-07,0.5000000088454802,0.5,0.025000000884697664,9.487276703482678e-07,0.37499959385939896,True
37.4,16.834504884902174,4.763436575654778,18.592439577819135,-3.5297979005680145e-07,-1.6091917132143863e-07,0.500000008845505,0.5,0.025000000884568975,2.5739972241235863e-06,0.3749995992272177,True
37.45,16.852182549647473,4.781114250594277,18.617439577833554,-3.457714020201759e-07,-8.558049024998127e-08,0.500000008845508,0.5,0.025000000884123807,-3.2568221934787123e-07,0.37499962881119286,True
37.5,16.869860216538235,4.798791923388311,18.64243957784797,-3.415971605085913e-07,-4.815541532199318e-08,0.5000000088454374,0.5,0.025000000884664888,7.796234332561475e-07,0.3749996441006813,True
37.550000000000004,16.88753788857291,4.8164695910384285,18.667439577862385,-3.4469751157094725e-07,-6.41128368172872e-08,0.5000000088454574,0.5,0.025000000884738204,1.140973784104475e-06,0.3749996362609761,True
37.6,16.905215556366194,4.834147262929943,18.692439577876804,-3.41799623340506e-07,-3.643734347580363e-08,0.5000000088454892,0.5,0.025000000884724614,2.6709146621602097e-06,0.37499964737848573,True
37.65,16.922893218023603,4.851824940957333,18.71743957789122,-3.3022429821025033e-07,4.750393334251868e-08,0.5000000088455183,0.5,0.025000000884060177,-4.0196394214949177e-07,0.37499965566703375,True
37.7,16.940570882483836,4.869502616181897,18.74243957790564,-3.2261276695356325e-07,8.554291930362723e-08,0.500000008845437,0.5,0.02500000088460227,8.375850403343005e-07,0.3749996519809865,True
37.75,16.958248552222493,4.887180286128034,18.76743957792005,-3.224660562768522e-07,6.904047566980154e-08,0.5000000088454467,0.5,0.025000000884751197,1.3531828119241282e-06,0.3749996570289227,True
37.800000000000004,16.9759262168542,4.904857961181121,18.792439577934466,-3.150970301966677e-07,1.047535267417743e-07,0.5000000088454808,0.5,0.02500000088487132,2.7009772580582623e-06,0.37499965379117306,True
37.85,16.993603875263272,4.922535642456848,18.817439577948885,-2.9892786135083783e-07,1.9590236766120483e-07,0.5000000088455342,0.5,0.025000000884086642,-4.11410646581465e-07,0.37499964288913784,True
37.9,17.011281537034034,4.94021332037088,18.8424395779633,-2.8751284642883564e-07,2.3455467501598548e-07,0.500000008845457,0.5,0.02500000088452883,8.505432185495243e-07,0.37499964282441856,True
37.95,17.0289592041298,4.957890992959908,18.867439577977716,-2.8362852311778395e-07,2.1815669748459499e-07,0.5000000088454543,0.5,0.025000000884773967,1.4818983871954134e-06,0.3749996515789407,True
38.0,17.046636865704976,4.975568671069529,18.892439577992132,-2.7193690500733545e-07,2.580845329669401e-07,0.500000008845492,0.5,0.025000000885114382,2.7081720439965517e-06,0.3749996514119929,True
38.050000000000004,17.064314520979725,4.993246355479575,18.917439578006547,-2.5133513717321624e-07,3.532766977842883e-07,0.5000000088455854,0.5,0.02500000088402893,-4.3687041017599695e-07,0.3749996437416914,True
38.1,17.081992180021135,5.01092403612296,18.942439578020966,-2.360602364685241e-07,3.913856233550561e-07,0.5000000088454979,0.5,0.025000000884449904,6.766853813684489e-07,0.374999647698243,True
38.15,17.099669844937367,5.028601710891525,18.967439578035382,-2.290935830070224e-07,3.690579609694211e-07,0.5000000088454813,0.5,0.02500000088473408,1.6527520771958001e-06,0.3749996612962111,True
38.2,17.117347503884304,5.046279391629382,18.992439578049797,-2.1368507622661406e-07,4.088964232762393e-07,0.5000000088455121,0.5,0.025000000885384937,2.6058363679278606e-06,0.3749996648726965,True
38.25,17.135025156260824,5.063957078937654,19.01743957806421,-1.8898459773002545e-07,5.061269942041591e-07,0.5000000088456499,0.5,0.025000000883903303,-5.799856369864522e-07,0.374999660695701,True
38.300000000000004,17.152702813342735,5.08163476154054,19.04243957807863,-1.709385422431959e-07,5.369337723326594e-07,0.5000000088455405,0.5,0.025000000884308638,6.726448152041749e-07,0.37499966959214537,True
38.35,17.170380476145525,5.09931243842255,19.067439578093044,-1.609830300035316e-07,5.102282352176246e-07,0.5000000088455,0.5,0.025000000884757536,1.3084120354731727e-06,0.3749996874792004,True
38.400000000000006,17.18805813362606,5.116990120626803,19.09243957810746,-1.4350072500651026e-07,5.397023984388128e-07,0.5000000088455343,0.5,0.02500000088531539,2.431648542393065e-06,0.3749996962076808,True
38.45,17.205735785281348,5.134667808656306,19.117439578121868,-1.1778026923009783e-07,6.215068011350411e-07,0.5000000088456602,0.5,0.025000000884093033,-3.377689073460594e-07,0.374999697632235,True
38.5,17.22341344015332,5.15234549346913,19.142439578136283,-9.660889006504071e-08,6.543374344580855e-07,0.500000008845582,0.5,0.02500000088432508,5.526917316470616e-07,0.3749997090529187,True
38.550000000000004,17.241091100477288,5.17002317282996,19.167439578150702,-8.314779596672811e-08,6.312692323318103e-07,0.5000000088455435,0.5,0.02500000088490279,1.2762809622324222e-06,0.37499972936526693,True
38.6,17.2587687562881,5.18770085670394,19.192439578165114,-6.330413785572961e-08,6.562189024394982e-07,0.5000000088456011,0.5,0.025000000885419604,1.8213966793822289e-06,0.374999741798875,True
38.650000000000006,17.276446407785663,5.205378544891171,19.21743957817953,-3.7360627208192794e-08,7.189124571205241e-07,0.5000000088457432,0.5,0.02500000088408983,-2.888433817856657e-07,0.3749997491224053,True
38.7,17.294124062699805,5.22305622966183,19.242439578193952,-1.6248881410790433e-08,7.350436705966246e-07,0.5000000088456632,0.5,0.025000000884272903,5.496012779547017e-07,0.3749997654431822,True
38.75,17.31180172145319,5.240733910593246,19.26743957820837,-5.666440830981012e-10,7.133390587110712e-07,0.5000000088456147,0.5,0.02500000088475786,8.231195141897461e-07,0.3749997875716873,True
38.800000000000004,17.329479377160645,5.258411594570586,19.292439578222787,1.9423182727397008e-08,7.247152662426259e-07,0.5000000088456471,0.5,0.02500000088527058,1.2347398226292697e-06,0.374999765336416,True
38.85,17.34715703059645,5.276089280819582,19.317439578237206,4.2625612771787036e-08,7.564742982024697e-07,0.5000000088457638,0.5,0.025000000884031353,-5.692333708657926e-07,0.3749997327015564,True
38.900000000000006,17.364834687509042,5.293766963591792,19.34243957825163,6.091112494360143e-08,7.46810927876318e-07,0.5000000088456737,0.5,0.025000000884206564,4.843872720328498e-07,0.37499971728606435,True
38.95,17.38251234712382,5.311444643661814,19.367439578266048,7.537516521481994e-08,7.148246210508802e-07,0.5000000088456141,0.5,0.02500000088494529,6.055598511879529e-07,0.3749997123219543,True
39.0,17.40019000365123,5.329122326819207,19.392439578280467,9.420540777639798e-08,7.177883314390954e-07,0.5000000088456775,0.5,0.025000000884936237,7.539793552090127e-07,0.37499969261149,True
39.050000000000004,17.417867659309138,5.346800010846099,19.41743957829489,1.1426530969743518e-07,7.287723876592267e-07,0.5000000088457385,0.5,0.02500000088410498,-5.826393652083565e-07,0.3749996692893244,True
39.1,17.435545318254547,5.3644776915854955,19.442439578309312,1.2967598320543645e-07,7.044075992501675e-07,0.500000008845661,0.5,0.025000000884424244,1.985234769699135e-07,0.37499966111499083,True
39.150000000000006,17.453222979504748,5.382155370020101,19.467439578323734,1.4182719250002107e-07,6.635180368474991e-07,0.5000000088456376,0.5,0.02500000088471127,5.9309672085065806e-08,0.3749996611079781,True
39.2,17.470900639445738,5.399833049763915,19.492439578338157,1.5582990506484422e-07,6.417264140079482e-07,0.500000008845662,0.5,0.025000000884918955,2.758570922565701e-07,0.3749996535773757,True
39.25,17.48857829956806,5.4175107293263975,19.51743957835258,1.695761731723166e-07,6.222354608231839e-07,0.5000000088457203,0.5,0.02500000088422354,-4.786946548173153e-07,0.37499964561991916,True
39.300000000000004,17.506255961585225,5.435188406994043,19.542439578367006,1.8064273370674118e-07,5.867389161196002e-07,0.5000000088456626,0.5,0.025000000884496894,-3.199238078591109e-08,0.3749996450958297,True
39.35,17.523933625270963,5.452866082993112,19.56743957838143,1.8934957402334563e-07,5.420838707914655e-07,0.5000000088456512,0.5,0.02500000088460182,-2.9412095908119623e-07,0.3749996496515347,True
39.400000000000006,17.541611289122912,5.470543758825974,19.592439578395854,1.978213595661825e-07,5.029198801853596e-07,0.5000000088456573,0.5,0.025000000884676698,-6.513163684671372e-07,0.3749996528114518,True
39.45,17.55928895554145,5.488221432092247,19.617439578410284,2.0266343990506828e-07,4.4533104370803045e-07,0.5000000088456756,0.5,0.025000000884256458,-4.355798251270026e-07,0.3749996650732525,True
39.5,17.576966623458244,5.505899103860265,19.64243957842471,2.053866653980727e-07,3.8353381570654927e-07,0.5000000088456242,0.5,0.02500000088441974,-3.4897293831696026e-07,0.3749996807038005,True
39.550000000000004,17.594644291537097,5.523576775466219,19.667439578439136,2.078807013546981e-07,3.3073128391514217e-07,0.5000000088456007,0.5,0.025000000884477763,-6.103627941179911e-07,0.3749996938921142,True
39.6,17.61232196105017,5.541254445637951,19.69243957845356,2.083464441423851e-07,2.7272897085151016e-07,0.500000008845587,0.5,0.025000000884616007,-7.297240458835805e-07,0.37499971065305615,True
39.650000000000006,17.62999963275843,5.558932113614498,19.71743957846798,2.0570772412828754e-07,2.0339933859414572e-07,0.5000000088455965,0.5,0.025000000884422974,-2.1862328228809232e-07,0.3749997338826749,True
39.7,17.647677304556744,5.57660978150099,19.742439578482404,2.0294164889057027e-07,1.4572392981193619e-07,0.5000000088455739,0.5,0.025000000884646875,2.1069490307907398e-07,0.37499975377834527,True
39.75,17.665354974508812,5.594287451233727,19.767439578496827,2.0278655953505816e-07,1.1602591976078713e-07,0.5000000088455887,0.5,0.025000000884498615,-4.348294978945751e-07,0.37499976275374314,True
39.800000000000004,17.683032645548874,5.611965119878471,19.79243957851125,2.0109281348403308e-07,7.989578976186352e-08,0.5000000088455787,0.5,0.025000000884543176,-7.252466813814495e-07,0.3749997751781374,True
39.85,17.70071032010379,5.629642785008358,19.817439578525672,1.9442831109002403e-07,1.592146225970481e-08,0.5000000088455763,0.5,0.025000000884451232,-1.7033016783124975e-07,0.3749998008430146,True
39.900000000000006,17.718387995059707,5.647320449737246,19.842439578540095,1.8719670951301086e-07,-4.018402843808388e-08,0.5000000088455587,0.5,0.02500000088466789,1.8985056330562153e-07,0.37499980086863416,True
39.95,17.736065668208695,5.664998116273061,19.867439578554517,1.8252049056387113e-07,-6.906543925655484e-08,0.5000000088455773,0.5,0.0250000008844719,-6.012940789686183e-07,0.3749997969670743,True
40.0,17.75374334307735,5.68267578108921,19.892439578568936,1.754122951139256e-07,-1.1076799666387416e-07,0.5000000088455631,0.5,0.02500000088450595,-7.042135879384357e-07,0.3749997916896106,True
40.050000000000004,17.77142102146127,5.700353442390092,19.917439578583355,1.633327661550084e-07,-1.7906890092955763e-07,0.5000000088455547,0.5,0.025000000884478304,-3.1024234025434575e-08,0.3749997834837723,True
40.1,17.789098699387132,5.718031104149028,19.942439578597778,1.5190102091839907e-07,-2.304043166256875e-07,0.500000008845542,0.5,0.025000000884525392,-7.358293681566136e-07,0.37499977966890036,True
40.150000000000006,17.806776378195806,5.7357087650251515,19.967439578612193,1.3922079154178793e-07,-2.826802996125366e-07,0.5000000088455372,0.5,0.02500000088443544,4.971320748322691e-07,0.37499977682316443,True
40.2,17.82445405649298,5.753386426412775,19.99243957862661,1.2726393579077863e-07,-3.1924366883373523e-07,0.5000000088455177,0.5,0.02500000088459559,-2.0432461001348118e-07,0.37499977792070094,True
40.25,17.842131733651307,5.7710640889392435,20.017439578641028,1.1691764696988997e-07,-3.3999480819613126e-07,0.5000000088455249,0.5,0.025000000884657213,-7.472958375559465e-07,0.3749997821039023,True
40.300000000000004,17.859809414973117,5.78874174730223,20.042439578655443,1.0068330794495458e-07,-3.977675920863178e-07,0.5000000088455422,0.5,0.025000000884597955,-5.2626143157526145e-08,0.3749997811797271,True
40.35,17.87748709696357,5.806419404996572,20.06743957866986,8.35033650358523e-08,-4.510273570179635e-07,0.5000000088455494,0.5,0.025000000884520646,1.529656113049499e-07,0.3749997825415226,True
40.400000000000006,17.895164777116086,5.824097064528852,20.092439578684274,6.892265429680944e-08,-4.77504406015683e-07,0.5000000088455437,0.5,0.025000000884347135,1.9472994755931914e-06,0.3749997892585514,True
40.45,17.912842451796628,5.841774729533111,20.117439578698693,6.208048903269347e-08,-4.4448380598360876e-07,0.5000000088455094,0.5,0.02500000088446093,-4.599785540694815e-08,0.37499980590783294,True
40.5,17.93052012616625,5.859452394848288,20.142439578713116,5.56780294177059e-08,-4.173823553443867e-07,0.5000000088454946,0.5,0.025000000884610105,3.599085896941216e-07,0.3749998203594219,True
40.550000000000004,17.948197805092356,5.877130055606979,20.16743957872753,4.283172822155493e-08,-4.3750567391143136e-07,0.5000000088455046,0.5,0.025000000884602754,9.652193406165951e-09,0.3749998272290986,True
40.6,17.965875484138753,5.894807716245377,20.192439578741947,2.981530625143156e-08,-4.55973407365029e-07,0.5000000088455132,0.5,0.025000000884535988,8.533067898589068e-07,0.3749998347606048,True
40.650000000000006,17.983553162116454,5.912485377952471,20.217439578756363,1.8310250885778355e-08,-4.597625784530379e-07,0.5000000088455107,0.5,0.025000000884709016,-3.165458026303215e-07,0.3749998451402765,True
40.7,18.001230840976213,5.930163038777507,20.242439578770778,5.5577752747733525e-09,-4.732561174058958e-07,0.5000000088455367,0.5,0.025000000884698476,5.918829012213234e-07,0.3749998538851719,True
40.75,18.018908521051337,5.9478406983871785,20.267439578785194,-8.913486203085623e-09,-4.945269990175305e-07,0.5000000088455607,0.5,0.025000000884511604,8.880175502761374e-07,0.3749998442120104,True
40.800000000000004,18.036586197787233,5.9655183613360805,20.292439578799613,-1.866236300792585e-08,-4.799622039808327e-07,0.5000000088455534,0.5,0.025000000884654833,1.4834645771917498e-06,0.3749998387888768,True
40.85,18.054263871581703,5.983196027226412,20.31743957881403,-2.4251433712544383e-08,-4.38872915675681e-07,0.5000000088455698,0.5,0.025000000884460187,7.914974192702969e-07,0.3749998454033224,True
40.900000000000006,18.071941544830366,6.000873693662553,20.342439578828454,-2.9068613678513803e-08,-4.0065509465669896e-07,0.5000000088455538,0.5,0.025000000884491908,1.5783281267866257e-06,0.3749998519368333,True
40.95,18.089619217244685,6.018551360933038,20.367439578842877,-3.2705852204783815e-08,-3.5961508959569954e-07,0.5000000088455433,0.5,0.025000000884507764,6.166203405325274e-07,0.3749998604884743,True
41.0,18.107296889311833,6.036229028550693,20.392439578857296,-3.5852119679038564e-08,-3.2377766545632625e-07,0.5000000088455356,0.5,0.025000000884515747,2.8502906102166524e-07,0.3749998679859202,True
41.050000000000004,18.124974564732,6.053906692815324,20.417439578871715,-4.374027488679676e-08,-3.264157992788342e-07,0.5000000088455294,0.5,0.025000000884541334,9.413983048796777e-07,0.3749998593142394,True
41.1,18.142652239298155,6.071584357933968,20.44243957888613,-5.042067289685754e-08,-3.193918111099591e-07,0.5000000088455275,0.5,0.025000000884628632,1.5814359637031872e-06,0.37499985471996555,True
41.150000000000006,18.16032990979795,6.089262027118975,20.467439578900553,-5.1350369250972205e-08,-2.737998070490022e-07,0.5000000088455401,0.5,0.025000000884625808,4.2417805233131996e-07,0.37499986733109275,True
41.2,18.178007580906474,6.106939695695254,20.492439578914976,-5.314093662355453e-08,-2.435950697821098e-07,0.500000008845552,0.5,0.025000000884505994,2.598677303641289e-07,0.3749998745113313,True
41.25,18.195685255585325,6.124617360701203,20.517439578929395,-5.998071095087436e-08,-2.5270689629763865e-07,0.5000000088455439,0.5,0.025000000884495083,4.265814199592452e-07,0.3749998649653449,True
41.300000000000004,18.213362930446962,6.1422950255243665,20.542439578943814,-6.707898467255497e-08,-2.617472227850471e-07,0.5000000088455341,0.5,0.02500000088450387,1.1573512318237022e-06,0.37499985518209444,True
41.35,18.23104060278972,6.159972692866409,20.567439578958233,-7.061502320341902e-08,-2.4408747700821465e-07,0.5000000088455259,0.5,0.025000000884550424,6.559899455941892e-07,0.3749998568909998,True
41.400000000000006,18.248718274014948,6.17765036132598,20.59243957897265,-7.257063995133211e-08,-2.1960284346533854e-07,0.5000000088455255,0.5,0.02500000088464502,5.603978763971005e-07,0.37499986220731857,True
41.45,18.266395946657507,6.1953280283682215,20.61743957898707,-7.653065996936929e-08,-2.1287753104726193e-07,0.5000000088455409,0.5,0.02500000088454829,2.8438183051159014e-07,0.3749998602447161,True
41.5,18.28407362029496,6.213005694415568,20.64243957900149,-8.189767752185201e-08,-2.1720753440312987e-07,0.5000000088455399,0.5,0.02500000088449914,1.3176589355936472e-06,0.3749998535916877,True
41.550000000000004,18.301751291821834,6.230683362573497,20.667439579015912,-8.427988022630875e-08,-1.990090734427241e-07,0.5000000088455308,0.5,0.025000000884577857,1.0470078546932054e-06,0.3749998566144274,True
41.6,18.31942896059451,6.248361033485622,20.69243957903033,-8.276706287510906e-08,-1.5812254094971223e-07,0.5000000088455349,0.5,0.025000000884580945,2.0745551392524044e-06,0.37499987027054404,True
41.650000000000006,18.33710662645742,6.266038707307517,20.717439579044754,-7.71392090400545e-08,-9.471839867991604e-08,0.5000000088455394,0.5,0.025000000884162554,-8.298818817722571e-07,0.37499989472942713,True
41.7,18.35478429656013,6.283716376889605,20.742439579059173,-7.750734424128539e-08,-8.715159649508308e-08,0.5000000088454747,0.5,0.025000000884677742,2.7723034403651265e-08,0.3749998966086321,True
41.75,18.372461973080696,6.301394040053834,20.76743957907359,-8.695170224180092e-08,-1.404779080838026e-07,0.5000000088454962,0.5,0.025000000884621003,3.991823384686952e-07,0.3749998713263603,True
41.800000000000004,18.39013964676528,6.319071706054047,20.792439579088004,-9.238537273130272e-08,-1.5723964397196255e-07,0.500000008845508,0.5,0.025000000884589545,6.521758095339238e-07,0.37499986091445453,True
41.85,18.40781731883761,6.336749373666521,20.817439579102427,-9.553896625696965e-08,-1.5542395293000055e-07,0.5000000088455144,0.5,0.025000000884787467,1.7891758200567812e-06,0.3749998583001213,True
41.900000000000006,18.42549498673008,6.35442704545885,20.842439579116842,-9.278134820267618e-08,-1.1225605178744047e-07,0.5000000088455534,0.5,0.025000000884492262,6.0955804174843e-07,0.3749998738786052,True
41.95,18.443172653785936,6.372104718087796,20.867439579131265,-8.884058006773485e-08,-7.035602622718073e-08,0.500000008845543,0.5,0.025000000884559486,1.8486455397538237e-07,0.37499989026368047,True
42.0,18.460850325043985,6.389782386514549,20.892439579145687,-9.084261000480063e-08,-7.618415009957856e-08,0.5000000088455439,0.5,0.025000000884467875,8.499577254588175e-07,0.3749998865306978,True
42.050000000000004,18.478527995769827,6.407460055473509,20.917439579160106,-9.209198283583617e-08,-7.486039999005101e-08,0.5000000088455295,0.5,0.025000000884492703,1.9116513727110385e-07,0.37499988567447873,True
42.1,18.496205666337072,6.425137724591062,20.942439579174525,-9.311707109933373e-08,-7.334920792967381e-08,0.5000000088455195,0.5,0.025000000884536723,6.960392730298455e-07,0.37499988509821447,True
42.150000000000006,18.513883337447478,6.442815393165458,20.967439579188945,-9.491029946461496e-08,-7.641707922001471e-08,0.500000008845517,0.5,0.02500000088494461,1.8840188518016976e-06,0.3749998823938284,True
42.2,18.53156100352613,6.46049306677161,20.992439579203364,-8.958755353257569e-08,-2.9122669387149358e-08,0.5000000088455819,0.5,0.025000000884580268,1.1929884325394164e-06,0.3749999017630137,True
42.25,18.549238667093423,6.478170742889121,21.017439579217786,-8.071320947210899e-08,3.2955943640722296e-08,0.5000000088455856,0.5,0.025000000884377836,-2.862806925389632e-07,0.37499990949887535,True
42.300000000000004,18.566916336091403,6.495848413575946,21.04243957923221,-7.95190153798088e-08,3.046829499808723e-08,0.5000000088455557,0.5,0.025000000884460364,-1.1743968822913546e-06,0.37499991143190103,True
42.35,18.584594012381448,6.513526076970702,21.06743957924663,-8.863736252238815e-08,-4.2448903281311345e-08,0.50000000884554,0.5,0.02500000088452998,-2.458169576488838e-07,0.37499989875531337,True
42.400000000000006,18.602271689996734,6.531203739040215,21.092439579261047,-9.962988255816153e-08,-1.1416230827343554e-07,0.500000008845536,0.5,0.02500000088446672,1.2554839822524578e-06,0.3749998664639127,True
42.45,18.6199493615437,6.548881407178049,21.11743957927547,-1.0204050393612038e-07,-1.1358692530993864e-07,0.5000000088455216,0.5,0.025000000885013737,2.087520899564431e-06,0.3749998642241801,True
42.5,18.637627025929056,6.5665590824774975,21.142439579289892,-9.4323074967391e-08,-4.359490213268202e-08,0.5000000088455979,0.5,0.02500000088461935,1.3910280870077491e-06,0.3749998927292392,True
42.550000000000004,18.655304688531118,6.584236759560242,21.167439579304315,-8.40836856149378e-08,3.0429548769639325e-08,0.5000000088456078,0.5,0.02500000088461749,-4.3546835319045486e-07,0.3749999068787384,True
42.6,18.672982357394826,6.60191443038134,21.192439579318737,-8.26996020285365e-08,2.9395243572594154e-08,0.5000000088456171,0.5,0.02500000088432928,1.2915022175987357e-07,0.37499990857001064,True
42.650000000000006,18.690660030322206,6.619592097138767,21.217439579333163,-8.706241859022031e-08,-9.179840998463362e-09,0.5000000088455787,0.5,0.02500000088446728,1.961768868933358e-06,0.37499991021116863,True
42.7,18.708337696755628,6.637269770390151,21.242439579347586,-8.224139067905753e-08,2.3562716333636047e-08,0.5000000088455637,0.5,0.02500000088438022,8.015513898214179e-07,0.37499991076048256,True
42.75,18.726015360303972,6.654947446526608,21.267439579362005,-7.334025142069095e-08,7.630916198930747e-08,0.5000000088455346,0.5,0.025000000884560267,-2.2926105070877793e-07,0.37499990399592786,True
42.800000000000004,18.743693029591423,6.6726251169239585,21.292439579376428,-7.255543444355029e-08,6.387261874962746e-08,0.5000000088455357,0.5,0.025000000884552828,-1.351345284454096e-07,0.374999908474398,True
42.85,18.761370702044623,6.690302784155561,21.317439579390847,-7.624766011987131e-08,2.3569734164397005e-08,0.5000000088455356,0.5,0.025000000884713665,2.2347268804873333e-06,0.37499991675212885,True
42.900000000000006,18.77904836791983,6.707980457965154,21.342439579405266,-7.063720290925904e-08,5.6570320428050984e-08,0.5000000088455621,0.5,0.025000000885016773,-1.6522248594387392e-09,0.3749999125614121,True
42.95,18.79672603240217,6.72565813316762,21.36743957941969,-6.305692968127651e-08,9.35419960379491e-08,0.5000000088456382,0.5,0.025000000884952443,1.8921661065407983e-06,0.37499990916109804,True
43.0,18.81440369763426,6.743335807620342,21.392439579434118,-5.6536954963530633e-08,1.2032251217597434e-07,0.5000000088457025,0.5,0.025000000884879362,1.1615957185436456e-06,0.37499990772725983,True
43.050000000000004,18.83208135862691,6.761013486312505,21.417439579448544,-4.402151122412175e-08,1.8170957438723434e-07,0.5000000088457536,0.5,0.025000000884059875,-9.882703483041225e-07,0.3749999020107473,True
43.1,18.8497590271658,6.778691157458426,21.44243957946297,-4.217806191886144e-08,1.5740385095330822e-07,0.5000000088456684,0.5,0.025000000884366144,2.8194490317319362e-08,0.3749999110729959,True
43.150000000000006,18.867436699857155,6.796368824451879,21.467439579477396,-4.620708812849482e-08,9.937951916949572e-08,0.5000000088456352,0.5,0.025000000885939767,1.9771296017845124e-06,0.37499992427719525,True
43.2,18.885114364641886,6.814046499351962,21.492439579491826,-3.90544547031141e-08,1.2957563122473204e-07,0.5000000088458627,0.5,0.025000000883757003,-8.539375346287681e-07,0.37499992246158387,True
43.25,18.902792031155315,6.8317241725233515,21.51743957950626,-3.434656451433916e-08,1.3352837635594028e-07,0.5000000088457256,0.5,0.02500000088409418,1.3704400082892744e-06,0.3749999259955088,True
43.300000000000004,18.920469699886173,6.849401843477306,21.542439579520686,-3.277459738396192e-08,1.1943214806020563e-07,0.5000000088456465,0.5,0.025000000884184116,-3.0479435816294897e-07,0.37499993175405555,True
43.35,18.938147366855148,6.867079516193138,21.56743957953511,-2.8710955697314944e-08,1.2167289131781447e-07,0.5000000088455836,0.5,0.025000000884406924,5.4151761602346094e-08,0.3749999351521965,True
43.400000000000006,18.955825037964004,6.884757184769086,21.592439579549534,-3.0501992841560825e-08,8.475415014252973e-08,0.5000000088455586,0.5,0.02500000088446612,9.926343085755484e-08,0.374999944326025,True
43.45,18.973502708469752,6.90243485394814,21.617439579563953,-3.144010677536506e-08,5.9856100298461e-08,0.5000000088455437,0.5,0.025000000889327023,-1.846397640518863e-06,0.3749999507826316,True
43.5,18.991180385018367,6.920112517084355,21.642439579578394,-4.092410709831441e-08,-2.158316303457752e-08,0.5000000088463326,0.5,0.025000000885295054,-1.9188148426560245e-06,0.3749999526656935,True
