time_s,x_m,y_m,progress_m,lateral_error_m,heading_error_rad,speed_mps,target_speed_mps,drive,steer,clearance_m,reference_valid
0.0,0.0,-0.2,0.0,-0.2,-0.15,0.0,0.5,0.3499999999958937,0.07036090721724289,0.13202048991333573,True
0.05,0.0014449519126573686,-0.20019652136759875,0.0014449519126573686,-0.20019652136759875,-0.14983713984375835,0.058314435900791724,0.5,0.35,0.27036195938958624,0.1318687549129703,True
0.1,0.005793597069434821,-0.20067494156238908,0.005793597069434821,-0.20067494156238908,-0.14852229535156256,0.11651566605804266,0.5,0.35,0.3503609029543383,0.1317520785766861,True
0.15000000000000002,0.013067252021990152,-0.2012272402459321,0.013067252021990152,-0.2012272402459321,-0.14460633085392183,0.17449136208681493,0.5,0.34999996268086064,0.4703604910811098,0.13227886529606978,True
0.2,0.023281463432176446,-0.20161066144131343,0.023281463432176446,-0.20161066144131343,-0.13662120283973328,0.23213092971812732,0.5,0.34999992387574846,0.5503602361310388,0.1341037238057388,True
0.25,0.03644222115341521,-0.20152064548976897,0.03644222115341521,-0.20152064548976897,-0.12301006221488935,0.28932635554944336,0.5,0.34999998363067275,0.6703606551507336,0.13798195718102318,True
0.30000000000000004,0.05253592053440692,-0.2005657890891561,0.05253592053440692,-0.2005657890891561,-0.10208402825175085,0.3459730105576523,0.5,0.35,0.7503619152709683,0.14481864318542936,True
0.35000000000000003,0.07151060404264523,-0.19823968896539643,0.07151060404264523,-0.19823968896539643,-0.07196678090406788,0.40197034897007977,0.5,0.35,0.8703609077995123,0.1557281839550965,True
0.4,0.09324341406478405,-0.19388941012824917,0.09324341406478405,-0.19388941012824917,-0.0305203192772298,0.4572226114283046,0.5,0.23824476661352526,0.8852220000760787,0.1721056758336859,True
0.45,0.1170266946199826,-0.1868354317193139,0.1170266946199826,-0.1868354317193139,0.023674545233354646,0.49316404814687326,0.5,0.1465229466035051,0.7735819997823229,0.18116891377329192,True
0.5,0.14175510055268767,-0.17792624459463574,0.14175510055268767,-0.17792624459463574,0.08112722900775449,0.5133622687173266,0.5,0.08607205517332554,0.6784183064889264,0.1734165163195195,True
0.55,0.16681406535429338,-0.1685469759591715,0.16681406535429338,-0.1685469759591715,0.13150573875980612,0.5232300487295375,0.5,0.05185705461180699,0.5851697017745188,0.16858759982101074,True
0.6000000000000001,0.19189796201834555,-0.15890378764554713,0.19189796201834555,-0.15890378764554713,0.17461224414734963,0.5272745983954252,0.5,0.03302094345587952,0.48940132672633974,0.1664002568764818,True
0.65,0.21688388447378718,-0.14918579322998335,0.21688388447378718,-0.14918579322998335,0.2105279546139553,0.5281368435727903,0.5,0.02273196278270348,0.39215621911297954,0.16650817730694822,True
0.7000000000000001,0.2417505692978577,-0.1395724064393538,0.2417505692978577,-0.1395724064393538,0.23938593585606704,0.5272842182715215,0.5,0.017578344842050633,0.29256711925265844,0.16857160701994556,True
0.75,0.266528160988775,-0.1302237940009334,0.266528160988775,-0.1302237940009334,0.2613796727489289,0.5255950040594496,0.5,0.01573829734014458,0.20497271312300322,0.17227306778002935,True
0.8,0.2912573889290719,-0.12123166230900187,0.2912573889290719,-0.12123166230900187,0.27711895125137626,0.523631117249258,0.5,0.015375474280453308,0.1301886148917492,0.177282441958145,True
0.8500000000000001,0.3159655263851929,-0.11261131241293126,0.3159655263851929,-0.11261131241293126,0.2876065529824723,0.5216412646553674,0.5,0.015670551594118027,0.06696445705112436,0.18327659789608858,True
0.9,0.34067359959,-0.10436762770054386,0.34067359959,-0.10436762770054386,0.29372924393132527,0.519734468498618,0.5,0.01618035291615034,0.013852381190997924,0.18999746384767713,True
0.9500000000000001,0.36539708745574373,-0.09650368625786467,0.36539708745574373,-0.09650368625786467,0.29622631424103263,0.517944659263535,0.5,0.016750731504765092,-0.03084054170063867,0.19724255069476432,True
1.0,0.3901467726537169,-0.08902282320310986,0.3901467726537169,-0.08902282320310986,0.2957043516263469,0.5162797348157949,0.5,0.017332074552555587,-0.06825958099016326,0.2048526667392349,True
1.05,0.4149297466547267,-0.08192844276369823,0.4149297466547267,-0.08192844276369823,0.29266356174857905,0.5147392809721993,0.5,0.017892588577652954,-0.09929399123703171,0.2127011498136699,True
1.1,0.4397497301676384,-0.07522186343370535,0.4397497301676384,-0.07522186343370535,0.28753184727421366,0.5133176565970875,0.5,0.018419934167404003,-0.12469241083238569,0.22068467483869633,True
1.1500000000000001,0.4646076500647647,-0.06890165916086424,0.4646076500647647,-0.06890165916086424,0.28068201828895684,0.5120072948949148,0.5,0.01891242168412167,-0.1451088656697688,0.22871771957608267,True
1.2000000000000002,0.489502293976149,-0.06296358025344542,0.489502293976149,-0.06296358025344542,0.2724416711513959,0.5108004933287836,0.5,0.0193729649838702,-0.16112821738683292,0.23672892183429817,True
1.25,0.5144309354489486,-0.0574007267524568,0.5144309354489486,-0.0574007267524568,0.26309951281810773,0.5096901742030262,0.5,0.019805754606395817,-0.17328066525992505,0.2446585379842438,True
1.3,0.5393898849200224,-0.05220385773916704,0.5393898849200224,-0.05220385773916704,0.2529096951776705,0.5086700829584732,0.5,0.020214654576306328,-0.18204992199412032,0.2524566079888523,True
1.35,0.5643749456163464,-0.047361766119651046,0.5643749456163464,-0.047361766119651046,0.24209505611362864,0.5077347185391394,0.5,0.02060257674035902,-0.1878777893977926,0.26008158156966077,True
1.4000000000000001,0.5893817693018781,-0.04286167184688811,0.5893817693018781,-0.04286167184688811,0.23084979424419555,0.5068791618411215,0.5,0.020971375026971353,-0.1911668562807804,0.2674992468753757,True
1.4500000000000002,0.6144061171742026,-0.03868960242612994,0.6144061171742026,-0.03868960242612994,0.21934187302928604,0.5060988898126803,0.5,0.021321991588588277,-0.19228237609947021,0.27468185848102056,True
1.5,0.6394440374267307,-0.034830741572443015,0.6394440374267307,-0.034830741572443015,0.20771530222419307,0.505389617012478,0.5,0.021654699873290346,-0.1915539263869604,0.28160739848485394,True
1.55,0.6644919739338729,-0.03126973596109538,0.6644919739338729,-0.03126973596109538,0.1960923541751097,0.5047471801386642,0.5,0.021969359029166077,-0.18927714855457384,0.2882589292275875,True
1.6,0.6895468210595712,-0.027990956543017878,0.6895468210595712,-0.027990956543017878,0.18457572169345654,0.5041674666511962,0.5,0.022265636255579122,-0.1857156749076209,0.29462401252025344,True
1.6500000000000001,0.7146059385568361,-0.024978715262421722,0.7146059385568361,-0.024978715262421722,0.17325060014062527,0.5036463814333434,0.5,0.022543179185932002,-0.1811032414005832,0.30069418075319576,True
1.7000000000000002,0.7396671386183018,-0.02221744063690686,0.7396671386183018,-0.02221744063690686,0.16218666892339703,0.5031798425873019,0.5,0.022801735631118952,-0.1756459323746999,0.30646445167842273,True
1.75,0.7647286548914212,-0.019691816987742177,0.7647286548914212,-0.019691816987742177,0.15143994948729525,0.502763797171238,0.5,0.02304122603130246,-0.16952448655795155,0.311932882350819,True
1.8,0.7897891010481435,-0.017386892542685335,0.7897891010481435,-0.017386892542685335,0.1410545230927932,0.5023942487246742,0.5,0.02326177754788638,-0.16289659381027521,0.3171001596561194,True
1.85,0.8148474245052875,-0.015288161496300814,0.8148474245052875,-0.015288161496300814,0.1310640991153337,0.5020672900419246,0.5,0.023463729518349328,-0.15589912623309865,0.32196922572416087,True
1.9000000000000001,0.8399028592245764,-0.013381624657689842,0.8399028592245764,-0.013381624657689842,0.12149343153050998,0.501779136368865,0.5,0.023647619236699714,-0.14865026029448059,0.3265449368011963,True
1.9500000000000002,0.8649548801990511,-0.011653832718399771,0.8649548801990511,-0.011653832718399771,0.1123595868266843,0.501526155759311,0.5,0.023814155661207818,-0.1412514618474804,0.3308337541354305,True
2.0,0.8900031612287594,-0.010091915538048958,0.8900031612287594,-0.010091915538048958,0.10367307066034055,0.5013048946372911,0.5,0.023964187099214045,-0.13378932001978308,0.3348434652908696,True
2.0500000000000003,0.9150475368590673,-0.008683600252260162,0.9150475368590673,-0.008683600252260162,0.09543882312559576,0.5011120976434048,0.5,0.024098666723630213,-0.12633722330062816,0.33858293416215396,True
2.1,0.9400879688428135,-0.007417220479294084,0.9400879688428135,-0.007417220479294084,0.08765709388825604,0.5009447214956597,0.5,0.024218619209101715,-0.11895687981083264,0.3420618778506267,True
2.15,0.9651245171434195,-0.006281718448569316,0.9651245171434195,-0.006281718448569316,0.08032420892415408,0.5007999431431435,0.5,0.024325110221872056,-0.1116996882914973,0.34529066849773615,True
2.2,0.9901573152788569,-0.005266641505251806,0.9901573152788569,-0.005266641505251806,0.07343324040426463,0.5006751627731494,0.5,0.024419219753930035,-0.10460796910170984,0.348280158165199,True
2.25,1.0151865496783525,-0.004362134146601681,1.0151865496783525,-0.004362134146601681,0.06697459066507974,0.5005680023872293,0.5,0.02450201969391555,-0.09771606642730925,0.351041524885845,True
2.3000000000000003,1.040212442658084,-0.003558926510082443,1.040212442658084,-0.003558926510082443,0.06093650034976305,0.5004763007151866,0.5,0.024574555696639168,-0.09105133316063287,0.35358613807692957,True
2.35,1.0652352385986643,-0.0028483200496043034,1.0652352385986643,-0.0028483200496043034,0.05530548983611176,0.5003981052340719,0.5,0.024637833074018057,-0.08463501001901672,0.35592544159765477,True
2.4000000000000004,1.0902551929109623,-0.0022221709940282606,1.0902551929109623,-0.0022221709940282606,0.05006674207485918,0.5003316620013,0.5,0.02469280633767978,-0.07848300971121809,0.35807085283512596,True
2.45,1.1152725633971925,-0.001672872072821394,1.1152725633971925,-0.001672872072821394,0.04520443400195232,0.5002754039386949,0.5,0.024740371931245328,-0.07260661624769005,0.36003367631115313,True
2.5,1.1402876036440863,-0.001193332909354688,1.1402876036440863,-0.001193332909354688,0.04070202280022078,0.5002279381178744,0.5,0.024781363673357756,-0.06701310850186792,0.3618250304104515,True
2.5500000000000003,1.1653005581194609,-0.0007769594172212463,1.1653005581194609,-0.0007769594172212463,0.03654249248325905,0.5001880325095598,0.5,0.024816550456642283,-0.061706316186586126,0.3634557859360122,True
2.6,1.1903116586794686,-0.0004176324838903584,1.1903116586794686,-0.0004176324838903584,0.03270856556625197,0.5001546025769548,0.5,0.024846635763263073,-0.05668711547821354,0.3649365152972127,True
2.6500000000000004,1.2153211222292466,-0.00010968618543886826,1.2153211222292466,-0.00010968618543886826,0.029182883972001826,0.5001266980147618,0.5,0.024872258620767015,-0.051953870679545086,0.3662774512297897,True
2.7,1.2403291493133772,0.0001521142568258052,1.2403291493133772,0.0001521142568258052,0.025948162789502054,0.5001034898684897,0.5,0.02489399565848625,-0.04750282750590155,0.3671842255201193,True
2.75,1.2653359234438812,0.00037259459452944875,1.2653359234438812,0.00037259459452944875,0.022987320049343375,0.5000842582088949,0.5,0.024912363973894694,-0.04332846293271582,0.36783379720680875,True
2.8000000000000003,1.2903416110020154,0.0005561935853927125,1.2903416110020154,0.0005561935853927125,0.020283585294920435,0.5000683804856559,0.5,0.024927824569605607,-0.0394237959419885,0.36844570776638874,True
2.85,1.315346361575865,0.0007069848021344312,1.315346361575865,0.0007069848021344312,0.017820589400475418,0.5000553206429167,0.5,0.024940786155134727,-0.03578066299022935,0.3690204280917092,True
2.9000000000000004,1.3403503086186135,0.000828698096304169,1.3403503086186135,0.000828698096304169,0.015582437808640411,0.5000446190440498,0.5,0.024951609153523,-0.03238996160237202,0.3695586806268169,True
2.95,1.3653535703325534,0.0009247406129924078,1.3653535703325534,0.0009247406129924078,0.01355376912239018,0.5000358832258678,0.5,0.024960609777041988,-0.029241865124263838,0.3700613945714284,True
3.0,1.3903562507015264,0.0009982172677403785,1.3903562507015264,0.0009982172677403785,0.011719800781927766,0.5000287794797992,0.5,0.024968064072915692,-0.02632601135937794,0.37052966609240634,True
3.0500000000000003,1.415358440609743,0.00105195061118948,1.415358440609743,0.00105195061118948,0.010066363380161723,0.500023025241265,0.5,0.02497421185758501,-0.023631667548533672,0.37096472313269924,True
3.1,1.4403602189980214,0.0010885000201686346,1.4403602189980214,0.0010885000201686346,0.008579925015896958,0.5000183822553711,0.5,0.024979260482788018,-0.02114787392928486,0.3713678944311515,True
3.1500000000000004,1.4653616540196008,0.0011101801660740992,1.4653616540196008,0.0011101801660740992,0.00724760694746952,0.5000146504782148,0.5,0.02498338839169836,-0.01886356791349451,0.37174058238870566,True
3.2,1.4903628041670494,0.0011190787225769739,1.4903628041670494,0.0011190787225769739,0.00605719168796624,0.5000116626668922,0.5,0.024986748438088395,-0.01676769075265959,0.37208423943793273,True
3.25,1.5153637193495584,0.0011170732849242792,1.5153637193495584,0.0011170732849242792,0.004997124573813369,0.5000092796076178,0.5,0.024989470952941593,-0.014849278407833524,0.3724003475936042,True
3.3000000000000003,1.5403644419063165,0.0011058474823862992,1.5403644419063165,0.0011058474823862992,0.004056509739311052,0.5000073859296397,0.5,0.024991666551963283,-0.01309753820715036,0.3726904008822523,True
3.35,1.5653650075468364,0.0010869062737611228,1.5653650075468364,0.0010869062737611228,0.0032251013390664995,0.5000058864524244,0.5,0.02499342868473517,-0.011501912749466171,0.3729558903683735,True
3.4000000000000004,1.590365446213242,0.0010615904232953153,1.590365446213242,0.0010615904232953153,0.0024932907770424686,0.5000047030145817,0.5,0.02499483593174256,-0.010052132400349901,0.37319829151413,True
3.45,1.615365782862761,0.0010310901609493005,1.615365782862761,0.0010310901609493005,0.0018520906242225693,0.5000037717348843,0.5,0.024995954059440082,-0.008738257619958811,0.37341905362805444,True
3.5,1.6403660381711418,0.0009964580366643458,1.6403660381711418,0.0009964580366643458,0.001293115836043413,0.5000030406582445,0.5,0.024996837846880532,-0.007550712266288098,0.3736195911763345,True
3.5500000000000003,1.6653662291595495,0.0009586209832139583,1.6653662291595495,0.0009586209832139583,0.0008085628152174048,0.5000024677425204,0.5,0.024997532698851258,-0.0064803089238351635,0.3738012767476949,True
3.6,1.6903663697488074,0.0009183916063913961,1.6903663697488074,0.0009183916063913961,0.0003911868049701593,0.5000020191452315,0.5,0.024998076061946223,-0.005518267220990726,0.3739654354796903,True
3.6500000000000004,1.7153664712457273,0.0008764787247578915,1.7153664712457273,0.0008764787247578915,3.4278041795863204e-05,0.5000016677726505,0.5,0.024998498660429844,-0.004656226018106504,0.37411334077026726,True
3.7,1.7403665427668036,0.0008334971840011372,1.7403665427668036,0.0008334971840011372,-0.00026836295471581255,0.5000013920571506,0.5,0.024998825568710307,-0.0038862502705974086,0.3740868035205721,True
3.75,1.765366591604806,0.0007899769731883051,1.765366591604806,0.0007899769731883051,-0.0005224506248149419,0.5000011749320245,0.5,0.024999077136874732,-0.0032008332986299486,0.3740548722579662,True
3.8000000000000003,1.7903666235438516,0.0007463716719012448,1.7903666235438516,0.0007463716719012448,-0.0007332398575335575,0.5000010029762288,0.5,0.02499926978510229,-0.0025928951267316673,0.3740358897124667,True
3.85,1.815366643128427,0.0007030662584669508,1.815366643128427,0.0007030662584669508,-0.0009055514785254947,0.500000865704569,0.5,0.024999416681830658,-0.0020557774923571745,0.3740280362406324,True
3.9000000000000004,1.8403666538916044,0.0006603843102977158,1.8403666538916044,0.0006603843102977158,-0.0010437975257631235,0.5000007549817073,0.5,0.024999528319631592,-0.0015832360623524804,0.3740296759754171,True
3.95,1.8653666585473865,0.0006185946277850821,1.8653666585473865,0.0006185946277850821,-0.001152006134723687,0.5000006645410414,0.5,0.024999613001548664,-0.0011694303404454732,0.3740393425707542,True
4.0,1.89036665915176,0.0005779173132971103,1.89036665915176,0.0005779173132971103,-0.0012338458841754812,0.50000058959192,0.5,0.024999677249651103,-0.0008089116968073967,0.37405572570054946,True
4.05,1.9153666572366495,0.0005385293366547374,1.9153666572366495,0.0005385293366547374,-0.0012926494801474093,0.5000005265008771,0.5,0.024999726146326107,-0.0004966099026754062,0.37407765830856154,True
4.1000000000000005,1.9403666539205655,0.0005005696180520505,1.9403666539205655,0.0005005696180520505,-0.0013314366793254588,0.500000472534548,0.5,0.024999763617798283,-0.000227818508632287,0.37410410460023213,True
4.15,1.965366649999352,0.0004641436587748744,1.965366649999352,0.0004641436587748744,-0.0013529363741614697,0.5000004256536943,0.5,0.024999792668313578,1.8206355476597265e-06,0.3741341487629687,True
4.2,1.9903666460200504,0.0004293277492965845,1.9903666460200504,0.0004293277492965845,-0.0013596077805943891,0.5000003843493414,0.5,0.024999815572404504,0.00019633345902015013,0.3741669843975888,True
4.25,2.01536664234054,0.0003961727834209262,2.01536664234054,0.0003961727834209262,-0.001353660685655924,0.500000347513403,0.5,0.024999827755184525,0.0003624566262408159,0.37420190464053205,True
4.3,2.0403666391681696,0.00036472034154125856,2.0403666391681696,0.00036472034154125856,-0.0013369846881314464,0.5000003132999461,0.5,0.02499981172159215,0.0005153386358569623,0.3742383070448705,True
4.3500000000000005,2.065366636561126,0.00033505780305059145,2.065366636561126,0.00033505780305059145,-0.0013108183035831198,0.5000002770018684,0.5,0.02499978373049671,0.0006585881240777233,0.3742757366625481,True
4.4,2.090366634438384,0.00030732364953257386,2.090366634438384,0.00030732364953257386,-0.001275842023609364,0.5000002366772245,0.5,0.024999762326235034,0.0007928509931363461,0.37431385310804666,True
4.45,2.115366632660407,0.00028165800723484175,2.115366632660407,0.00028165800723484175,-0.0012326097674744182,0.5000001934812753,0.5,0.024999761128987837,0.0009180482734382024,0.37435235194244115,True
4.5,2.1403666311470384,0.000258189681309641,2.1403666311470384,0.000258189681309641,-0.0011816585880094902,0.5000001508014051,0.5,0.024999792307278067,0.0010330817168552454,0.3743909450695285,True
4.55,2.1653666299769885,0.00023702911603960922,2.1653666299769885,0.00023702911603960922,-0.0011235605596706536,0.5000001139802894,0.5,0.024999875798808267,0.0011381711087622979,0.37442935236720987,True
4.6000000000000005,2.1903666295224866,0.0002182685138530468,2.1903666295224866,0.0002182685138530468,-0.001058913890074387,0.5000000915677094,0.5,0.025000031453419242,0.001233868426906087,0.3744673042007267,True
4.65,2.2153666306207316,0.0002019883983321667,2.2153666306207316,0.0002019883983321667,-0.000988293825131382,0.500000095253021,0.5,0.025000277374162078,0.0013181742418081404,0.3745045494286735,True
4.7,2.240366634719123,0.0001882490057224191,2.240366634719123,0.0001882490057224191,-0.0009123186698165853,0.5000001395245433,0.5,0.02500062899546496,0.0013816476529654165,0.37454084440726076,True
4.75,2.2653666439750575,0.00017704685675141364,2.2653666439750575,0.00017704685675141364,-0.0008319470753486216,0.5000002411822106,0.5,0.025001239647971157,0.0013685112821776226,0.37457590814886665,True
4.800000000000001,2.290366661792152,0.00016807988482536528,2.290366661792152,0.00016807988482536528,-0.000750077930474454,0.5000004420916045,0.5,0.025001941090919022,0.0012939501806715416,0.37460918215426775,True
4.8500000000000005,2.3153666928804375,0.00016079025363530157,2.3153666928804375,0.00016079025363530157,-0.0006708177434426613,0.5000007556185757,0.5,0.025002733536384495,0.0012784507679331428,0.37464000501628136,True
4.9,2.3403667430629693,0.00015508764602001492,2.3403667430629693,0.00015508764602001492,-0.0005942367987024587,0.5000011949431065,0.5,0.02500368323486917,0.0012418078155183461,0.3746684461049874,True
4.95,2.365366819213039,0.00015107802996660577,2.365366819213039,0.00015107802996660577,-0.0005192070132841511,0.5000017839775728,0.5,0.025004766423942202,0.0011761714995171897,0.3746947343425111,True
5.0,2.390366929094392,0.00014850806941217384,2.390366929094392,0.00014850806941217384,-0.0004472199442285806,0.5000025423115206,0.5,0.025005994232870244,0.0010849246000755894,0.3747186801119342,True
5.050000000000001,2.415367081531347,0.00014706654364869868,2.415367081531347,0.00014706654364869868,-0.0003799000495470854,0.5000034910502027,0.5,0.02500735885775245,0.0009686064176897523,0.3747401121646027,True
5.1000000000000005,2.4403672864247814,0.00014641883283231369,2.4403672864247814,0.00014641883283231369,-0.00031875511500348904,0.5000046496601431,0.5,0.025008776566010867,0.0008161925858749795,0.37475891724991617,True
5.15,2.465367554333164,0.00014614897977559813,2.465367554333164,0.00014614897977559813,-0.0002656048750672865,0.5000060234463118,0.5,0.025010232540446556,0.0006307486691507024,0.37477497078237876,True
5.2,2.4903678960568287,0.0001457595695211511,2.4903678960568287,0.0001457595695211511,-0.00022250586418141188,0.5000076151769001,0.5,0.02501174366808558,0.00041838294757104286,0.37478815928366593,True
5.25,2.5153683226446066,0.00014474082867960082,2.5153683226446066,0.00014474082867960082,-0.00019124172123430132,0.5000094303654918,0.5,0.025013288471852465,0.00018157305400598852,0.37479846266629724,True
5.300000000000001,2.540368845337893,0.00014257574609675386,2.540368845337893,0.00014257574609675386,-0.0001733406830307549,0.5000114708846527,0.5,0.025014717021699436,-8.754820202461188e-05,0.37480594394923794,True
5.3500000000000005,2.5653694748115132,0.00013868720856407817,2.5653694748115132,0.00013868720856407817,-0.0001704913655902659,0.5000137137947018,0.5,0.025016025764332595,-0.00038496212746718295,0.3748106786728075,True
5.4,2.590370220507594,0.0001324378581514505,2.590370220507594,0.0001324378581514505,-0.00018449692194226787,0.5000161359477763,0.5,0.025017252601130413,-0.0007042560021064568,0.3748127686837872,True
5.45,2.615371090753248,0.0001231897926608639,2.615371090753248,0.0001231897926608639,-0.00021685020544599218,0.5000187208431276,0.5,0.025018375141079043,-0.0010415899906100065,0.37481240863582715,True
5.5,2.640372092784925,0.00011031216925596934,2.640372092784925,0.00011031216925596934,-0.00026873908643942933,0.5000214485518015,0.5,0.025019197978083763,-0.0014001562628978249,0.37480987683682576,True
5.550000000000001,2.6653732317957557,9.314809010634782e-05,2.6653732317957557,9.314809010634782e-05,-0.0003413322016758982,0.500024267176441,0.5,0.025019750524246636,-0.0017757202321401124,0.37480548352969384,True
5.6000000000000005,2.6903745102155003,7.101498817385676e-05,2.6903745102155003,7.101498817385676e-05,-0.000435767203572306,0.5000271305388793,0.5,0.025020101398255324,-0.002162796956238621,0.37479957402477704,True
5.65,2.7153759281047005,4.324347187245396e-05,2.7153759281047005,4.324347187245396e-05,-0.0005528925966458001,0.5000300045658979,0.5,0.025020240170717446,-0.0025568168604311768,0.3747925665409284,True
5.7,2.740377483379554,9.186264570322258e-06,2.740377483379554,9.186264570322258e-06,-0.0006932577592177573,0.5000328540236603,0.5,0.025019960917044236,-0.0029552525089298963,0.37478494623532843,True
5.75,2.765379170898207,-3.178688782274105e-05,2.765379170898207,-3.178688782274105e-05,-0.000857200915978959,0.5000356102244147,0.5,0.02501934022055622,-0.0033544828749491598,0.3747136703958952,True
5.800000000000001,2.7903809819348906,-8.02883993350982e-05,2.7903809819348906,-8.02883993350982e-05,-0.001044877340621831,0.5000382182739189,0.5,0.025018475994630338,-0.00375110443059774,0.3746094513225029,True
5.8500000000000005,2.815382904931237,-0.0001369043370822353,2.815382904931237,-0.0001369043370822353,-0.0012562332798192327,0.5000406403690031,0.5,0.02501737678950779,-0.004140503540772348,0.37449009310956005,True
5.9,2.84038492597119,-0.00020218510060904347,2.84038492597119,-0.00020218510060904347,-0.0014909764104958476,0.5000428407446517,0.5,0.025015864874237972,-0.004513751897897511,0.37435513400767956,True
5.95,2.8653870281648457,-0.00027661608186974247,2.8653870281648457,-0.00027661608186974247,-0.0017484114418758639,0.5000447548507702,0.5,0.02501406338522457,-0.0048686115806290155,0.3742042970433223,True
6.0,2.890389191523342,-0.0003606164319737462,2.890389191523342,-0.0003606164319737462,-0.0020275107809847787,0.5000463395569732,0.5,0.025012087727117577,-0.005204765188070447,0.3740374702035508,True
6.050000000000001,2.915391393992345,-0.00045456836215420157,2.915391393992345,-0.00045456836215420157,-0.002327170732618088,0.5000475715205737,0.5,0.02500996726764358,-0.0055181485966349945,0.37385460103669554,True
6.1000000000000005,2.940393612141677,-0.0005588080896940091,2.940393612141677,-0.0005588080896940091,-0.0026461571682197343,0.5000484326388438,0.5,0.025007579277841113,-0.005793043632444483,0.3736557217824988,True
6.15,2.965395821060924,-0.0006735573375100218,2.965395821060924,-0.0006735573375100218,-0.0029826472943545704,0.5000488848230373,0.5,0.025005080850775595,-0.006029222048097793,0.37344115374065107,True
6.2,2.990397994718948,-0.0007989217390208152,2.990397994718948,-0.0007989217390208152,-0.0033343437819122338,0.5000489165792246,0.5,0.025002588193254457,-0.006230223869075572,0.37321147485763606,True
6.25,3.01540010705037,-0.0009349632289654074,3.01540010705037,-0.0009349632289654074,-0.003699047785171395,0.5000485358107621,0.5,0.025000144688697816,-0.00639306575089111,0.37296727726790735,True
6.300000000000001,3.0404021327320763,-0.0010816919405675055,3.0404021327320763,-0.0010816919405675055,-0.004074576990088607,0.5000477574609992,0.5,0.02499769473018068,-0.006495004926779174,0.3727091996765599,True
6.3500000000000005,3.0654040477140962,-0.0012389552618064913,3.0654040477140962,-0.0012389552618064913,-0.0044579836213836585,0.5000465870352373,0.5,0.02499540791760322,-0.006538327025920767,0.3724382700872192,True
6.4,3.0904058300003987,-0.001406435805004892,3.0904058300003987,-0.001406435805004892,-0.004845711238427597,0.5000450579801138,0.5,0.024993384265568627,-0.006530982023537361,0.37215586114383814,True
6.45,3.115407460428775,-0.0015837705631732081,3.115407460428775,-0.0015837705631732081,-0.005234507988959829,0.5000432197202906,0.5,0.024991674707239505,-0.006471370903548899,0.371863300164386,True
6.5,3.1404089233681187,-0.001770543721707396,3.1404089233681187,-0.001770543721707396,-0.005621311052661553,0.5000411292818939,0.5,0.02498179071379028,-0.0008015566179522507,0.37156191062917454,True
6.550000000000001,3.16541030925187,-0.0019430498603746867,3.16541030925187,-0.0019430498603746867,-0.005837646271383826,0.5000374397188678,0.5,0.024996982900304932,-0.0009012525609697964,0.37132530892041415,True
6.6000000000000005,3.190411684416333,-0.002096301684555415,3.190411684416333,-0.002096301684555415,-0.005888256448829576,0.5000363221895499,0.5,0.02499170894508924,-0.001645640454813919,0.3711570632222896,True
6.65,3.2154129534105858,-0.002254367246101916,3.2154129534105858,-0.002254367246101916,-0.0059639796861162145,0.5000343514250862,0.5,0.024987952951016607,-0.0023275495248410833,0.3709765643469587,True
6.7,3.2404140598890616,-0.0024204647970664083,3.2404140598890616,-0.0024204647970664083,-0.006082137690408178,0.5000317924258383,0.5,0.024986702450067972,-0.002816652901995626,0.3707754634638115,True
6.75,3.265414983071222,-0.0025945737062311415,3.265414983071222,-0.0025945737062311415,-0.006235134844514478,0.5000290690362719,0.5,0.02498749200951684,-0.003114976431772068,0.3705560330426473,True
6.800000000000001,3.290415725759014,-0.0027759155805867197,3.290415725759014,-0.0027759155805867197,-0.006411558505350053,0.5000265211656103,0.5,0.024989901203628012,-0.0032463092327736807,0.37032243383621066,True
6.8500000000000005,3.315416307407656,-0.002963535109665715,3.315416307407656,-0.002963535109665715,-0.006600764320471182,0.500024413614358,0.5,0.02499368691185421,-0.0032189667091551506,0.3700787752438337,True
6.9,3.340416761129557,-0.00315635092585911,3.340416761129557,-0.00315635092585911,-0.006793063335935066,0.5000229666218413,0.5,0.024998663172695893,-0.0029929659093759476,0.36982900887588555,True
6.95,3.3654171336106224,-0.003352909396665653,3.3654171336106224,-0.003352909396665653,-0.006977824624839517,0.5000223660503628,0.5,0.025004830960324024,-0.0025859418080143876,0.36957773662230103,True
7.0,3.390417484420615,-0.00355138800412292,3.390417484420615,-0.00355138800412292,-0.007143752482056579,0.5000227948511456,0.5,0.025012185979488996,-0.002027348609365274,0.36933012511620905,True
7.050000000000001,3.4154178838219456,-0.003749882898021239,3.4154178838219456,-0.003749882898021239,-0.007280952156485934,0.5000244322414183,0.5,0.025020711542774618,-0.0013263497603677957,0.36909100666933203,True
7.1000000000000005,3.4404184121900476,-0.003946411451404448,3.4404184121900476,-0.003946411451404448,-0.007380677646166436,0.5000274517177544,0.5,0.02503021267542558,-0.00043505638788473395,0.368864951824203,True
7.15,3.4654191607770266,-0.004138612988598157,3.4654191607770266,-0.004138612988598157,-0.0074330304223631846,0.5000319916821346,0.5,0.024994226784210608,0.0019093385401850959,0.36865725040972136,True
7.2,3.4904200773912666,-0.0043183937759399705,3.4904200773912666,-0.0043183937759399705,-0.007389115886862667,0.5000305086613622,0.5,0.024998185092916483,0.003521393580980596,0.3684904711998904,True
7.25,3.515421069411988,-0.004479976520733879,3.515421069411988,-0.004479976520733879,-0.007227489982340043,0.500029704404809,0.5,0.02501837370890064,0.00473382622372063,0.36837674241667534,True
7.300000000000001,3.540422216718164,-0.004625326484321578,3.540422216718164,-0.004625326484321578,-0.006981829620404349,0.5000322503252641,0.5,0.0250367597503038,0.006070936008638106,0.36830413357418057,True
7.3500000000000005,3.565423674808861,-0.004753590325617655,3.565423674808861,-0.004753590325617655,-0.006660312123563257,0.5000377931062414,0.5,0.02505270746460685,0.007575936676749181,0.36827108407301834,True
7.4,3.5904255907049603,-0.004861619148729598,3.5904255907049603,-0.004861619148729598,-0.00625422855541486,0.5000458801897103,0.5,0.02506751607219921,0.009220509259550107,0.36828333178275263,True
7.45,3.6154280894096322,-0.004945972763280778,3.6154280894096322,-0.004945972763280778,-0.005754424886749808,0.5000562812387158,0.5,0.025082036495782545,0.010993533194915037,0.3683470420596451,True
7.5,3.6404312796840435,-0.00500315310029247,3.6404312796840435,-0.00500315310029247,-0.005152918250386569,0.5000689103666881,0.5,0.025096198839169262,0.012952239479964637,0.36846809648381623,True
7.550000000000001,3.665435257084353,-0.005029271903131749,3.665435257084353,-0.005029271903131749,-0.0044403510038597506,0.5000836715514508,0.5,0.02511024014509255,0.015073245455533534,0.3686531804751904,True
7.6000000000000005,3.690440101534391,-0.005020050439335255,3.690440101534391,-0.005020050439335255,-0.003606354938238988,0.5001005095349206,0.5,0.025124616967295076,0.017317044694857165,0.3689096773270956,True
7.65,3.715445875373296,-0.004971218054024937,3.715445875373296,-0.004971218054024937,-0.0026424293853611193,0.5001194454308058,0.5,0.02513944837271699,0.019670266535238335,0.3692444177336386,True
7.7,3.740452623345265,-0.004878520966801519,3.740452623345265,-0.004878520966801519,-0.0015416430926148577,0.5001405196800319,0.5,0.025153924509575376,0.022191909122017954,0.3696637597574928,True
7.75,3.7654603675232914,-0.004737343494379619,3.7654603675232914,-0.004737343494379619,-0.0002957021609600313,0.5001636381943102,0.5,0.02516803982939436,0.024857785438580606,0.3701748384300806,True
7.800000000000001,3.7904690991681216,-0.004542701042643922,3.7904690991681216,-0.004542701042643922,0.0011047288141301198,0.5001887075193765,0.5,0.025121907442986396,0.0311760262285857,0.37012927084289904,True
7.8500000000000005,3.8154784861994644,-0.004274824489158793,3.8154784861994644,-0.004274824489158793,0.00277271415378513,0.5002057373428125,0.5,0.02513759672035569,0.034225246110768354,0.36990216095851025,True
7.9,3.8404881171114877,-0.003924504935056694,3.8404881171114877,-0.003924504935056694,0.004719717428356513,0.5002250787732596,0.5,0.0251663416190603,0.036946361342590175,0.3696751364236095,True
7.95,3.865497930152966,-0.0035005973476215442,3.865497930152966,-0.0035005973476215442,0.006838676639366934,0.5002488514702522,0.5,0.025189427686857415,0.03971450554286382,0.3694712544791699,True
8.0,3.890507851030975,-0.0030000461933287737,3.890507851030975,-0.0030000461933287737,0.00912127263793379,0.5002760468197606,0.5,0.025200922443114858,0.04192626903727294,0.36929617321187813,True
8.05,3.9155177147010347,-0.002420866353457189,3.9155177147010347,-0.002420866353457189,0.011552376943856612,0.5003046923304368,0.5,0.025218276691372735,0.04479945283525887,0.3691564950059013,True
8.1,3.940527283097657,-0.001759032329234069,3.940527283097657,-0.001759032329234069,0.014135166349014525,0.5003357324758821,0.5,0.025232634617633986,0.04786371829051604,0.3690554505390298,True
8.15,3.96553622929692,-0.0010070094506242882,3.96553622929692,-0.0010070094506242882,0.016895103854741182,0.5003686323737004,0.5,0.025244680147620303,0.05102493660603991,0.3689932232795834,True
8.200000000000001,3.9905441579719225,-0.00015910330452887993,3.9905441579719225,-0.00015910330452887993,0.019840840264107686,0.5004029790246044,0.5,0.025255459582720654,0.05423658681551447,0.368973156627157,True
8.25,4.015550601306272,0.0007899845645520283,4.015554689046377,0.0007496706861419127,0.017791943641539482,0.5004385391929603,0.5,0.025217923134679302,0.05741213940131183,0.36898618489350465,True
8.3,4.040554832769868,0.001845086023229076,4.04057744696498,0.0015708141321645625,0.012777761746786347,0.5004673069105974,0.5,0.025202168070061644,0.05912241636930087,0.3696444982079615,True
8.35,4.065556147007253,0.0030046686215145766,4.065611539105139,0.002287768194739847,0.007905766872101708,0.5004929946369356,0.5,0.02517753836804174,0.062074011540689734,0.37036814980460475,True
8.4,4.09055379107129,0.004271067624942943,4.090655422315596,0.002902766784770842,0.0031698036982942615,0.5005141864701503,0.5,0.02510908736113639,0.06336444672632391,0.37115643107130725,True
8.450000000000001,4.115546780554289,0.005646285862479181,4.1157073832746995,0.0034177428500938973,-0.001442112355759119,0.5005237138183185,0.5,0.025166917180089045,0.0670401446924702,0.37115407990918364,True
8.5,4.140534301613192,0.0071360927494611625,4.140766120430223,0.0038384126931891092,-0.005907906759202608,0.5005426418733336,0.5,0.025198144049086265,0.07103893937650531,0.3694091306602947,True
8.55,4.165515423767087,0.00875613710730547,4.1658309533473385,0.004180378794810092,-0.010146362950951199,0.500566418038134,0.5,0.025215044322031168,0.07505907129041971,0.3678126373513189,True
8.6,4.190489207366548,0.010513669180145558,4.19090118002915,0.004450858309633473,-0.014146820868601861,0.5005925941184137,0.5,0.025223630401214524,0.07903290283639224,0.3663601841125148,True
8.65,4.215454569450414,0.012414565027664535,4.215976098486394,0.004655712149953501,-0.017909677353064354,0.500619756177363,0.5,0.02522720201399214,0.08294377817965022,0.3650454447796907,True
8.700000000000001,4.240410291890818,0.014464302323671466,4.241055036708906,0.004800422251179851,-0.021437851149066482,0.5006470590645944,0.5,0.025226315119810952,0.0868210270630574,0.363861746383376,True
8.75,4.26535502083936,0.01666831495517029,4.266137367782946,0.004890447733659552,-0.024733899773586143,0.5006737635066207,0.5,0.025222485528572137,0.09064847329205926,0.36280256642585285,True
8.8,4.290287271641995,0.01903201427498965,4.291222515914402,0.004931247534578225,-0.027800030564170727,0.5006993930047936,0.5,0.02521714591816512,0.09440235996758137,0.36186150635083436,True
8.85,4.315205455001162,0.021560563917717723,4.316309958722361,0.004928055409581497,-0.03063964367347291,0.5007237157475922,0.5,0.025210788514984605,0.09807067117405162,0.36103206382183295,True
8.9,4.340107889343016,0.024258864202075958,4.341399228290795,0.0048858646667101395,-0.03325725334079975,0.5007465851204065,0.5,0.025202569508190005,0.10166771204909242,0.360307673234077,True
8.950000000000001,4.364992791729869,0.027131685767801908,4.366489908297016,0.00480956335318235,-0.03565731997959083,0.5007677174709196,0.5,0.025193071372271746,0.10518041939611276,0.3596819134771527,True
9.0,4.389858277095791,0.03018367128134026,4.391581628968991,0.004703937413852737,-0.037844297327271306,0.5007869301191982,0.5,0.02518306598136856,0.10859171217099203,0.35914849024534534,True
9.05,4.414702378244579,0.03341919664449431,4.416674063289113,0.004573531972599708,-0.039823550948474826,0.5008041709910419,0.5,0.025172764725378702,0.11188929428794656,0.3587011060098909,True
9.1,4.439523057339321,0.03684234947834076,4.441766925003923,0.004422629979665654,-0.041601373485386714,0.5008194238170667,0.5,0.025161520406920282,0.11506810045827934,0.3583334772518886,True
9.15,4.464318207158863,0.04045695694655867,4.466859963067361,0.0042552810385788785,-0.04318458141415568,0.5008325656295816,0.5,0.025149784180010806,0.11811947312576183,0.3580394230474482,True
9.200000000000001,4.489085655730741,0.04426658824389394,4.491952956704868,0.004075304682549326,-0.044580414556173634,0.5008435500677931,0.5,0.02513804959278106,0.12103617655404006,0.35781289020875295,True
9.25,4.5138231789465095,0.048274533661980985,4.517045714472501,0.0038862692062082943,-0.04579666068743343,0.5008524131162033,0.5,0.02512650836264557,0.12380474222470907,0.35764793706484665,True
9.3,4.538528514798924,0.05248377244733317,4.542138071808713,0.003691458988604234,-0.046841681018339465,0.5008592218532879,0.5,0.025114998267505257,0.12639669857617664,0.3575387575397666,True
9.35,4.563199387178291,0.056896866458482784,4.567229882361685,0.003493767004663608,-0.047725184145199905,0.5008640154359703,0.5,0.025103800252881336,0.12881067773480726,0.3574795623130791,True
9.4,4.587833516938898,0.06151597592331022,4.592321015383597,0.003295709718643103,-0.0484577291550555,0.5008668788095679,0.5,0.025093069314386957,0.13105131966655326,0.35746470722665313,True
9.450000000000001,4.61242861700462,0.06634298296250377,4.617411360255027,0.0030995504455720597,-0.04904983312945237,0.5008679211318616,0.5,0.025083176005680007,0.13310476867974022,0.3574888275620466,True
9.5,4.636982410788172,0.07137944418591594,4.642500823621293,0.002907250085459039,-0.04951231600434902,0.5008673109999218,0.5,0.025075027982627705,0.1349179616680174,0.35754678507413196,True
9.55,4.66149269156825,0.07662634086960912,4.667589319315515,0.002720211275627603,-0.049857992559229874,0.5008653642395655,0.5,0.025068452081323935,0.13649861274113356,0.35763343063383835,True
9.600000000000001,4.685957340158961,0.08208411292075858,4.692676769792573,0.0025393085834480886,-0.050101082039133264,0.500862362826274,0.5,0.02506311080582861,0.13786698098784755,0.3577437439602842,True
9.65,4.7103742872606995,0.08775294799258777,4.7177631157876885,0.002365179024134263,-0.050254953517999856,0.5008585282842651,0.5,0.025058741366226215,0.13904298522002845,0.35787319592640215,True
9.700000000000001,4.734741503843778,0.09363285733755901,4.742848315436611,0.0021982978491628525,-0.05033180100049364,0.5008540350350122,0.5,0.025055185811594854,0.14004561537780547,0.3580177651696896,True
9.75,4.759056999143191,0.09972370126716266,4.767932341809844,0.002039003432547315,-0.05034262031430581,0.5008490285052581,0.5,0.02505232500953285,0.14089266644888535,0.35817391836828916,True
9.8,4.783318819147136,0.10602520993523865,4.793015180962481,0.00188751746028647,-0.05029734611308567,0.5008436320231658,0.5,0.02505002514173054,0.14160024500220705,0.3583385491035696,True
9.850000000000001,4.8075250453916825,0.11253699920698702,4.818096829979262,0.0017439602523219328,-0.050204848231650445,0.5008379447569192,0.5,0.025048267750721782,0.14218337717894525,0.358508962733492,True
9.9,4.831673793943869,0.11925858472779124,4.843177295480896,0.0016083642730193935,-0.05007311849887721,0.500832061181987,0.5,0.025046957152971193,0.14265636003999801,0.3586828080232946,True
9.950000000000001,4.855763213478404,0.12618939797505827,4.868256592515317,0.001480689764722686,-0.049909264918680696,0.5008260583947086,0.5,0.025046054751823865,0.1430312387443095,0.35885806277026433,True
10.0,4.87979148414855,0.13332879607951895,4.893334743173384,0.0013608341503961552,-0.049719511651547976,0.5008200058355821,0.5,0.02504550759212713,0.14332013837234173,0.3590330241286969,True
10.05,4.903756816074301,0.140676072360207,4.918411775535648,0.001248642222198021,-0.04950947273750678,0.5008139630428463,0.5,0.025045251878289397,0.14353324726022226,0.3592062187634468,True
10.100000000000001,4.927657447261688,0.1482304669842981,4.943487722636151,0.001143916608090025,-0.04928402906408663,0.5008079780247234,0.5,0.02504525831422548,0.14368014130569323,0.35937642801937164,True
10.15,4.951491642517384,0.1559911728614065,4.968562621390924,0.0010464233965428124,-0.04904746473128019,0.5008020931525303,0.5,0.025045499048471007,0.1437703286527157,0.3595426426643564,True
10.200000000000001,4.975257690566594,0.16395734758648894,4.99363651208408,0.000955904072441161,-0.04880348744832774,0.5007963454928029,0.5,0.02504592822400239,0.14381099779466017,0.35970404504039394,True
10.25,4.998953902797692,0.172128117911611,5.01870943750424,0.0008720798503994486,-0.048555360153200944,0.500790763919126,0.5,0.025046496389534403,0.14380974633965038,0.3598599665300589,True
10.3,5.022578611908884,0.18050258378777126,5.043781442066102,0.0007946556527787408,-0.048305839510935256,0.5007853686537138,0.5,0.025047207808514958,0.14377200210502647,0.3600099015007949,True
10.350000000000001,5.0461301706828365,0.18907982229753095,5.0688525712193,0.0007233239616284838,-0.048057288669369425,0.5007801802887903,0.5,0.025048029228386705,0.14370496809564823,0.36015347075661897,True
10.4,5.069606949526432,0.19785889517025723,5.093922871179485,0.0006577724688218013,-0.047811689187514106,0.5007752135797051,0.5,0.025048918297771765,0.14361302666375172,0.36029041048800525,True
10.450000000000001,5.093007334191137,0.20683885415647796,5.118992388435483,0.0005976896645703286,-0.04757073229813236,0.5007704760376799,0.5,0.025049872000670922,0.14350080336288296,0.3604205402227416,True
10.5,5.11632972618257,0.21601873837876007,5.144061169050965,0.0005427619955900318,-0.04733577755839724,0.5007659745512117,0.5,0.025050882651340787,0.14337236374001275,0.3605437777486479,True
10.55,5.139572540683362,0.2253975796895552,5.169129258569557,0.0004926794101484544,-0.04710789224478785,0.5007617146245493,0.5,0.02505421418741367,0.14322552953521936,0.36066012217861154,True
10.600000000000001,5.16273422253623,0.23497438535442955,5.194196710060946,0.0004471130011647033,-0.046888202496979836,0.5007580758621862,0.5,0.025060802704930364,0.14305919324002644,0.3607695742469867,True
10.65,5.18581326642237,0.24474812334231658,5.21926359593156,0.00040569298963754436,-0.046677806546820244,0.5007555863061793,0.5,0.02506961087866288,0.14287659912568562,0.36087218356576767,True
10.700000000000001,5.208808209678327,0.25471774298931116,5.244330007851716,0.00036802950038165063,-0.046477849818327595,0.5007545938053868,0.5,0.02507990325265193,0.14268055564094767,0.36096800602203966,True
10.75,5.231717618375256,0.26488219108332584,5.26939604972392,0.0003337318846345802,-0.04628914122378702,0.5007553188921945,0.5,0.02509232287294466,0.14248302388977405,0.361057196082867,True
10.8,5.254540070796735,0.2752404506512943,5.294461838778688,0.0003024500790688822,-0.04611224805625441,0.5007580847332822,0.5,0.025107074335636373,0.1422919915485622,0.36113993788856813,True
10.850000000000001,5.277274144854439,0.2857915750530758,5.319527510325751,0.0002739099766955548,-0.04594692146931395,0.5007632429617976,0.5,0.025123567395085596,0.14210830427625698,0.361216577076233,True
10.9,5.299918426020785,0.296534656359923,5.3445932143084764,0.0002478804789032078,-0.04579284980071313,0.5007710418314051,0.5,0.02514138498291173,0.1419306799907482,0.3612874346316934,True
10.950000000000001,5.322471515206164,0.3074687918826271,5.369659109365497,0.00022413917011309545,-0.04564955234536989,0.5007816565501063,0.5,0.025160468617157997,0.14177728071863208,0.36135287212763695,True
11.0,5.344931996886753,0.31859314975858877,5.394725364074036,0.00020254470883448208,-0.04551615567580941,0.5007952497568535,0.5,0.02518070446156843,0.14165972905681193,0.36141328443502974,True
11.05,5.367298405221701,0.32990703339525385,5.419792159523068,0.0001831090491638726,-0.04539085557535399,0.5008119625794188,0.5,0.025201951997615227,0.14157414123207693,0.3614691841175508,True
11.100000000000001,5.389569247937862,0.341409812978563,5.444859685138792,0.0001659250316402119,-0.045271642087988895,0.500831910579195,0.5,0.025224161976332315,0.1415155179034594,0.3615210628876252,True
11.15,5.411743032193907,0.3531008621879664,5.469928135094319,0.00015109802207985081,-0.045156711802672445,0.5008551992585113,0.5,0.025246612552519625,0.14150252853092443,0.36156933996862184,True
11.200000000000001,5.43381822274865,0.3649796362589009,5.494997709398694,0.00013883434310039272,-0.04504387780572283,0.5008818130570517,0.5,0.02526885359436184,0.1415454106630896,0.3616144453782515,True
11.25,5.455793198266216,0.37704574030593696,5.520068613068462,0.00012952203509166332,-0.0449301411804906,0.5009116622647678,0.5,0.02529112570580598,0.14163559650580373,0.3616568639193031,True
11.3,5.477666287721262,0.38929884030810447,5.5451410515635775,0.00012363536686023477,-0.044812334026812284,0.5009446984156511,0.5,0.02531362512032024,0.14176460124412235,0.3616970435470433,True
11.350000000000001,5.49943580763052,0.40173858887420305,5.570215229545367,0.00012165217487412826,-0.04468792206078792,0.500980906270299,0.5,0.025334961080525076,0.1419470531657329,0.361735244402007,True
11.4,5.521100018338707,0.4143646980760728,5.595291350290519,0.00012413917754662714,-0.04455412735252645,0.5010200409626475,0.5,0.025354503049684503,0.1421893078682932,0.36177170886578836,True
11.450000000000001,5.542657079487852,0.4271769977713119,5.6203696112160175,0.00013182528114609492,-0.044407542533447864,0.5010617574541444,0.5,0.025372766787869337,0.1424806648712293,0.3618067006337043,True
11.5,5.564105089989087,0.4401753498694549,5.645450200074515,0.0001455082044833267,-0.04424483548411107,0.5011058016565462,0.5,0.025390183288756835,0.14280899142992295,0.36184039301024606,True
11.55,5.585442132218697,0.45335957367508,5.670533295897943,0.0001659686565093516,-0.04406354448155558,0.5011519949159342,0.5,0.02540489873703706,0.14318447217367397,0.36187272323848463,True
11.600000000000001,5.606666233419603,0.46672950411985004,5.695619066874154,0.00019404112406035562,-0.043861092076941555,0.5011998551254672,0.5,0.025416223095662622,0.14360779209657767,0.36190360886345185,True
11.65,5.627775326558466,0.4802850348342944,5.720707663073298,0.00023067229619552244,-0.043634639861315105,0.5012487941065428,0.5,0.02542501537791789,0.14406726422396823,0.3619329316941946,True
11.700000000000001,5.648767293001009,0.49402604072439793,5.745799214210591,0.00027683426665019514,-0.04338162935683809,0.5012983753996638,0.5,0.02543196208100581,0.14455284984232886,0.3619604671644606,True
11.75,5.669639998130598,0.5079523314957507,5.770893834390748,0.00033346762427467714,-0.043100223129762805,0.5013482832396112,0.5,0.025434954808712565,0.14506581462230894,0.36198581277308434,True
11.8,5.690391268430831,0.5220636812911444,5.795991618499106,0.00040152020914802143,-0.042788856183431645,0.5013978586128988,0.5,0.025433514168750886,0.14560394256798811,0.36200847998529184,True
11.850000000000001,5.711018868224144,0.5363598463369577,5.821092633386133,0.00048197635688662687,-0.042445943763626315,0.501446374194637,0.5,0.025428844689998596,0.14615706344245727,0.36202795015058314,True
11.9,5.731520529869665,0.5508405225789489,5.846196919499233,0.0005758067253168107,-0.0420702856312396,0.5014933138062239,0.5,0.02542172874243597,0.14671843229177736,0.36204360690824544,True
11.950000000000001,5.751893979502812,0.5655053241273521,5.871304498491179,0.0006839375833581887,-0.04166126000268222,0.5015382991437392,0.5,0.025410239492538497,0.14728115712174303,0.3620547103179492,True
12.0,5.77213693511878,0.5803537821740778,5.896415369026197,0.0008072525675392231,-0.04121854765761201,0.5015806397141884,0.5,0.025394156711626988,0.14783838024372425,0.36206047542920305,True
12.05,5.792247108683814,0.595385330680905,5.921529497962396,0.0009465815877723828,-0.04074237719621476,0.5016196200839732,0.5,0.025374880736849424,0.14838637666266935,0.3620600117708159,True
12.100000000000001,5.812222212044506,0.6105993119088896,5.946646825959156,0.0011027036462633014,-0.040233129748428964,0.5016547681441197,0.5,0.02535343272388903,0.14892160188819423,0.3620524356720624,True
12.15,5.832059964250334,0.625994988336674,5.971767278202851,0.001276353511127163,-0.039691592986144886,0.5016857884054752,0.5,0.025328031879374872,0.14942727858676688,0.3620367893976363,True
12.200000000000001,5.851758127485221,0.6415714916439403,5.996890759056473,0.0014681606269112113,-0.03911905936989879,0.5017120959614781,0.5,0.025298895010371573,0.1498943840081819,0.3620120733819571,True
12.25,5.871314531972789,0.6573277866194734,6.022017144307865,0.0016786068005062338,-0.038517554149621984,0.5017331514528263,0.5,0.02526750266762779,0.1503253246990251,0.36197722173108854,True
12.3,5.890727049603661,0.6732627295526079,6.047146291054816,0.0019080898358128802,-0.03788955038545527,0.5017486691839235,0.5,0.025234773483753473,0.15072137363527116,0.36193112144797923,True
12.350000000000001,5.909993580098858,0.6893751091408441,6.072278049271365,0.002156965036905017,-0.037237117126905916,0.5017585200396797,0.5,0.025199408209839833,0.1510546285825566,0.36187281950469513,True
12.4,5.929112129428936,0.7056635465511355,6.097412255389449,0.0024254188537433862,-0.03656325466949495,0.5017623623129043,0.5,0.02516190624423605,0.15131426428753417,0.3618012590927737,True
12.450000000000001,5.948080862891287,0.7221264354952576,6.122548726259762,0.002713389708484563,-0.035872262029839286,0.5017599425088678,0.5,0.025123615926362225,0.15150903332596385,0.3617152508716469,True
12.5,5.966898037591574,0.7387620552213553,6.1476872716179365,0.0030206985719212877,-0.035168266450380625,0.5017512341921444,0.5,0.02508531652434438,0.15164755586143835,0.3616137716973451,True
12.55,5.985561958094256,0.755568645816638,6.172827705471505,0.003347135040087142,-0.03445498854175854,0.5017363401602483,0.5,0.0250461714661848,0.15168695569039262,0.3614959472465902,True
12.600000000000001,6.004071109419761,0.7725442509999089,6.197969838112842,0.003692251225767947,-0.03373724566743652,0.5017152232292492,0.5,0.02500683865916926,0.15161650215829506,0.36136081835445116,True
12.65,6.0224242428285955,0.7896866322983972,6.223113471129954,0.004055240592507002,-0.033021418336279584,0.5016879555602389,0.5,0.02496835683973835,0.15145282406189312,0.36120732509870324,True
12.700000000000001,6.040620247234967,0.8069934503922526,6.2482584114048505,0.00443515843042095,-0.032313585421681834,0.5016547797860678,0.5,0.02493119372689824,0.15121028591358515,0.3610346315913145,True
12.75,6.058658078290683,0.8244623619539986,6.273404479996735,0.004831040180494302,-0.031619119140421814,0.5016160118032041,0.5,0.024895039693127934,0.1508329704965823,0.3608421264786531,True
12.8,6.076536948945779,0.8420908094262798,6.298551502460201,0.0052416165741230635,-0.03094452286527194,0.5015719110742213,0.5,0.024860534812911395,0.15031039906057422,0.360629169759215,True
12.850000000000001,6.0942564432509885,0.8598759175622867,6.323699304678059,0.005665159283593672,-0.0302981812143841,0.5015228385298552,0.5,0.024828235274620483,0.14966757141253503,0.3603950269295753,True
12.9,6.1118163235570755,0.8778147334939909,6.348847725960964,0.0060997862625244495,-0.02968832493035023,0.5014692410212735,0.5,0.024798394110556902,0.14892516026432706,0.36013915969576915,True
12.950000000000001,6.12921642940126,0.8959043442307757,6.373996624773428,0.0065436145052697086,-0.02912143121288857,0.5014115997901585,0.5,0.02477100794398342,0.14801387282997688,0.3598615427211242,True
13.0,6.146456930551674,0.9141416147367628,6.399145866853338,0.0069943939099825145,-0.028605790827846315,0.5013503875204602,0.5,0.024746599597359985,0.1469249296815677,0.3595619845731475,True
13.05,6.163538466138797,0.9325230699022589,6.4242953203014785,0.007449323578863956,-0.02815179976172799,0.501286155453583,0.5,0.024725280592936955,0.14569207647493249,0.3592402257093903,True
13.100000000000001,6.180461879924747,0.951045190805714,6.449444866848706,0.007905446025250815,-0.02776919823880053,0.5012194641092288,0.5,0.024706985789103308,0.1443421175809496,0.3588963544571572,True
13.15,6.197228091235502,0.9697045456539176,6.474594403605776,0.008359828312774873,-0.027465757499890994,0.5011508539362373,0.5,0.024692049027525562,0.1427942038796778,0.3585310123014873,True
13.200000000000001,6.213838409155879,0.9884974837860603,6.499743828624543,0.008809121004003589,-0.027251040249336445,0.5010809115943444,0.5,0.024680747481388335,0.1410416280189835,0.35814473257088336,True
13.25,6.230294694127296,1.0074200060947358,6.524893034234591,0.009249349283048151,-0.02713705126365007,0.5010102598273137,0.5,0.024672787254854688,0.13912624808708202,0.3577379590733264,True
13.3,6.2465990235808535,1.0264681048140702,6.550041915259731,0.009676386397182242,-0.027134887769283522,0.5009394624829335,0.5,0.024667979176392494,0.13708349288248006,0.35731155694279243,True
13.350000000000001,6.262753528500739,1.0456379117767816,6.575190367831448,0.010086171371026516,-0.02725311333532454,0.5008690428028734,0.5,0.024666833984512013,0.1348176550979314,0.3568670737870562,True
13.4,6.278760777969543,1.0649253451441072,6.600338271556986,0.010474184242924393,-0.027502265869568943,0.5007995997833921,0.5,0.02466925647124435,0.1323265458928281,0.35640594288929184,True
13.450000000000001,6.294623964454027,1.0843259659941011,6.625485478761874,0.010835209826806507,-0.0278955702564051,0.5007317067735908,0.5,0.02467480197170017,0.12966227552638232,0.35592951230013203,True
13.5,6.310346479698307,1.1038353723558554,6.650631820777064,0.01116391359726517,-0.028444959068207543,0.5006658541456209,0.5,0.024683283570582325,0.12686267524621858,0.35543963909028664,True
13.55,6.325931741961377,1.1234493409959088,6.675777104686773,0.011455062397057087,-0.029159395732126336,0.5006024932741495,0.5,0.02469515871016762,0.12382313191769356,0.35493896242229456,True
13.600000000000001,6.341383644997496,1.1431634371294308,6.700921090588741,0.011702927372388781,-0.030050070882110314,0.5005421436871806,0.5,0.024710010846764524,0.1205455127275132,0.354429978393772,True
13.65,6.35670674595731,1.1629728738426799,6.726063475342575,0.011901047709678933,-0.031130943745785403,0.5004852474857646,0.5,0.024727428433072827,0.1170887315708448,0.35391512143281084,True
13.700000000000001,6.371905777724782,1.1828729308647439,6.751203897734762,0.012042871159579662,-0.032414301303368524,0.5004321714535261,0.5,0.02474734635463735,0.11349521708509405,0.3533974292838108,True
13.75,6.3869854629094664,1.2028590953744476,6.776341935219438,0.012121985217691684,-0.0339093080567493,0.5003832655642103,0.5,0.024769945783842416,0.10965159621627418,0.3528807383867151,True
13.8,6.40195101613777,1.2229266462745008,6.80147707420052,0.012131463995368736,-0.035627183049241395,0.5003389039680416,0.5,0.024794525034710836,0.10556490347580656,0.3523688235784712,True
13.850000000000001,6.416808335714983,1.2430705117488101,6.826608685963731,0.012063628812016836,-0.03758225874915255,0.5002993386694209,0.5,0.024820894106661686,0.10129998992355958,0.35186533396706987,True
13.9,6.431563454875825,1.2632857082813964,6.851736033583774,0.011910749969588165,-0.03978675441916146,0.5002647861203868,0.5,0.024849184272990696,0.09690029130658387,0.35137462488727556,True
13.950000000000001,6.446222359694746,1.283567468690706,6.876858270134185,0.011665268480226261,-0.04224945450892892,0.500235480909057,0.5,0.024879065871619595,0.09224974324305019,0.350901923219097,True
14.0,6.460791524681282,1.3039108166820745,6.901974399528868,0.011319112767089887,-0.04498131141622186,0.5002115992725086,0.5,0.024909635149164222,0.0873588938600188,0.3504523784345158,True
14.05,6.47527809712687,1.324310427619275,6.927083243292018,0.010863468976113184,-0.047996487593036326,0.5001931651709631,0.5,0.024941042987434367,0.08229796948445127,0.3500309979692628,True
14.100000000000001,6.489689309028579,1.3447610705957505,6.952183452506924,0.01028951754412691,-0.051306483923757695,0.5001802271183572,0.5,0.024973648319721157,0.07711287072335048,0.349643627285824,True
14.15,6.504032291115624,1.3652577323720994,6.977273510201582,0.009588657639392355,-0.054919448226882994,0.5001728921612653,0.5,0.02500642454527006,0.07168552573570441,0.34929692616733066,True
14.200000000000001,6.518314635092303,1.3857951843286904,7.002351679786793,0.008751800960588078,-0.05884551005683325,0.5001710959002041,0.5,0.025038384155136078,0.06603325837850384,0.34899752959820624,True
14.25,6.532544562222249,1.4063678493816059,7.027415962566624,0.0077691614572764165,-0.06309769326532644,0.500174611782601,0.5,0.025070104193948384,0.06022938748299946,0.34875200604882217,True
14.3,6.546730304800883,1.4269702433715712,7.0524641202494776,0.006631018295657447,-0.06768620273620041,0.5001833123781391,0.5,0.025102136054938277,0.05431948108142102,0.3485677554536877,True
14.350000000000001,6.56087993831017,1.4475970812827992,7.077493682782231,0.005327917704312947,-0.07261794625084039,0.500197163497346,0.5,0.02513270326967171,0.04819362468516293,0.34845294341463184,True
14.4,6.57500192942614,1.468242862763123,7.102501884827241,0.0038499930703644286,-0.07790128995207513,0.5002158378869176,0.5,0.02516088973968693,0.04187453407633175,0.34841581438119634,True
14.450000000000001,6.589105275901436,1.4889017520649745,7.127485617260474,0.002186789572613466,-0.08354733638401068,0.5002388622798026,0.5,0.02518768200331445,0.035433001110973826,0.3484645146734349,True
14.5,6.603198910595182,1.5095679863002631,7.152438395358134,0.00036744286627954066,-0.08233258856799952,0.500265934285563,0.5,0.02521376749122641,0.028918129185494457,0.350630821802809,True
14.55,6.617291539901496,1.5302359757999213,7.177401494939364,-0.0013091259648320762,-0.07209556040792621,0.500296870125958,0.5,0.025237213500538466,0.022238047824096354,0.352621757138428,True
14.600000000000001,6.6313921223941685,1.5508999449514245,7.202391467116761,-0.0027867287460581797,-0.06224246608802853,0.500331169604863,0.5,0.025257550761480164,0.015418634656473007,0.35398124732535796,True
14.65,6.645509992585152,1.5715538199930705,7.227404828904213,-0.004076175187728853,-0.052783409469748355,0.5003682632247219,0.5,0.025276113550906833,0.008528573614923601,0.35542852071303777,True
14.700000000000001,6.659654321238436,1.5921915903771595,7.252438416794039,-0.00518814942442163,-0.043725825578481266,0.5004078114324305,0.5,0.0252937388612289,0.0016142911101397572,0.3569488959581075,True
14.75,6.673833975060716,1.612807396496603,7.277489381849115,-0.006133038500170348,-0.03507351269620329,0.500449618623688,0.5,0.025307638550155366,-0.005402942575123831,0.35852914038568484,True
14.8,6.688057945576672,1.6333952053981626,7.302555141154858,-0.0069214628850762915,-0.02683102254963443,0.5004930315850517,0.5,0.02541639211567023,-0.01297102056213439,0.360155670799583,True
14.850000000000001,6.702337313986826,1.6539479184388846,7.327633732124053,-0.007566403084601436,-0.01901863114743252,0.500553701517449,0.5,0.02550476775260482,-0.020764911758102078,0.3618080100679772,True
14.9,6.716684209127159,1.6744579673878706,7.352723823336775,-0.008081983463690014,-0.011660108496485242,0.5006279746258081,0.5,0.025397679274748498,-0.027987005613715144,0.36346354007086534,True
14.950000000000001,6.731106741538271,1.694919327119733,7.377823548565054,-0.00847813996955668,-0.00474592524465689,0.5006833186080184,0.5,0.025321120342987846,-0.034052063888633285,0.3651137332594006,True
15.0,6.74560745209554,1.7153288907312372,7.402930569360501,-0.008758593485509392,0.0017744663070972113,0.5007250926672976,0.5,0.02520396047835549,-0.040456741958419244,0.3657145870934704,True
15.05,6.760190765635707,1.7356821081378404,7.428042590071363,-0.00892947873155461,0.007924681450444782,0.5007468106871089,0.5,0.025248266908090997,-0.047461559436796696,0.3637208405279412,True
15.100000000000001,6.774867172861129,1.7559706810119098,7.453158050013044,-0.00900408326850343,0.013675968271790406,0.500775492323732,0.5,0.02527357951130348,-0.054451667984104134,0.3619459700914961,True
15.15,6.789646837003474,1.7761870627142715,7.478276246916547,-0.008995003653249692,0.019010399764244124,0.5008078829155006,0.5,0.025282035244071077,-0.06137318815053171,0.36038183421491116,True
15.200000000000001,6.804537688648978,1.7963248893138521,7.503396505822574,-0.00891233684902081,0.023930034273165424,0.500841134870564,0.5,0.025278995920473852,-0.06818978811078348,0.35901690997413305,True
15.25,6.81954712946137,1.816377826111727,7.5285181928561435,-0.00876574243011104,0.028439497929230728,0.500873333953563,0.5,0.02526943639597346,-0.0748610063269908,0.3578394121464585,True
15.3,6.834682047558717,1.8363396080897343,7.553640738496648,-0.008564435337775825,0.03254594907470065,0.5009034198838367,0.5,0.02525622565373515,-0.0813530155965386,0.3568373207378991,True
15.350000000000001,6.8499487948678235,1.856204097543111,7.578763650188904,-0.008317136537797191,0.03625853276312452,0.5009308241363329,0.5,0.025239114530314497,-0.08764897535358313,0.3559985972360777,True
15.4,6.865353228227826,1.8759652712506194,7.603886507395382,-0.00803211643403051,0.03958821850993166,0.5009549464248488,0.5,0.025219400543803696,-0.0937275401887079,0.3553111924905962,True
15.450000000000001,6.880900725768934,1.8956172188537928,7.629008951754528,-0.007717211770221922,0.042546837703191016,0.5009754108690656,0.5,0.025198555675138352,-0.0995691559485374,0.35476331208336603,True
15.5,6.896596160686222,1.9151541838874768,7.654130683555373,-0.007379782513557491,0.04514782484677893,0.5009920911142608,0.5,0.02517742675065636,-0.10514866001864319,0.35434324207173107,True
15.55,6.912443871691658,1.9345706086509415,7.679251456768018,-0.007026663448969131,0.04740579962906122,0.5010050028709085,0.5,0.025155941328156097,-0.11040274577523884,0.3540395175396067,True
15.600000000000001,6.928447495067598,1.9538612828945068,7.704371059873757,-0.006663942915644653,0.04933806452599565,0.501014149621388,0.5,0.025134687557236624,-0.1153177293455589,0.35384070562050324,True
15.65,6.944609952586412,1.9730213811428603,7.729489304537081,-0.006296932615875675,0.05096432761125114,0.5010196320054532,0.5,0.025114013529804437,-0.11989820796489487,0.35373551372256246,True
15.700000000000001,6.960933652713176,1.9920463356235663,7.754606031926096,-0.005930405813076497,0.05230466704480885,0.5010216065323111,0.5,0.02509447619664444,-0.12413136928124248,0.3537131374162197,True
15.75,6.977420501743459,2.010931852933787,7.779721109782953,-0.005568596985426449,0.05337938513622542,0.5010203191746945,0.5,0.025078390446189952,-0.12790083928274618,0.35376329599969897,True
15.8,6.994071518145117,2.029674270257082,7.804834410159415,-0.005214679164909749,0.054212706037046206,0.5010163944426069,0.5,0.025065686266297557,-0.13120629454651733,0.35387567653093993,True
15.850000000000001,7.010886806239349,2.0482706383673714,7.8299458073272366,-0.004870690949641465,0.054832402923747026,0.5010104349305237,0.5,0.02505549174809685,-0.13408438081646182,0.3540401096094369,True
15.9,7.02786602671684,2.0667183700585454,7.855055200236528,-0.004538121989388182,0.05526519152716302,0.501002889140441,0.5,0.025047156573051774,-0.13657410847890478,0.35424731162308876,True
15.950000000000001,7.045008558988789,2.085015117505896,7.880162514198458,-0.004218115413230675,0.0555357181970293,0.5009940906589667,0.5,0.025040277087522256,-0.13871337358543587,0.35448896750143855,True
16.0,7.062313553975509,2.1031587361469377,7.905267697437509,-0.003911530784113461,0.05566603839874262,0.5009843008300611,0.5,0.025034645231522146,-0.14053578130270858,0.35475781211595686,True
16.05,7.079779965367598,2.1211472662637205,7.930370718083038,-0.0036189791090072638,0.05567636932090858,0.5009737422798982,0.5,0.02503010954454717,-0.14207376981237252,0.35504737211542126,True
16.1,7.09740657680167,2.1389789174066434,7.955471562008114,-0.003340852801555383,0.055584712530657776,0.500962608913197,0.5,0.02502649351753235,-0.14335849889886315,0.3553520413416833,True
16.150000000000002,7.115192035139736,2.1566520453582028,7.980570231399698,-0.003077365089112694,0.05540734049198304,0.500951062248991,0.5,0.025023771161665726,-0.1444152658764313,0.3556668976500361,True
16.2,7.133134867041359,2.1741651429440343,8.00566674273234,-0.002828567705886081,0.05515876994006541,0.500939256835575,0.5,0.025021811565682974,-0.14527050053083856,0.3559876908598275,True
16.25,7.151233497782621,2.1915168278165993,8.030761125223208,-0.0025943722394942102,0.05485196134020521,0.5009273230242751,0.5,0.0250205312120367,-0.1459479611789787,0.35631076221432306,True
16.3,7.169486277615197,2.2087058211561477,8.055853419788658,-0.002374583168763202,0.0544983631931667,0.5009153752037099,0.5,0.025019876649490416,-0.14646739244717485,0.3566329975776595,True
16.35,7.187891490285914,2.225730942333498,8.080943677120679,-0.0021689069961801123,0.05410811219965217,0.5009035170337474,0.5,0.025019751704582642,-0.1468490773745496,0.3569517597596729,True
16.400000000000002,7.206447367032264,2.2425910974680057,8.10603195628194,-0.001976969561409409,0.053690256233283384,0.500891834562065,0.5,0.025020089048357945,-0.14711071771872714,0.35726480629265933,True
16.45,7.225152103172314,2.2592852641346055,8.13111832360727,-0.0017983379246057033,0.0532525768304577,0.5008804012834189,0.5,0.025020801158588117,-0.14726856558614068,0.3575703188976842,True
16.5,7.244003866550754,2.2758124832141924,8.15620285118562,-0.0016325314900124258,0.0528017104345505,0.5008692750099976,0.5,0.0250218635819334,-0.147336561632265,0.35786685731006507,True
16.55,7.263000804660653,2.292171851782651,8.18128561557069,-0.001479031492665598,0.052343738509496356,0.5008585085553884,0.5,0.0250231765792375,-0.14732789113277558,0.3581531788244613,True
16.6,7.282141051350867,2.3083625158463836,8.206366696562462,-0.0013372903503429017,0.05188350518541695,0.5008481373739323,0.5,0.025024729789246417,-0.14725406430654214,0.3584284269961153,True
16.650000000000002,7.3014227338001065,2.324383662345298,8.231446176212717,-0.0012067417698979383,0.051425465513830204,0.5008381946208367,0.5,0.025026450899263895,-0.1471257602953204,0.3586918757507348,True
16.7,7.320843977658024,2.3402345127856763,8.256524137936243,-0.0010868084521087368,0.050973165157643045,0.5008287009507382,0.5,0.025028303337461897,-0.14695237024087243,0.35894307282407717,True
16.75,7.340402911831914,2.3559143166901206,8.281600665625827,-0.0009769097434554944,0.05052966216854449,0.5008196706320382,0.5,0.02503024397016383,-0.14674251120435375,0.35918170997654986,True
16.8,7.3600976721578535,2.371422346100844,8.306675842922123,-0.0008764678025357723,0.050097410601348535,0.5008111105680668,0.5,0.025034004071282232,-0.14649877994086508,0.3594076508076508,True
16.85,7.37992639685203,2.386757910874995,8.331749758851348,-0.0007848922737618616,0.04967864211168316,0.5008033136988519,0.5,0.02504124303682466,-0.1462236076225977,0.3596208354782309,True
16.900000000000002,7.3998872258770305,2.4019203814133108,8.356822520287222,-0.0007015610757643137,0.04927524992232857,0.5007968423857604,0.5,0.025050934324193596,-0.14592122383838824,0.359821333734189,True
16.95,7.419978311030825,2.4169091813078594,8.381894254282283,-0.0006258311444082352,0.048889036843877465,0.5007920800109057,0.5,0.025062135059568485,-0.1455983106592687,0.3600092622416692,True
17.0,7.440197824963277,2.431723763202522,8.406965100263804,-0.0005570620047203285,0.048521470815468426,0.5007892477692683,0.5,0.025075227164217492,-0.14526586373999742,0.3601848321186407,True
17.05,7.46054398252561,2.446363576714129,8.432035208908502,-0.0004946533180890539,0.04817348167316093,0.5007886263199639,0.5,0.025090745377736264,-0.1449364345793395,0.36034837058072233,True
17.1,7.481015066672575,2.4608280374578193,8.457104747287847,-0.00043808417787514646,0.04784534251739525,0.5007905800598269,0.5,0.02510802931378008,-0.1446125068745701,0.3605003162918611,True
17.150000000000002,7.501609414790487,2.4751165379348214,8.482173896994858,-0.00038689528206674534,0.04753662912786283,0.5007953582022814,0.5,0.02512662104401207,-0.1442946903229431,0.36064124915674284,True
17.2,7.522325388136398,2.489228476037486,8.507242847217206,-0.00034064724334237015,0.047247178289348546,0.500803130146288,0.5,0.025146377195699992,-0.14399801963126396,0.36077165351028606,True
17.25,7.5431614017915445,2.503163208161978,8.532311794696701,-0.0002989755791667179,0.046976113869803715,0.5008140387874724,0.5,0.025167290238000233,-0.1437387062188053,0.3608921462854328,True
17.3,7.564115969344208,2.5169199803353863,8.55738094685648,-0.00026167217444567233,0.04672167426114893,0.5008282234081897,0.5,0.025189126162622713,-0.14351532103692444,0.3610034458574492,True
17.35,7.585187670605913,2.530497961068508,8.582450518728118,-0.0002286395040217795,0.04648165010390648,0.500845782303213,0.5,0.0252118997241085,-0.14332295199490713,0.36110629062414124,True
17.400000000000002,7.606375100349852,2.5438963062217104,8.607520728473352,-0.00019980797804418409,0.046254081707737815,0.5008668145733232,0.5,0.02523500779692666,-0.14317488141764806,0.3612013188104352,True
17.45,7.627676897449884,2.5571141102458665,8.632591797900234,-0.00017519254013745398,0.0460366369575812,0.5008913179854766,0.5,0.02525787341918877,-0.14308731700149954,0.36128919277873583,True
17.5,7.649091793768654,2.570150318304803,8.657663952568239,-0.00015499295827513858,0.04582627339993506,0.5009191949737917,0.5,0.02528063681765734,-0.14305476578601053,0.3613705970804363,True
17.55,7.6706185755933385,2.5830037688187826,8.682737417951861,-0.00013953740855926486,0.04561944764819992,0.5009503727561937,0.5,0.025303585973489626,-0.14306616646602283,0.3614462340089134,True
17.6,7.692256020090204,2.595673287098158,8.707812416780055,-0.00012916972810511716,0.04541323564584043,0.5009848273444546,0.5,0.025325705780033687,-0.14313277129714244,0.36151661037624927,True
17.650000000000002,7.714002922909781,2.6081576358879732,8.732889169274177,-0.00012430640049647306,0.0452045896430272,0.5010223673573657,0.5,0.02534592117973642,-0.14326474884138046,0.3615821966844608,True
17.7,7.7358581387129215,2.6204554288305713,8.757967889473598,-0.00012553221687888744,0.044989938375316285,0.5010626268838767,0.5,0.02536472888077175,-0.14345405021092222,0.3616434478647987,True
17.75,7.757820539250909,2.632565183077123,8.78304878072138,-0.0001335345372965565,0.04476565094935359,0.501105328159884,0.5,0.025382684317619173,-0.1436876260697714,0.3617007340724683,True
17.8,7.7798889620242235,2.644485407617575,8.80813203640347,-0.00014900203516128122,0.04452861697149824,0.5011502898154947,0.5,0.025398328123491708,-0.1439694201627498,0.36175427309039904,True
17.85,7.802062224108068,2.6562145736545384,8.833217838477339,-0.0001726582645027087,0.044276064504153556,0.5011970922679858,0.5,0.02541050114654827,-0.14430707581376456,0.3618041497345187,True
17.900000000000002,7.824339153679896,2.6677510362935943,8.858306351146215,-0.00020534668698505532,0.04400487906227613,0.5012451312901749,0.5,0.025419956181514682,-0.1446876190194185,0.3618504291416076,True
17.95,7.846718553992406,2.679093087154124,8.88339771734331,-0.00024796872152602046,0.043712114915053446,0.501293937083188,0.5,0.025427494415955314,-0.1451012262009907,0.3618930699339472,True
18.0,7.869199167073589,2.6902390309484994,8.908492062441411,-0.00030140049422564214,0.04339552057514239,0.5013431800504895,0.5,0.025431585624628845,-0.14554588935187093,0.3619318544442725,True
18.05,7.891779686252125,2.701187159839844,8.933589493268801,-0.000366522764245695,0.04305314916104086,0.5013922831369549,0.5,0.02543107667579993,-0.1460213403540493,0.3619664722368409,True
18.1,7.914458761603903,2.7119357206265766,8.958690089131109,-0.0004442543279598202,0.04268313318373269,0.501440488260028,0.5,0.025427089623027564,-0.1465191451373949,0.3619965523277551,True
18.150000000000002,7.937234985341473,2.722482941486028,8.983793901274549,-0.0005355233950855787,0.042283998062340844,0.5014872353606545,0.5,0.02542062721288413,-0.14703003765412545,0.3620216004826582,True
18.2,7.960106878379998,2.732827079393279,9.008900960466004,-0.0006412206853054154,0.04185463325511507,0.5015321394052618,0.5,0.02541025790660375,-0.14754658560754327,0.3620410544909839,True
18.25,7.983072885957541,2.7429664302980354,9.03401127539127,-0.0007621898862907084,0.04139450138516987,0.5015745851450233,0.5,0.025395058817897852,-0.14806274052235685,0.3620542326756599,True
18.3,8.006131371068388,2.7528993266790422,9.059124823520742,-0.0008992288729790161,0.04090348508978109,0.501613815006124,0.5,0.025376437439427788,-0.14857440324775725,0.362060377189962,True
18.35,8.029280619837921,2.762624137494536,9.084241553935623,-0.0010530937743619142,0.040381785714007135,0.5016493166200878,0.5,0.025355522153332054,-0.1490783135483176,0.36205867937330494,True
18.400000000000002,8.05251885471609,2.7721392706958983,9.109361398520544,-0.0012245034605903784,0.03982977578115343,0.5016807726279516,0.5,0.025331088494873158,-0.14955855836476598,0.3620483181937283,True
18.45,8.075844212706457,2.781443225896067,9.134484269639803,-0.0014140838355047414,0.03924853562665443,0.501707668566251,0.5,0.025302628682384854,-0.15000331536827594,0.36202835925141885,True
18.5,8.099254720549313,2.790534644505126,9.159610051218714,-0.0016223134590575298,0.03863975776087425,0.5017294145897473,0.5,0.025271691847175638,-0.150414288588917,0.36199783676564656,True
18.55,8.122748326119517,2.7994122651261315,9.184738605635442,-0.001849578114524868,0.03800568913382085,0.5017456866892464,0.5,0.02523934557997328,-0.15079385599101763,0.3619557155599529,True
18.6,8.146322933784479,2.8080748783989193,9.209869786833792,-0.0020962267637021988,0.03734833964737566,0.5017563426916327,0.5,0.025204628970723716,-0.15111909940331472,0.3619010660107538,True
18.650000000000002,8.169976367982857,2.816521422363852,9.235003436868244,-0.0023624701282856002,0.03667028689571139,0.5017610839694754,0.5,0.02516748687835386,-0.151371518826694,0.3618329303428894,True
18.7,8.193706334008807,2.8247510870123853,9.26013937776835,-0.0026482698307048924,0.0359755482225661,0.5017596077390818,0.5,0.02512937614758592,-0.1515600834560684,0.3617501782478446,True
18.75,8.217510471436201,2.8327632227086386,9.285277421341704,-0.002953443445253829,0.03526819568985334,0.5017518570279484,0.5,0.02509118809956008,-0.1516941051457449,0.3616518060692208,True
18.8,8.241386410467815,2.8405572351657966,9.310417382725335,-0.00327778244382135,0.034551927187539466,0.5017379231237916,0.5,0.025052292640005244,-0.15174018529385477,0.36153694420777627,True
18.85,8.26533171682914,2.8481327417594753,9.335559075080312,-0.003620886248267556,0.033831050518719985,0.5017177916511628,0.5,0.0250130011541891,-0.15167539711289682,0.36140473525317784,True
18.900000000000002,8.289343842758063,2.8554897300964552,9.36070230243438,-0.003981996246737716,0.03311169794852187,0.5016914999285581,0.5,0.02497439633514911,-0.1515154875181617,0.36125414414347357,True
18.95,8.313420202087636,2.8626284046088406,9.385846870850338,-0.004360164685787256,0.03240015634356614,0.501659263589824,0.5,0.02493708454817316,-0.15127820227890404,0.36108427731498527,True
19.0,8.337558240458657,2.8695490217527917,9.410992600152607,-0.004754432104276143,0.03170163252169644,0.5016213948961825,0.5,0.024900815753751047,-0.15091912966964613,0.360894566858037,True
19.05,8.361755365748413,2.876252107273191,9.436139316760757,-0.005163598053023199,0.031022252320135557,0.5015781595843423,0.5,0.024866074952728492,-0.15041210822676324,0.3606844147041739,True
19.1,8.386008891846712,2.8827386700593194,9.461286846942546,-0.0055859990978810595,0.03037014967469065,0.5015298991246548,0.5,0.024833439786189508,-0.149781324592791,0.3604530951619349,True
19.150000000000002,8.410316132124018,2.8890099749794356,9.486435027637153,-0.006019751797887153,0.029753625569922004,0.5014770447763772,0.5,0.024803201990973196,-0.14905174694023476,0.36020005099978925,True
19.200000000000003,8.434674475423567,2.8950673245986875,9.511583714870245,-0.006462981559196793,0.029179360680871066,0.5014200688448114,0.5,0.024775444933067034,-0.14816708200990616,0.35992518897812237,True
19.25,8.459081302485123,2.9009123490077355,9.536732774146905,-0.006913519023629581,0.028655147500512013,0.501359449562383,0.5,0.024750549518232672,-0.14710115222557302,0.35962838314925655,True
19.3,8.48353392945212,2.9065472584824064,9.56188207307073,-0.007368639557425271,0.02819107697578127,0.5012957201704107,0.5,0.024728734514436728,-0.145886150805381,0.35930938732058615,True
19.35,8.508029714078841,2.9119745366775183,9.587031490605582,-0.007825384737675764,0.027797157609050046,0.5012294412120573,0.5,0.02470995737695887,-0.1445558969879135,0.35896821210401414,True
19.400000000000002,8.532566131808892,2.917196674109612,9.612180922085434,-0.008280836749019404,0.02748132319340313,0.5011611568934566,0.5,0.024694462920801095,-0.14304222011106768,0.35860543604773787,True
19.450000000000003,8.557140682343702,2.9222165282355665,9.63733026628157,-0.0087317438783632,0.027252525533103866,0.5010914428541533,0.5,0.024682584346396044,-0.14131796939995023,0.3582216737899918,True
19.5,8.581750831307932,2.9270376247506142,9.66247941596237,-0.00917421151398718,0.027122632206428243,0.5010209202597802,0.5,0.024674090332200374,-0.13942493835460473,0.35781732883412865,True
19.55,8.60639412406639,2.931663765072142,9.687628264933446,-0.00960410746732277,0.027103043574367658,0.5009501617477092,0.5,0.02466877738398161,-0.13740462388868988,0.3573931821864952,True
19.6,8.631068258372814,2.9360987119338082,9.712776709817184,-0.010017381692911071,0.027202504143282097,0.5008796968355013,0.5,0.024667017199215834,-0.13517755371140458,0.3569507165980408,True
19.650000000000002,8.655770984309212,2.9403466252597186,9.737924633650808,-0.01040961645949755,0.027431060423561804,0.5008101077094512,0.5,0.024668873965616185,-0.13271933649203152,0.3564914062721996,True
19.700000000000003,8.6805000490383,2.9444123919007397,9.763071892750798,-0.010775689800021764,0.02780162663049815,0.5007419775315859,0.5,0.02467394083950484,-0.13007913938931412,0.35601659578264744,True
19.75,8.705253309809528,2.9483011551672607,9.788218321289797,-0.011110256272735134,0.028326582067284417,0.5006758125749761,0.5,0.02468191947872717,-0.12730508920715614,0.3555280202493256,True
19.8,8.73002879711108,2.952017973791917,9.8133637310069,-0.01140809102621955,0.029015233740172258,0.5006120614343522,0.5,0.024693249665443975,-0.12430747536256173,0.3550282077064846,True
19.85,8.754824614072925,2.9555683227179244,9.83850789055752,-0.011663576792031461,0.029878000117001036,0.5005512379842867,0.5,0.02470764540129322,-0.12106475715478798,0.3545197666554928,True
19.900000000000002,8.779638884513009,2.958958446018117,9.863650506677585,-0.01187034535234113,0.030928801676723988,0.5004938003424787,0.5,0.024724652457535534,-0.11763337395430609,0.35400504715434467,True
19.950000000000003,8.804469859299642,2.9621948135191296,9.888791226897705,-0.012021828926459584,0.03218030664948093,0.5004401239892663,0.5,0.024744141895778792,-0.11406691453003777,0.3534869871753929,True
20.0,8.82931596945818,2.9652837597541555,9.913929639530739,-0.012111623026726701,0.033641917861269244,0.5003905569019157,0.5,0.024766328948252227,-0.1102671427612356,0.35296934147803544,True
20.05,8.854175728172208,2.968232043457471,9.939065247087857,-0.012132917242370228,0.03532430322263255,0.5003454768966197,0.5,0.0247906201139517,-0.10621589040163655,0.3524559262107573,True
20.1,8.879047681360742,2.971047215472002,9.964197439110118,-0.012078123308515746,0.03724166591471878,0.5003051574643811,0.5,0.024816685043453683,-0.10197534927928432,0.3519503323491211,True
20.150000000000002,8.903930502559296,2.973737015731658,9.98932549514306,-0.011939484572902021,0.0394066327823956,0.5002698129910828,0.5,0.024844654430948944,-0.09760307316756896,0.3514568169627794,True
20.200000000000003,8.928823035665989,2.9763090029250634,10.014448587267244,-0.011709447959576852,0.04182840872120153,0.5002396759373412,0.5,0.0248743306277084,-0.09299555539720963,0.35098047196712157,True
20.25,8.953724202758485,2.978771154877845,10.039565745491124,-0.011380057093372802,0.04451732909222142,0.5002149422679808,0.5,0.02490480005662009,-0.08814025385508041,0.3505265044095691,True
20.3,8.978632956789383,2.981132233331569,10.064675820376435,-0.010942585751985475,0.04748731462356007,0.5001956537214061,0.5,0.024936042039554067,-0.08310276238050103,0.35009989579791145,True
20.35,9.003548361166375,2.9834011418950426,10.08977748929475,-0.010388185764161601,0.050750453146676665,0.500181847939935,0.5,0.024968476804080972,-0.0779432102156677,0.3497063401093893,True
20.400000000000002,9.028469622237267,2.9855865635006054,10.1148692639431,-0.00970825196136,0.0543152507570476,0.5001736314097547,0.5,0.025001302532384265,-0.07255774122051396,0.3493523880006473,True
20.450000000000003,9.053396004938588,2.987697573511927,10.139949445969659,-0.008893806455040001,0.05819116617968409,0.5001709763339713,0.5,0.025033385720567652,-0.06693821939059925,0.3490447479198119,True
20.5,9.078326784988894,2.989743996472828,10.165016078348408,-0.007935143141579608,0.062391186495381015,0.5001736680271125,0.5,0.025065077549544772,-0.06115383076052013,0.34878990642898344,True
20.55,9.103261312559365,2.9917357442606876,10.190066959166497,-0.006822495917416611,0.06692618374109666,0.5001815533983132,0.5,0.0250971204468641,-0.055266386038045706,0.3485951029571866,True
20.6,9.128199037539217,2.993682460524554,10.215099657591788,-0.005546398266074067,0.07180331068140519,0.5001946045973493,0.5,0.025128023512085866,-0.049177936954093955,0.3484684323044076,True
20.650000000000002,9.153139432883817,2.9955941215169117,10.240111459709038,-0.004097084199387962,0.0770303962886076,0.5002125478058022,0.5,0.025156555708189577,-0.04288537724696952,0.34841817832825706,True
20.700000000000003,9.178081945053384,2.99748137257633,10.26509931029384,-0.002464156901670077,0.08261841904968417,0.5002349102536079,0.5,0.025183469018157104,-0.036458981404040906,0.3484524480884028,True
20.75,9.203026042369551,2.999354879340888,10.290057001870094,-0.0006529927914644872,0.08399402897709468,0.5002613512707956,0.5,0.025209770774033156,-0.029960783686157868,0.3498707809820861,True
20.8,9.227971235343752,3.0012249895325707,10.315015487880046,0.001056188686089358,0.07369705809384743,0.5002917023075534,0.5,0.02523373071111854,-0.02330898409331693,0.35241489283998517,True
20.85,9.25291701107081,3.0031022705751447,10.340001426645195,0.002564731456105345,0.06378248078628118,0.5003255116043082,0.5,0.025254487004133717,-0.016507719716795353,0.3537588900234786,True
20.900000000000002,9.277862786094628,3.004997800859335,10.365011288627594,0.003883394602342312,0.054260456541256205,0.5003621924154457,0.5,0.025273223540242133,-0.00962481220431264,0.3551931236167544,True
20.950000000000003,9.302807942857385,3.006922583607589,10.390041858414634,0.005022910921561821,0.04513892581011181,0.5004013633677802,0.5,0.025291135879721406,-0.0027182963065692724,0.3567027037854285,True
21.0,9.327751846905231,3.0088872543128873,10.415090240029533,0.005993688002559703,0.03642199688681522,0.5004428469941999,0.5,0.025305718948755253,0.004281850876785662,0.3582742713580357,True
21.05,9.352693786900073,3.010902563605872,10.440153810316222,0.006806287559541392,0.028114088595197134,0.5004860547049355,0.5,0.02536548165321735,0.01144106611716903,0.35989432491491313,True
21.1,9.377633105447561,3.0129799482241992,10.465230392390271,0.007471983094527053,0.02022352422753189,0.5005384253879254,0.5,0.02546988183930967,0.01879597422869527,0.36154760068986236,True
21.150000000000002,9.402569378734897,3.0151315106450647,10.49031846499819,0.00800271568626627,0.012761518523941069,0.5006071852025415,0.5,0.02543141402682567,0.02693021622533728,0.36321739457091207,True
21.200000000000003,9.427501427056415,3.0173721831380274,10.515416370213504,0.008413308391206912,0.005757846685552348,0.5006684490477367,0.5,0.02539946253009113,0.03400924411679027,0.36487869263633943,True
21.25,9.452427737993444,3.0197125072698334,10.54052223760455,0.008714249516060313,-0.0007949039852796908,0.5007234178926597,0.5,0.02518727449578031,0.03948375180693921,0.3660497035171939,True
21.3,9.477346883062053,3.022152351701402,10.565633626587985,0.008905419025409783,-0.006975081971653932,0.5007424057178731,0.5,0.02524262216339471,0.04637403229842892,0.36402603915000065,True
21.35,9.502257042602354,3.0246997938406097,10.590748545443578,0.008994952654492312,-0.012787568763980614,0.5007702272894092,0.5,0.02527121780896408,0.05335924036213261,0.36221746290903567,True
21.400000000000002,9.527156570674618,3.0273706977904578,10.615866313822186,0.008998739666881023,-0.018186852598053624,0.5008023146908173,0.5,0.02528188881861069,0.06028914967014405,0.36062073490510793,True
21.450000000000003,9.552043930220968,3.030175567899865,10.640986254341325,0.008927327120173483,-0.023171282331545306,0.5008356346288793,0.5,0.02528018160809398,0.06712258067009522,0.35922497310204093,True
21.5,9.57691736797558,3.033124081328289,10.666107723931685,0.008790468887687725,-0.027744918063336385,0.5008681207510932,0.5,0.02527135246349883,0.07381698228043229,0.3580184557965936,True
21.55,9.601774929270993,3.03622542172544,10.691230140793339,0.008597460355347756,-0.0319143494157,0.5008986096928418,0.5,0.025258684357038985,0.08033687121043913,0.3569892392659596,True
21.6,9.62661449847457,3.0394882398889536,10.716352999656266,0.008357098042759276,-0.03568851680591653,0.5009264999767664,0.5,0.025242113870310685,0.08666357631917965,0.35612525830567165,True
21.650000000000002,9.651433810916293,3.0429206944443887,10.741475868844331,0.008077721418303124,-0.03907801248293995,0.5009511896102394,0.5,0.02522265643547161,0.09277678313995637,0.3554144936410314,True
21.700000000000003,9.676230458138694,3.0465304753417723,10.766598379995873,0.0077672384394056725,-0.04209464139328205,0.5009722544107064,0.5,0.0252019160745564,0.09865595829819605,0.35484507601804915,True
21.75,9.701001908912747,3.0503247641454343,10.791720223902365,0.0074330861606226525,-0.04475146667425446,0.5009895423452919,0.5,0.02518084138447189,0.10428033571591597,0.35440531162784034,True
21.8,9.725745532053772,3.05431019965667,10.816841147026562,0.0070821960331393635,-0.047062841973559255,0.5010030606926746,0.5,0.02515939624978374,0.10958720480388139,0.3540837056039427,True
21.85,9.750458639260067,3.0584926685597944,10.841960933467433,0.006720783230077025,-0.04904563778206955,0.5010128106474903,0.5,0.02513806694049958,0.11455498511303645,0.35386881358602973,True
21.900000000000002,9.77513851683413,3.0628772275621334,10.86707939084476,0.006354267546413546,-0.05071931847158967,0.5010188737609385,0.5,0.025117273070616345,0.11918773362174388,0.35374929606009464,True
21.950000000000003,9.799782418572896,3.0674683287723217,10.89219635531065,0.005987499106870435,-0.05210392703287994,0.501021399591407,0.5,0.02509743138543514,0.12348245068105683,0.35371427334227057,True
22.0,9.824387575344492,3.072269890287555,10.917311691666761,0.0056248280887300686,-0.05321951160923427,0.5010206041026055,0.5,0.025080728883493737,0.12732740670154508,0.35375341526292803,True
22.05,9.848951302337266,3.0772848145925735,10.942425271862337,0.005269613620880678,-0.05408959209777881,0.5010170611547099,0.5,0.025067552389496383,0.13070440542667341,0.35385642037966636,True
22.1,9.87347107477043,3.0825148181480606,10.967536968493874,0.0049240435943821255,-0.05474166488098581,0.5010113990385292,0.5,0.025057004061724657,0.1336475441763374,0.35401304463018574,True
22.150000000000002,9.897944470674398,3.0879609697085173,10.992646676075417,0.0045896739391883745,-0.05520278422633116,0.5010040872405873,0.5,0.02504841256583545,0.13619707819827678,0.3542138357191801,True
22.200000000000003,9.922369136039974,3.093623960652254,11.017754316044533,0.004267700069772689,-0.05549778166860311,0.5009954765109228,0.5,0.025041316972505435,0.13838946439763963,0.35445036950612285,True
22.25,9.946742779326584,3.0995041733349424,11.042859833202847,0.0039590244639464665,-0.05564924751795594,0.500985835605973,0.5,0.025035494539480303,0.14025978594501445,0.35471518084827863,True
22.3,9.971063171237633,3.105601717519798,11.067963192396252,0.0036642918235963817,-0.055677605797414514,0.5009753920148751,0.5,0.02503078013581661,0.1418415384503485,0.35500170133732695,True
22.35,9.995328142704873,3.1119164728101074,11.093064376851725,0.0033839303456948988,-0.05560127238453497,0.5009643421652539,0.5,0.025027039826611624,0.1431636975169862,0.3553041681363633,True
22.400000000000002,10.019535584683956,3.1184481156384405,11.118163386097452,0.0031181774473868053,-0.05543677496666602,0.5009528570940094,0.5,0.02502417191661358,0.14425549575630803,0.3556175604859077,True
22.450000000000003,10.04368344642234,3.1251961485189685,11.143260234364309,0.0028671079623678016,-0.055198892788602405,0.5009410881966779,0.5,0.025022110663268798,0.14514147325821794,0.35593752885488705,True
22.5,10.067769733329134,3.132159926449493,11.168354949207849,0.0026306595971733937,-0.05490075768735528,0.5009291734952734,0.5,0.025020718312972853,0.14584566091704398,0.35626033871031787,True
22.55,10.091792505458269,3.1393386754091024,11.193447569646025,0.0024086505516155965,-0.05455412806501175,0.5009172259577586,0.5,0.025019959733226724,0.14638911563847115,0.3565827725351842,True
22.6,10.115749874231149,3.146731514954735,11.218538144778789,0.002200801524202494,-0.054169373139558774,0.5009053508746166,0.5,0.025019756522520198,0.1467913503857219,0.3569021117613518,True
22.650000000000002,10.139640000429056,3.154337473251646,11.243626732350553,0.0020067500736225185,-0.05375557826284944,0.5008936388345149,0.5,0.025020025830083146,0.14707174871582876,0.3572160915778079,True
22.700000000000003,10.16346108896699,3.1621555105245593,11.268713397718207,0.0018260739541303443,-0.053320713817128156,0.5008821652324968,0.5,0.025020684403391554,0.14724483319351114,0.35752282854119916,True
22.75,10.187211386821732,3.170184527802469,11.293798212118915,0.0016582994867534796,-0.052871755608477344,0.500870990455268,0.5,0.025021688155639314,0.14732667870669294,0.35782077733312617,True
22.8,10.210889180225628,3.1784233776495734,11.318881251352856,0.0015029120690084902,-0.05241469505988133,0.5008601666032142,0.5,0.025023006652135363,0.1473288366703713,0.35810871742396755,True
22.85,10.234492791526106,3.186870875325321,11.343962594840342,0.001359367211682139,-0.051954718135787954,0.5008497398841314,0.5,0.025024490462773937,0.1472652433044724,0.3583856903448913,True
22.900000000000002,10.258020575299081,3.1955258093808068,11.369042324345925,0.0012271013137025257,-0.05149627000947532,0.5008397310429044,0.5,0.025026173387771425,0.1471451008331425,0.35865097036681615,True
22.950000000000003,10.281470914571264,3.204386951426195,11.394120523054937,0.0011055416542862732,-0.05104297708173805,0.500830166067987,0.5,0.025028025916041252,0.14697846580070484,0.35890407737633867,True
23.0,10.304842220386941,3.213453056376465,11.419197274747873,0.0009941063248820573,-0.050598062153653034,0.50082106564031,0.5,0.025029936775922083,0.14677397046973656,0.3591446567002099,True
23.05,10.328132926804065,3.2227228742779395,11.444272663118008,0.0008922166415652022,-0.05016406385005362,0.5008124317075062,0.5,0.025033140643513446,0.1465359305380259,0.35937254832028487,True
23.1,10.351341498018657,3.23219514233739,11.469346775287317,0.0007992866372965638,-0.04974312761874422,0.5008044702566463,0.5,0.025039907264715357,0.1462655986194196,0.3595877131173528,True
23.150000000000002,10.374466449162286,3.241868569902779,11.49441971460742,0.0007147005295193253,-0.049337283190381886,0.5007977590162063,0.5,0.02504927830318644,0.1459676026099432,0.3597901749642207,True
23.200000000000003,10.397506349646285,3.2517418463721217,11.519491605526037,0.0006378175417111171,-0.048948344051861936,0.5007927077543143,0.5,0.025060303865389905,0.1456475746166404,0.3599800451844162,True
23.25,10.420459807019686,3.2618136616218982,11.544562586036358,0.0005679958310064836,-0.048577837829123616,0.5007895624549162,0.5,0.025072970512869375,0.14531571826077197,0.36015751895578724,True
23.3,10.443325450677799,3.2720827344894343,11.569632804571842,0.0005046241494411175,-0.04822680977157905,0.5007885628094066,0.5,0.025088140650605596,0.14498540764777745,0.36032290087731367,True
23.35,10.46610191566103,3.282547856848482,11.5947024251959,0.0004471677413754188,-0.047895558260442395,0.5007900870827753,0.5,0.025105177713734175,0.1446609181982999,0.3604766361043431,True
23.400000000000002,10.488787842238668,3.29320788745837,11.619771627708584,0.0003951618774200677,-0.047583873356687956,0.5007944020644178,0.5,0.025123572101110204,0.14434212112346578,0.3606192476544976,True
23.450000000000003,10.511381886516919,3.3040617070327447,11.64484060035643,0.0003481657769449266,-0.047291446270757216,0.500801685897791,0.5,0.02514317935987272,0.14403976212841146,0.3607512635391143,True
23.5,10.533882704822979,3.315108244089937,11.66990953835154,0.0003057920274874154,-0.047017585703470643,0.500812089899887,0.5,0.025163888962610993,0.1437739663614007,0.36087326984347934,True
23.55,10.556288910745833,3.3263465620073074,11.69497864726073,0.0002678030467767311,-0.046760755998281674,0.5008257446115847,0.5,0.02518559071455124,0.14354627065941955,0.3609859486441792,True
23.6,10.578599074055319,3.3377758442953596,11.720048141502875,0.00023409778388952418,-0.046518646870756804,0.5008427601953943,0.5,0.02520822466511535,0.14334892927421478,0.3610900711488048,True
23.650000000000002,10.600811760384259,3.3493952960088484,11.745118238945487,0.0002046054678403891,-0.046289253242641826,0.5008632350760676,0.5,0.025231347768503623,0.14319188261562624,0.36118628991362467,True
23.700000000000003,10.622925516063036,3.361204168245264,11.770189160485067,0.00017931415374404354,-0.04607047321496265,0.5008871928144091,0.5,0.025254239973605593,0.1430948212507611,0.3612752271679532,True
23.75,10.644938807869874,3.373201864706653,11.795261131219197,0.00015839294889223474,-0.045859281480512604,0.500914537561261,0.5,0.025277018014982333,0.1430539155754277,0.3613575930708195,True
23.8,10.666850029645847,3.385387907327365,11.82033437693621,0.00014215860125621452,-0.04565211572669175,0.5009451943401232,0.5,0.025299908617030797,0.1430595244535272,0.3614341067878846,True
23.85,10.688657552855599,3.397761829110593,11.845409120843113,0.00013095745509025857,-0.04544599964808338,0.5009791268801228,0.5,0.02532231526091223,0.14311527877282154,0.36150528777345964,True
23.900000000000002,10.710359715649858,3.410323190466914,11.870485583625156,0.00012518540760298008,-0.045238020081010466,0.5010162009062812,0.5,0.02534280801258231,0.14323793299217202,0.3615715878942195,True
23.950000000000003,10.731954762287163,3.4230716714107303,11.895563980694563,0.00012539846766707052,-0.045024651988042896,0.5010560480130446,0.5,0.02536182632933277,0.14341825684693718,0.3616334773412706,True
24.0,10.753440851987177,3.436007034628786,11.920644517290624,0.00013227707360396668,-0.04480208810242936,0.5010983785204024,0.5,0.02537985731989285,0.14364499395115185,0.36169138445840643,True
24.05,10.774816117252,3.4491290202010942,11.94572738788088,0.00014650668311256182,-0.044567321509491054,0.5011429880467569,0.5,0.025396109604209422,0.14391886492825015,0.361745500053854,True
24.1,10.796078650854119,3.4624373671851316,11.970812776877533,0.0001688039091180029,-0.04431748795993706,0.5011895447851313,0.5,0.02540878265903933,0.144247656637254,0.3617959426825249,True
24.150000000000002,10.817226458736286,3.4759318722487023,11.995900851984658,0.00019999221525310773,-0.044049473106151704,0.5012374248222224,0.5,0.025418605221482933,0.14462229541843377,0.36184279735613645,True
24.200000000000003,10.838257470947417,3.48961235564831,12.020991759175299,0.00024096865470196705,-0.04376038839377783,0.5012861350223834,0.5,0.025426430659151615,0.14503164809266453,0.36188601031645085,True
24.25,10.859169590385452,3.503478589310691,12.04608562643253,0.0002926184819465284,-0.04344772309420452,0.5013353314629959,0.5,0.025431304561709916,0.1454710514310459,0.3619254301728718,True
24.3,10.87996069284928,3.5175302985677144,12.07118256422094,0.0003558179599994025,-0.04310956906132346,0.5013845181715635,0.5,0.025431441167003337,0.14594202000105408,0.3619607396153288,True
24.35,10.900628596412135,3.5317671917957143,12.096282656679819,0.0004314775264221068,-0.04274412339904687,0.5014329122414789,0.5,0.025427904273920263,0.14643631588403522,0.3619915570971644,True
24.400000000000002,10.921171068218891,3.546188943420343,12.12138595875113,0.0005205257104010099,-0.04234973796747188,0.5014799195719888,0.5,0.025421801835925333,0.14694572729780817,0.3620174385291562,True
24.450000000000003,10.941585859770981,3.56079515674365,12.146492503888766,0.0006238602468285598,-0.04192527004183844,0.5015251390403884,0.5,0.025412299118208283,0.1474618850836746,0.36203782397115036,True
24.5,10.96187071771388,3.575585353562669,12.171602305238924,0.000742334911682289,-0.0414700862360885,0.501568038215581,0.5,0.02539771637997224,0.14797981789855802,0.3620520495596373,True
24.55,10.98202337789869,3.5905589690192286,12.196715345797937,0.0008767604306771058,-0.04098396850222952,0.5016078158741006,0.5,0.025379598859967094,0.14849151290172027,0.362059373888094,True
24.6,11.002041572726021,3.6057153448001036,12.22183157819411,0.0010278965199284264,-0.04046710380069374,0.5016439394879663,0.5,0.025359022929384578,0.1489964777959051,0.3620589888568765,True
24.650000000000002,11.021923038446747,3.621053742769155,12.246950936434205,0.0011964601279801038,-0.03991994494115114,0.5016760632764142,0.5,0.02533531526030941,0.1494823497061956,0.3620500518896004,True
24.700000000000003,11.041665532700163,3.6365733275274,12.272073336960489,0.0013831022401873574,-0.03934328218881623,0.5017037359178494,0.5,0.02530738200183953,0.14993290482495047,0.36203168811549913,True
24.75,11.061266879386915,3.652273098514708,12.297198668520643,0.0015883280761068003,-0.03873878182295464,0.5017263327957696,0.5,0.025276741642780636,0.15034929777992653,0.362002912787473,True
24.8,11.080724955803094,3.668151921803015,12.322326795758784,0.0018125315687156618,-0.03810857661947287,0.5017434906419226,0.5,0.02524457678935777,0.15073347205702575,0.3619627159810318,True
24.85,11.100037663790323,3.684208595177086,12.347457573296854,0.002056065363706211,-0.037454831062364136,0.5017550476854528,0.5,0.025210386843667488,0.1510703170175603,0.36191011933216555,True
24.900000000000002,11.119202974703922,3.7004417979433843,12.37259084596988,0.0023191741941276794,-0.036779874957103775,0.5017607621073715,0.5,0.02517352059695359,0.15133402387807768,0.3618442035351115,True
24.950000000000003,11.138219012041954,3.7168499865225457,12.3977264392447,0.0026018625111749356,-0.03608752222123036,0.5017602884722531,0.5,0.025135513844801585,0.15153199973385573,0.36176385509055875,True
25.0,11.157084024240739,3.73343145121615,12.422864165367548,0.0029039562563982248,-0.03538191077922492,0.5017535409129231,0.5,0.02509728015356191,0.1516743588280341,0.3616680429661001,True
25.05,11.175796305148074,3.750184441366351,12.448003838498572,0.0032252499634903837,-0.03466682795194964,0.5017405859789955,0.5,0.025058560411793104,0.15173853736151152,0.3615558685782516,True
25.1,11.194354269298406,3.7671070809873934,12.473145272841121,0.003565393507520484,-0.03394637815013768,0.5017214462841109,0.5,0.02501920591059358,0.15169130530028382,0.3614264837986147,True
25.150000000000002,11.212756585883204,3.784197217981551,12.498288273775763,0.003923690307904288,-0.03322635508063432,0.50169611947828,0.5,0.024980479425950993,0.15154532502651724,0.3612788909407699,True
25.200000000000003,11.231002124485201,3.801452516430035,12.523432645829438,0.004299202114874003,-0.032513172615911246,0.5016648119495364,0.5,0.02494296004122241,0.15131903542693687,0.36111215016709575,True
25.25,11.249089824575336,3.818870630685295,12.548578206468061,0.004690964821082528,-0.031812237260990694,0.5016278223578506,0.5,0.024906527010101372,0.15098588749664327,0.3609256400813902,True
25.3,11.267018790491168,3.8364491025033893,12.5737247821082,0.005097847283528669,-0.03112931296044974,0.5015854244342317,0.5,0.024871442440396064,0.15050017621009837,0.36071879962274517,True
25.35,11.284788491253956,3.854185152886043,12.598872198729097,0.005518261768433131,-0.03047222312179554,0.501537930670972,0.5,0.024838457862589664,0.1498879478282714,0.36049091879394146,True
25.400000000000002,11.30239866431447,3.872075818926536,12.624020290250103,0.00595032822698833,-0.02984955350802354,0.5014857725703958,0.5,0.02480786645479223,0.1491730172775389,0.3602413539216271,True
25.450000000000003,11.319849119391098,3.890118182550176,12.649168909968203,0.006392173272018111,-0.029268128931074777,0.5014294229149239,0.5,0.024779670574222024,0.14832024388770876,0.35996996857349073,True
25.5,11.337139890441057,3.908309211464671,12.674317922923743,0.00684170819009791,-0.028735281290294016,0.5013693470166867,0.5,0.024754303716834267,0.14728117644201066,0.3596766914376809,True
25.55,11.354271471786728,3.926645532026273,12.699467196341448,0.007296299530817637,-0.028260854301681237,0.5013060741026444,0.5,0.024732020835794667,0.14608709135574116,0.3593612578951242,True
25.6,11.37124468055536,3.9451236003905894,12.724616606466462,0.0077529851658505846,-0.027855131891450724,0.5012401667483397,0.5,0.024712739189475644,0.1447749970628977,0.35902360160365354,True
25.650000000000002,11.388060398660569,3.9637399720493582,12.749766046395134,0.008208844596989055,-0.027526313920172463,0.5011721645141495,0.5,0.024696684499875797,0.14329721698630649,0.35866422566520056,True
25.700000000000003,11.404719770041071,3.982491105202797,12.774915415393172,0.008660717912960112,-0.027282902938298607,0.5011026353143743,0.5,0.024684242169915174,0.14160351637835486,0.3582837845474038,True
25.75,11.421224494246129,4.0013730951681605,12.800064607199452,0.009104807621054124,-0.027136455830893302,0.5010322013447019,0.5,0.02467524109615605,0.13973483297162495,0.357882675494223,True
25.8,11.437576619739113,4.020381899388043,12.825213514930327,0.009536980633263036,-0.02709860635318251,0.5009614462076366,0.5,0.024669403208161224,0.13773435891380745,0.3574616113616198,True
25.85,11.45377824276283,4.039513623433287,12.850362035336737,0.009953180565794972,-0.027178544816090725,0.5008908978772888,0.5,0.024667042018339087,0.1355480599530238,0.35702194959170697,True
25.900000000000002,11.469831750587083,4.0587642910764545,12.875510054887346,0.01034909036802438,-0.02738564730574744,0.5008211274042402,0.5,0.024668353857300117,0.13312333188278122,0.3565652594260095,True
25.950000000000003,11.485740151524695,4.078129561829732,12.900657434473693,0.010719695564122653,-0.027732718918089816,0.5007527288393228,0.5,0.024672920655292502,0.13050799452714232,0.35609280857917547,True
26.0,11.501506821743083,4.097604980113024,12.925804011091808,0.011059636270347093,-0.028232384086717462,0.5006862173078972,0.5,0.024680434007720155,0.12775504180924824,0.35560627292635216,True
26.05,11.517135150476534,4.117186285547575,12.950949600724812,0.011363675728005706,-0.028894326219023547,0.5006220484466604,0.5,0.024691206403857153,0.12480154590990183,0.35510807994141497,True
26.1,11.532628828703606,4.136869153877581,12.97609398075948,0.01162631015078024,-0.02972856645823641,0.5005607220156055,0.5,0.024705171895431942,0.12159463958968136,0.3546008387647692,True
26.150000000000002,11.54799222080592,4.156648892826522,13.001236868538133,0.011841286553218809,-0.030748407898637198,0.5005027186216455,0.5,0.02472176807207681,0.11818953706192707,0.35408696215480395,True
26.200000000000003,11.56323005314282,4.176520720523742,13.02637792042858,0.012002018133134913,-0.0319671778543521,0.5004484179811668,0.5,0.02474085406908109,0.11464467246659661,0.35356921033152544,True
26.25,11.57834702538444,4.196480081265511,13.051516734966416,0.01210208294253939,-0.033394649233705054,0.5003981702659545,0.5,0.02476262225962086,0.11088979756457708,0.3530512432864368,True
26.3,11.593348146068065,4.216522359661117,13.076652830618627,0.0121347817854148,-0.035040993219040195,0.5003523516720452,0.5,0.024786624060644673,0.10687501889825547,0.35253690697444234,True
26.35,11.60823912115322,4.236642574111006,13.101785615946188,0.012092642515019212,-0.036919909953165304,0.5003112580497442,0.5,0.024812401643898904,0.10265952331587502,0.3520298179436733,True
26.400000000000002,11.623025996594086,4.256835670222004,13.126914387095425,0.011967881518440682,-0.03904468369993075,0.5002751047042575,0.5,0.024840063980899624,0.09831009368454949,0.35153406194676345,True
26.450000000000003,11.637714739771873,4.277096840079404,13.152038334435948,0.011752929283671228,-0.041424929070217664,0.5002441214101064,0.5,0.024869516428269265,0.09374706931805836,0.35105462145810895,True
26.5,11.652311617004521,4.297421214620893,13.177156513826615,0.011439943801269793,-0.044070400155391654,0.5002185185159305,0.5,0.02489990384747888,0.08892675480860053,0.35059675168663607,True
26.55,11.666823596893442,4.317803552810552,13.202267805391642,0.011020302583004047,-0.046994596084128926,0.5001983615654761,0.5,0.024930984941898153,0.08391308430400177,0.35016544463112975,True
26.6,11.681257935621648,4.338238556777322,13.227370912685108,0.010485124548335396,-0.05021040274535271,0.500183675148309,0.5,0.024963230690598383,0.07877477941854606,0.34976618567097084,True
26.650000000000002,11.695621760400353,4.358721172585047,13.252464375160125,0.009825784700541018,-0.053726557871888514,0.5001745613026048,0.5,0.024996093347609712,0.07343164712136653,0.3494054687091156,True
26.700000000000003,11.70992246644508,4.379246277979574,13.277546532017464,0.009033411900316073,-0.057552085464443126,0.5001710298517361,0.5,0.02502831981243075,0.06784474335914034,0.3490900111889798,True
26.75,11.724168112007751,4.399808380224408,13.30261546849725,0.008098395884432117,-0.061699691948365554,0.50017288334144,0.5,0.02506002290368009,0.06208291330708715,0.34882627281193757,True
26.8,11.738366973775591,4.420401932312842,13.327669019986933,0.0070109363786484465,-0.06618065976887955,0.5001799462299079,0.5,0.025092023949215298,0.056213133040857885,0.3486213953472717,True
26.85,11.752527142652507,4.44102161271544,13.352704793738283,0.0057615376925893936,-0.07100270489539995,0.5001921816286405,0.5,0.025123233387789424,0.050161447005773366,0.3484833272630966,True
26.900000000000002,11.766656919372586,4.461662021343301,13.377720125174012,0.004340515871517415,-0.07617334924886554,0.500209373166098,0.5,0.02515213142560419,0.04389661407090012,0.34842034477221484,True
26.950000000000003,11.780765172804177,4.4823174023640515,13.402712014146772,0.0027375542729381783,-0.08170326853959675,0.5002310568423401,0.5,0.02517924087311605,0.03748755403010688,0.3484405454248457,True
27.0,11.794860901400773,4.50298193937891,13.427675715105098,0.0009444421481891796,-0.08566929340541651,0.5002568627339037,0.5,0.025205686769065833,0.031001803589750996,0.3491013105064853,True
27.05,11.808952848171696,4.52365001475386,13.452629483956043,-0.0007976537816403683,-0.07531225783802031,0.5002866129764796,0.5,0.025230108024893942,0.024378685606515505,0.35221007286394684,True
27.1,11.823049853266877,4.544315941567118,13.477611292909618,-0.0023374508663310785,-0.06533601427209634,0.5003199076692633,0.5,0.02525134765094135,0.01759729752813472,0.35353826057383647,True
27.150000000000002,11.837161167882249,4.564973717582066,13.502617567431878,-0.0036856343211516974,-0.055750869628065414,0.5003561622814952,0.5,0.025270319775609097,0.010722374707854903,0.3549591432105765,True
27.200000000000003,11.851296058868462,4.585617282655824,13.527645040134221,-0.004852981773377023,-0.04656513775061877,0.5003949530310382,0.5,0.025288377969201355,0.0038204219231498943,0.35645766469421225,True
27.25,11.865463461482147,4.60624075065273,13.552690766204188,-0.0058499401195468625,-0.03778349181818996,0.5004360868597402,0.5,0.025303686352292548,-0.0031611521356639865,0.3580202465228687,True
27.3,11.879672293128769,4.626838171184787,13.577752081803109,-0.006687012259297661,-0.029410041763151654,0.5004790704518196,0.5,0.02536335599024399,-0.010309507404607753,0.3596335199884084,True
27.35,11.893932097603235,4.647403295540739,13.602826767460005,-0.00737541916278619,-0.021452914218290545,0.5005312053526809,0.5,0.025466843901589886,-0.017662986860265417,0.3612823171449807,True
27.400000000000002,11.908253190515337,4.667929685247968,13.627913251103376,-0.007927148618106271,-0.01392384991330109,0.5005995825166117,0.5,0.02549050410768432,-0.025618979061383357,0.3629497184839688,True
27.450000000000003,11.922647487160006,4.6884094782846715,13.653010088594794,-0.008356315566052918,-0.0068476318142342,0.5006707388079737,0.5,0.025380375846863416,-0.03287510706257587,0.3646128842962232,True
27.5,11.937123798664485,4.7088357290014695,13.678115285050067,-0.008673967216689001,-0.0002220820571591231,0.500722515039949,0.5,0.02517281431878165,-0.038382170749640225,0.36626007749540446,True
27.55,11.951681925469128,4.729206476151659,13.703226071134283,-0.008880945151975574,0.006024694019810982,0.5007391277818273,0.5,0.025234394707028887,-0.04528533894642111,0.3643320001004444,True
27.6,11.966327524474586,4.749516482593602,13.72834047715362,-0.008984817361167413,0.011902405134719298,0.5007656437521742,0.5,0.025267172589415274,-0.05228416732710617,0.362489105877659,True
27.650000000000002,11.981073508270939,4.769756476897963,13.7534578321297,-0.009001421017998345,0.01736628721603362,0.5007971384233613,0.5,0.025280755160349687,-0.05922194410718096,0.3608598997013398,True
27.700000000000003,11.995928235054759,4.789919921596865,13.778577460789666,-0.008941299847103156,0.0224147060465697,0.5008303566814643,0.5,0.025280818156037495,-0.06607123168210302,0.35943348976679335,True
27.75,12.010899254163693,4.810000483236394,13.80369871472465,-0.008814229200729636,0.027051692547420902,0.5008630353980542,0.5,0.025272919541695676,-0.07278766065251574,0.35819813233235015,True
27.8,12.025993627592706,4.829991861952114,13.828821002376014,-0.00862958106085294,0.031283420632282066,0.5008938675515853,0.5,0.025260831362288082,-0.07933414608838256,0.3571419191963819,True
27.85,12.041217869456347,4.849887882748169,13.853943806573149,-0.008396224580971808,0.035118501330011154,0.5009221912210843,0.5,0.025244918583732033,-0.08568986478192964,0.35625279823341527,True
27.900000000000002,12.056577986202498,4.869682490744167,13.87906668489261,-0.00812256401822931,0.03856728621250749,0.5009474157754573,0.5,0.025225862059342165,-0.09183621087783927,0.3555187446001383,True
27.950000000000003,12.072079508555532,4.889369737666372,13.904189259800575,-0.007816575227461094,0.0416414411969922,0.5009690729052291,0.5,0.025205234037024186,-0.09775178042805914,0.3549278505989233,True
28.0,12.087727471281545,4.908943814798654,13.929311213075302,-0.007485772332185477,0.04435373058736736,0.5009869619296344,0.5,0.025184195218698423,-0.1034186000153248,0.3544684215656218,True
28.05,12.103526398562995,4.9283990873658405,13.9544322832145,-0.007137177596773117,0.04671829989730137,0.5010010773425679,0.5,0.025162789083806637,-0.10877718005429898,0.35412892182850775,True
28.1,12.119480159830712,4.947730224539279,13.979552249558715,-0.006777130359355472,0.0487514063608565,0.5010114209214929,0.5,0.02514140172759962,-0.11379720072126989,0.3538979510170649,True
28.150000000000002,12.135591882691568,4.966932291782832,14.004670915908141,-0.006411164065810404,0.05047239337660547,0.5010180582338608,0.5,0.025120530166660902,-0.11848095783626782,0.3537640814377788,True
28.200000000000003,12.151864122517336,4.9860006498068765,14.029788113497796,-0.006044203778403444,0.05190124466836265,0.5010211359125659,0.5,0.025100447088601194,-0.12283382869182963,0.35371636705010745,True
28.25,12.16829898014606,5.004930886847538,14.054903703842028,-0.005680701790298479,0.053057750413589067,0.5010208432342502,0.5,0.025083171468136274,-0.12675378991707079,0.3537444428569544,True
28.3,12.184897779738273,5.0237191145310955,14.080017559073017,-0.005324202510343318,0.05396482211484377,0.5010177000427639,0.5,0.025069466850412076,-0.1302020209418686,0.3538379918933162,True
28.35,12.201660873990342,5.0423621862250805,14.105129550580106,-0.00497705393426339,0.054649526827075134,0.5010123437726676,0.5,0.02505852905142241,-0.13321202715391106,0.3539867287406514,True
28.400000000000002,12.218588038354156,5.0608574194991744,14.130239568555051,-0.004640887407859345,0.055139068980056605,0.5010052683828252,0.5,0.02504966488119304,-0.13581975589963582,0.3541810777053248,True
28.450000000000003,12.235678733962365,5.079202395985084,14.155347530145558,-0.004316946808327272,0.055458772637632214,0.5009968450779462,0.5,0.025042372888091198,-0.13806540985209972,0.3544124202444236,True
28.5,12.252932174921245,5.097394914110502,14.180453376316871,-0.004006169771702709,0.05563157472232372,0.5009873560327205,0.5,0.02503630944655647,-0.13998567363282943,0.3546731533863364,True
28.55,12.270347379520455,5.1154329529389875,14.20555706931584,-0.0037092494184470626,0.05567817508119821,0.5009770219523635,0.5,0.02503149864586525,-0.14161020807514485,0.35495657888721516,True
28.6,12.287923184658382,5.133314668261937,14.230658589709474,-0.003426647074598232,0.05561728880309502,0.5009660638677318,0.5,0.025027563136330352,-0.14297179602285684,0.3552568131596332,True
28.650000000000002,12.305658273996919,5.151038375006809,14.255757934405349,-0.003158624259891522,0.055465699590942164,0.5009546367792078,0.5,0.02502460537560618,-0.14409733054206372,0.3555687366495355,True
28.700000000000003,12.323551208588638,5.16860252566952,14.280855115337229,-0.0029052791053471062,0.05523857782574226,0.5009429100543115,0.5,0.025022392950354633,-0.1450138966107279,0.3558878630009201,True
28.75,12.341600444633116,5.186005699412957,14.305950157903158,-0.0026665660317299928,0.054949291676561936,0.5009310118415726,0.5,0.02502090219190745,-0.1457456603492675,0.3562103724669831,True
28.8,12.35980435729569,5.203246583289218,14.33104309952192,-0.002442325228081477,0.054609725529668474,0.5009190642552245,0.5,0.025020072270667725,-0.14631284599693226,0.35653298914121656,True
28.85,12.378161249587784,5.220323967265893,14.356133987894143,-0.002232291782497361,0.05423042560083913,0.5009071773332485,0.5,0.025019781164819375,-0.14673681210582967,0.3568529289761107,True
28.900000000000002,12.396669368968093,5.237236730409178,14.38122287961224,-0.002036116515123544,0.05382080265214406,0.5008954391234837,0.5,0.025019964360467332,-0.14703561513836338,0.35716781983496193,True
28.950000000000003,12.415326924549737,5.253983825073046,14.406309838970817,-0.0018533886631245324,0.05338883896311941,0.5008839255529693,0.5,0.02502055631897552,-0.14722459528383072,0.3574757635909268,True
29.0,12.434132090501219,5.2705642743192,14.431394936114314,-0.0016836394945401955,0.05294174631280035,0.5008727004593849,0.5,0.025021526283068786,-0.14731955727141308,0.35777514182909315,True
29.05,12.453083017417184,5.286977161016877,14.456478246077738,-0.0015263574485819202,0.052485675950288746,0.5008618215400829,0.5,0.025022771539893216,-0.14733368873566652,0.35806468486765763,True
29.1,12.472177842740852,5.303221616773005,14.481559847761496,-0.0013810027819675713,0.05202590265573581,0.5008513285607896,0.5,0.025024240655294846,-0.14727914780224055,0.35834340394359804,True
29.150000000000002,12.491414694744057,5.319296816887359,14.506639822488477,-0.001247013473964571,0.051567054103662684,0.5008412521280482,0.5,0.02502591924132679,-0.14716745092065456,0.3586105189886414,True
29.200000000000003,12.510791700628697,5.335201970986338,14.531718253366396,-0.0011238171228910656,0.0511128037021803,0.5008316199640044,0.5,0.025027717815941486,-0.1470076077850476,0.35886553607918537,True
29.25,12.530306989201787,5.3509363188430665,14.556795224221895,-0.0010108354131642984,0.050666502249705266,0.5008224445423876,0.5,0.02502966226352841,-0.14680848434063015,0.35910805992762695,True
29.3,12.549958693077143,5.366499126832936,14.58187081878436,-0.0009074878310009686,0.05023072165584619,0.5008137424090953,0.5,0.025032025064574165,-0.14657681813767673,0.3593379227801614,True
29.35,12.569744952094531,5.381889685134714,14.606945121483957,-0.0008131955610764535,0.04980768080559139,0.5008055748729764,0.5,0.02503615077006853,-0.1463167641881563,0.3595550571220222,True
29.400000000000002,12.589663912981063,5.397107317765652,14.632018223162671,-0.0007273728235525869,0.049399147131391034,0.5007982244601178,0.5,0.025041674239114874,-0.14603327444614358,0.35975953307439956,True
29.450000000000003,12.609713732895303,5.412151384280852,14.657090224524065,-0.0006494269391728563,0.049006906481825374,0.5007919086683315,0.5,0.025048029204453218,-0.14573122210294692,0.3599514219901394,True
29.5,12.62989258302472,5.427021268778537,14.682161232181429,-0.0005787685163611011,0.04863202769193853,0.5007867478009862,0.5,0.025055128844638903,-0.14541821948815187,0.3601309999956579,True
29.55,12.650198657962836,5.441716362790349,14.707231356388833,-0.0005148301611902868,0.04827549861116076,0.5007828458204022,0.5,0.02506337867318926,-0.14510313480076809,0.36029854465797534,True
29.6,12.670630192728142,5.456236043477835,14.732300713288138,-0.00045709353003718504,0.04793774756737646,0.5007803719930501,0.5,0.025072488188535375,-0.14479072582853744,0.3604544470731129,True
29.650000000000002,12.691185462061206,5.470579671503328,14.757369425083203,-0.00040509003176134257,0.04761878916501128,0.5007794447687033,0.5,0.025082183445054307,-0.1444833768960486,0.3605991689279042,True
29.700000000000003,12.711862766108217,5.484746602517039,14.782437616612915,-0.0003583826666658336,0.04731830175585505,0.5007801353579113,0.5,0.02509232614561644,-0.14418375408153394,0.3607332382330938,True
29.75,12.73266042573188,5.498736188356923,14.807505413355326,-0.000316561988790845,0.04703598926941921,0.5007824909342025,0.5,0.025102833727990742,-0.143907907935414,0.3608571482086033,True
29.8,12.753576817147476,5.512547725547449,14.832572943386712,-0.0002793078273520625,0.046770930696402147,0.500786544243774,0.5,0.025113710204569373,-0.1436537016366292,0.3609714847390224,True
29.85,12.774610367186723,5.526180455131791,14.857640336966297,-0.00024638646408243976,0.04652172524159559,0.5007923281533746,0.5,0.02512485736414455,-0.14342172616306334,0.36107688707594165,True
29.900000000000002,12.795759516275512,5.5396336092691225,14.882707723543112,-0.00021759115056793475,0.046287078267469695,0.5007998587521484,0.5,0.025136153127453237,-0.14321412730145036,0.36117393692666555,True
29.950000000000003,12.81702272698186,5.552906395618438,14.907775231899608,-0.000192759754030291,0.04606561271791021,0.500809131684079,0.5,0.025147208828098528,-0.14304268733176226,0.36126319562444686,True
30.0,12.838398508704689,5.565997953912547,14.932842990582973,-0.0001718245695700485,0.04585547246749033,0.5008200784237778,0.5,0.025158082428279657,-0.14290572198006812,0.36134526971147063,True
30.05,12.85988541170836,5.578907356073921,14.957911126725401,-0.00015480905600013322,0.045654557526317086,0.5008326411588023,0.5,0.025168957315399487,-0.14279932840089116,0.3614207458039742,True
30.1,12.88148199137789,5.591633657291295,14.982979764642034,-0.0001417657068468344,0.04546093735006196,0.5008467933427873,0.5,0.025179599382142037,-0.1427243461388823,0.36149013244844247,True
30.150000000000002,12.903186810507663,5.6041758906806605,15.008049026326946,-0.0001327819541905885,0.04527271505654428,0.5008624701727761,0.5,0.02518939801368031,-0.1426896913481781,0.3615538936898071,True
30.200000000000003,12.924998463404133,5.616533020046994,15.033119030774667,-0.00012803329196734253,0.04508782048458326,0.5008795069921712,0.5,0.025198572451406272,-0.14269259064070958,0.36161245615982146,True
30.25,12.946915568572312,5.628703942780888,15.058189892589537,-0.00012777739028664218,0.04490382162380924,0.5008977781052466,0.5,0.025207299918141652,-0.14272687189532748,0.36166626986362926,True
30.3,12.968936735588992,5.640687542943577,15.083261721387883,-0.00013229194614328767,0.04471873692222639,0.5009171891872263,0.5,0.025215492049156595,-0.1427895640746923,0.3617156338935221,True
30.35,12.991060560731984,5.652482698961885,15.108334622302674,-0.0001418662295115854,0.04453074304380378,0.5009376328678575,0.5,0.02522224493323425,-0.1428878304635844,0.36176078990876714,True
30.400000000000002,13.01328564830569,5.6640882384336315,15.133408694563219,-0.00015685140951860594,0.044337892923821516,0.5009588541517351,0.5,0.025227918850977814,-0.1430162376634989,0.3618019538870179,True
30.450000000000003,13.035610604326212,5.67550294070751,15.158484029545413,-0.00017765584350638858,0.044138309951192056,0.5009806618125802,0.5,0.025232809924593404,-0.14316873690251786,0.361839264316738,True
30.5,13.05803400911641,5.686725588443075,15.183560711474245,-0.00020468728087374955,0.04393028775318586,0.5010029167334565,0.5,0.02523677980187611,-0.14334289807422002,0.36187281093896584,True
30.55,13.080554419987042,5.69775496528369,15.208638818709037,-0.00023835672182551994,0.04371249734380894,0.5010254592331057,0.5,0.02523885743563864,-0.1435396992120125,0.3619025705497436,True
30.6,13.10317037853063,5.708589833103552,15.233718420596281,-0.00027910263605671276,0.04348359774099936,0.5010479717769741,0.5,0.025239499652648212,-0.1437531776224053,0.36192849616494804,True
30.650000000000002,13.1258804008323,5.719228944986162,15.258799575126261,-0.00032737573433072023,0.04324246251954206,0.5010702175951225,0.5,0.025239120979004374,-0.14398001063817287,0.36195046627042193,True
30.700000000000003,13.148682969671126,5.729671068646606,15.283882331953919,-0.00038361521071094947,0.04298818921748465,0.5010920323536991,0.5,0.025237612887415016,-0.14421532495797454,0.36196830582295103,True
30.75,13.171576535462991,5.739914989544936,15.308966733929882,-0.00044824695928561873,0.04272012565996852,0.5011132365041017,0.5,0.02523399217194911,-0.1444553109564435,0.3619817803411345,True
30.8,13.194559508928926,5.749959517853728,15.334052812479209,-0.0005216748641600349,0.042437945882575816,0.5011334909665265,0.5,0.025228754372580958,-0.14469609587035842,0.36199058245693716,True
30.85,13.21763025928134,5.759803490855663,15.35914058581838,-0.0006042786744217915,0.042141441830468473,0.5011525441839693,0.5,0.025222485577106848,-0.14493615001825316,0.36199439469994177,True
30.900000000000002,13.240787120964576,5.769445772568395,15.38423006388358,-0.0006964177896297038,0.0418306317787444,0.5011702456388876,0.5,0.025214964368200764,-0.14517032182204523,0.3619928540868046,True
30.950000000000003,13.264028392188793,5.778885263499947,15.4093212496354,-0.0007984222973813274,0.04150579846767722,0.5011864107133682,0.5,0.025205478915242115,-0.14538876043209709,0.3619855499183417,True
31.0,13.287352315739788,5.788120938066927,15.434414133612247,-0.0009105516778002654,0.041167622668996706,0.5012007401976972,0.5,0.02519451790443587,-0.1455913834498373,0.3619720260645068,True
31.05,13.310757084459711,5.797151838036768,15.459508693551324,-0.001033003671764494,0.040817030406303356,0.5012130206131485,0.5,0.025182628555319768,-0.14577655315435772,0.36195181655323455,True
31.1,13.334240859294974,5.805977048373217,15.484604899988547,-0.0011659439898697214,0.04045506251174752,0.5012231324661731,0.5,0.025169733990060717,-0.14594103570118647,0.3619244538389691,True
31.150000000000002,13.357801766602053,5.814595712800494,15.50970271756346,-0.0013094912316796363,0.04008290952258221,0.5012309455388931,0.5,0.025155220016114217,-0.1460701434505294,0.3618894736579417,True
31.200000000000003,13.381437875037461,5.823007089082112,15.53480209972092,-0.0014636574346839262,0.03970230700065136,0.5012362302579757,0.5,0.025139674848742858,-0.1461645604658935,0.36184635906891516,True
31.25,13.405147199709303,5.831210550969535,15.559902988604806,-0.001628348182374486,0.03931535753849319,0.5012388580769077,0.5,0.02512349700403877,-0.1462282618001756,0.3617945921342173,True
31.3,13.428927736134955,5.83920552383178,15.585005321861606,-0.001803434983026837,0.03892414407145167,0.5012387684476562,0.5,0.025106718786993547,-0.14625729763327036,0.36173369430384034,True
31.35,13.452777457837426,5.846991500087708,15.610109033539832,-0.001988739999883099,0.0385305711384497,0.5012359071651858,0.5,0.025089009294666474,-0.14622784293553667,0.3616632880223889,True
31.400000000000002,13.476694276090608,5.854568152197365,15.635214047967905,-0.0021839162430070474,0.03813750334614513,0.5012301662298523,0.5,0.025070875705994946,-0.14614564426347953,0.36158288412472694,True
31.450000000000003,13.50067605233244,5.861935321054897,15.660320280840226,-0.002388462663753646,0.03774841229167969,0.5012215232578172,0.5,0.025052545871936817,-0.14602092914441508,0.36149196960694874,True
31.5,13.524720652002319,5.869092888060987,15.685427647038807,-0.0026018623424774543,0.03736604819928485,0.5012099938937331,0.5,0.025034150031486194,-0.14584700244764406,0.36139025733506014,True
31.55,13.548825933813045,5.8760408127469645,15.710536060014864,-0.002823543059011609,0.03699335167347789,0.501195615046338,0.5,0.025015590210177352,-0.14559535701491896,0.36127745929511623,True
31.6,13.57298970071773,5.882779290766988,15.735645425249894,-0.003052711628096682,0.036634027820009185,0.5011784068157646,0.5,0.024997296099026477,-0.14527432986688207,0.36115328447149764,True
31.650000000000002,13.59720971941449,5.889308726340634,15.760755642259614,-0.0032883856205684894,0.03629268716941936,0.5011584599850035,0.5,0.024979344316560226,-0.14489849875562105,0.3610173658056841,True
31.700000000000003,13.621483781201626,5.895629565224829,15.785866612274864,-0.0035295701562353845,0.03597300647371604,0.50113587649168,0.5,0.024961841476430307,-0.1444597587277014,0.36086962090606706,True
31.75,13.645809688296245,5.90174234266802,15.810978236168042,-0.003775207298785838,0.03567852314795189,0.5011107742004771,0.5,0.024944936807706736,-0.14392585548194842,0.3607100707099372,True
31.8,13.67018520207877,5.907647874946679,15.836090407500668,-0.004023977022909958,0.03541404919044261,0.5010832936825621,0.5,0.024928871477871088,-0.1433080773639322,0.3605386252455831,True
31.85,13.694608066933695,5.913347217534608,15.861203014763715,-0.004274343058737128,0.035185024562861544,0.5010536130351343,0.5,0.024913597833595365,-0.14262512226120924,0.3603552268017416,True
31.900000000000002,13.719076073623878,5.918841462260164,15.886315948265722,-0.004524764113744515,0.03499591832709375,0.5010218995228949,0.5,0.024899259928864343,-0.14186840964429154,0.360160106415207,True
31.950000000000003,13.74358704406012,5.9241317935831574,15.911429097006863,-0.004773634480773038,0.03485088824773869,0.5009883414435863,0.5,0.02488612599392093,-0.14100040006427988,0.35995365072763985,True
32.0,13.76813877722347,5.929219718381269,15.93654234074784,-0.005019047011403756,0.034755477466694336,0.5009531683042492,0.5,0.024874220132925607,-0.14003657091604318,0.3597361430478722,True
32.050000000000004,13.792729075526273,5.934107009244847,15.96165555165768,-0.0052588532620125705,0.03471600617577478,0.500916609789589,0.5,0.02486337483665523,-0.13900103185409962,0.3595078813504634,True
32.1,13.817355810883221,5.938795453539957,15.986768600678193,-0.005490921467382663,0.03473735371859482,0.5008788640894378,0.5,0.02485374153673895,-0.1378832521303224,0.3592695693949986,True
32.15,13.84201690561578,5.943286927438192,16.011881352846288,-0.00571305880109529,0.03482422073298147,0.5008401511366112,0.5,0.024845676480965632,-0.13664152793853376,0.35902202574807274,True
32.2,13.866710277550087,5.947583665692675,16.036993657839112,-0.005922734909594676,0.03498269573043669,0.5008007461005445,0.5,0.024838991054115148,-0.1352967123817426,0.35876600250753565,True
32.25,13.89143386982315,5.95168817857513,16.062105351160323,-0.006117167949513478,0.035219605321212044,0.5007608884173188,0.5,0.024833456800850404,-0.13387489173934256,0.3585022899226044,True
32.300000000000004,13.91618571281029,5.955602969960291,16.087216259754904,-0.00629361162074256,0.03554023294373121,0.5007207757975399,0.5,0.024829174139732818,-0.1323658488375792,0.35823209711757475,True
32.35,13.940963902674401,5.959330627879936,16.112326195764055,-0.006449260808607585,0.03594949493013841,0.5006806192755408,0.5,0.024826520174009225,-0.1307262711617841,0.3579568030021359,True
32.4,13.965766551959556,5.962874108982312,16.137434945518436,-0.00658096168408461,0.03645379169659216,0.500640688721409,0.5,0.02482518310019402,-0.12897863140806004,0.3576777056711291,True
32.45,13.990591816395792,5.966236650389352,16.162542269538008,-0.006685301812373853,0.03706026019541205,0.5006011980034871,0.5,0.024824852002547113,-0.12715435788102777,0.35739615193652347,True
32.5,14.015437951293475,5.9694214563439925,16.18764790808075,-0.006758927017980068,0.037774167338397134,0.5005623060630594,0.5,0.024825653990781144,-0.12524182439341638,0.3571139829958729,True
32.550000000000004,14.040303290355173,5.972431795668409,16.212751573856785,-0.006798440548402683,0.03860047458845531,0.5005241902227311,0.5,0.024827901902104956,-0.12319487758250759,0.35683317848582397,True
32.6,14.065186198718672,5.975271319992142,16.237852938207823,-0.006800080420568149,0.03954563454387161,0.5004870765809233,0.5,0.024831149524913068,-0.12104206923032303,0.35655565548359136,True
32.65,14.090085099604865,5.977943947115039,16.26295163046778,-0.006759837556632837,0.04061667937408601,0.5004511137470963,0.5,0.024835135933915873,-0.11881595364937184,0.3562834181804645,True
32.7,14.114998522408875,5.980453525351376,16.288047244344167,-0.006673793606918295,0.041818796763003374,0.5004164047493496,0.5,0.02483998165226902,-0.11650383618423839,0.35601892833875204,True
32.75,14.139925079750183,5.982803957275076,16.313139329181652,-0.006537994368623419,0.04315651207596691,0.500383070836336,0.5,0.024845874632420214,-0.11406122232670945,0.35576488711957394,True
32.800000000000004,14.16486342852177,5.984999517029971,16.33822737364295,-0.006348129543434461,0.04463612122173577,0.5003512623212399,0.5,0.024852362252833594,-0.11151817102973541,0.3555238474460015,True
32.85,14.189812292389082,5.987044721298846,16.363310804510835,-0.0060996628186635515,0.04626422701066568,0.5003210522244667,0.5,0.024859224849696118,-0.10890987260697017,0.3552985126814321,True
32.9,14.21477049969543,5.98894398675483,16.388388994772406,-0.005788175665611173,0.04804546856726297,0.5002924760565157,0.5,0.024866587098152475,-0.10622415161769347,0.35509205460169496,True
32.95,14.23973696293652,5.990701755237253,16.413461254404105,-0.005409240333868661,0.04998385058447648,0.5002655893522302,0.5,0.024874509125899103,-0.1034177689283848,0.35490785335197683,True
33.0,14.26471064595559,5.992322815606551,16.43852681092441,-0.004958096437605146,0.05208503529775457,0.5002404566708439,0.5,0.024882570243452085,-0.10052226360604617,0.35474915628137793,True
33.050000000000004,14.289690581137757,5.993812169019777,16.463584808148156,-0.0044297866026157175,0.05435473312324801,0.5002170719748806,0.5,0.02489065768124969,-0.09757319440160205,0.3546194124293729,True
33.1,14.314675897391279,5.99517468803168,16.48863431722574,-0.003819498190864986,0.05679687974149183,0.5001954106918008,0.5,0.02489886020173689,-0.09455994445867451,0.35452246011766847,True
33.15,14.339665802417318,5.996415240971464,16.513674327260997,-0.0031224381972662944,0.059414662875977665,0.5001754633303364,0.5,0.02490714003416819,-0.09144329547216014,0.3544623537064623,True
33.2,14.364659557080158,5.997538997205362,16.538703723479717,-0.0023335278522332746,0.06221252254474326,0.5001572143167545,0.5,0.024915169504845427,-0.08825463655652731,0.35444309147496456,True
33.25,14.3896564868219,5.998551294898568,16.563721286867914,-0.0014475359449706328,0.0651953700171337,0.5001405941784739,0.5,0.02492292320311778,-0.0850300724010775,0.3544687113144631,True
33.300000000000004,14.41465600021674,5.999457313167809,16.588721590121523,-0.0005426868321913858,0.06091396727098212,0.5001255303943709,0.5,0.024930474876488688,-0.08176039898605827,0.3566088861644997,True
33.35,14.439657574284874,6.000262189963698,16.613723164189658,0.0002621899636983116,0.055943723291837354,0.5001119638341418,0.5,0.024937740390926146,-0.07841362667472197,0.35832674492355243,True
33.4,14.464660735502793,6.000971297967825,16.63872632540758,0.0009712979678253575,0.051171301342502695,0.500099822441085,0.5,0.02494449528964904,-0.0750205216055097,0.35900107794897373,True
33.45,14.48966506624963,6.001590113258139,16.663730656154414,0.0015901132581390698,0.046600300242319447,0.5000889982521917,0.5,0.024950800191162737,-0.07161502907768495,0.35971030594956027,True
33.5,14.514670214558997,6.00212392428119,16.688735804463782,0.002123924281190348,0.04223238847019884,0.5000793951101284,0.5,0.024956715614026844,-0.06819209064344119,0.3604482414265007,True
33.550000000000004,14.53967588280075,6.002577932598733,16.713741472705536,0.002577932598732957,0.038068375791951284,0.5000709284512513,0.5,0.02496210559684099,-0.06472387880430316,0.3612090545849631,True
33.6,14.564681813669907,6.002957499436122,16.738747403574692,0.002957499436122113,0.034110057399984,0.5000634926384552,0.5,0.024966861196255016,-0.06123783430233461,0.36198648935475985,True
33.65,14.589687791974427,6.00326803973006,16.763753381879212,0.0032680397300604014,0.030359243618887387,0.5000569657749919,0.5,0.024971123655851187,-0.05776523672400252,0.36277425074667174,True
33.7,14.614693649039014,6.003514761363505,16.788759238943797,0.0035147613635047037,0.026815997291060906,0.5000512513252681,0.5,0.02497495104796829,-0.05430500541323599,0.3635667828449301,True
33.75,14.639699254696856,6.0037027398582365,16.813764844601643,0.003702739858236548,0.02347948565768029,0.5000462639484657,0.5,0.02497823232365683,-0.05083883732167791,0.3643589474152413,True
33.800000000000004,14.664704507936845,6.003837111354689,16.838770097841632,0.0038371113546888935,0.020349458861469844,0.5000419013600954,0.5,0.02498096023582292,-0.0473906098233944,0.36514539686412645,True
33.85,14.68970933589339,6.003922987009025,16.863774925798175,0.003922987009024936,0.01742550564438265,0.5000380617688909,0.5,0.02498329274535797,-0.04398555134638103,0.3659208772614368,True
33.9,14.714713694007608,6.003965256487613,16.888779283912392,0.003965256487613367,0.014705756344086697,0.5000346711750259,0.5,0.024985283972341954,-0.040628454198154106,0.36668080725994023,True
33.95,14.739717560685135,6.003968631042334,16.91378315058992,0.0039686310423343585,0.012187452160774923,0.5000316657472962,0.5,0.024986874279386707,-0.037312864953594246,0.36742106853214773,True
34.0,14.764720931598472,6.003937758812896,16.938786521503257,0.003937758812895709,0.009867888972061346,0.5000289728525421,0.5,0.024988112441234393,-0.03405631271614431,0.36813761162878866,True
34.050000000000004,14.78972381717255,6.003877175762455,16.963789407077336,0.003877175762455387,0.007744037723832973,0.5000265291200415,0.5,0.024989123133424423,-0.0308764815304237,0.368826616135621,True
34.1,14.814726240771336,6.003791190784036,16.98879183067612,0.0037911907840362247,0.0058118255887896625,0.5000242928336681,0.5,0.02498996327532872,-0.027786143662208194,0.36948481780966647,True
34.15,14.839728235540962,6.003683879510449,17.013793825445745,0.0036838795104490174,0.004066277680776076,0.5000222323748285,0.5,0.024990627240025737,-0.024791610709237678,0.3701094727584193,True
34.2,14.864729841123474,6.003559110537547,17.03879543102826,0.0035591105375472054,0.0025018555205949646,0.5000203157175532,0.5,0.0249911663934468,-0.02190327374895558,0.3706982303528581,True
34.25,14.889731101114073,6.0034205429096374,17.063796691018858,0.0034205429096374473,0.001112527658465583,0.500018519855307,0.5,0.024991638383579783,-0.019129496195510118,0.3712491138013135,True
34.300000000000004,14.914732061162258,6.003271604228463,17.088797651067043,0.0032716042284626212,-0.00010829171733482798,0.5000168316902279,0.5,0.024991905449818847,-0.01647813040642885,0.3716962338644953,True
34.35,14.939732766544845,6.003115487912983,17.113798356449628,0.003115487912983106,-0.0011676675302183391,0.5000152155711501,0.5,0.02499252625814101,-0.01400407085211547,0.3715378001248053,True
34.4,14.964733261785668,6.002954947043792,17.138798851690453,0.0029549470437917336,-0.0020745287603366417,0.5000137287755434,0.5,0.02499310562149809,-0.011687793423795634,0.3714291873355806,True
34.45,14.989733589347848,6.002792350426403,17.163799179252635,0.002792350426402912,-0.0028388540324969735,0.5000123623154955,0.5,0.024993603167929007,-0.009523225563440917,0.3713650147513604,True
34.5,15.014733787458407,6.002629929364982,17.188799377363193,0.0026299293649820754,-0.0034698579288575167,0.5000111006787753,0.5,0.02499410478425087,-0.007540776590235555,0.37134027739197006,True
34.550000000000004,15.039733889446698,6.002469584895959,17.213799479351483,0.002469584895958832,-0.003977477190979785,0.5000099428054063,0.5,0.02499469607071727,-0.0057872791547308325,0.371350096262101,True
34.6,15.064733922924448,6.002312639778399,17.23879951282923,0.002312639778399017,-0.004373945074504385,0.50000890180142,0.5,0.024995318986035145,-0.004251127083041437,0.3713894983869264,True
34.65,15.089733909940852,6.002159952411208,17.26379949984564,0.0021599524112083657,-0.004672541580007086,0.5000079809628517,0.5,0.024995896032681975,-0.0029133654486258784,0.3714536723270325,True
34.7,15.114733867907036,6.00201217978611,17.28879945781182,0.0020121797861101243,-0.004885636536060021,0.5000071707220569,0.5,0.024996395710269487,-0.0017552360742158393,0.3715382837725411,True
34.75,15.139733810082706,6.001869831885768,17.31379939998749,0.0018698318857683915,-0.005024477152281914,0.5000064564629866,0.5,0.024996814105618506,-0.0007591777780629098,0.3716394825111594,True
34.800000000000004,15.164733746168114,6.001733293852743,17.3387993360729,0.00173329385274279,-0.005099229722172069,0.500005823164393,0.5,0.02499715973438855,9.108646816391088e-05,0.37175386661347687,True
34.85,15.189733682941077,6.001602842336282,17.36379927284586,0.001602842336281718,-0.005119053598229629,0.5000052574608311,0.5,0.02499744530222988,0.0008105907928615338,0.3718784431759118,True
34.9,15.214733624862994,6.00147865978289,17.38879921476778,0.0014786597828901904,-0.005092176475772904,0.5000047483078328,0.5,0.02499768367861062,0.0014131862881907938,0.3720105909776762,True
34.95,15.239733574614922,6.001360847281914,17.41379916451971,0.0013608472819139905,-0.005025966629254221,0.5000042869706199,0.5,0.024997886150898565,0.001911603677204553,0.3721480256815537,True
35.0,15.264733533550446,6.001249436134998,17.438799123455233,0.00124943613499795,-0.00492700147720483,0.5000038667244286,0.5,0.024998061858100634,0.002317516127575912,0.37228876755259843,True
35.050000000000004,15.289733502065982,6.001144398253183,17.463799091970767,0.001144398253183354,-0.00480113239741809,0.5000034824661935,0.5,0.024998217800796783,0.002641601446879253,0.37243111157970765,True
35.1,15.314733479895803,6.001045655472694,17.48879906980059,0.0010456554726943068,-0.004653545812834243,0.5000031303342914,0.5,0.02499835910308376,0.0028936032151385973,0.37257359987483857,True
35.15,15.339733466341734,6.00095308787491,17.51379905624652,0.0009530878749099969,-0.0044888206024029,0.5000028073778665,0.5,0.024998489357599084,0.00308239051009187,0.3727149962256104,True
35.2,15.364733460447916,6.000866541191446,17.5387990503527,0.0008665411914456911,-0.0043109819131325906,0.5000025112886483,0.5,0.024998610969764325,0.0032160159426034953,0.3728542626796947,True
35.25,15.389733461130557,6.000785833370759,17.563799051035343,0.0007858333707586596,-0.0041235514671390016,0.5000022401941008,0.5,0.024998725463771104,0.003301771773681888,0.37299053804250515,True
35.300000000000004,15.414733467271462,6.000710760378253,17.588799057176246,0.0007107603782525729,-0.003929594472007243,0.5000019925045661,0.5,0.02499883373719123,0.0033462439336527203,0.3731231181730053,True
35.35,15.439733477782951,6.0006411012974405,17.613799067687737,0.0006411012974405494,-0.0037317632544698882,0.5000017668050172,0.5,0.02499893626328775,0.003355363806437992,0.37325143796598476,True
35.4,15.464733491650597,6.000576622795411,17.638799081555383,0.0005766227954113745,-0.003532337746540399,0.5000015617820395,0.5,0.024999033245962667,0.0033344576809328573,0.3733750549128602,True
35.45,15.489733507959057,6.000517083011622,17.663799097863844,0.0005170830116218994,-0.0033332629600727123,0.5000013761776299,0.5,0.024999124734387142,0.0032882938055125675,0.3734936341369323,True
35.5,15.514733525905319,6.000462234924966,17.688799115810106,0.00046223492496633156,-0.0031361835904502576,0.5000012087627058,0.5,0.02499921070472343,0.0032211270108884675,0.37360693480303153,True
35.550000000000004,15.539733544802797,6.000411829250138,17.713799134707582,0.0004118292501376075,-0.0029424758930061993,0.5000010583245602,0.5,0.02499929111584037,0.003136740892710413,0.3737147978056061,True
35.6,15.564733564079015,6.000365616910518,17.7387991539838,0.0003656169105177298,-0.0027532769770558887,0.500000923663732,0.5,0.024999365945078265,0.0030384875669416346,0.37381713464350885,True
35.65,15.589733583268995,6.0003233511312315,17.76379917317378,0.0003233511312314974,-0.0025695116622944814,0.5000008035968406,0.5,0.024999435209065807,0.0029293250298160715,0.3739139173939896,True
35.7,15.614733602005973,6.000284789192586,17.78879919191076,0.00028478919258567714,-0.0023919170409893893,0.5000006969628136,0.5,0.024999498973707752,0.0028118521695932254,0.3740051697026629,True
35.75,15.639733620010668,6.000249693880841,17.81379920991545,0.000249693880840951,-0.0022210648870589892,0.5000006026306625,0.5,0.024999557356588396,0.0026883414902791644,0.3740909587105143,True
35.800000000000004,15.664733637079989,6.000217834670228,17.838799226984776,0.0002178346702281786,-0.0020573820499465234,0.5000005195075279,0.5,0.02499961052430588,0.002560769617678279,0.37417138784322274,True
35.85,15.68973365307584,6.0001889886672,17.863799242980626,0.00018898866720018503,-0.0019011689673250833,0.50000044654615,0.5,0.02499965868665578,0.002430845666499787,0.37424659039229885,True
35.9,15.71473366791443,6.000162941345223,17.888799257819215,0.0001629413452226558,-0.0017526164262421221,0.5000003827512548,0.5,0.024999702089092753,0.0023000375533079862,0.37431672382163605,True
35.95,15.7397336815564,6.000139487095859,17.913799271461187,0.00013948709585864805,-0.0016118206974530449,0.5000003271845891,0.5,0.024999741004480457,0.002169596344831949,0.3743819647371142,True
36.0,15.764733693997892,6.000118429619522,17.938799283902675,0.0001184296195217982,-0.0014787971625114108,0.500000278968508,0.5,0.02499977572486144,0.002040578734207414,0.3744425044608306,True
36.050000000000004,15.789733705262678,6.000099582177091,17.963799295167462,9.9582177091051e-05,-0.001353492547768039,0.5000002372881431,0.5,0.02499980655371202,0.0019138677394965394,0.3744985451553204,True
36.1,15.81473371539532,6.000082767721497,17.988799305300105,8.276772149695688e-05,-0.0012357958738710914,0.5000002013922553,0.5,0.02499983379897999,0.0017901917197174193,0.37455029644683746,True
36.15,15.839733724455352,6.000067818926513,18.013799314360135,6.78189265128637e-05,-0.0011255482237190059,0.5000001705929212,0.5,0.024999857767057296,0.0016701418033078508,0.37459797250029203,True
36.2,15.864733732512406,6.000054578128222,18.03879932241719,5.457812822218244e-05,-0.001022551426160132,0.5000001442642302,0.5,0.02499987875775864,0.00155418782302652,0.37464178950184124,True
36.25,15.88973373964222,6.000042897193007,18.063799329547003,4.28971930066524e-05,-0.0009265757471111318,0.5000001218401721,0.5,0.024999897060279472,0.0014426928496817004,0.37468196350838845,True
36.300000000000004,15.914733745923407,6.00003263732441,18.08879933582819,3.263732441016742e-05,-0.0008373666742196838,0.5000001028118917,0.5,0.024999912950097174,0.0013359264149249647,0.37471870862634205,True
36.35,15.939733751434929,6.000023668819881,18.113799341339714,2.3668819880917624e-05,-0.0007546508757625087,0.500000086724477,0.5,0.024999926686714677,0.001234076510654351,0.37475223548491116,True
36.4,15.964733756254143,6.000015870787116,18.138799346158926,1.587078711562384e-05,-0.0006781414091794676,0.5000000731734272,0.5,0.02499993851216239,0.0011372604497466542,0.37478274997202976,True
36.45,15.989733760455355,6.000009130828612,18.16379935036014,9.130828612313735e-06,-0.0006075422495184953,0.5000000618009312,0.5,0.024999948650137993,0.0010455346694844012,0.3748104522036043,True
36.5,16.014733764108808,6.0000033447019705,18.188799354013593,3.3447019704979652e-06,-0.0005425522031241284,0.5000000522920659,0.5,0.024999957305692527,0.0009589035557317539,0.3748355356992875,True
36.550000000000004,16.03973376728,5.999998415962558,18.213799357184786,-1.5840374416598024e-06,-0.00048286826715884253,0.5000000443710058,0.5,0.02499996466535253,0.0008773273622104636,0.3748550186653951,True
36.6,16.064733770029292,5.999994255594274,18.238799359934077,-5.7444057262046044e-06,-0.000428188491011708,0.500000037797314,0.5,0.02499997089759391,0.0008007292957281254,0.3748670950754157,True
36.65,16.089733772411737,5.999990781633384,18.263799362316522,-9.218366615826312e-06,-0.00037821439132857093,0.5000000323623747,0.5,0.02499997615357452,0.0007290018343432366,0.37487846090222043,True
36.7,16.11473377447708,5.999987918789701,18.288799364381866,-1.2081210298831024e-05,-0.00033265296829695093,0.5000000278860042,0.5,0.024999980568070658,0.0006620123418763061,0.37488912777606387,True
36.75,16.1397337762699,5.999985598068734,18.313799366174685,-1.4401931266228019e-05,-0.0002912183669393575,0.5000000242132736,0.5,0.024999984260532206,0.0005996080384151762,0.37489911151548383,True
36.800000000000004,16.164733777829817,5.999983756397895,18.3387993677346,-1.6243602105170396e-05,-0.00025363322350759407,0.5000000212115582,0.5,0.02499998733622746,0.0005416203828501414,0.37490843135193397,True
36.85,16.189733779191805,5.999982336259326,18.36379936909659,-1.7663740673690143e-05,-0.00021962973362890968,0.5000000187678244,0.5,0.024999989887418236,0.0004878689199497412,0.3749171092437892,True
36.9,16.21473378038652,5.999981285331464,18.388799370291306,-1.871466853575754e-05,-0.0001889504756255425,0.5000000167861568,0.5,0.024999991994542045,0.00043816464100931014,0.37492516927193,True
36.95,16.239733781440655,5.99998055614107,18.41379937134544,-1.9443858930046076e-05,-0.0001613490194082753,0.5000000151855202,0.5,0.024999993727366235,0.000392312903736099,0.3749326371096078,True
37.0,16.26473378237731,5.999980105727089,18.438799372282094,-1.989427291082535e-05,-0.0001365903485274264,0.5000000138977504,0.5,0.02499999514610128,0.0003501159538705467,0.3749395395597604,True
37.050000000000004,16.289733783216345,5.999979895317402,18.46379937312113,-2.010468259783238e-05,-0.00011445112034186425,0.5000000128657619,0.5,0.024999996302454957,0.0003113750878954459,0.374945904153426,True
37.1,16.314733783974745,5.999979890019254,18.48879937387953,-2.01099807464189e-05,-9.47197868315954e-05,0.5000000120419591,0.5,0.02499999724061933,0.0002758924932378552,0.3749517588033465,True
37.15,16.339733784666944,5.999980058523908,18.51379937457173,-1.9941476091744903e-05,-7.719659632575861e-05,0.5000000113868375,0.5,0.024999997998177315,0.00024347279958154692,0.3749571315072794,True
37.2,16.36473378530513,5.999980372825878,18.538799375209916,-1.9627174122405222e-05,-6.169349433473129e-05,0.5000000108677574,0.5,0.024999998606943657,0.0002139243722183698,0.3749620500959523,True
37.25,16.389733785899544,5.999980807956891,18.56379937580433,-1.9192043109406143e-05,-4.803393975485115e-05,0.5000000104578771,0.5,0.024999999093717442,0.0001870603758065812,0.37496654202099255,True
37.300000000000004,16.414733786458736,5.999981341734615,18.58879937636352,-1.865826538516302e-05,-3.605265095022982e-05,0.5000000101352283,0.5,0.024999999480966158,0.00016269963460675499,0.37497063417852206,True
37.35,16.439733786989798,5.999981954526028,18.613799376894583,-1.8045473971994852e-05,-2.5595294596624545e-05,0.500000009881919,0.5,0.024999999787433193,0.00014066731291213048,0.37497435276447855,True
37.4,16.464733787498577,5.99998262902521,18.638799377403362,-1.7370974790154037e-05,-1.6518128691192702e-05,0.500000009683451,0.5,0.02500000002867895,0.00012079543739655785,0.3749777231580418,True
37.45,16.489733787989863,5.999983350045248,18.663799377894648,-1.6649954751812857e-05,-8.687609780144325e-06,0.5000000095281378,0.5,0.025000000217555374,0.00010292328108006138,0.37498076982986067,True
37.5,16.514733788467556,5.9999841043238815,18.68879937837234,-1.5895676118482527e-05,-1.9799732239953815e-06,0.5000000094066103,0.5,0.025000000364622035,8.689762676441656e-05,0.37498351627207904,True
37.550000000000004,16.5397337889348,5.999984880342429,18.713799378839585,-1.5119657571283085e-05,3.7192057970366406e-06,0.5000000093113994,0.5,0.02500000047850977,7.257292615303019e-05,0.3749837757391715,True
37.6,16.56473378939412,5.999985668157527,18.738799379298904,-1.4331842472792289e-05,8.515463848417686e-06,0.5000000092365863,0.5,0.025000000566234123,5.9811369207358575e-05,0.37498313906929637,True
37.65,16.589733789847514,5.999986459245148,18.7637993797523,-1.354075485160422e-05,1.25059076036733e-05,0.5000000091775092,0.5,0.025000000633464244,4.848287691036967e-05,0.3749827450003651,True
37.7,16.61473379029657,5.999987246356355,18.788799380201354,-1.2753643645169177e-05,1.5779674054704792e-05,0.5000000091305208,0.5,0.025000000684752825,3.846502915690897e-05,0.3749825598087232,True
37.75,16.63973379074251,5.999988023384224,18.813799380647296,-1.1976615775566302e-05,1.8418388361471537e-05,0.5000000090927862,0.5,0.025000000723734622,2.9642938351322146e-05,0.3749825531440837,True
37.800000000000004,16.664733791186286,5.999988785241376,18.83879938109107,-1.1214758623978582e-05,2.049661579588791e-05,0.5000000090621185,0.5,0.025000000753289193,2.1909078062990435e-05,0.374982697772742,True
37.85,16.689733791628615,5.99998952774752,18.8637993815334,-1.0472252480298039e-05,2.2082304827723735e-05,0.5000000090368426,0.5,0.025000000775683772,1.516307507274245e-05,0.3749829693334632,True
37.9,16.714733792070035,5.999990247526459,18.88879938197482,-9.752473540736162e-06,2.3237218926378966e-05,0.500000009015686,0.5,0.02500000079268866,9.311472179566793e-06,0.3749833461061868,True
37.95,16.73973379251094,5.999990941911976,18.913799382415725,-9.058088023650157e-06,2.4017355119544767e-05,0.5000000089976897,0.5,0.025000000805673755,4.267468280997345e-06,0.37498380879355864,True
38.0,16.764733792951613,5.999991608862047,18.9387993828564,-8.391137953367434e-06,2.4473347762772695e-05,0.5000000089821371,0.5,0.025000000815690284,-4.9358605836965625e-08,0.3749843403151959,True
38.050000000000004,16.789733793392248,5.999992246880846,18.963799383297033,-7.753119153797172e-06,2.465085633633668e-05,0.5000000089684972,0.5,0.025000000823535512,-3.7133404136618724e-06,0.3749849256144941,True
38.1,16.814733793832975,5.999992854948015,18.98879938373776,-7.145051984736028e-06,2.4590936402186036e-05,0.5000000089563794,0.5,0.0250000008298085,-6.793015833223809e-06,0.3749855514776992,True
38.15,16.839733794273872,5.999993432454684,19.013799384178657,-6.567545315583345e-06,2.433039313107443e-05,0.5000000089454988,0.5,0.025000000834952015,-9.351431199511123e-06,0.3749862063649232,True
38.2,16.864733794714986,5.999993979145765,19.03879938461977,-6.020854234733974e-06,2.3902117048318553e-05,0.5000000089356481,0.5,0.025000000839290843,-1.1446442217752393e-05,0.37498688025270954,True
38.25,16.88973379515633,5.99999449506805,19.063799385061117,-5.504931950284231e-06,2.3335401851882648e-05,0.5000000089266774,0.5,0.02500000084305505,-1.3131013871668994e-05,0.3749875644877342,True
38.300000000000004,16.914733795597908,5.9999949805236605,19.088799385502693,-5.019476339462869e-06,2.2656244331884218e-05,0.5000000089184772,0.5,0.02500000084640761,-1.4453516174982484e-05,0.3749882516511761,True
38.35,16.939733796039697,5.999995436028446,19.113799385944482,-4.563971553572799e-06,2.188762656926221e-05,0.5000000089109666,0.5,0.025000000849461596,-1.5458013945872055e-05,0.37498893543329764,True
38.400000000000006,16.96473379648168,5.999995862274909,19.138799386386466,-4.13772509055832e-06,2.1049780715087733e-05,0.5000000089040849,0.5,0.025000000852289313,-1.618454899402489e-05,0.37498961051773083,True
38.45,16.989733796923836,5.9999962600992935,19.16379938682862,-3.739900706456467e-06,2.0160436754059158e-05,0.5000000088977844,0.5,0.025000000854938746,-1.6669413495747986e-05,0.3749902724749807,True
38.5,17.014733797366134,5.999996630452478,19.18879938727092,-3.3695475218920024e-06,1.9235053740061193e-05,0.5000000088920259,0.5,0.02500000085743683,-1.6945413569714212e-05,0.3749909176646419,True
38.550000000000004,17.039733797808548,5.999996974374342,19.213799387713333,-3.0256256575711404e-06,1.8287035057472973e-05,0.5000000088867754,0.5,0.02500000085980014,-1.704212229930079e-05,0.3749915431458316,True
38.6,17.064733798251055,5.99999729297129,19.23879938815584,-2.707028709636461e-06,1.732792831371881e-05,0.5000000088820024,0.5,0.025000000862035774,-1.6986121661127027e-05,0.3749921465953475,True
38.650000000000006,17.089733798693633,5.999997587396641,19.263799388598418,-2.412603358870058e-06,1.636761050706457e-05,0.5000000088776777,0.5,0.025000000864146093,-1.6801232978825353e-05,0.3749927262330644,True
38.7,17.11473379913626,5.99999785883362,19.288799389041046,-2.141166380198456e-06,1.541445914107303e-05,0.5000000088737734,0.5,0.02500000086613189,-1.6508735711499936e-05,0.37499328075410543,True
38.75,17.13973379957892,5.999998108480693,19.313799389483705,-1.8915193074064973e-06,1.4475509974133892e-05,0.5000000088702619,0.5,0.025000000867991652,-1.612757448163329e-05,0.3749938092673267,True
38.800000000000004,17.164733800021597,5.9999983375390125,19.338799389926383,-1.6624609875393048e-06,1.3556602100986389e-05,0.5000000088671157,0.5,0.02500000086972473,-1.567455436722087e-05,0.37499431123967497,True
38.85,17.189733800464282,5.999998547201761,19.363799390369067,-1.452798239043318e-06,1.2662511065248415e-05,0.5000000088643081,0.5,0.02500000087133213,-1.5164524593211114e-05,0.3749947864459959,True
38.900000000000006,17.214733800906963,5.999998738645187,19.388799390811748,-1.2613548125983698e-06,1.1797070697210494e-05,0.5000000088618125,0.5,0.02500000087281376,-1.4610550829191127e-05,0.3749952349238886,True
38.95,17.239733801349633,5.999998913021165,19.41379939125442,-1.0869788349410214e-06,1.0963284360977814e-05,0.500000008859603,0.5,0.025000000874172083,-1.4024076378533569e-05,0.374995656933222,True
39.0,17.264733801792286,5.999999071451088,19.43879939169707,-9.285489124266633e-07,1.016342628040203e-05,0.5000000088576546,0.5,0.025000000875411113,-1.34150725406554e-05,0.3749960529199383,True
39.050000000000004,17.289733802234917,5.999999215020965,19.463799392139702,-7.849790346625696e-07,9.399133596380243e-06,0.5000000088559432,0.5,0.02500000087653483,-1.2792178578927854e-05,0.37499642348380874,True
39.1,17.314733802677523,5.999999344777566,19.488799392582308,-6.552224336431323e-07,8.671489786851466e-06,0.5000000088544458,0.5,0.025000000877548462,-1.216283162344065e-05,0.37499676934979936,True
39.150000000000006,17.339733803120104,5.999999461725486,19.51379939302489,-5.382745138504674e-07,7.98110005815921e-06,0.5000000088531408,0.5,0.02500000087845804,-1.1533386991474595e-05,0.37499709134275006,True
39.2,17.36473380356266,5.999999566825026,19.538799393467446,-4.3317497411266004e-07,7.328159292289995e-06,0.5000000088520076,0.5,0.02500000087927082,-1.0909229348619928e-05,0.37499739036507246,True
39.25,17.389733804005193,5.999999660990769,19.563799393909978,-3.390092313537707e-07,6.712513107550524e-06,0.5000000088510275,0.5,0.02500000087999234,-1.0294875137251938e-05,0.37499766737719187,True
39.300000000000004,17.4147338044477,5.999999745090767,19.588799394352485,-2.549092332770897e-07,6.133712564969178e-06,0.5000000088501828,0.5,0.025000000880630757,-9.694066770219894e-06,0.3749979233804863,True
39.35,17.43973380489018,5.99999981994625,19.613799394794967,-1.8005374968765864e-07,5.591063025201684e-06,0.5000000088494576,0.5,0.025000000881192364,-9.109859031082896e-06,0.3749981594024856,True
39.400000000000006,17.46473380533264,5.999999886331777,19.638799395237424,-1.1366822327829595e-07,5.083667632779974e-06,0.5000000088488372,0.5,0.025000000881684744,-8.54469811572034e-06,0.37499837648410506,True
39.45,17.489733805775078,5.99999994497576,19.663799395679863,-5.502424027525876e-08,4.610465878477553e-06,0.5000000088483084,0.5,0.02500000088211428,-8.00049380627016e-06,0.37499857566872236,True
39.5,17.514733806217496,5.999999996561308,19.68879939612228,-3.438691997814658e-09,4.170267663022723e-06,0.5000000088478594,0.5,0.02500000088248662,-7.478685171578463e-06,0.37499875799289906,True
39.550000000000004,17.539733806659896,6.000000041727323,19.71379939656468,4.172732293028503e-08,3.7617832590582785e-06,0.5000000088474794,0.5,0.02500000088280872,-6.980300243978963e-06,0.37499884102393355,True
39.6,17.564733807102282,6.000000081069805,19.738799397007067,8.10698050912606e-08,3.3836495431373052e-06,0.5000000088471589,0.5,0.02500000088308575,-6.506010077795096e-06,0.37499891398699614,True
39.650000000000006,17.589733807544654,6.00000011514333,19.76379939744944,1.1514333042583758e-07,3.0344528441021945e-06,0.5000000088468894,0.5,0.025000000883322892,-6.056177606449234e-06,0.37499898362475037,True
39.7,17.61473380798701,6.000000144462648,19.788799397891797,1.4446264806622366e-07,2.712748729731333e-06,0.5000000088466636,0.5,0.0250000008835261,-5.630901630111566e-06,0.37499904985143917,True
39.75,17.63973380842936,6.000000169504379,19.813799398334144,1.695043794214257e-07,2.4170790312606447e-06,0.5000000088464751,0.5,0.025000000883698515,-5.2300563596337745e-06,0.37499911262351343,True
39.800000000000004,17.664733808871695,6.00000019070878,19.83879939877648,1.9070878032323435e-07,2.1459863828463225e-06,0.5000000088463182,0.5,0.025000000883843857,-4.853326821033287e-06,0.3749991719335518,True
39.85,17.689733809314024,6.000000208481543,19.86379939921881,2.084815431402376e-07,1.8980265313173e-06,0.500000008846188,0.5,0.025000000883967047,-4.5002404563784805e-06,0.3749992278048022,True
39.900000000000006,17.714733809756343,6.000000223195621,19.888799399661128,2.2319562109629487e-07,1.6717786525226097e-06,0.5000000088460803,0.5,0.02500000088406966,-4.170195252349273e-06,0.3749992802862938,True
39.95,17.739733810198658,6.000000235193048,19.913799400103443,2.3519304814811903e-07,1.4658538907318488e-06,0.5000000088459913,0.5,0.025000000884156076,-3.862484649871972e-06,0.3749993294484806,True
40.0,17.764733810640966,6.000000244786751,19.93879940054575,2.447867508692525e-07,1.2789023201530016e-06,0.500000008845918,0.5,0.025000000884227953,-3.5763195687808193e-06,0.37499937537936223,True
40.050000000000004,17.78973381108327,6.000000252262327,19.963799400988055,2.5226232658326353e-07,1.1096185101581762e-06,0.5000000088458578,0.5,0.025000000884287273,-3.3108477460336313e-06,0.37499941818105287,True
40.1,17.81473381152557,6.000000257879784,19.988799401430356,2.578797841934488e-07,9.567458599666068e-07,0.5000000088458085,0.5,0.025000000884336092,-3.065170661997318e-06,0.3749994579667526,True
40.150000000000006,17.839733811967868,6.00000026187524,20.013799401872653,2.618752397154367e-07,8.190798544612483e-07,0.5000000088457681,0.5,0.02500000088437593,-2.8383582871564277e-06,0.3749994948580854,True
40.2,17.86473381241016,6.000000264462551,20.038799402314947,2.644625514136578e-07,6.954703777359853e-07,0.5000000088457349,0.5,0.02500000088440914,-2.629461818766654e-06,0.37499952898277666,True
40.25,17.88973381285245,6.000000265834901,20.063799402757237,2.6583490075893224e-07,5.848232090147178e-07,0.5000000088457077,0.5,0.02500000088443611,-2.4375246587608226e-06,0.3749995604726275,True
40.300000000000004,17.91473381329474,6.000000266166303,20.088799403199523,2.6616630321996126e-07,4.861008130639391e-07,0.5000000088456855,0.5,0.02500000088445767,-2.2615917572878346e-06,0.37499958946177003,True
40.35,17.939733813737025,6.000000265613053,20.11379940364181,2.656130533296164e-07,3.983225260437309e-07,0.5000000088456672,0.5,0.025000000884475144,-2.1007175218462422e-06,0.37499961608516635,True
40.400000000000006,17.96473381417931,6.000000264315101,20.138799404084097,2.643151013614897e-07,3.205642280929421e-07,0.5000000088456521,0.5,0.025000000884489473,-1.9539724441719717e-06,0.3749996404773293,True
40.45,17.989733814621594,6.000000262397357,20.16379940452638,2.6239735717581425e-07,2.519575834687374e-07,0.5000000088456396,0.5,0.025000000884500998,-1.8204485680813628e-06,0.3749996627712445,True
40.5,18.014733815063877,6.000000259970924,20.188799404968663,2.5997092389928866e-07,1.916889208687412e-07,0.5000000088456291,0.5,0.025000000884509987,-1.6992639411740879e-06,0.3749996830974689,True
40.550000000000004,18.03973381550616,6.0000002571342606,20.213799405410946,2.571342605506288e-07,1.3899781864737422e-07,0.5000000088456203,0.5,0.02500000088451752,-1.5895661632448954e-06,0.3749997015833885,True
40.6,18.064733815948443,6.000000253974276,20.23879940585323,2.539742762763808e-07,9.31754520293311e-08,0.500000008845613,0.5,0.025000000884523157,-1.490535147357583e-06,0.37499971835261503,True
40.650000000000006,18.089733816390723,6.000000250567352,20.263799406295508,2.5056735175610356e-07,5.3562752616293796e-08,0.5000000088456067,0.5,0.02500000088452777,-1.4013851630153344e-06,0.3749997335245109,True
40.7,18.114733816833002,6.000000246980299,20.288799406737787,2.469802993232406e-07,1.954842496770845e-08,0.5000000088456013,0.5,0.025000000884531335,-1.3213662981092606e-06,0.37499974721381846,True
40.75,18.139733817275282,6.000000243271255,20.313799407180067,2.4327125469625344e-07,-9.433141095482336e-09,0.5000000088455965,0.5,0.025000000884534544,-1.2497653771049317e-06,0.3749997539271024,True
40.800000000000004,18.16473381771756,6.000000239490507,20.338799407622346,2.3949050742544387e-07,-3.390402899596128e-08,0.5000000088455924,0.5,0.02500000088453659,-1.1859064293875075e-06,0.374999750439996,True
40.85,18.18973381815984,6.000000235681271,20.363799408064626,2.35681270943644e-07,-5.434499515437935e-08,0.5000000088455886,0.5,0.02500000088453855,-1.1291507671074668e-06,0.37499974817826565,True
40.900000000000006,18.21473381860212,6.000000231880397,20.388799408506905,2.318803966616656e-07,-7.119768499283915e-08,0.5000000088455853,0.5,0.02500000088454,-1.078896739944408e-06,0.3749997469738912,True
40.95,18.2397338190444,6.000000228119031,20.413799408949185,2.2811903122033073e-07,-8.486684395852328e-08,0.5000000088455822,0.5,0.025000000884541726,-1.0345792018715618e-06,0.37499974667551655,True
41.0,18.26473381948668,6.000000224423223,20.438799409391464,2.2442322311633234e-07,-9.57225053878438e-08,0.5000000088455794,0.5,0.025000000884542645,-9.956687533001998e-07,0.37499974714719336,True
41.050000000000004,18.28973381992896,6.00000022081448,20.463799409833744,2.2081447959010347e-07,-1.041021399607211e-07,0.5000000088455768,0.5,0.02500000088454372,-9.61670792074793e-07,0.3749997482671855,True
41.1,18.314733820371238,6.000000217310278,20.488799410276023,2.17310278216587e-07,-1.1031275437588302e-07,0.5000000088455745,0.5,0.0250000008845443,-9.321244179529932e-07,0.3749997499268345,True
41.150000000000006,18.339733820813517,6.000000213924531,20.513799410718303,2.1392453142254908e-07,-1.1463292920169016e-07,0.5000000088455723,0.5,0.02500000088454532,-9.066012011018028e-07,0.37499975202948943,True
41.2,18.364733821255797,6.0000002106680155,20.538799411160582,2.1066801547675595e-07,-1.1731478749816268e-07,0.5000000088455703,0.5,0.025000000884545622,-8.84703886442626e-07,0.3749997544894935,True
41.25,18.389733821698076,6.000000207548758,20.56379941160286,2.0754875773576487e-07,-1.1858588825620767e-07,0.5000000088455684,0.5,0.02500000088454647,-8.660650168195078e-07,0.37499975723123435,True
41.300000000000004,18.414733822140356,6.000000204572386,20.58879941204514,2.0457238569804304e-07,-1.1865104033055157e-07,0.5000000088455667,0.5,0.02500000088454685,-8.503454990575104e-07,0.3749997601882562,True
41.35,18.439733822582635,6.0000002017424485,20.61379941248742,2.0174244852455558e-07,-1.1769403275235832e-07,0.5000000088455651,0.5,0.025000000884547586,-8.372331737162196e-07,0.37499976330242457,True
41.400000000000006,18.464733823024915,6.000000199060704,20.6387994129297,1.990607039203951e-07,-1.1587927983244893e-07,0.5000000088455636,0.5,0.025000000884548,-8.264413591522467e-07,0.3749997665231508,True
41.45,18.489733823467194,6.000000196527377,20.66379941337198,1.9652737659470176e-07,-1.1335338040074639e-07,0.5000000088455623,0.5,0.025000000884548016,-8.177074002556358e-07,0.37499976980667027,True
41.5,18.514733823909474,6.000000194141391,20.68879941381426,1.9414139096340932e-07,-1.1024659055668893e-07,0.500000008845561,0.5,0.025000000884548734,-8.107912375698498e-07,0.3749997731153724,True
41.550000000000004,18.539733824351753,6.000000191900578,20.71379941425654,1.9190057809481686e-07,-1.0667421067607004e-07,0.5000000088455597,0.5,0.025000000884549307,-8.054739962968432e-07,0.3749997764171821,True
41.6,18.564733824794033,6.000000189801862,20.738799414698818,1.8980186222705697e-07,-1.0273788787229511e-07,0.5000000088455586,0.5,0.02500000088454947,-8.01556619430533e-07,0.37499977968498577,True
41.650000000000006,18.589733825236312,6.000000187841427,20.763799415141097,1.878414268574602e-07,-9.852683581645151e-08,0.5000000088455575,0.5,0.02500000088455013,-7.988585429651271e-07,0.37499978289610353,True
41.7,18.61473382567859,6.000000186014858,20.788799415583377,1.8601485773928061e-07,-9.411897448073312e-08,0.5000000088455566,0.5,0.025000000884550625,-7.972163955553927e-07,0.3749997860318074,True
41.75,18.63973382612087,6.000000184317273,20.813799416025656,1.8431727344392357e-07,-8.958199178438676e-08,0.5000000088455557,0.5,0.025000000884550757,-7.964827710092718e-07,0.3749997890768755,True
41.800000000000004,18.66473382656315,6.00000018274344,20.838799416467936,1.8274343993596176e-07,-8.497433003638157e-08,0.500000008845555,0.5,0.025000000884550965,-7.9652505351947e-07,0.37499979201918454,True
41.85,18.68973382700543,6.000000181287866,20.863799416910215,1.8128786560822618e-07,-8.034610091053922e-08,0.5000000088455542,0.5,0.025000000884551506,-7.972242707460463e-07,0.3749997948493428,True
41.900000000000006,18.714733827447706,6.000000179944891,20.88879941735249,1.799448909878265e-07,-7.573993135067129e-08,0.5000000088455535,0.5,0.02500000088455162,-7.984740395999492e-07,0.37499979756034973,True
41.95,18.73973382788998,6.000000178708761,20.913799417794767,1.7870876067860308e-07,-7.119174399213569e-08,0.5000000088455528,0.5,0.025000000884552405,-8.001795404166394e-07,0.3749998001472917,True
42.0,18.764733828332258,6.000000177573687,20.938799418237043,1.7757368730997314e-07,-6.67314757022626e-08,0.5000000088455524,0.5,0.025000000884552176,-8.022565584587159e-07,0.37499980260706467,True
42.050000000000004,18.789733828774533,6.000000176533906,20.96379941867932,1.765339057158144e-07,-6.238373708728526e-08,0.5000000088455518,0.5,0.025000000884552686,-8.046305810394958e-07,0.3749998049381246,True
42.1,18.81473382921681,6.00000017558372,20.988799419121595,1.7558372000792133e-07,-5.81684166235293e-08,0.5000000088455514,0.5,0.025000000884552797,-8.072359566169234e-07,0.3749998071402605,True
42.150000000000006,18.839733829659085,6.000000174717541,21.01379941956387,1.7471754087949876e-07,-5.410123291119257e-08,0.5000000088455511,0.5,0.02500000088455312,-8.100150970569077e-07,0.37499980921439313,True
42.2,18.86473383010136,6.000000173929915,21.038799420006146,1.7392991491504972e-07,-5.0194238178616295e-08,0.5000000088455507,0.5,0.025000000884552995,-8.129177255850488e-07,0.3749998111623965,True
42.25,18.889733830543637,6.000000173215554,21.063799420448422,1.7321555390026333e-07,-4.645627568056127e-08,0.5000000088455504,0.5,0.025000000884553352,-8.159002055102435e-07,0.37499981298693236,True
42.300000000000004,18.914733830985913,6.000000172569353,21.088799420890698,1.7256935258558315e-07,-4.289339475267354e-08,0.5000000088455501,0.5,0.025000000884553553,-8.189248880333789e-07,0.3749998146913093,True
42.35,18.93973383142819,6.000000171986405,21.113799421332974,1.7198640467341875e-07,-3.9509226492877354e-08,0.5000000088455498,0.5,0.02500000088455366,-8.219595192848533e-07,0.3749998162793552,True
42.400000000000006,18.964733831870465,6.000000171462014,21.13879942177525,1.7146201436446518e-07,-3.630532239952891e-08,0.5000000088455496,0.5,0.025000000884553772,-8.249766914391952e-07,0.374999817755305,True
42.45,18.98973383231274,6.0000001709917035,21.163799422217526,1.709917034631303e-07,-3.328145903967512e-08,0.5000000088455494,0.5,0.025000000884553862,-8.279533319283662e-07,0.3749998191237033,True
42.5,19.014733832755017,6.000000170571218,21.1887994226598,1.7057121759478377e-07,-3.043591119214127e-08,0.5000000088455492,0.5,0.025000000884553893,-8.308702438352299e-07,0.37499982038931684,True
42.550000000000004,19.039733833197293,6.000000170196527,21.213799423102078,1.701965270939354e-07,-2.7765696121487038e-08,0.500000008845549,0.5,0.025000000884554303,-8.337116716618971e-07,0.3749998215570612,True
42.6,19.06473383363957,6.000000169863829,21.238799423544354,1.6986382878059203e-07,-2.5266791260338296e-08,0.5000000088455488,0.5,0.02500000088455442,-8.364649180200506e-07,0.37499982263193427,True
42.650000000000006,19.089733834081844,6.0000001695695415,21.26379942398663,1.6956954151936543e-07,-2.293432756992071e-08,0.5000000088455487,0.5,0.025000000884554435,-8.391199735536942e-07,0.3749998236189632,True
42.7,19.11473383452412,6.0000001693103036,21.288799424428905,1.6931030355493704e-07,-2.0762760487384338e-08,0.5000000088455486,0.5,0.025000000884555045,-8.416691944556339e-07,0.3749998245231566,True
