time_s,x_m,y_m,progress_m,lateral_error_m,heading_error_rad,speed_mps,target_speed_mps,drive,steer,clearance_m,reference_valid
0.0,0.0,0.15,0.0,0.15,0.08,0.0,0.3,0.3499999999956225,-0.015759791295755183,0.20166512260332825,True
0.05,0.00145382026974067,0.15011169946873942,0.00145382026974067,0.15011169946873942,0.07996353939469981,0.058314435900746565,0.3,0.3499999999961335,-0.21575979154681188,0.20156385318201073,True
0.1,0.005819206098276287,0.15036183977754455,0.005819206098276287,0.15036183977754455,0.07922056446641937,0.11651566605735426,0.3,0.35,-0.2957597931020333,0.20152629379031078,True
0.15000000000000002,0.01310369179265871,0.150540195731564,0.01310369179265871,0.150540195731564,0.07627370294181814,0.17449136208612986,0.3,0.349999967910323,-0.4157599087875368,0.2021919016459286,True
0.2,0.023307040712666063,0.15041618062588552,0.023307040712666063,0.15041618062588552,0.06968464295847378,0.23213093058593767,0.3,0.27565476238852094,-0.4957597840158187,0.20420760045934083,True
0.25,0.036106927230693385,0.1497248005192577,0.036106927230693385,0.1497248005192577,0.058233496508966205,0.27699030794399493,0.3,0.17562081732386084,-0.6157597897377753,0.20820151088764194,True
0.30000000000000004,0.05074673700102345,0.14822170643960933,0.05074673700102345,0.14822170643960933,0.041306362991915105,0.3048485791143576,0.3,0.10911149342566027,-0.6957597962957681,0.21462041540848475,True
0.35000000000000003,0.06648563329266471,0.14571236787051142,0.06648563329266471,0.14571236787051142,0.018683277883269178,0.3213991878381075,0.3,0.055191824656606936,-0.8157597944468509,0.2237608373354062,True
0.4,0.08275786572857187,0.1420403007795519,0.08275786572857187,0.1420403007795519,-0.009740210676291721,0.32883598492544336,0.3,0.025579640046319643,-0.8306784719650727,0.2300728318254795,True
0.45,0.0991323694722638,0.13707214050880184,0.0991323694722638,0.13707214050880184,-0.04408779412939126,0.3312835676578235,0.3,0.013765383705636956,-0.7391513081574286,0.22495948979450833,True
0.5,0.11538929446817547,0.13141133862025994,0.11538929446817547,0.13141133862025994,-0.07925527622252987,0.33174609189882204,0.3,0.006739544385179019,-0.641858519952506,0.220466861354877,True
0.55,0.1315071308448676,0.12586376950179057,0.1315071308448676,0.12586376950179057,-0.10953282229596233,0.33103900543685916,0.3,0.00379786140852472,-0.5416901587141326,0.21741908244582786,True
0.6000000000000001,0.14750116345660755,0.12055292243678736,0.14750116345660755,0.12055292243678736,-0.13465907509255398,0.3298520880593224,0.3,0.0027345888446043123,-0.45432979685800895,0.21570569607882994,True
0.65,0.16339383957396933,0.11548182211768424,0.16339383957396933,0.11548182211768424,-0.15524147561740698,0.3285019056271541,0.3,0.0024205609781710533,-0.3781541594554048,0.21509965339670434,True
0.7000000000000001,0.17920186477710123,0.11061259369117998,0.17920186477710123,0.11061259369117998,-0.17208970216885516,0.32711437397990234,0.3,0.0022305590519365146,-0.3129390818703564,0.215375029628869,True
0.75,0.19493747356570912,0.10591555619165881,0.19493747356570912,0.10591555619165881,-0.18585548074247568,0.32571039419339376,0.3,0.0020748533101259195,-0.2571089715574173,0.21635528507961718,True
0.8,0.21060827475302857,0.10136705673713521,0.21060827475302857,0.10136705673713521,-0.19706945344328747,0.32429576411015704,0.3,0.0018299549900931977,-0.20819551208608664,0.2179008547087775,True
0.8500000000000001,0.2262192558398717,0.09695305048737865,0.2262192558398717,0.09695305048737865,-0.20613073516636066,0.3228557465315638,0.3,0.001929031283194218,-0.1649311090191252,0.21990497304614326,True
0.9,0.24177528522505595,0.09266704287738795,0.24177528522505595,0.09266704287738795,-0.21333576298531964,0.321447567686763,0.3,0.0022652453877348286,-0.12636175574666295,0.22228549404472858,True
0.9500000000000001,0.25728247914801444,0.08850549674900414,0.25728247914801444,0.08850549674900414,-0.21892079164754327,0.32011013432215385,0.3,0.00269585182524361,-0.0918453014363593,0.224976592767053,True
1.0,0.27274738812640387,0.084466544254491,0.27274738812640387,0.084466544254491,-0.2230796226039643,0.3188582832863684,0.3,0.0031405330390478483,-0.06090220158986648,0.22792436916508518,True
1.05,0.28817620021734086,0.08054913505496075,0.28817620021734086,0.08054913505496075,-0.225976243913688,0.3176933893679126,0.3,0.003561332796605185,-0.033146582972325866,0.23108369133378326,True
1.1,0.3035743832250762,0.07675263711004776,0.3035743832250762,0.07675263711004776,-0.22775218111050588,0.3166105305289439,0.3,0.003943450467911163,-0.008258288556715804,0.23441618237923267,True
1.1500000000000001,0.31894658200651016,0.0730766123832609,0.31894658200651016,0.0730766123832609,-0.22853129505058165,0.3156023919422283,0.3,0.004283853735537867,0.014033044797497642,0.23788883245468656,True
1.2000000000000002,0.33429663876129756,0.06952066195692759,0.33429663876129756,0.06952066195692759,-0.22842324097451422,0.3146612406280826,0.3,0.004585021385742937,0.033959276814358855,0.24147298173798187,True
1.25,0.3496276679927793,0.06608431478992668,0.3496276679927793,0.06608431478992668,-0.2275260435708301,0.31377984202802867,0.3,0.004851640121078151,0.051722282268180306,0.2451435555869429,True
1.3,0.3649421514073791,0.06276695076814033,0.3649421514073791,0.06276695076814033,-0.22592803132013475,0.31295181955955303,0.3,0.005088936837713346,0.06750041459714778,0.248878480626131,True
1.35,0.38024203540653373,0.05956775139373865,0.38024203540653373,0.05956775139373865,-0.22370929742207749,0.3121717341712322,0.3,0.005301891818320474,0.08145337615852627,0.25265823304242585,True
1.4000000000000001,0.3955288229368209,0.05648567222914672,0.3955288229368209,0.05648567222914672,-0.22094281134142502,0.31143503285279234,0.3,0.005494912523684785,0.0937258607582779,0.2564654843864377,True
1.4500000000000002,0.410803656203563,0.05351943196475557,0.410803656203563,0.05351943196475557,-0.21769527380050094,0.31073794379126884,0.3,0.005671738871280324,0.10445026006081622,0.2602848198556349,True
1.5,0.4260673891603029,0.05066751381095639,0.4260673891603029,0.05066751381095639,-0.21402778436066475,0.3100773570664826,0.3,0.0058354584128015394,0.1137486645064638,0.2641025108890098,True
1.55,0.4413206498619337,0.04792817571381994,0.4413206498619337,0.04792817571381994,-0.20999637281303318,0.30945070922027085,0.3,0.0059885682822110875,0.1217343393644439,0.26790632878499565,True
1.6,0.4565638933100339,0.045299466605526535,0.4565638933100339,0.045299466605526535,-0.2056524320764972,0.3088558793836222,0.3,0.006133052453489351,0.12851281290796254,0.27168538955820476,True
1.6500000000000001,0.47179744563919024,0.042779246501958294,0.47179744563919024,0.042779246501958294,-0.2010430801732259,0.30829109935652027,0.3,0.006270459880868465,0.13418268360752963,0.27543002278102124,True
1.7000000000000002,0.48702154055973623,0.040365208758015664,0.48702154055973623,0.040365208758015664,-0.19621147126146674,0.30775487762407483,0.3,0.006401976761784024,0.1388362260434284,0.2791316590044492,True
1.75,0.5022363489667924,0.03805490320167062,0.5022363489667924,0.03805490320167062,-0.1911970700104313,0.3072459361764774,0.3,0.006528491082916896,0.14255985510898833,0.2827827317175881,True
1.8,0.5174420025859721,0.03584575919746712,0.5174420025859721,0.03584575919746712,-0.18603589938573695,0.30676315871062726,0.3,0.006650648858525573,0.14543449385915988,0.28637659081614397,True
1.85,0.532638612472802,0.03373510795844619,0.532638612472802,0.03373510795844619,-0.180760768774969,0.30630554871082505,0.3,0.006768902584420059,0.14753587629948162,0.289907425309171,True
1.9000000000000001,0.5478262831215629,0.0317202036388845,0.5478262831215629,0.0317202036388845,-0.17540148709638875,0.30587219601038973,0.3,0.006883552663701708,0.14893480897456493,0.29337019356053823,True
1.9500000000000002,0.5630051228748213,0.029798242908121306,0.5630051228748213,0.029798242908121306,-0.1699850638919823,0.3054622505775124,0.3,0.006994782473183915,0.1496974066702741,0.2967605597866624,True
2.0,0.5781752512588679,0.027966382837219663,0.5781752512588679,0.027966382837219663,-0.1645359002463244,0.3050749023937884,0.3,0.007102687751313674,0.14988531318540657,0.3000748358502522,True
2.0500000000000003,0.5933368038031818,0.026221757029150472,0.5933368038031818,0.026221757029150472,-0.15907597059198522,0.3047093664193539,0.3,0.00720730104928117,0.149555913570232,0.30330992762489933,True
2.1,0.6084899348362619,0.02456148999709739,0.6084899348362619,0.02456148999709739,-0.15362499595046877,0.30436487177258104,0.3,0.007308611781196229,0.1487625417045048,0.3064632853791285,True
2.15,0.6236348186864853,0.022982709847427604,0.6236348186864853,0.022982709847427604,-0.1482006088528803,0.3040406543506054,0.3,0.0074065824032763196,0.14755468516116696,0.30953285775446354,True
2.2,0.6387716496560163,0.021482559359730022,0.6387716496560163,0.021482559359730022,-0.14281851001618381,0.30373595221312455,0.3,0.007501161247757378,0.1459781877414931,0.3125170490035605,True
2.25,0.6539006410792249,0.020058205578339545,0.6539006410792249,0.020058205578339545,-0.13749261678398786,0.30345000314625625,0.3,0.007592292495487303,0.1440754496034237,0.31541467921924987,True
2.3000000000000003,0.6690220237255079,0.018706848041703472,0.6690220237255079,0.018706848041703472,-0.1322352033352506,0.30318204390961107,0.3,0.007679923662659866,0.14188562396940183,0.3182249473313872,True
2.35,0.6841360437598757,0.017425725779942364,0.6841360437598757,0.017425725779942364,-0.127057032698984,0.30293131073715307,0.3,0.0077640110725720165,0.13944480972546897,0.3209473966804135,True
2.4000000000000004,0.6992429604336416,0.01621212320944356,0.6992429604336416,0.01621212320944356,-0.12196748066635216,0.30269704074492215,0.3,0.007844523556082124,0.1367862388119839,0.3235818829991766,True
2.45,0.7143430436417886,0.015063375048394834,0.7143430436417886,0.015063375048394834,-0.11697465174909959,0.3024784739426411,0.3,0.00792144482651069,0.1339404574684058,0.32612854465100466,True
2.5,0.7294365714529242,0.013976870369009079,0.7294365714529242,0.013976870369009079,-0.11208548739469948,0.302274855623211,0.3,0.007994774697910855,0.13093550063691034,0.32858777498341124,True
2.5500000000000003,0.7445238276919981,0.012950055893015962,0.7445238276919981,0.012950055893015962,-0.10730586672006852,0.302085438934383,0.3,0.0080645294457752,0.12779705890795892,0.3309601966659709,True
2.6,0.7596050996343504,0.011980438627220645,0.7596050996343504,0.011980438627220645,-0.10264070006776743,0.30190948748844115,0.3,0.008130741499293883,0.12454863746048561,0.3332466378883927,True
2.6500000000000004,0.7746806758520555,0.011065587925556428,0.7746806758520555,0.011065587925556428,-0.09809401572391528,0.30174627789852065,0.3,0.008193458647658266,0.12121170691159508,0.3354481103008596,True
2.7,0.7897508442393336,0.010203137054396766,0.7897508442393336,0.010203137054396766,-0.09366904015871833,0.3015951021615463,0.3,0.008252742889225718,0.11780584581626233,0.3375657885847786,True
2.75,0.8048158902325071,0.009390784328743311,0.8048158902325071,0.009390784328743311,-0.08936827216331461,0.3014552698299207,0.3,0.008308669057004931,0.11434887495426813,0.33960099154781487,True
2.8000000000000003,0.81987609523115,0.008626293878290071,0.81987609523115,0.008626293878290071,-0.08519355126219819,0.3013261099367882,0.3,0.008361323305514796,0.11085698339868,0.3415551646425775,True
2.85,0.834931735220371,0.007907496094582536,0.834931735220371,0.007907496094582536,-0.08114612077875581,0.3012069726541438,0.3,0.008410801539421312,0.10734484671478345,0.34342986381381724,True
2.9000000000000004,0.8499830795891624,0.007232287803535536,0.8499830795891624,0.007232287803535536,-0.07722668592373924,0.3010972306765905,0.3,0.00845720783771904,0.10382573748216327,0.3452267405845129,True
2.95,0.8650303901361646,0.006598632201554452,0.8650303901361646,0.006598632201554452,-0.07343546726354348,0.3009962803325326,0.3,0.008500652916205612,0.10031162852983833,0.3469475282967919,True
3.0,0.8800739202517043,0.006004558588059427,0.8800739202517043,0.006004558588059427,-0.06977224991027116,0.30090354243166406,0.3,0.008541252664574053,0.09681328920090948,0.34859402942889484,True
3.0500000000000003,0.8951139142633949,0.005448161922588168,0.8951139142633949,0.005448161922588168,-0.06623642875761485,0.30081846286354824,0.3,0.008579126772117475,0.09334037505928987,0.3501681039146342,True
3.1,0.9101506069316995,0.0049276022305995565,0.9101506069316995,0.0049276022305995565,-0.0628270500677439,0.30074051296426707,0.3,0.008614397462895947,0.08990151142371539,0.3516716583967714,True
3.1500000000000004,0.9251842230815077,0.004441103878732643,0.9251842230815077,0.004441103878732643,-0.05954284969407076,0.3006691896714114,0.3,0.008647188348854385,0.08650437114216702,0.3531066363505963,True
3.2,0.940214977355864,0.003986954737407433,0.940214977355864,0.003986954737407433,-0.05638228820442529,0.30060401548890187,0.3,0.008677623392950126,0.0831557469127547,0.35447500901858714,True
3.25,0.9552430740783062,0.003563505246069865,0.9552430740783062,0.003563505246069865,-0.053343583150392185,0.3005445382816088,0.3,0.00870582599636481,0.07986161862550575,0.3557787671011396,True
3.3000000000000003,0.970268707210843,0.0031691673943650784,0.970268707210843,0.0031691673943650784,-0.05042473870893926,0.3004903309218861,0.3,0.008731918198565208,0.0766272160014674,0.35701991315243087,True
3.35,0.9852920603953264,0.002802413630859931,0.9852920603953264,0.002802413630859931,-0.0476235729037034,0.3004409908080637,0.3,0.008756019984730953,0.07345707690273397,0.358200454634254,True
3.4000000000000004,1.0003133070667551,0.002461775709386968,1.0003133070667551,0.002461775709386968,-0.044937742596748216,0.3003961392738466,0.3,0.008778248699239561,0.0703551016045303,0.3593223975839642,True
3.45,1.0153326106279008,0.0021458434819042493,1.0153326106279008,0.0021458434819042493,-0.04236476642520195,0.3003554209071738,0.3,0.008798718553401566,0.06732460335066746,0.3603877408558608,True
3.5,1.0303501246755142,0.0018532636457591037,1.0303501246755142,0.0018532636457591037,-0.03990204584214789,0.30031850279496053,0.3,0.008817540221241676,0.06436835543142705,0.3613984708982137,True
3.5500000000000003,1.0453659932692314,0.0015827384523849925,1.0453659932692314,0.0015827384523849925,-0.037546884407465723,0.30028507370896534,0.3,0.008834820516543121,0.061488635069608305,0.3623565570307473,True
3.6,1.0603803512351349,0.0013330243837462066,1.0603803512351349,0.0013330243837462066,-0.035296505461698664,0.30025484324675783,0.3,0.008850662143541717,0.05868726432193285,0.3632639471897839,True
3.6500000000000004,1.075393324496745,0.0011029308022698697,1.075393324496745,0.0011029308022698697,-0.03314806830436222,0.30022754094037046,0.3,0.0088651635129963,0.055965648222903,0.36412256411044536,True
3.7,1.0904050304269872,0.000891318579468797,1.0904050304269872,0.000891318579468797,-0.03109868298787243,0.3002029153437308,0.3,0.008878418612907345,0.05332481035881338,0.36493430191725706,True
3.75,1.105415578215388,0.0006970987080388096,1.105415578215388,0.0006970987080388096,-0.02914542382872661,0.30018073310808724,0.3,0.008890516936656562,0.05076542606065349,0.3657010230963078,True
3.8000000000000003,1.1204250692454443,0.0005192309018417828,1.1204250692454443,0.0005192309018417828,-0.0272853417290205,0.3001607780550198,0.3,0.00890154345146494,0.04828785336949888,0.36642455582376277,True
3.85,1.1354335974777359,0.00035672218785627233,1.1354335974777359,0.00035672218785627233,-0.025515475393731214,0.30014285025369913,0.3,0.008911578607878046,0.045892161932971055,0.3671066916270146,True
3.9000000000000004,1.1504412498349244,0.0002086254938805718,1.1504412498349244,0.0002086254938805718,-0.023832861522336584,0.300126765109118,0.3,0.008920698381725874,0.04357815996278617,0.36774918335611695,True
3.95,1.1654481065853113,7.403823551331538e-05,1.1654481065853113,7.403823551331538e-05,-0.02223454404712776,0.30011235246653595,0.3,0.00892897434630625,0.04134541938445076,0.3683537434443997,True
4.0,1.1804542417221147,-4.7899094309728846e-05,1.1804542417221147,-4.7899094309728846e-05,-0.02071758248504984,0.30009945573696006,0.3,0.008936473766742259,0.03919329929155528,0.36882624424969307,True
4.05,1.1954597233360649,-0.00015800433016185017,1.1954597233360649,-0.00015800433016185017,-0.0192790594648715,0.3000879310471047,0.3,0.008943259715638734,0.03712096781271813,0.3691396991172924,True
4.1000000000000005,1.2104646139793114,-0.0002570550305061336,1.2104646139793114,-0.0002570550305061336,-0.017916087487012806,0.30007764641709694,0.3,0.008949391203718094,0.03512742248504434,0.3694422127470156,True
4.15,1.2254689710189963,-0.000345789862965994,1.2254689710189963,-0.000345789862965994,-0.016625814969349895,0.3000684809681187,0.3,0.008954923324056958,0.03321150922929582,0.3697338462834182,True
4.2,1.240472846979166,-0.0004249099760295296,1.240472846979166,-0.0004249099760295296,-0.01540543162864486,0.30006032416192724,0.3,0.008959907406029904,0.031371940004364496,0.3700146904709193,True
4.25,1.2554762898699807,-0.0004950803549175133,1.2554762898699807,-0.0004950803549175133,-0.014252173243962057,0.30005307507353357,0.3,0.008964391175863447,0.02960730922394643,0.370284862553669,True
4.3,1.2704793435034383,-0.000556931159524931,1.2704793435034383,-0.000556931159524931,-0.013163325845442449,0.30004664169779544,0.3,0.008968418922952408,0.027916109001436398,0.37054450338085515,True
4.3500000000000005,1.2854820477950446,-0.0006110590425205403,1.2854820477950446,-0.0006110590425205403,-0.01213622936908815,0.3000409402905325,0.3,0.008972031668303055,0.02629674329504105,0.3707937747075021,True
4.4,1.3004844390510706,-0.0006580284458616873,1.3004844390510706,-0.0006580284458616873,-0.011168280815736148,0.3000358947441664,0.3,0.00897526733443998,0.024747541014215748,0.37103285668117686,True
4.45,1.315486550241198,-0.0006983728741389108,1.315486550241198,-0.0006983728741389108,-0.010256936950056207,0.300031435997778,0.3,0.00897816091478177,0.023266768144518134,0.3712619455053804,True
4.5,1.330488411256512,-0.0007325961433338598,1.330488411256512,-0.0007325961433338598,-0.009399716573362122,0.3000275014811464,0.3,0.008980744641227105,0.021852638951333193,0.37148125127070486,True
4.55,1.34549004915292,-0.0007611736037229655,1.34549004915292,-0.0007611736037229655,-0.008594202402015728,0.30002403459213056,0.3,0.008983048149075983,0.020503326308592716,0.37169099594517163,True
4.6000000000000005,1.3604914883801915,-0.0007845533358125578,1.3604914883801915,-0.0007845533358125578,-0.007838042581406987,0.30002098420661594,0.3,0.008985098637855002,0.01921697120779676,0.37189141151545596,True
4.65,1.3754927509968995,-0.0008031573183384901,1.3754927509968995,-0.0008031573183384901,-0.007128951863801651,0.30001830422002,0.3,0.008986921028004788,0.017991691489921333,0.3720827382709915,True
4.7,1.3904938568716214,-0.0008173825674996808,1.3904938568716214,-0.0008173825674996808,-0.0064647124767268135,0.30001595311935464,0.3,0.008988538112234462,0.016825589849215027,0.3722652232232394,True
4.75,1.4054948238708211,-0.0008276022467294073,1.4054948238708211,-0.0008276022467294073,-0.005843174707060189,0.30001389358465397,0.3,0.008989970701339936,0.01571676114697032,0.372439118652686,True
4.800000000000001,1.420495668033881,-0.0008341667464356888,1.420495668033881,-0.0008341667464356888,-0.0052622572245653795,0.3000120921185568,0.3,0.008991237763972763,0.014663299079376068,0.3726046807763993,True
4.8500000000000005,1.4354964037357894,-0.0008374047332658246,1.4354964037357894,-0.0008374047332658246,-0.004719947167277796,0.30001051870275824,0.3,0.00899235656023804,0.013663302235890695,0.3727621685292414,True
4.9,1.4504970438380222,-0.0008376241685614028,1.4504970438380222,-0.0008376241685614028,-0.004214300009834089,0.30000914648003935,0.3,0.008993342768948587,0.012714879585504048,0.37291184245210063,True
4.95,1.4654975998281707,-0.0008351132957824204,1.4654975998281707,-0.0008351132957824204,-0.0037434392346414845,0.3000079514605668,0.3,0.008994210608185895,0.011816155426600472,0.3730539636807607,True
5.0,1.4804980819488822,-0.0008301415967783805,1.4804980819488822,-0.0008301415967783805,-0.003305555824594017,0.30000691225111126,0.3,0.008994972949577048,0.01096527383308858,0.37318879302928254,True
5.050000000000001,1.4954984993166867,-0.000822960716879994,1.4954984993166867,-0.000822960716879994,-0.0028989075949304357,0.30000600980591285,0.3,0.008995641425887173,0.01016040262930455,0.3733165901620268,True
5.1000000000000005,1.510498860031279,-0.0008138053588746798,1.510498860031279,-0.0008138053588746798,-0.002521818380766448,0.3000052271978702,0.3,0.008996226532288673,0.00939973692396481,0.37343761284868837,True
5.15,1.5254991712758244,-0.0008028941460105831,1.5254991712758244,-0.0008028941460105831,-0.0021726770958071856,0.3000045494088012,0.3,0.00899673772133484,0.008681502232587662,0.3735521162969595,True
5.2,1.5404994394088396,-0.000790430454249464,1.5404994394088396,-0.000790430454249464,-0.0018499366767666353,0.300003963137542,0.3,0.008997183491788024,0.008003957215889031,0.3736603525576798,True
5.25,1.5554996700481971,-0.0007766032140580877,1.5554996700481971,-0.0007766032140580877,-0.0015521129270838667,0.30000345662468686,0.3,0.008997571471520607,0.0073653960606076384,0.3737625699975631,True
5.300000000000001,1.5704998681477764,-0.0007615876820916715,1.5704998681477764,-0.0007615876820916715,-0.0012777832726347323,0.3000030194928206,0.3,0.008997908494688197,0.006764150528342856,0.37385901283482326,True
5.3500000000000005,1.585500038067274,-0.0007455461831793464,1.585500038067274,-0.0007455461831793464,-0.001025585441274119,0.30000264260113924,0.3,0.008998200673391679,0.006198591695700495,0.3739499207332475,True
5.4,1.6005001836356592,-0.0007286288230737576,1.6005001836356592,-0.0007286288230737576,-0.0007942160772301587,0.3000023179134016,0.3,0.008998453464081294,0.005667131409260552,0.3740355284504836,True
5.45,1.6155003082087478,-0.0007109741724728891,1.6155003082087478,-0.0007109741724728891,-0.0005824293005890207,0.30000203837820744,0.3,0.00899867172894485,0.005168223476372286,0.3741160655365246,True
5.5,1.6305004147213364,-0.0006927099228626186,1.6305004147213364,-0.0006927099228626186,-0.0003890352213613648,0.3000017978206473,0.3,0.008998859792546773,0.004700364612726412,0.3741917560785827,True
5.550000000000001,1.6455005057343235,-0.0006739535147647258,1.6455005057343235,-0.0006739535147647258,-0.00021289841691451888,0.30000159084442335,0.3,0.008999021493960304,0.0042620951657757955,0.3742628184887478,True
5.6000000000000005,1.6605005834772177,-0.0006548127390058299,1.6605005834772177,-0.0006548127390058299,-5.293638087718386e-05,0.3000014127435899,0.3,0.0089991602346541,0.0038519996327230923,0.3743294653310223,True
5.65,1.675500649886412,-0.0006353863116492934,1.675500649886412,-0.0006353863116492934,9.188204901835388e-05,0.3000012594231133,0.3,0.008999279022394824,0.0034687069901055954,0.3743373252474751,True
5.7,1.6905007066395779,-0.0006157644232543533,1.6905007066395779,-0.0006157644232543533,0.00022253827730087417,0.30000112732750306,0.3,0.008999380511412365,0.003110890851619082,0.3743181448041381,True
5.75,1.7055007551865142,-0.0005960292631452674,1.7055007551865142,-0.0005960292631452674,0.0003399655450519769,0.300001013376814,0.3,0.008999467039066856,0.002777269469465131,0.3743030081954549,True
5.800000000000001,1.7205007967767612,-0.0005762555193876245,1.7205007967767612,-0.0005762555193876245,0.0004450505263930981,0.300000914909366,0.3,0.008999540659258246,0.002466605593826316,0.37429157685801007,True
5.8500000000000005,1.735500832484268,-0.0005565108551803435,1.735500832484268,-0.0005565108551803435,0.0005386349219503781,0.30000082963057395,0.3,0.008999603172808936,0.0021777062040708147,0.3742835327137092,True
5.9,1.750500863229387,-0.0005368563623798159,1.750500863229387,-0.0005368563623798159,0.0006215170445669158,0.30000075556732597,0.3,0.008999656155041055,0.001909422124547818,0.37427857722998187,True
5.95,1.7655008897984406,-0.0005173469928777034,1.7655008897984406,-0.0005173469928777034,0.000694453392990045,0.30000069102738836,0.3,0.008999700980746783,0.00166064753692584,0.37427643050757586,True
6.0,1.780500912861093,-0.0004980319685562345,1.780500912861093,-0.0004980319685562345,0.0007581602096919217,0.30000063456335563,0.3,0.008999738846766789,0.0014303194003335185,0.3742768303961669,True
6.050000000000001,1.7955009329857416,-0.0004789551705447506,1.7955009329857416,-0.0004789551705447506,0.0008133150193855283,0.3000005849407038,0.3,0.008999770792360699,0.0012174167897810214,0.3742795316379086,True
6.1000000000000005,1.8105009506531216,-0.0004601555084987956,1.8105009506531216,-0.0004601555084987956,0.0008605581451772438,0.30000054110953933,0.3,0.008999797717542368,0.0010209601626293774,0.3742843050389469,True
6.15,1.8255009662683033,-0.00044166727061862546,1.8255009662683033,-0.00044166727061862546,0.0009004941996508714,0.3000005021796702,0.3,0.008999820399560378,0.0008400105622159016,0.3742909366688394,True
6.2,1.84050098017125,-0.00042352045511771786,1.84050098017125,-0.00042352045511771786,0.0009336935485084692,0.30000046739865793,0.3,0.00899983950767413,0.0006736687671012421,0.3742992270877409,True
6.25,1.8555009926460846,-0.0004057410838438429,1.8555009926460846,-0.0004057410838438429,0.0009606937447015433,0.30000043613253813,0.3,0.008999855616377998,0.0005210743937608265,0.37430899060114425,True
6.300000000000001,1.870501003929202,-0.0003883514987458152,1.870501003929202,-0.0003883514987458152,0.000982000931272308,0.3000004078489265,0.3,0.008999869217210115,0.00038140495999951067,0.3743200545419007,True
6.3500000000000005,1.8855010142163537,-0.0003713706418682656,1.8855010142163537,-0.0003713706418682656,0.0009980912113904195,0.30000038210225094,0.3,0.008999880729275116,0.00025387491579036397,0.37433225857918984,True
6.4,1.9005010236688173,-0.0003548143195447834,1.9005010236688173,-0.0003548143195447834,0.0010094119843168945,0.30000035852087537,0.3,0.008999890508603425,0.00013773464772934694,0.3743454540540532,True
6.45,1.915501032418754,-0.00033869545144680146,1.915501032418754,-0.00033869545144680146,0.0010163832462543804,0.3000003367959044,0.3,0.008999898856451714,3.22694627813003e-05,0.3743595033410645,True
6.5,1.9305010405738452,-0.0003230243051317464,1.9305010405738452,-0.0003230243051317464,0.0010193988552525445,0.30000031667147536,0.3,0.008999906026652427,-6.320144344368335e-05,0.37437427923566624,True
6.550000000000001,1.9455010482212953,-0.00030780871671934557,1.9455010482212953,-0.00030780871671934557,0.0010188277595303357,0.3000002979363661,0.3,0.008999912232105377,-0.00014932602912117091,0.37438966436666865,True
6.6000000000000005,1.9605010554312734,-0.0002930542983097215,1.9605010554312734,-0.0002930542983097215,0.0010150151887538886,0.30000028041676263,0.3,0.008999917650494717,-0.00022672045496428727,0.3744055506333778,True
6.65,1.9755010622598614,-0.0002787646327411036,1.9755010622598614,-0.0002787646327411036,0.0010082838079709074,0.30000026397004687,0.3,0.008999922429314352,-0.00029597013535025406,0.37442183866679135,True
6.7,1.9905010687515723,-0.00026494145626877426,1.9905010687515723,-0.00026494145626877426,0.000998934834050099,0.30000024847947965,0.3,0.0089999266902732,-0.0003576307881958041,0.3744384373142803,True
6.75,2.0055010749414888,-0.0002515848297303296,2.0055010749414888,-0.0002515848297303296,0.0009872491146085713,0.30000023384966706,0.3,0.00899993053314625,-0.00041222948033535733,0.37445526314715744,True
6.800000000000001,2.020501080857074,-0.0002386932987455143,2.020501080857074,-0.0002386932987455143,0.0009734881695321205,0.30000022000271076,0.3,0.008999934039129975,-0.00046026566545470833,0.3744722399905162,True
6.8500000000000005,2.0355010865196945,-0.0002262640434819264,2.0355010865196945,-0.0002262640434819264,0.0009578951953033595,0.30000020687495277,0.3,0.008999937273760425,-0.0005022122119526677,0.3744892984747159,True
6.9,2.050501091945898,-0.00021429301850080408,2.050501091945898,-0.00021429301850080408,0.0009406960324517222,0.30000019441423675,0.3,0.008999940289440546,-0.0005385164183837212,0.37450637560787636,True
6.95,2.065501097148473,-0.00020277508318003077,2.065501097148473,-0.00020277508318003077,0.0009221000965278542,0.3000001825776156,0.3,0.00899994312762227,-0.00056960101437605,0.3745234143687438,True
7.0,2.080501102137327,-0.00019170412319438458,2.080501102137327,-0.00019170412319438458,0.0009023012730841079,0.3000001713294439,0.3,0.008999945820684335,-0.000595865145200659,0.3745403633192834,True
7.050000000000001,2.095501106920206,-0.00018107316351605773,2.095501106920206,-0.00018107316351605773,0.0008814787772128141,0.30000016063980034,0.3,0.008999948393543398,-0.0006176853383718971,0.374557176236354,True
7.1000000000000005,2.1105011115032792,-0.00017087447338162955,2.1105011115032792,-0.00017087447338162955,0.0008597979782553173,0.3000001504831935,0.3,0.008999950865025749,-0.0006354164508640783,0.3745738117618215,True
7.15,2.1255011158916086,-0.00016109966365493144,2.1255011158916086,-0.00016109966365493144,0.0008374111903488149,0.30000014083750765,0.3,0.008999953249038076,-0.0006493925957526717,0.37459023307047123,True
7.2,2.1405011200895228,-0.00015173977699874705,2.1405011200895228,-0.00015173977699874705,0.000814458429524489,0.3000001316831533,0.3,0.00899995555555391,-0.0006599280472500128,0.3746064075550817,True
7.25,2.155501124100908,-0.00014278537125206076,2.155501124100908,-0.00014278537125206076,0.0007910681381099995,0.30000012300239,0.3,0.008999957791444113,-0.0006673181232720373,0.37462230652803175,True
7.300000000000001,2.170501127929433,-0.000134226596393556,2.170501127929433,-0.000134226596393556,0.0007673578772231616,0.30000011477879307,0.3,0.008999959961173478,-0.0006718400448399082,0.3746379049388179,True
7.3500000000000005,2.1855011315787167,-0.00012605326545637858,2.1855011315787167,-0.00012605326545637858,0.0007434349881714372,0.30000010699684176,0.3,0.008999962067377654,-0.0006737537717490408,0.3746531811068682,True
7.4,2.2005011350524475,-0.00011825491974381354,2.2005011350524475,-0.00011825491974381354,0.0007193972235943915,0.3000000996416069,0.3,0.008999964111338746,-0.0006733028140792644,0.3746681164690495,True
7.45,2.2155011383544676,-0.00011082088868048941,2.2155011383544676,-0.00011082088868048941,0.0006953333492039995,0.3000000926985204,0.3,0.00899996609337538,-0.0006707150192309644,0.3746826953412751,True
7.5,2.2305011414888254,-0.00010374034461905267,2.2305011414888254,-0.00010374034461905267,0.0006713237169909003,0.30000008615321205,0.3,0.008999968013157479,-0.0006662033342855134,0.3746969046936306,True
7.550000000000001,2.245501144459803,-9.700235290794354e-05,2.245501144459803,-9.700235290794354e-05,0.0006474408107739221,0.3000000799913998,0.3,0.008999969869957736,-0.0006599665435853949,0.3747107339384505,True
7.6000000000000005,2.2605011472719276,-9.059591751197922e-05,2.2605011472719276,-9.059591751197922e-05,0.0006237497649756612,0.3000000741988232,0.3,0.008999971662851023,-0.0006521899815214593,0.3747241747307876,True
7.65,2.275501149929962,-8.451002246391398e-05,2.275501149929962,-8.451002246391398e-05,0.0006003088575089909,0.3000000687612101,0.3,0.008999973390866549,-0.0006430462205924994,0.374737220780734,True
7.7,2.2905011524388916,-7.87336694120008e-05,2.2905011524388916,-7.87336694120008e-05,0.000577169977658434,0.3000000636642695,0.3,0.008999975053105283,-0.0006326957348814225,0.37474986767706414,True
7.75,2.305501154803898,-7.325591151583864e-05,2.305501154803898,-7.325591151583864e-05,0.0005543790698365946,0.30000005889370357,0.3,0.008999976648822735,-0.0006212875391534028,0.3747621127216856,True
7.800000000000001,2.3205011570303307,-6.806588393045476e-05,2.3205011570303307,-6.806588393045476e-05,0.0005319765540896099,0.3000000544352331,0.3,0.008999978177490332,-0.0006089598038410342,0.37477395477439757,True
7.8500000000000005,2.335501159123672,-6.315283110663072e-05,2.335501159123672,-6.315283110663072e-05,0.0005099977242171773,0.30000005027463345,0.3,0.008999979638831805,-0.0005958404462387879,0.3747853941074716,True
7.9,2.350501161089504,-5.8506131123957434e-05,2.350501161089504,-5.8506131123957434e-05,0.000488473124362243,0.3000000463977756,0.3,0.00899998103284513,-0.0005820476982680135,0.3747964322695841,True
7.95,2.365501162933473,-5.4115317261978305e-05,2.365501162933473,-5.4115317261978305e-05,0.0004674289049132246,0.30000004279067094,0.3,0.008999982359810605,-0.0005676906512204953,0.37480707195864527,True
8.0,2.3805011646612546,-4.997009700404988e-05,2.3805011646612546,-4.997009700404988e-05,0.0004468871585479229,0.3000000394395163,0.3,0.008999983620288431,-0.0005528697779224153,0.37481731690308306,True
8.05,2.395501166278521,-4.606036865822641e-05,2.395501166278521,-4.606036865822641e-05,0.00042686623723310065,0.30000003633073896,0.3,0.008999984815107737,-0.0005376774327909258,0.37482717175115754,True
8.1,2.4105011677909105,-4.237623576953981e-05,2.4105011677909105,-4.237623576953981e-05,0.0004073810509773942,0.30000003345103865,0.3,0.008999985945350156,-0.0005221983302798529,0.37483664196789424,True
8.15,2.4255011692039976,-3.890801948849208e-05,2.4255011692039976,-3.890801948849208e-05,0.00038844334911793354,0.3000000307874269,0.3,0.00899998701232949,-0.0005065100022393389,0.37484573373923935,True
8.200000000000001,2.440501170523268,-3.564626905141369e-05,2.440501170523268,-3.564626905141369e-05,0.00037006198490281353,0.3000000283272622,0.3,0.008999988017567928,-0.0004906832347255557,0.374854453883058,True
8.25,2.455501171754096,-3.2581770519550154e-05,2.455501171754096,-3.2581770519550154e-05,0.00035224316411262477,0.30000002605828135,0.3,0.008999988962771524,-0.00047478248481555373,0.3748628097666052,True
8.3,2.4705011729017237,-2.970555391530724e-05,2.4705011729017237,-2.970555391530724e-05,0.00033499067844477065,0.30000002396862613,0.3,0.008999989849803852,-0.0004588662779935794,0.3748708092301195,True
8.35,2.4855011739712425,-2.700889888602085e-05,2.4855011739712425,-2.700889888602085e-05,0.00031830612436428463,0.3000000220468653,0.3,0.008999990680660238,-0.0004429875866822537,0.37487846051619844,True
8.4,2.5005011749675816,-2.4483339017899734e-05,2.5005011749675816,-2.4483339017899734e-05,0.0003021891081045138,0.30000002028201234,0.3,0.008999991457441962,-0.0004271941904996038,0.37488577220463204,True
8.450000000000001,2.515501175895493,-2.2120664915412495e-05,2.515501175895493,-2.2120664915412495e-05,0.00028663743748043156,0.30000001866353837,0.3,0.008999992182334118,-0.0004115290188263228,0.37489275315238235,True
8.5,2.5305011767595436,-1.9912926154350712e-05,2.5305011767595436,-1.9912926154350712e-05,0.0002716473011565371,0.3000000171813818,0.3,0.008999992857580717,-0.0003960304762677346,0.3748994124384104,True
8.55,2.5455011775641085,-1.7852432210080945e-05,2.5455011775641085,-1.7852432210080945e-05,0.00025721343599043934,0.3000000158259532,0.3,0.008999993485464187,-0.00038073275159596423,0.374905759313065,True
8.6,2.5605011783133658,-1.5931752456095266e-05,2.5605011783133658,-1.5931752456095266e-05,0.000243329283052333,0.3000000145881371,0.3,0.008999994068286497,-0.00036566611075356366,0.37491180315176176,True
8.65,2.575501179011293,-1.4143715321872206e-05,2.575501179011293,-1.4143715321872206e-05,0.00022998713289975331,0.30000001345929045,0.3,0.008999994608350674,-0.0003508571744971593,0.3749175534126891,True
8.700000000000001,2.5905011796616666,-1.2481406693257357e-05,2.5905011796616666,-1.2481406693257357e-05,0.00021717826066628793,0.30000001243123814,0.3,0.008999995107945533,-0.0003363291812533567,0.3749230195982957,True
8.75,2.605501180268063,-1.0938167633058526e-05,2.605501180268063,-1.0938167633058526e-05,0.00020489305150238614,0.300000011496266,0.3,0.008999995569331252,-0.0003221022357519953,0.37492821122031916,True
8.8,2.6205011808338594,-9.507591494310582e-06,2.6205011808338594,-9.507591494310582e-06,0.0001931211168861011,0.3000000106471114,0.3,0.008999995994727464,-0.00030819354399407565,0.3749331377681324,True
8.85,2.6355011813622378,-8.183520493692818e-06,2.6355011813622378,-8.183520493692818e-06,0.00018185140230156686,0.3000000098769521,0.3,0.008999996386302996,-0.00029461763510265103,0.3749378086801912,True
8.9,2.650501181856188,-6.960041807868119e-06,2.650501181856188,-6.960041807868119e-06,0.00017107228676327662,0.30000000917939335,0.3,0.008999996746166626,-0.0002813865705945704,0.37494223331837917,True
8.950000000000001,2.665501182318515,-5.831483251047327e-06,2.665501182318515,-5.831483251047327e-06,0.00016077167464483867,0.3000000085484538,0.3,0.008999997076360311,-0.0002685101416004341,0.3749464209450558,True
9.0,2.680501182751841,-4.7924085878551e-06,2.680501182751841,-4.7924085878551e-06,0.00015093708025187315,0.30000000797855025,0.3,0.008999997378852195,-0.000255996054548348,0.37495038070262265,True
9.05,2.6955011831586146,-3.837612531576165e-06,2.6955011831586146,-3.837612531576165e-06,0.00014155570556009502,0.3000000074644814,0.3,0.00899999765553351,-0.0002438501058154275,0.37495412159543356,True
9.1,2.7105011835411177,-2.9621154740844026e-06,2.7105011835411177,-2.9621154740844026e-06,0.00013261451152142968,0.3000000070014114,0.3,0.008999997908213741,-0.00023207634583798857,0.3749576524738826,True
9.15,2.72550118390147,-2.161157990192503e-06,2.72550118390147,-2.161157990192503e-06,0.00012410028332324974,0.3000000065848525,0.3,0.008999998138619875,-0.00022067723315894158,0.3749609820205124,True
9.200000000000001,2.740501184241639,-1.4301951557981242e-06,2.740501184241639,-1.4301951557981242e-06,0.00011599968996851494,0.3000000062106481,0.3,0.008999998348393457,-0.00020965377887710742,0.3749641187379963,True
9.25,2.7555011845634456,-7.648907160351444e-07,2.7555011845634456,-7.648907160351444e-07,0.00010829933852776238,0.3000000058749551,0.3,0.00899999853909086,-0.0001990056819502481,0.37496707093885073,True
9.3,2.7705011848685737,-1.6111113665715758e-07,2.7705011848685737,-1.6111113665715758e-07,0.00010098582339753234,0.30000000557422685,0.3,0.008999998712183637,-0.00018873145578967562,0.3749698467367488,True
9.35,2.7855011851585756,3.8508043092248397e-07,2.7855011851585756,3.8508043092248397e-07,9.40457708839361e-05,0.30000000530519594,0.3,0.008999998869058933,-0.00017882854657047368,0.37497168387844565,True
9.4,2.800501185434881,8.77430243143544e-07,2.800501185434881,8.77430243143544e-07,8.746587941468672e-05,0.3000000050648575,0.3,0.008999999011020918,-0.0001692934436678459,0.37497314568174633,True
9.450000000000001,2.8155011856988033,1.3195000910452708e-06,2.8155011856988033,1.3195000910452708e-06,8.123295566801691e-05,0.3000000048504529,0.3,0.008999999139293483,-0.00016012178261605317,0.3749745547245267,True
9.5,2.830501185951548,1.7146734372431306e-06,2.830501185951548,1.7146734372431306e-06,7.53339468925033e-05,0.30000000465945387,0.3,0.00899999925502091,-0.0001513084409727433,0.37497591149905707,True
9.55,2.8455011861942183,2.066161542302027e-06,2.8455011861942183,2.066161542302027e-06,6.975596967790745e-05,0.3000000044895471,0.3,0.00899999935927228,-0.00014284762745772186,0.3749772166195986,True
9.600000000000001,2.8605011864278236,2.377009561700978e-06,2.8605011864278236,2.377009561700978e-06,6.448633542372268e-05,0.30000000433861956,0.3,0.008999999453042496,-0.00013473296472164898,0.37497847080873625,True
9.65,2.8755011866532847,2.6501025964798136e-06,2.8755011866532847,2.6501025964798136e-06,5.951257273918259e-05,0.30000000420474426,0.3,0.008999999537256997,-0.00012695756608681517,0.37497967488466954,True
9.700000000000001,2.89050118687144,2.8881716824270208e-06,2.89050118687144,2.8881716824270208e-06,5.482244699603532e-05,0.30000000408616684,0.3,0.008999999612773245,-0.00011951410658875098,0.3749808297494117,True
9.75,2.9055011870830523,3.09379970431621e-06,2.9055011870830523,3.09379970431621e-06,5.04039772434111e-05,0.3000000039812926,0.3,0.008999999680385385,-0.00011239488863445412,0.3749819363778458,True
9.8,2.920501187288814,3.2694272232330554e-06,2.920501187288814,3.2694272232330554e-06,4.624545068260584e-05,0.3000000038886744,0.3,0.00899999974082681,-0.00010559190258026724,0.37498299580759403,True
9.850000000000001,2.9355011874893533,3.417358206460436e-06,2.9355011874893533,3.417358206460436e-06,4.23354348885579e-05,0.3000000038070012,0.3,0.00899999979477315,-9.909688251974251e-05,0.37498400912965346,True
9.9,2.950501187685238,3.5397656507130494e-06,2.950501187685238,3.5397656507130494e-06,3.866278795420323e-05,0.3000000037350869,0.3,0.008999999842846596,-9.290135755958587e-05,0.37498497747975545,True
9.950000000000001,2.9655011878769812,3.638697090739576e-06,2.9655011878769812,3.638697090739576e-06,3.5216666723748005e-05,0.30000000367186047,0.3,0.008999999885617886,-8.699669884981098e-05,0.3749859020304078,True
10.0,2.9805011880650456,3.716079986445365e-06,2.9805011880650456,3.716079986445365e-06,3.198653327118311e-05,0.30000000361635615,0.3,0.008999999923610441,-8.137416262235754e-05,0.37498678398357976,True
10.05,2.9955011882498477,3.7737269827371455e-06,2.9955011882498477,3.7737269827371455e-06,2.8962159771076396e-05,0.3000000035677047,0.3,0.00899999995730327,-7.602492948112515e-05,0.3749876245639919,True
10.100000000000001,3.010501188431762,3.8133410372582282e-06,3.010501188431762,3.8133410372582282e-06,2.613363189980335e-05,0.30000000352512474,0.3,0.008999999987133266,-7.094014017514499e-05,0.3749884250129748,True
10.15,3.0255011886111243,3.8365204120725945e-06,3.0255011886111243,3.8365204120725945e-06,2.3491350896903804e-05,0.3000000034879154,0.3,0.009000000013499194,-6.611092807589972e-05,0.3749891865828624,True
10.200000000000001,3.0405011887882356,3.844763526173763e-06,3.0405011887882356,3.844763526173763e-06,2.102603440817144e-05,0.3000000034554487,0.3,0.009000000036763628,-6.152844856920267e-05,0.37498991053188596,True
10.25,3.055501188963365,3.8394736664436956e-06,3.055501188963365,3.8394736664436956e-06,1.8728716224381518e-05,0.30000000342716315,0.3,0.009000000057255493,-5.718390556197999e-05,0.37499059811953805,True
10.3,3.070501189136752,3.821963555372304e-06,3.070501189136752,3.821963555372304e-06,1.659074502223077e-05,0.30000000340255734,0.3,0.00900000007527412,-5.3068575294378387e-05,0.3749912506023766,True
10.350000000000001,3.0855011893086117,3.7934597744732735e-06,3.0855011893086117,3.7934597744732735e-06,1.4603782207087912e-05,0.3000000033811845,0.3,0.009000000091089243,-4.91738276381721e-05,0.3749918692302396,True
10.4,3.1005011894791332,3.7551070429006486e-06,3.1005011894791332,3.7551070429006486e-06,1.2759798950524028e-05,0.30000000336264704,0.3,0.009000000104944976,-4.5491145053191384e-05,0.37499245524284464,True
10.450000000000001,3.115501189648486,3.707972351286532e-06,3.115501189648486,3.707972351286532e-06,1.1051072509296374e-05,0.3000000033465918,0.3,0.00900000011706171,-4.2012139364673085e-05,0.37499300986674644,True
10.5,3.1305011898168194,3.6530489512867065e-06,3.1305011898168194,3.6530489512867065e-06,9.470181906486231e-06,0.3000000033327057,0.3,0.009000000127637976,-3.87285665158697e-05,0.37499353431262783,True
10.55,3.145501189984266,3.591260201741191e-06,3.145501189984266,3.591260201741191e-06,8.010003049828712e-06,0.3000000033207117,0.3,0.009000000136851321,-3.563233944203002e-05,0.3749940297729025,True
10.600000000000001,3.1605011901509426,3.523463272733781e-06,3.1605011901509426,3.523463272733781e-06,6.663703356909469e-06,0.30000000331036497,0.3,0.009000000144861894,-3.2715539203958705e-05,0.37499449741960555,True
10.65,3.1755011903169517,3.450452709171442e-06,3.1755011903169517,3.450452709171442e-06,5.424735951828139e-06,0.3000000033014496,0.3,0.009000000151812692,-2.997042451175417e-05,0.3749949384025524,True
10.700000000000001,3.1905011904823843,3.3729638558037157e-06,3.1905011904823843,3.3729638558037157e-06,4.286833493130154e-06,0.30000000329377563,0.3,0.0090000001578318,-2.738943976203805e-05,0.3749953538477453,True
10.75,3.2055011906473196,3.2916761458667416e-06,3.2055011906473196,3.2916761458667416e-06,3.2440016882762615e-06,0.30000000328717624,0.3,0.009000000163033043,-2.496522170498063e-05,0.3749957448560104,True
10.8,3.220501190811827,3.2072162557685716e-06,3.220501190811827,3.2072162557685716e-06,2.290512545641903e-06,0.30000000328150506,0.3,0.009000000167517957,-2.269060485073938e-05,0.37499611250184606,True
10.850000000000001,3.2355011909759672,3.120161128434458e-06,3.2355011909759672,3.120161128434458e-06,1.4208974110059414e-06,0.30000000327663406,0.3,0.009000000171377249,-2.0558625718501093e-05,0.3749964578324667,True
10.9,3.250501191139793,3.0310408681050112e-06,3.250501191139793,3.0310408681050112e-06,6.299398316895994e-07,0.3000000032724515,0.3,0.009000000174690976,-1.8562526025186096e-05,0.3749967818670267,True
10.950000000000001,3.2655011913033505,2.9403415095286262e-06,3.2655011913033505,2.9403415095286262e-06,-8.73317120679341e-08,0.30000000326886017,0.3,0.009000000177529494,-1.6695754905013407e-05,0.37499703372097243,True
11.0,3.2805011914666795,2.8485076646143274e-06,3.2805011914666795,2.8485076646143274e-06,-7.35651172271182e-07,0.30000000326577525,0.3,0.00900000017995601,-1.4951970245529096e-05,0.374996933003971,True
11.05,3.2955011916298145,2.755945049714092e-06,3.2955011916298145,2.755945049714092e-06,-1.3195223617971636e-06,0.3000000032631234,0.3,0.009000000182025774,-1.3325039220360497e-05,0.37499685215691764,True
11.100000000000001,3.310501191792785,2.663022896786497e-06,3.310501191792785,2.663022896786497e-06,-1.8432264163817977e-06,0.30000000326084125,0.3,0.00900000018378705,-1.180903809387811e-05,0.3749967895390699,True
11.15,3.325501191955617,2.570076251757892e-06,3.325501191955617,2.570076251757892e-06,-2.3108292626291083e-06,0.3000000032588739,0.3,0.00900000018528257,-1.0398251368101567e-05,0.374996743607791,True
11.200000000000001,3.3405011921183325,2.4774081634447514e-06,3.3405011921183325,2.4774081634447514e-06,-2.7261890673059094e-06,0.3000000032571741,0.3,0.009000000186550084,-9.087170337581028e-06,0.37499671291414804,True
11.25,3.3555011922809497,2.385291766432894e-06,3.3555011922809497,2.385291766432894e-06,-3.0929636456134467e-06,0.30000000325570136,0.3,0.009000000187622079,-7.87049111360886e-06,0.37499669609862873,True
11.3,3.3705011924434847,2.2939722613272457e-06,3.3705011924434847,2.2939722613272457e-06,-3.41461780839596e-06,0.3000000032544211,0.3,0.009000000188526631,-6.743112174957393e-06,0.3749966918869783,True
11.350000000000001,3.3855011926059513,2.2036687957910273e-06,3.3855011926059513,2.2036687957910273e-06,-3.6944306303622477e-06,0.3000000032533036,0.3,0.009000000189288622,-5.70013149839747e-06,0.37499669908616007,True
11.4,3.400501192768361,2.1145762497869035e-06,3.400501192768361,2.1145762497869035e-06,-3.935502623367851e-06,0.30000000325232357,0.3,0.009000000189930172,-4.7368433185093e-06,0.3749967165804391,True
11.450000000000001,3.4155011929307237,2.0268669284158634e-06,3.4155011929307237,2.0268669284158634e-06,-4.140762800639858e-06,0.3000000032514597,0.3,0.009000000190469115,-3.8487345627617764e-06,0.3749967433275914,True
11.5,3.4305011930930474,1.9406921657234286e-06,3.4305011930930474,1.9406921657234286e-06,-4.3129756195307625e-06,0.3000000032506938,0.3,0.009000000190921802,-3.0314810044794785e-06,0.37499677835523787,True
11.55,3.4455011932553385,1.8561838428082426e-06,3.4455011932553385,1.8561838428082426e-06,-4.454747791969242e-06,0.3000000032500106,0.3,0.009000000191301927,-2.2809431731548557e-06,0.3749968207573033,True
11.600000000000001,3.460501193417603,1.773455823526056e-06,3.460501193417603,1.773455823526056e-06,-4.568534953240795e-06,0.3000000032493972,0.3,0.009000000191621454,-1.5931620585654708e-06,0.37499686969059987,True
11.65,3.475501193579846,1.6926053110334474e-06,3.475501193579846,1.6926053110334474e-06,-4.656648181086277e-06,0.3000000032488429,0.3,0.009000000191890324,-9.64354642336088e-07,0.3749969243715345,True
11.700000000000001,3.4905011937420705,1.6137141283611345e-06,3.4905011937420705,1.6137141283611345e-06,-4.721260358357678e-06,0.3000000032483387,0.3,0.009000000192117177,-3.9090928792272975e-07,0.37499698407293836,True
11.75,3.50550119390428,1.536849926147105e-06,3.50550119390428,1.536849926147105e-06,-4.7644123736238605e-06,0.3000000032478772,0.3,0.009000000192308786,1.3061898251514437e-07,0.37499704812101764,True
11.8,3.520501194066477,1.4620673205957896e-06,3.520501194066477,1.4620673205957896e-06,-4.788019155180081e-06,0.300000003247452,0.3,0.009000000192472074,6.035132982412593e-07,0.3749971158924231,True
11.850000000000001,3.535501194228664,1.3894089646616711e-06,3.535501194228664,1.3894089646616711e-06,-4.7938755348892935e-06,0.30000000324705817,0.3,0.009000000192611924,1.0308998131810268e-06,0.3749971868114378,True
11.9,3.5505011943908418,1.318906555384707e-06,3.5505011943908418,1.318906555384707e-06,-4.7836619391758006e-06,0.3000000032466914,0.3,0.009000000192732584,1.415752620459704e-06,0.3749972603472789,True
11.950000000000001,3.5655011945530126,1.2505817802312446e-06,3.5655011945530126,1.2505817802312446e-06,-4.75894990530749e-06,0.3000000032463483,0.3,0.00900000019283762,1.760898688390449e-06,0.37499733601151336,True
12.0,3.580501194715177,1.1844472052182356e-06,3.580501194715177,1.1844472052182356e-06,-4.721207421846584e-06,0.30000000324602605,0.3,0.00900000019293018,2.0690227998866858e-06,0.3749974133555836,True
12.05,3.5955011948773357,1.1205071075209686e-06,3.5955011948773357,1.1205071075209686e-06,-4.671804092824909e-06,0.30000000324572235,0.3,0.009000000193012468,2.342672478991955e-06,0.374997491968441,True
12.100000000000001,3.6105011950394896,1.0587582551856239e-06,3.6105011950394896,1.0587582551856239e-06,-4.612016125812489e-06,0.3000000032454353,0.3,0.009000000193086935,2.5842628898233354e-06,0.3749975714742849,True
12.15,3.625501195201639,9.991906364881381e-07,3.625501195201639,9.991906364881381e-07,-4.543031144601871e-06,0.30000000324516346,0.3,0.009000000193154735,2.796081694717121e-06,0.3749976515304035,True
12.200000000000001,3.6405011953637847,9.417881414004519e-07,3.6405011953637847,9.417881414004519e-07,-4.4659528277288e-06,0.30000000324490556,0.3,0.009000000193217434,2.980293859769279e-06,0.3749977318251153,True
12.25,3.6555011955259262,8.865291975445411e-07,3.6555011955259262,8.865291975445411e-07,-4.381805374496496e-06,0.30000000324466064,0.3,0.009000000193275836,3.138946397256229e-06,0.37499781207580624,True
12.3,3.670501195688064,8.333873629339838e-07,3.670501195688064,8.333873629339838e-07,-4.291537800569233e-06,0.3000000032444278,0.3,0.009000000193331024,3.2739730356392503e-06,0.37499789202706135,True
12.350000000000001,3.6855011958501986,7.823318777224447e-07,3.6855011958501986,7.823318777224447e-07,-4.1960280655545014e-06,0.3000000032442065,0.3,0.009000000193383283,3.3871988089739857e-06,0.37499797144888725,True
12.4,3.7005011960123295,7.333281770986051e-07,3.7005011960123295,7.333281770986051e-07,-4.09608703530504e-06,0.30000000324399606,0.3,0.009000000193433345,3.480344558595656e-06,0.3749980501350221,True
12.450000000000001,3.715501196174457,6.863383673879306e-07,3.715501196174457,6.863383673879306e-07,-3.992462281945177e-06,0.300000003243796,0.3,0.009000000193481872,3.555031340913045e-06,0.37499812790133114,True
12.5,3.730501196336581,6.41321667343453e-07,3.730501196336581,6.41321667343453e-07,-3.88584172486336e-06,0.300000003243606,0.3,0.0090000001935284,3.6127847360395044e-06,0.3749982045842841,True
12.55,3.7455011964987017,5.982348165305907e-07,3.7455011964987017,5.982348165305907e-07,-3.7768571161168495e-06,0.3000000032434256,0.3,0.009000000193573691,3.655039052817331e-06,0.3749982800395115,True
12.600000000000001,3.7605011966608193,5.570324526351122e-07,3.7605011966608193,5.570324526351122e-07,-3.6660873738680285e-06,0.30000000324325443,0.3,0.009000000193617711,3.6831414265471787e-06,0.37499835414043736,True
12.65,3.7755011968229337,5.176674594487739e-07,3.7755011968229337,5.176674594487739e-07,-3.554061767616887e-06,0.30000000324309234,0.3,0.009000000193660346,3.6983558064405016e-06,0.374998426776985,True
12.700000000000001,3.7905011969850446,4.800912872140539e-07,3.7905011969850446,4.800912872140539e-07,-3.441262959113359e-06,0.3000000032429389,0.3,0.009000000193702031,3.7018668304499357e-06,0.3749984978543541,True
12.75,3.8055011971471524,4.442542469378544e-07,3.8055011971471524,4.442542469378544e-07,-3.3281299029282327e-06,0.3000000032427939,0.3,0.009000000193742287,3.694783585725622e-06,0.3749985672918642,True
12.8,3.820501197309257,4.101057802141357e-07,3.820501197309257,4.101057802141357e-07,-3.215060610734511e-06,0.300000003242657,0.3,0.009000000193781645,3.678143253479628e-06,0.3749986350218644,True
12.850000000000001,3.8355011974713586,3.775947060272493e-07,3.8355011974713586,3.775947060272493e-07,-3.1024147834041034e-06,0.300000003242528,0.3,0.009000000193819422,3.6529146375346496e-06,0.3749987009887049,True
12.9,3.8505011976334576,3.4666944594130567e-07,3.8505011976334576,3.4666944594130567e-07,-2.990516315059393e-06,0.30000000324240655,0.3,0.009000000193856406,3.6200015762758086e-06,0.3749987651477674,True
12.950000000000001,3.8655011977955533,3.1727822901629763e-07,3.8655011977955533,3.1727822901629763e-07,-2.8796556732371575e-06,0.3000000032422925,0.3,0.009000000193891885,3.5802462381298263e-06,0.3749988274645543,True
13.0,3.8805011979576465,2.893692777289298e-07,3.8805011979576465,2.893692777289298e-07,-2.7700921593251255e-06,0.3000000032421854,0.3,0.009000000193925993,3.534432301061886e-06,0.37499888791383057,True
13.05,3.8955011981197365,2.6289097611521304e-07,3.8955011981197365,2.6289097611521304e-07,-2.662056053420481e-06,0.30000000324208503,0.3,0.009000000193958912,3.483288016905718e-06,0.37499894647881893,True
13.100000000000001,3.910501198281824,2.3779202129288188e-07,3.910501198281824,2.3779202129288188e-07,-2.555750647736315e-06,0.30000000324199116,0.3,0.009000000193990245,3.4274891616408018e-06,0.37499900315044454,True
13.15,3.9255011984439085,2.1402155946459257e-07,3.9255011984439085,2.1402155946459257e-07,-2.4513541726475865e-06,0.3000000032419034,0.3,0.00900000019402062,3.367661872988996e-06,0.3749990579266268,True
13.200000000000001,3.940501198605991,1.9152930744766623e-07,3.940501198605991,1.9152930744766623e-07,-2.349021619423777e-06,0.3000000032418215,0.3,0.009000000194049677,3.304385376940005e-06,0.3749991108116164,True
13.25,3.955501198768071,1.7026566072284755e-07,3.955501198768071,1.7026566072284755e-07,-2.2488864636421982e-06,0.3000000032417453,0.3,0.00900000019407709,3.2381946050165866e-06,0.3749991618153756,True
13.3,3.9705011989301484,1.501817889431479e-07,3.9705011989301484,1.501817889431479e-07,-2.1510622932148545e-06,0.30000000324167436,0.3,0.009000000194103262,3.169582704273434e-06,0.37499921095299915,True
13.350000000000001,3.985501199092224,1.312297197943144e-07,3.985501199092224,1.312297197943144e-07,-2.055644344893858e-06,0.30000000324160847,0.3,0.009000000194128326,3.0990034421785913e-06,0.37499925824417385,True
13.4,4.000501199254297,1.1336241205080034e-07,4.000501199254297,1.1336241205080034e-07,-1.962710953046431e-06,0.3000000032415474,0.3,0.009000000194151885,3.0268735086598207e-06,0.37499930371267565,True
13.450000000000001,4.015501199416368,9.653381862527558e-08,4.015501199416368,9.653381862527558e-08,-1.872324914411449e-06,0.30000000324149084,0.3,0.00900000019417413,2.9535747177148755e-06,0.3749993473859009,True
13.5,4.030501199578437,8.069894036568684e-08,4.030501199578437,8.069894036568684e-08,-1.7845347724658916e-06,0.30000000324143855,0.3,0.009000000194195107,2.8794561110766474e-06,0.3749993892944312,True
13.55,4.045501199740505,6.581387131162585e-08,4.045501199740505,6.581387131162585e-08,-1.6993760249423126e-06,0.30000000324139026,0.3,0.009000000194214656,2.804835966506213e-06,0.3749994294716298,True
13.600000000000001,4.06050119990257,5.183583608125153e-08,4.06050119990257,5.183583608125153e-08,-1.6168722579480245e-06,0.3000000032413457,0.3,0.009000000194233443,2.730003713345371e-06,0.3749994679532667,True
13.65,4.075501200064634,3.872322002120994e-08,4.075501200064634,3.872322002120994e-08,-1.5370362100438025e-06,0.30000000324130466,0.3,0.009000000194250797,2.6552217580115687e-06,0.37499950477717325,True
13.700000000000001,4.090501200226697,2.643559271485926e-08,4.090501200226697,2.643559271485926e-08,-1.4598707695450476e-06,0.3000000032412669,0.3,0.009000000194267083,2.5807272221503073e-06,0.3749995399829219,True
13.75,4.105501200388758,1.4933725408603405e-08,4.105501200388758,1.4933725408603405e-08,-1.3853699082119912e-06,0.30000000324123227,0.3,0.009000000194282307,2.5067335961836833e-06,0.3749995736115318,True
13.8,4.120501200550819,4.179602882217874e-09,4.120501200550819,4.179602882217874e-09,-1.3135195543981804e-06,0.3000000032412005,0.3,0.009000000194296271,2.4334323110058834e-06,0.3749996057051973,True
13.850000000000001,4.135501200712877,-5.863569743318248e-09,4.135501200712877,-5.863569743318248e-09,-1.2442984086284909e-06,0.3000000032411714,0.3,0.009000000194309474,2.360994230576146e-06,0.37499962457989966,True
13.9,4.150501200874935,-1.523136479784036e-08,4.150501200874935,-1.523136479784036e-08,-1.177678704479717e-06,0.30000000324114473,0.3,0.009000000194321636,2.289571068154415e-06,0.3749996349981467,True
13.950000000000001,4.165501201036991,-2.3958134020633403e-08,4.165501201036991,-2.3958134020633403e-08,-1.113626917538694e-06,0.30000000324112036,0.3,0.00900000019433304,2.2192967289071368e-06,0.37499964529474894,True
14.0,4.180501201199047,-3.2077014280446985e-08,4.180501201199047,-3.2077014280446985e-08,-1.0521044251152125e-06,0.3000000032410981,0.3,0.009000000194343414,2.1502885815895315e-06,0.37499965544804065,True
14.05,4.195501201361102,-3.9619936678281154e-08,4.195501201361102,-3.9619936678281154e-08,-9.930681192900014e-07,0.3000000032410778,0.3,0.009000000194353316,2.082648661979346e-06,0.3749996654388935,True
14.100000000000001,4.210501201523156,-4.66176386796363e-08,4.210501201523156,-4.66176386796363e-08,-9.364709757819926e-07,0.3000000032410593,0.3,0.00900000019436228,2.016464810703261e-06,0.37499967525053635,True
14.15,4.225501201685209,-5.3099678946944476e-08,4.225501201685209,-5.3099678946944476e-08,-8.822625810241878e-07,0.3000000032410425,0.3,0.009000000194370389,1.9518117480556377e-06,0.3749996848683832,True
14.200000000000001,4.240501201847262,-5.909445456568762e-08,4.240501201847262,-5.909445456568762e-08,-8.303896197439023e-07,0.3000000032410272,0.3,0.00900000019437795,1.888752088364307e-06,0.37499969427987145,True
14.25,4.255501202009313,-6.462922037930766e-08,4.255501202009313,-6.462922037930766e-08,-7.807963252511517e-07,0.30000000324101334,0.3,0.009000000194384634,1.8273372964097192e-06,0.3749997034743091,True
14.3,4.2705012021713635,-6.97301101684658e-08,4.2705012021713635,-6.97301101684658e-08,-7.334248945486081e-07,0.3000000032410007,0.3,0.009000000194391225,1.7676085883503528e-06,0.3749997124427298,True
14.350000000000001,4.285501202333414,-7.442215942955832e-08,4.285501202333414,-7.442215942955832e-08,-6.882158702880351e-07,0.30000000324098924,0.3,0.009000000194397022,1.7095977795530016e-06,0.3749997211777567,True
14.4,4.300501202495464,-7.87293295256868e-08,4.300501202495464,-7.87293295256868e-08,-6.451084915115042e-07,0.3000000032409789,0.3,0.009000000194402327,1.6533280816677235e-06,0.3749997296734745,True
14.450000000000001,4.315501202657513,-8.267453300055398e-08,4.315501202657513,-8.267453300055398e-08,-6.040410150311228e-07,0.30000000324096954,0.3,0.009000000194407028,1.5988148512282907e-06,0.37499973792530833,True
14.5,4.330501202819562,-8.627965986205355e-08,4.330501202819562,-8.627965986205355e-08,-5.64951009218519e-07,0.30000000324096104,0.3,0.009000000194411406,1.5460662919967633e-06,0.37499974592991037,True
14.55,4.345501202981611,-8.956560465768473e-08,4.345501202981611,-8.956560465768473e-08,-5.277756218950196e-07,0.3000000032409534,0.3,0.00900000019441533,1.4950841132084994e-06,0.374999753685053,True
14.600000000000001,4.3605012031436585,-9.255229417838922e-08,4.3605012031436585,-9.255229417838922e-08,-4.924518239353593e-07,0.30000000324094644,0.3,0.00900000019441913,1.4458641458100177e-06,0.37499976118952927,True
14.65,4.375501203305706,-9.525871564101887e-08,4.375501203305706,-9.525871564101887e-08,-4.589166301219241e-07,0.30000000324094017,0.3,0.009000000194422255,1.3983969187174908e-06,0.3749997684430584,True
14.700000000000001,4.390501203467753,-9.770294521243443e-08,4.390501203467753,-9.770294521243443e-08,-4.2710729871298443e-07,0.3000000032409345,0.3,0.00900000019442528,1.3526681970593627e-06,0.37499977544619845,True
14.75,4.4055012036298,-9.990217675024651e-08,4.4055012036298,-9.990217675024651e-08,-3.969615111171292e-07,0.3000000032409294,0.3,0.009000000194427947,1.3086594843009077e-06,0.3749997822002643,True
14.8,4.420501203791847,-1.0187275064647497e-07,4.420501203791847,-1.0187275064647497e-07,-3.684175329971898e-07,0.3000000032409248,0.3,0.009000000194430447,1.2663484900844585e-06,0.3749997887072506,True
14.850000000000001,4.435501203953893,-1.0363018267095795e-07,4.435501203953893,-1.0363018267095795e-07,-3.4141435806033216e-07,0.30000000324092063,0.3,0.009000000194432468,1.2257095655537008e-06,0.3749997949697603,True
14.9,4.450501204115939,-1.05189192721219e-07,4.450501204115939,-1.05189192721219e-07,-3.158918357267e-07,0.30000000324091686,0.3,0.009000000194434572,1.1867141078668593e-06,0.37499980099093827,True
14.950000000000001,4.465501204277985,-1.0656373339473552e-07,4.465501204277985,-1.0656373339473552e-07,-2.917907838069939e-07,0.30000000324091347,0.3,0.009000000194436336,1.1493309355397438e-06,0.37499980677440914,True
15.0,4.480501204440031,-1.0776701830817327e-07,4.480501204440031,-1.0776701830817327e-07,-2.690530872596491e-07,0.3000000032409104,0.3,0.009000000194437845,1.1135266361969888e-06,0.3749998123242193,True
15.05,4.4955012046020775,-1.0881155009619235e-07,4.4955012046020775,-1.0881155009619235e-07,-2.476217840408101e-07,0.30000000324090764,0.3,0.009000000194439136,1.079265888248102e-06,0.37499981764478385,True
15.100000000000001,4.510501204764123,-1.0970914802991904e-07,4.510501204764123,-1.0970914802991904e-07,-2.274411390050563e-07,0.3000000032409051,0.3,0.009000000194440414,1.0465117579438279e-06,0.3749998227408369,True
15.15,4.525501204926168,-1.104709752021433e-07,4.525501204926168,-1.104709752021433e-07,-2.0845670676177944e-07,0.30000000324090276,0.3,0.009000000194441804,1.015225973208962e-06,0.3749998276173856,True
15.200000000000001,4.540501205088213,-1.1110756523277203e-07,4.540501205088213,-1.1110756523277203e-07,-1.9061538434121333e-07,0.3000000032409007,0.3,0.009000000194442694,9.853691755889198e-07,0.3749998322796679,True
15.25,4.555501205250258,-1.116288484540691e-07,4.555501205250258,-1.116288484540691e-07,-1.7386545447532305e-07,0.3000000032408988,0.3,0.009000000194443624,9.569011515903978e-07,0.37499983673311343,True
15.3,4.570501205412303,-1.1204417754077054e-07,4.570501205412303,-1.1204417754077054e-07,-1.581566202520375e-07,0.3000000032408971,0.3,0.00900000019444451,9.297810446403514e-07,0.3749998409833078,True
15.350000000000001,4.5855012055743485,-1.1236235255530149e-07,4.5855012055743485,-1.1236235255530149e-07,-1.4344003185660148e-07,0.30000000324089554,0.3,0.009000000194445301,9.03967548833131e-07,0.3749998450359593,True
15.4,4.600501205736394,-1.1259164538306446e-07,4.600501205736394,-1.1259164538306446e-07,-1.2966830607109094e-07,0.30000000324089415,0.3,0.009000000194445827,8.794190855825435e-07,0.37499984889686877,True
15.450000000000001,4.615501205898439,-1.1273982353713783e-07,4.615501205898439,-1.1273982353713783e-07,-1.167955391623174e-07,0.3000000032408929,0.3,0.009000000194446366,8.560939642438989e-07,0.37499985257190216,True
15.5,4.630501206060483,-1.128141733157417e-07,4.630501206060483,-1.128141733157417e-07,-1.0477731374940408e-07,0.30000000324089166,0.3,0.00900000019444699,8.339505277211035e-07,0.3749998560669652,True
15.55,4.645501206222527,-1.1282152229951559e-07,4.645501206222527,-1.1282152229951559e-07,-9.35707002051842e-08,0.3000000032408906,0.3,0.009000000194447293,8.129472840252149e-07,0.3749998593879803,True
15.600000000000001,4.660501206384572,-1.127682611790286e-07,4.660501206384572,-1.127682611790286e-07,-8.313425311020417e-08,0.3000000032408896,0.3,0.009000000194447608,7.930430247037735e-07,0.3749998625408661,True
15.65,4.675501206546616,-1.1266036490602646e-07,4.675501206546616,-1.1266036490602646e-07,-7.342800324445344e-08,0.30000000324088866,0.3,0.009000000194448061,7.741969310147585e-07,0.37499986553151843,True
15.700000000000001,4.69050120670866,-1.1250341316473008e-07,4.69050120670866,-1.1250341316473008e-07,-6.441344556993484e-08,0.30000000324088777,0.3,0.009000000194448509,7.563686686749371e-07,0.3749998683657938,True
15.75,4.7055012068707045,-1.123026101620522e-07,4.7055012068707045,-1.123026101620522e-07,-5.605352362678017e-08,0.300000003240887,0.3,0.00900000019444867,7.395184719699355e-07,0.3749998710494935,True
15.8,4.720501207032749,-1.1206280373791126e-07,4.720501207032749,-1.1206280373791126e-07,-4.831261073675061e-08,0.3000000032408862,0.3,0.009000000194448956,7.236072179724042e-07,0.374999873588351,True
15.850000000000001,4.735501207194793,-1.1178850379890805e-07,4.735501207194793,-1.1178850379890805e-07,-4.1156488380584355e-08,0.3000000032408855,0.3,0.009000000194449348,7.08596491575177e-07,0.3749998759880193,True
15.9,4.750501207356837,-1.1148390008050732e-07,4.750501207356837,-1.1148390008050732e-07,-3.455232208971416e-08,0.3000000032408849,0.3,0.00900000019444949,6.944486420083785e-07,0.37499987825406034,True
15.950000000000001,4.765501207518882,-1.1115287924454646e-07,4.765501207518882,-1.1115287924454646e-07,-2.8468635168317584e-08,0.30000000324088427,0.3,0.009000000194449709,6.811268314729377e-07,0.3749998803919362,True
16.0,4.780501207680926,-1.1079904132039085e-07,4.780501207680926,-1.1079904132039085e-07,-2.287528053843303e-08,0.3000000032408837,0.3,0.009000000194449761,6.68595076487904e-07,0.3749998824070004,True
16.05,4.79550120784297,-1.1042571549938231e-07,4.79550120784297,-1.1042571549938231e-07,-1.7743410978921702e-08,0.30000000324088316,0.3,0.009000000194449943,6.568182825153934e-07,0.37499988430449144,True
16.1,4.8105012080050145,-1.1003597529339578e-07,4.8105012080050145,-1.1003597529339578e-07,-1.3045448008327822e-08,0.30000000324088266,0.3,0.00900000019445015,6.457622723946816e-07,0.37499988608952667,True
16.150000000000002,4.825501208167059,-1.0963265306934128e-07,4.825501208167059,-1.0963265306934128e-07,-8.755049642137683e-09,0.3000000032408822,0.3,0.009000000194450014,6.353938090861764e-07,0.3749998877670972,True
16.2,4.840501208329103,-1.0921835397233386e-07,4.840501208329103,-1.0921835397233386e-07,-4.847077236512287e-09,0.3000000032408817,0.3,0.009000000194450263,6.256806131964452e-07,0.3749998893420641,True
16.25,4.855501208491147,-1.0879546925101413e-07,4.855501208491147,-1.0879546925101413e-07,-1.2975616132200464e-09,0.3000000032408813,0.3,0.009000000194450498,6.165913757272207e-07,0.37499989081915497,True
16.3,4.870501208653192,-1.0836618899914512e-07,4.870501208653192,-1.0836618899914512e-07,1.9163313558207634e-09,0.3000000032408809,0.3,0.009000000194450606,6.080957664644141e-07,0.3749998910646606,True
16.35,4.885501208815236,-1.0793251432814759e-07,4.885501208815236,-1.0793251432814759e-07,4.816335541312306e-09,0.3000000032408805,0.3,0.009000000194450596,6.001644383973878e-07,0.37499989063703404,True
16.400000000000002,4.90050120897728,-1.0749626898567319e-07,4.90050120897728,-1.0749626898567319e-07,7.423119577974849e-09,0.3000000032408801,0.3,0.00900000019445084,5.927690285342422e-07,0.3749998902990645,True
16.45,4.915501209139324,-1.0705911043566129e-07,4.915501209139324,-1.0705911043566129e-07,9.756321979381117e-09,0.3000000032408798,0.3,0.0090000001944508,5.858821554555297e-07,0.37499989004326195,True
16.5,4.930501209301369,-1.0662254041558915e-07,4.930501209301369,-1.0662254041558915e-07,1.1834586223677362e-08,0.30000000324087944,0.3,0.009000000194450944,5.794774139265493e-07,0.3749998898625875,True
16.55,4.945501209463413,-1.061879149868121e-07,4.945501209463413,-1.061879149868121e-07,1.3675595699468018e-08,0.30000000324087917,0.3,0.009000000194450745,5.73529366867257e-07,0.37499988975043314,True
16.6,4.960501209625457,-1.0575645409400885e-07,4.960501209625457,-1.0575645409400885e-07,1.529610841219327e-08,0.30000000324087883,0.3,0.00900000019445109,5.680135349587559e-07,0.3749998897006017,True
16.650000000000002,4.9755012097875015,-1.0532925064980163e-07,4.9755012097875015,-1.0532925064980163e-07,1.671199136164614e-08,0.30000000324087855,0.3,0.009000000194451005,5.629063841462404e-07,0.3749998897072879,True
16.7,4.990501209949546,-1.049072791606188e-07,4.990501209949546,-1.049072791606188e-07,1.793825451089393e-08,0.3000000032408783,0.3,0.009000000194451052,5.581853112802439e-07,0.37499988976505927,True
16.75,5.00550121011159,-1.0449140390981345e-07,5.00550121011159,-1.0449140390981345e-07,1.89890842758246e-08,0.300000003240878,0.3,0.009000000194451083,5.538286281208317e-07,0.3749998898688381,True
16.8,5.020501210273634,-1.040823867139506e-07,5.020501210273634,-1.040823867139506e-07,1.9877876472865504e-08,0.3000000032408777,0.3,0.009000000194451263,5.498155439132605e-07,0.374999890013884,True
16.85,5.035501210435679,-1.0368089426803339e-07,5.035501210435679,-1.0368089426803339e-07,2.061726867015394e-08,0.3000000032408775,0.3,0.009000000194451213,5.461261467282147e-07,0.37499989019577695,True
16.900000000000002,5.050501210597723,-1.032875050952585e-07,5.050501210597723,-1.032875050952585e-07,2.1219171894607858e-08,0.3000000032408773,0.3,0.009000000194451307,5.427413837452783e-07,0.3749998904104009,True
16.95,5.065501210759767,-1.0290271611667799e-07,5.065501210759767,-1.0290271611667799e-07,2.169480165398142e-08,0.30000000324087706,0.3,0.00900000019445138,5.396430406445772e-07,0.3749998906539278,True
17.0,5.0805012109218115,-1.0252694885590216e-07,5.0805012109218115,-1.0252694885590216e-07,2.205470823912299e-08,0.30000000324087683,0.3,0.00900000019445148,5.368137202586831e-07,0.37499989092280284,True
17.05,5.095501211083855,-1.0216055529371017e-07,5.095501211083855,-1.0216055529371017e-07,2.2308806277312167e-08,0.30000000324087667,0.3,0.009000000194451505,5.342368206246323e-07,0.37499989121372923,True
17.1,5.110501211245898,-1.0180382338714384e-07,5.110501211245898,-1.0180382338714384e-07,2.2466403512763664e-08,0.3000000032408765,0.3,0.009000000194451525,5.318965125645187e-07,0.3749998915236548,True
17.150000000000002,5.125501211407942,-1.0145698226735092e-07,5.125501211407942,-1.0145698226735092e-07,2.2536228795175106e-08,0.30000000324087633,0.3,0.00900000019445144,5.297777169123037e-07,0.3749998918497578,True
17.2,5.140501211569985,-1.0112020713011694e-07,5.140501211569985,-1.0112020713011694e-07,2.25264592615889e-08,0.30000000324087617,0.3,0.009000000194451555,5.278660814944291e-07,0.37499989218943447,True
17.25,5.1555012117320285,-1.0079362383268482e-07,5.1555012117320285,-1.0079362383268482e-07,2.244474670085847e-08,0.300000003240876,0.3,0.009000000194451418,5.261479579622262e-07,0.37499989254028643,True
17.3,5.170501211894072,-1.004773132101097e-07,5.170501211894072,-1.004773132101097e-07,2.2298243093678847e-08,0.30000000324087583,0.3,0.00900000019445163,5.246103785652997e-07,0.3749998929001086,True
17.35,5.185501212056115,-1.0017131512403541e-07,5.185501212056115,-1.0017131512403541e-07,2.209362532448263e-08,0.30000000324087567,0.3,0.009000000194451614,5.232410329466644e-07,0.3749998932668782,True
17.400000000000002,5.200501212218159,-9.987563225641108e-08,5.200501212218159,-9.987563225641108e-08,2.1837119064535934e-08,0.3000000032408755,0.3,0.009000000194451633,5.220282450326372e-07,0.3749998936387434,True
17.45,5.215501212380202,-9.959023366029302e-08,5.215501212380202,-9.959023366029302e-08,2.153452182831403e-08,0.30000000324087533,0.3,0.009000000194451978,5.209609500831535e-07,0.37499989401401335,True
17.5,5.230501212542245,-9.931505807950021e-08,5.230501212542245,-9.931505807950021e-08,2.1191225207711636e-08,0.3000000032408752,0.3,0.009000000194451819,5.200286719614375e-07,0.3749998943911481,True
17.55,5.245501212704289,-9.905001704851274e-08,5.245501212704289,-9.905001704851274e-08,2.0812236290866843e-08,0.3000000032408751,0.3,0.009000000194451806,5.192215006755213e-07,0.37499989476874884,True
17.6,5.260501212866332,-9.879499778362341e-08,5.260501212866332,-9.879499778362341e-08,2.0402198274366687e-08,0.300000003240875,0.3,0.009000000194451924,5.18530070238282e-07,0.3749998951455493,True
17.650000000000002,5.275501213028376,-9.854986587597354e-08,5.275501213028376,-9.854986587597354e-08,1.9965410279372297e-08,0.3000000032408749,0.3,0.009000000194451917,5.179455368870996e-07,0.3749998955204073,True
17.7,5.290501213190419,-9.831446779672765e-08,5.290501213190419,-9.831446779672765e-08,1.9505846383768486e-08,0.3000000032408748,0.3,0.009000000194451973,5.17459557699194e-07,0.3749998958922959,True
17.75,5.305501213352462,-9.808863322426729e-08,5.305501213352462,-9.808863322426729e-08,1.9027173883819748e-08,0.30000000324087467,0.3,0.009000000194451942,5.170642696339328e-07,0.3749998962602962,True
17.8,5.320501213514506,-9.787217720291462e-08,5.320501213514506,-9.787217720291462e-08,1.8532770800016985e-08,0.30000000324087456,0.3,0.009000000194452044,5.167522690290406e-07,0.3749998966235899,True
17.85,5.335501213676549,-9.766490214233034e-08,5.335501213676549,-9.766490214233034e-08,1.80257426428385e-08,0.3000000032408745,0.3,0.009000000194452004,5.165165915735833e-07,0.3749998969814523,True
17.900000000000002,5.350501213838593,-9.746659966637115e-08,5.350501213838593,-9.746659966637115e-08,1.7508938455037774e-08,0.30000000324087445,0.3,0.009000000194452018,5.163506927768847e-07,0.3749998973332456,True
17.95,5.365501214000636,-9.727705231983729e-08,5.365501214000636,-9.727705231983729e-08,1.6984966147820804e-08,0.3000000032408744,0.3,0.009000000194451954,5.16248428949073e-07,0.3749998976784128,True
18.0,5.380501214162679,-9.709603514119386e-08,5.380501214162679,-9.709603514119386e-08,1.6456207148897978e-08,0.3000000032408743,0.3,0.009000000194452074,5.162040387058119e-07,0.3749998980164713,True
18.05,5.395501214324723,-9.692331710900892e-08,5.395501214324723,-9.692331710900892e-08,1.59248303808997e-08,0.3000000032408742,0.3,0.009000000194452108,5.162121250068672e-07,0.3749998983470083,True
18.1,5.410501214486766,-9.675866246951894e-08,5.410501214486766,-9.675866246951894e-08,1.5392805589041404e-08,0.30000000324087417,0.3,0.009000000194452098,5.162676377355238e-07,0.3749998986696743,True
18.150000000000002,5.4255012146488095,-9.66018319524071e-08,5.4255012146488095,-9.66018319524071e-08,1.4861916037221042e-08,0.3000000032408741,0.3,0.009000000194452016,5.163658568234038e-07,0.37499989898417896,True
18.2,5.440501214810853,-9.64525838815632e-08,5.440501214810853,-9.64525838815632e-08,1.4333770591938583e-08,0.30000000324087406,0.3,0.009000000194452152,5.165023759231001e-07,0.3749998992902863,True
18.25,5.455501214972896,-9.631067518728595e-08,5.455501214972896,-9.631067518728595e-08,1.3809815213551425e-08,0.300000003240874,0.3,0.009000000194452178,5.166730866289717e-07,0.37499989958780966,True
18.3,5.47050121513494,-9.617586232608846e-08,5.47050121513494,-9.617586232608846e-08,1.3291343874428828e-08,0.30000000324087395,0.3,0.009000000194452143,5.168741632446976e-07,0.37499989987660853,True
18.35,5.485501215296983,-9.60479021139769e-08,5.485501215296983,-9.60479021139769e-08,1.2779508923549673e-08,0.3000000032408739,0.3,0.009000000194452186,5.171020480945005e-07,0.37499990015658374,True
18.400000000000002,5.5005012154590265,-9.59265524787905e-08,5.5005012154590265,-9.59265524787905e-08,1.2275330917007658e-08,0.30000000324087384,0.3,0.009000000194452094,5.173534373735276e-07,0.3749999004276743,True
18.45,5.51550121562107,-9.581157313691746e-08,5.51550121562107,-9.581157313691746e-08,1.177970793375231e-08,0.3000000032408738,0.3,0.009000000194452297,5.176252675315464e-07,0.37499990068985367,True
18.5,5.530501215783113,-9.570272619943778e-08,5.530501215783113,-9.570272619943778e-08,1.1293424395709441e-08,0.3000000032408738,0.3,0.009000000194452283,5.179147021829462e-07,0.37499990094312674,True
18.55,5.545501215945157,-9.559977671248819e-08,5.545501215945157,-9.559977671248819e-08,1.0817159411195186e-08,0.3000000032408738,0.3,0.00900000019445219,5.182191195350092e-07,0.37499990118752696,True
18.6,5.5605012161072,-9.550249313639852e-08,5.5605012161072,-9.550249313639852e-08,1.0351494660269298e-08,0.3000000032408737,0.3,0.009000000194452159,5.185361003254975e-07,0.37499990142311296,True
18.650000000000002,5.575501216269243,-9.541064776791123e-08,5.575501216269243,-9.541064776791123e-08,9.896921840370013e-09,0.30000000324087367,0.3,0.00900000019445236,5.188634162598434e-07,0.37499990164996644,True
18.7,5.590501216431287,-9.532401710956711e-08,5.590501216431287,-9.532401710956711e-08,9.453849690239692e-09,0.30000000324087367,0.3,0.00900000019445227,5.191990189374914e-07,0.37499990186818954,True
18.75,5.60550121659333,-9.524238219012034e-08,5.60550121659333,-9.524238219012034e-08,9.022610609790433e-09,0.30000000324087367,0.3,0.00900000019445227,5.19541029256409e-07,0.37499990207790246,True
18.8,5.620501216755374,-9.516552883963454e-08,5.620501216755374,-9.516552883963454e-08,8.603466893176312e-09,0.30000000324087367,0.3,0.00900000019445209,5.198877272842578e-07,0.3749999022792415,True
18.85,5.635501216917417,-9.509324792270855e-08,5.635501216917417,-9.509324792270855e-08,8.196616591937423e-09,0.3000000032408736,0.3,0.009000000194452299,5.202375425843188e-07,0.3749999024723569,True
18.900000000000002,5.65050121707946,-9.502533553308599e-08,5.65050121707946,-9.502533553308599e-08,7.802199024662896e-09,0.3000000032408736,0.3,0.0090000001944523,5.205890449839363e-07,0.37499990265741134,True
18.95,5.665501217241504,-9.496159315271586e-08,5.665501217241504,-9.496159315271586e-08,7.420299949189188e-09,0.3000000032408736,0.3,0.009000000194452252,5.209409357729704e-07,0.37499990283457774,True
19.0,5.680501217403547,-9.490182777815316e-08,5.680501217403547,-9.490182777815316e-08,7.050956412908235e-09,0.3000000032408736,0.3,0.0090000001944521,5.212920393195795e-07,0.3749999030040382,True
19.05,5.695501217565591,-9.48458520170171e-08,5.695501217565591,-9.48458520170171e-08,6.694161296310408e-09,0.30000000324087356,0.3,0.009000000194452332,5.216412950904968e-07,0.3749999031659821,True
19.1,5.710501217727634,-9.479348415706168e-08,5.710501217727634,-9.479348415706168e-08,6.349867564431803e-09,0.30000000324087356,0.3,0.00900000019445227,5.2198775006289e-07,0.3749999033206052,True
19.150000000000002,5.725501217889677,-9.474454821025705e-08,5.725501217889677,-9.474454821025705e-08,6.017992240415809e-09,0.30000000324087356,0.3,0.009000000194452245,5.223305515148631e-07,0.3749999034681081,True
19.200000000000003,5.740501218051721,-9.469887393413147e-08,5.740501218051721,-9.469887393413147e-08,5.698420114937433e-09,0.3000000032408735,0.3,0.009000000194452346,5.226689401816902e-07,0.3749999036086953,True
19.25,5.755501218213764,-9.465629683248187e-08,5.755501218213764,-9.465629683248187e-08,5.391007204777464e-09,0.3000000032408735,0.3,0.0090000001944523,5.23002243764885e-07,0.37499990374257397,True
19.3,5.7705012183758075,-9.461665813742581e-08,5.7705012183758075,-9.461665813742581e-08,5.095583973372827e-09,0.3000000032408735,0.3,0.009000000194452235,5.233298707813388e-07,0.3749999038699534,True
19.35,5.785501218537851,-9.457980477463934e-08,5.785501218537851,-9.457980477463934e-08,4.8119583257114836e-09,0.30000000324087345,0.3,0.009000000194452457,5.23651304739875e-07,0.3749999039910436,True
19.400000000000002,5.800501218699894,-9.454558931350288e-08,5.800501218699894,-9.454558931350288e-08,4.539918389486439e-09,0.30000000324087345,0.3,0.009000000194452486,5.239660986327e-07,0.37499990410605494,True
19.450000000000003,5.815501218861938,-9.451386990376128e-08,5.815501218861938,-9.451386990376128e-08,4.279235093974114e-09,0.30000000324087345,0.3,0.009000000194452414,5.242738697294388e-07,0.37499990421519724,True
19.5,5.830501219023981,-9.448451020019414e-08,5.830501219023981,-9.448451020019414e-08,4.029664557659089e-09,0.30000000324087345,0.3,0.0090000001944523,5.245742946616137e-07,0.3749999043186794,True
19.55,5.8455012191860245,-9.445737927668785e-08,5.8455012191860245,-9.445737927668785e-08,3.7909502951907625e-09,0.30000000324087345,0.3,0.009000000194452386,5.248671047856826e-07,0.3749999044167085,True
19.6,5.860501219348068,-9.443235153100207e-08,5.860501219348068,-9.443235153100207e-08,3.562825253828579e-09,0.30000000324087345,0.3,0.009000000194452322,5.251520818129467e-07,0.3749999045094894,True
19.650000000000002,5.875501219510111,-9.440930658142969e-08,5.875501219510111,-9.440930658142969e-08,3.3450136891117134e-09,0.30000000324087345,0.3,0.009000000194452408,5.254290536949407e-07,0.3749999045972243,True
19.700000000000003,5.890501219672155,-9.438812915646058e-08,5.890501219672155,-9.438812915646058e-08,3.1372328890771764e-09,0.30000000324087345,0.3,0.009000000194452426,5.256978907531378e-07,0.3749999046801127,True
19.75,5.905501219834198,-9.436870897847595e-08,5.905501219834198,-9.436870897847595e-08,2.9391947559477085e-09,0.30000000324087345,0.3,0.009000000194452407,5.25958502042113e-07,0.3749999047583502,True
19.8,5.9205012199962415,-9.435094064242105e-08,5.9205012199962415,-9.435094064242105e-08,2.750607253817677e-09,0.30000000324087345,0.3,0.009000000194452273,5.26210831935576e-07,0.374999904832129,True
19.85,5.935501220158285,-9.433472349032964e-08,5.935501220158285,-9.433472349032964e-08,2.571175730482418e-09,0.30000000324087345,0.3,0.009000000194452367,5.264548569249769e-07,0.37499990490163737,True
19.900000000000002,5.950501220320328,-9.431996148250305e-08,5.950501220320328,-9.431996148250305e-08,2.400604121183659e-09,0.30000000324087345,0.3,0.00900000019445237,5.266905826207069e-07,0.37499990496705904,True
19.950000000000003,5.965501220482372,-9.430656306608109e-08,5.965501220482372,-9.430656306608109e-08,2.2385960416817416e-09,0.30000000324087345,0.3,0.009000000194452384,5.269180409461798e-07,0.37499990502857394,True
20.0,5.980501220644415,-9.429444104167971e-08,5.980501220644415,-9.429444104167971e-08,2.0848557777138655e-09,0.30000000324087345,0.3,0.009000000194452218,5.271372875154146e-07,0.37499990508635683,True
20.05,5.995501220806458,-9.428351242871173e-08,5.995501220806458,-9.428351242871173e-08,1.9390891775567664e-09,0.3000000032408734,0.3,0.009000000194452382,5.273483991850457e-07,0.37499990514057807,True
20.1,6.010501220968502,-9.427369832995274e-08,6.010501220968502,-9.427369832995274e-08,1.8010044540828405e-09,0.3000000032408734,0.3,0.009000000194452485,5.275514717719625e-07,0.37499990519140336,True
20.150000000000002,6.025501221130545,-9.426492379586238e-08,6.025501221130545,-9.426492379586238e-08,1.6703129023797123e-09,0.3000000032408734,0.3,0.009000000194452509,5.277466179281182e-07,0.3749999052389933,True
20.200000000000003,6.040501221292589,-9.425711768912342e-08,6.040501221292589,-9.425711768912342e-08,1.5467295386951841e-09,0.3000000032408734,0.3,0.009000000194452372,5.279339651643334e-07,0.3749999052835037,True
20.25,6.055501221454632,-9.425021254981612e-08,6.055501221454632,-9.425021254981612e-08,1.429973666172591e-09,0.3000000032408734,0.3,0.009000000194452492,5.281136540152271e-07,0.3749999053250853,True
20.3,6.070501221616675,-9.424414446160311e-08,6.070501221616675,-9.424414446160311e-08,1.3197693725552273e-09,0.3000000032408734,0.3,0.009000000194452495,5.28285836337687e-07,0.374999905363884,True
20.35,6.085501221778719,-9.423885291926111e-08,6.085501221778719,-9.423885291926111e-08,1.2158459647626358e-09,0.3000000032408734,0.3,0.009000000194452542,5.284506737356185e-07,0.3749999054000408,True
20.400000000000002,6.100501221940762,-9.423428069785895e-08,6.100501221940762,-9.423428069785895e-08,1.1179383449764919e-09,0.3000000032408734,0.3,0.009000000194452556,5.286083361039638e-07,0.3749999054336916,True
20.450000000000003,6.115501222102806,-9.423037372384771e-08,6.115501222102806,-9.423037372384771e-08,1.0257873326191282e-09,0.3000000032408734,0.3,0.00900000019445258,5.287590002852997e-07,0.3749999054649674,True
20.5,6.130501222264849,-9.42270809482968e-08,6.130501222264849,-9.42270809482968e-08,9.391399363631835e-10,0.30000000324087345,0.3,0.009000000194452538,5.289028488325541e-07,0.3749999054939945,True
20.55,6.145501222426892,-9.42243542224807e-08,6.145501222426892,-9.42243542224807e-08,8.577495800761223e-10,0.30000000324087345,0.3,0.009000000194452273,5.290400688717163e-07,0.37499990552089413,True
20.6,6.160501222588936,-9.422214817599397e-08,6.160501222588936,-9.422214817599397e-08,7.813762863787239e-10,0.30000000324087345,0.3,0.009000000194452486,5.291708510586272e-07,0.37499990554578305,True
20.650000000000002,6.175501222750979,-9.422042009754643e-08,6.175501222750979,-9.422042009754643e-08,7.097868212817379e-10,0.30000000324087345,0.3,0.009000000194452483,5.292953886242337e-07,0.3749999055687733,True
20.700000000000003,6.1905012229130225,-9.421912981856807e-08,6.1905012229130225,-9.421912981856807e-08,6.427548031591283e-10,0.30000000324087345,0.3,0.009000000194452303,5.294138765028946e-07,0.374999905589972,True
20.75,6.205501223075066,-9.421823959973084e-08,6.205501223075066,-9.421823959973084e-08,5.800607791194389e-10,0.30000000324087345,0.3,0.009000000194452467,5.295265105386521e-07,0.3749999056094824,True
20.8,6.220501223237109,-9.421771402047542e-08,6.220501223237109,-9.421771402047542e-08,5.214922716494335e-10,0.30000000324087345,0.3,0.00900000019445244,5.296334867645388e-07,0.37499990562740276,True
20.85,6.235501223399153,-9.421751987161263e-08,6.235501223399153,-9.421751987161263e-08,4.668437982253813e-10,0.30000000324087345,0.3,0.009000000194452334,5.297350007502717e-07,0.37499990564382746,True
20.900000000000002,6.250501223561196,-9.421762605105257e-08,6.250501223561196,-9.421762605105257e-08,4.1591686641635974e-10,0.30000000324087345,0.3,0.009000000194452264,5.298312470138899e-07,0.37499990565884667,True
20.950000000000003,6.2655012237232395,-9.421800346269935e-08,6.2655012237232395,-9.421800346269935e-08,3.68519946841685e-10,0.30000000324087345,0.3,0.009000000194452448,5.299224184931374e-07,0.37499990567254615,True
21.0,6.280501223885283,-9.421862491853563e-08,6.280501223885283,-9.421862491853563e-08,3.24468426190305e-10,0.30000000324087345,0.3,0.009000000194452355,5.300087060725522e-07,0.37499990568500796,True
21.05,6.295501224047326,-9.42194650439081e-08,6.295501224047326,-9.42194650439081e-08,2.8358454236295493e-10,0.30000000324087345,0.3,0.009000000194452388,5.300902981624776e-07,0.37499990569631036,True
21.1,6.31050122420937,-9.422050018601401e-08,6.31050122420937,-9.422050018601401e-08,2.4569730365824137e-10,0.30000000324087345,0.3,0.009000000194452348,5.301673803263858e-07,0.37499990570652775,True
21.150000000000002,6.325501224371413,-9.422170832557848e-08,6.325501224371413,-9.422170832557848e-08,2.1064239379183734e-10,0.30000000324087345,0.3,0.009000000194452474,5.302401349530877e-07,0.3749999057157309,True
21.200000000000003,6.340501224533456,-9.422306899170258e-08,6.340501224533456,-9.422306899170258e-08,1.7826206441238468e-10,0.30000000324087345,0.3,0.009000000194452566,5.30308740970597e-07,0.3749999057239871,True
21.25,6.3555012246955,-9.422456317985435e-08,6.3555012246955,-9.422456317985435e-08,1.4840501665883287e-10,0.30000000324087345,0.3,0.009000000194452514,5.30373373598578e-07,0.3749999057313605,True
21.3,6.370501224857543,-9.422617327296704e-08,6.370501224857543,-9.422617327296704e-08,1.2092627319146605e-10,0.30000000324087345,0.3,0.009000000194452459,5.304342041365045e-07,0.37499990573791164,True
21.35,6.385501225019587,-9.422788296560247e-08,6.385501225019587,-9.422788296560247e-08,9.568704202278766e-11,0.30000000324087345,0.3,0.009000000194452362,5.304913997847665e-07,0.374999905743698,True
21.400000000000002,6.40050122518163,-9.422967719113127e-08,6.40050122518163,-9.422967719113127e-08,7.255457337380612e-11,0.30000000324087345,0.3,0.00900000019445248,5.305451234961771e-07,0.3749999057487741,True
21.450000000000003,6.415501225343673,-9.423154205187693e-08,6.415501225343673,-9.423154205187693e-08,5.140201068648918e-11,0.30000000324087345,0.3,0.009000000194452474,5.305955338554307e-07,0.37499990575319153,True
21.5,6.430501225505717,-9.423346475216572e-08,6.430501225505717,-9.423346475216572e-08,3.2108236833953705e-11,0.30000000324087345,0.3,0.009000000194452497,5.306427849842395e-07,0.3749999057569991,True
21.55,6.44550122566776,-9.42354335342211e-08,6.44550122566776,-9.42354335342211e-08,1.455771648568121e-11,0.30000000324087345,0.3,0.009000000194452452,5.306870264699844e-07,0.37499990576024284,True
21.6,6.460501225829804,-9.423743761683753e-08,6.460501225829804,-9.423743761683753e-08,-1.3596644941547727e-12,0.30000000324087345,0.3,0.009000000194452469,5.30728403315867e-07,0.3749999057621586,True
21.650000000000002,6.475501225991847,-9.423946713676595e-08,6.475501225991847,-9.423946713676595e-08,-1.5748761811720816e-11,0.30000000324087345,0.3,0.009000000194452355,5.307670559106723e-07,0.3749999057558555,True
21.700000000000003,6.49050122615389,-9.424151309274126e-08,6.49050122615389,-9.424151309274126e-08,-2.8709336938080816e-11,0.30000000324087345,0.3,0.009000000194452538,5.308031200163456e-07,0.3749999057499602,True
21.75,6.505501226315934,-9.424356729207951e-08,6.505501226315934,-9.424356729207951e-08,-4.033622206523784e-11,0.30000000324087345,0.3,0.009000000194452329,5.308367267717327e-07,0.37499990574445285,True
21.8,6.520501226477977,-9.42456222997719e-08,6.520501226477977,-9.42456222997719e-08,-5.07194852171616e-11,0.30000000324087345,0.3,0.009000000194452533,5.308680027109166e-07,0.37499990573931397,True
21.85,6.5355012266400205,-9.42476713900011e-08,6.5355012266400205,-9.42476713900011e-08,-5.994459496674744e-11,0.30000000324087345,0.3,0.009000000194452448,5.308970697946999e-07,0.3749999057345251,True
21.900000000000002,6.550501226802064,-9.424970850000483e-08,6.550501226802064,-9.424970850000483e-08,-6.809258426350756e-11,0.30000000324087345,0.3,0.009000000194452375,5.309240454538644e-07,0.37499990573006803,True
21.950000000000003,6.565501226964107,-9.425172818621133e-08,6.565501226964107,-9.425172818621133e-08,-7.524021292711933e-11,0.30000000324087345,0.3,0.009000000194452481,5.309490426429437e-07,0.37499990572592545,True
22.0,6.580501227126151,-9.425372558257098e-08,6.580501227126151,-9.425372558257098e-08,-8.146012840895276e-11,0.30000000324087345,0.3,0.00900000019445253,5.309721699033391e-07,0.37499990572208075,True
22.05,6.595501227288194,-9.425569636100883e-08,6.595501227288194,-9.425569636100883e-08,-8.682102446714438e-11,0.30000000324087345,0.3,0.009000000194452367,5.309935314346575e-07,0.3749999057185178,True
22.1,6.6105012274502375,-9.42576366939227e-08,6.6105012274502375,-9.42576366939227e-08,-9.138779744167117e-11,0.30000000324087345,0.3,0.009000000194452545,5.310132271732768e-07,0.3749999057152211,True
22.150000000000002,6.625501227612281,-9.425954321865258e-08,6.625501227612281,-9.425954321865258e-08,-9.522169985366241e-11,0.30000000324087345,0.3,0.009000000194452533,5.310313528771732e-07,0.3749999057121759,True
22.200000000000003,6.640501227774324,-9.426141300384729e-08,6.640501227774324,-9.426141300384729e-08,-9.838049108815652e-11,0.30000000324087345,0.3,0.009000000194452467,5.310480002161546e-07,0.374999905709368,True
22.25,6.655501227936368,-9.426324351765591e-08,6.655501227936368,-9.426324351765591e-08,-1.0091858495203639e-10,0.30000000324087345,0.3,0.009000000194452473,5.310632568666773e-07,0.37499990570678365,True
22.3,6.670501228098411,-9.426503259767177e-08,6.670501228098411,-9.426503259767177e-08,-1.0288719392881903e-10,0.30000000324087345,0.3,0.009000000194452596,5.310772066105003e-07,0.3749999057044099,True
22.35,6.6855012282604545,-9.426677842255886e-08,6.6855012282604545,-9.426677842255886e-08,-1.0433446998000097e-10,0.3000000032408735,0.3,0.009000000194452322,5.31089929436502e-07,0.37499990570223424,True
22.400000000000002,6.700501228422498,-9.426847948529113e-08,6.700501228422498,-9.426847948529113e-08,-1.0530564176800677e-10,0.3000000032408735,0.3,0.009000000194452414,5.311015016450178e-07,0.3749999057002448,True
22.450000000000003,6.715501228584541,-9.427013456793688e-08,6.715501228584541,-9.427013456793688e-08,-1.0584314819928686e-10,0.3000000032408735,0.3,0.009000000194452368,5.311119959541183e-07,0.37499990569843,True
22.5,6.730501228746585,-9.427174271792206e-08,6.730501228746585,-9.427174271792206e-08,-1.0598676820793906e-10,0.3000000032408735,0.3,0.009000000194452264,5.311214816073103e-07,0.3749999056967792,True
22.55,6.745501228908628,-9.427330322570739e-08,6.745501228908628,-9.427330322570739e-08,-1.0577374671980213e-10,0.3000000032408735,0.3,0.009000000194452218,5.311300244821569e-07,0.37499990569528197,True
22.6,6.760501229070671,-9.427481560381648e-08,6.760501229070671,-9.427481560381648e-08,-1.0523891675522964e-10,0.30000000324087345,0.3,0.009000000194452436,5.311376871993981e-07,0.3749999056939284,True
22.650000000000002,6.775501229232715,-9.427627956715327e-08,6.775501229232715,-9.427627956715327e-08,-1.0441481764520314e-10,0.30000000324087345,0.3,0.00900000019445254,5.31144529232159e-07,0.37499990569270925,True
22.700000000000003,6.790501229394758,-9.4277695014549e-08,6.790501229394758,-9.4277695014549e-08,-1.033318093502842e-10,0.30000000324087345,0.3,0.009000000194452575,5.311506070148766e-07,0.37499990569161545,True
22.75,6.805501229556802,-9.427906201148089e-08,6.805501229556802,-9.427906201148089e-08,-1.0201818288586623e-10,0.30000000324087345,0.3,0.009000000194452561,5.311559740516451e-07,0.37499990569063857,True
22.8,6.820501229718845,-9.428038077390606e-08,6.820501229718845,-9.428038077390606e-08,-1.0050026686912991e-10,0.30000000324087345,0.3,0.009000000194452457,5.311606810236552e-07,0.37499990568977065,True
22.85,6.835501229880888,-9.428165165315638e-08,6.835501229880888,-9.428165165315638e-08,-9.880253021425134e-11,0.30000000324087345,0.3,0.00900000019445261,5.311647758954876e-07,0.374999905689004,True
22.900000000000002,6.850501230042932,-9.42828751218414e-08,6.850501230042932,-9.42828751218414e-08,-9.694768101248303e-11,0.3000000032408735,0.3,0.009000000194452455,5.31168304020016e-07,0.3749999056883314,True
22.950000000000003,6.865501230204975,-9.428405176070855e-08,6.865501230204975,-9.428405176070855e-08,-9.495676164239366e-11,0.3000000032408735,0.3,0.009000000194452485,5.311713082417181e-07,0.37499990568774605,True
23.0,6.8805012303670186,-9.428518224641153e-08,6.8805012303670186,-9.428518224641153e-08,-9.284924016349591e-11,0.3000000032408735,0.3,0.00900000019445232,5.311738289982094e-07,0.3749999056872415,True
23.05,6.895501230529062,-9.428626734013935e-08,6.895501230529062,-9.428626734013935e-08,-9.064309805339946e-11,0.3000000032408735,0.3,0.009000000194452422,5.311759044198475e-07,0.37499990568681163,True
23.1,6.910501230691105,-9.428730787706051e-08,6.910501230691105,-9.428730787706051e-08,-8.835491435465725e-11,0.3000000032408735,0.3,0.009000000194452457,5.311775704272545e-07,0.37499990568645075,True
23.150000000000002,6.925501230853149,-9.42883047565385e-08,6.925501230853149,-9.42883047565385e-08,-8.599994630290912e-11,0.3000000032408735,0.3,0.009000000194452382,5.311788608266705e-07,0.37499990568615327,True
23.200000000000003,6.940501231015192,-9.428925893307628e-08,6.940501231015192,-9.428925893307628e-08,-8.359220651220364e-11,0.3000000032408735,0.3,0.00900000019445243,5.311798074029969e-07,0.3749999056859141,True
23.25,6.9555012311772355,-9.429017140794932e-08,6.9555012311772355,-9.429017140794932e-08,-8.114453679743858e-11,0.3000000032408735,0.3,0.009000000194452254,5.311804400104874e-07,0.3749999056857287,True
23.3,6.970501231339279,-9.429104322148843e-08,6.970501231339279,-9.429104322148843e-08,-7.866867871715388e-11,0.3000000032408735,0.3,0.009000000194452396,5.31180786660996e-07,0.3749999056855922,True
23.35,6.985501231501322,-9.429187544597495e-08,6.985501231501322,-9.429187544597495e-08,-7.617534092227238e-11,0.3000000032408735,0.3,0.0090000001944524,5.311808736097393e-07,0.3749999056855005,True
23.400000000000002,7.000501231663366,-9.429266917911283e-08,7.000501231663366,-9.429266917911283e-08,-7.367426339876056e-11,0.3000000032408735,0.3,0.009000000194452353,5.311807254385299e-07,0.3749999056854496,True
23.450000000000003,7.015501231825409,-9.429342553804343e-08,7.015501231825409,-9.429342553804343e-08,-7.117427869372566e-11,0.3000000032408735,0.3,0.009000000194452315,5.311803651364513e-07,0.37499990568543573,True
23.5,7.0305012319874525,-9.42941456538704e-08,7.0305012319874525,-9.42941456538704e-08,-6.868337021575482e-11,0.3000000032408735,0.3,0.009000000194452304,5.311798141779748e-07,0.3749999056854554,True
23.55,7.045501232149496,-9.429483066666362e-08,7.045501232149496,-9.429483066666362e-08,-6.620872770083206e-11,0.3000000032408735,0.3,0.009000000194452457,5.311790925984828e-07,0.37499990568550534,True
23.6,7.060501232311539,-9.429548172091238e-08,7.060501232311539,-9.429548172091238e-08,-6.375679993577632e-11,0.3000000032408735,0.3,0.009000000194452391,5.311782190672245e-07,0.3749999056855825,True
23.650000000000002,7.075501232473583,-9.42960999613996e-08,7.075501232473583,-9.42960999613996e-08,-6.133334483133828e-11,0.3000000032408735,0.3,0.009000000194452547,5.311772109577089e-07,0.374999905685684,True
23.700000000000003,7.090501232635626,-9.429668652947006e-08,7.090501232635626,-9.429668652947006e-08,-5.894347693653426e-11,0.3000000032408735,0.3,0.009000000194452337,5.311760844155455e-07,0.37499990568580727,True
23.75,7.105501232797669,-9.429724255966709e-08,7.105501232797669,-9.429724255966709e-08,-5.6591712485509106e-11,0.3000000032408735,0.3,0.009000000194452516,5.311748544237663e-07,0.37499990568594965,True
23.8,7.120501232959713,-9.429776917671313e-08,7.120501232959713,-9.429776917671313e-08,-5.428201206745099e-11,0.3000000032408735,0.3,0.009000000194452394,5.311735348656532e-07,0.374999905686109,True
23.85,7.135501233121756,-9.429826749281132e-08,7.135501233121756,-9.429826749281132e-08,-5.201782100904247e-11,0.3000000032408735,0.3,0.009000000194452549,5.311721385851114e-07,0.3749999056862833,True
23.900000000000002,7.1505012332838,-9.429873860524573e-08,7.1505012332838,-9.429873860524573e-08,-4.98021075577839e-11,0.3000000032408735,0.3,0.009000000194452486,5.311706774446203e-07,0.3749999056864702,True
23.950000000000003,7.165501233445843,-9.429918359425977e-08,7.165501233445843,-9.429918359425977e-08,-4.763739895324039e-11,0.3000000032408735,0.3,0.00900000019445251,5.311691623808177e-07,0.37499990568666813,True
24.0,7.180501233607886,-9.429960352119272e-08,7.180501233607886,-9.429960352119272e-08,-4.552581547168438e-11,0.3000000032408735,0.3,0.009000000194452552,5.311676034577521e-07,0.37499990568687536,True
24.05,7.19550123376993,-9.429999942685594e-08,7.19550123376993,-9.429999942685594e-08,-4.3469102528007006e-11,0.3000000032408735,0.3,0.009000000194452518,5.311660099178636e-07,0.3749999056870903,True
24.1,7.210501233931973,-9.430037233013082e-08,7.210501233931973,-9.430037233013082e-08,-4.14686609170803e-11,0.3000000032408735,0.3,0.009000000194452419,5.311643902307416e-07,0.37499990568731145,True
24.150000000000002,7.225501234094017,-9.430072322677202e-08,7.225501234094017,-9.430072322677202e-08,-3.952557527478569e-11,0.3000000032408735,0.3,0.009000000194452535,5.311627521397114e-07,0.37499990568753766,True
24.200000000000003,7.24050123425606,-9.430105308840006e-08,7.24050123425606,-9.430105308840006e-08,-3.764064083715153e-11,0.3000000032408735,0.3,0.00900000019445249,5.311611027063168e-07,0.37499990568776764,True
24.25,7.255501234418103,-9.430136286166841e-08,7.255501234418103,-9.430136286166841e-08,-3.581438857390895e-11,0.3000000032408735,0.3,0.009000000194452467,5.311594483527447e-07,0.37499990568800023,True
24.3,7.270501234580147,-9.430165346759114e-08,7.270501234580147,-9.430165346759114e-08,-3.4047108770755436e-11,0.3000000032408735,0.3,0.009000000194452533,5.311577949022579e-07,0.3749999056882345,True
24.35,7.28550123474219,-9.430192580101785e-08,7.28550123474219,-9.430192580101785e-08,-3.2338873132619584e-11,0.3000000032408735,0.3,0.009000000194452532,5.311561476176933e-07,0.3749999056884695,True
24.400000000000002,7.3005012349042335,-9.430218073024358e-08,7.3005012349042335,-9.430218073024358e-08,-3.06895554780098e-11,0.3000000032408735,0.3,0.009000000194452462,5.311545112380922e-07,0.37499990568870445,True
24.450000000000003,7.315501235066277,-9.430241909674187e-08,7.315501235066277,-9.430241909674187e-08,-2.909885109232611e-11,0.3000000032408735,0.3,0.009000000194452377,5.311528900135134e-07,0.37499990568893854,True
24.5,7.33050123522832,-9.430264171501026e-08,7.33050123522832,-9.430264171501026e-08,-2.756629480590619e-11,0.3000000032408735,0.3,0.009000000194452408,5.311512877380955e-07,0.3749999056891711,True
24.55,7.345501235390364,-9.43028493725178e-08,7.345501235390364,-9.43028493725178e-08,-2.609127786049718e-11,0.3000000032408735,0.3,0.009000000194452375,5.311497077814334e-07,0.37499990568940156,True
24.6,7.360501235552407,-9.430304282974499e-08,7.360501235552407,-9.430304282974499e-08,-2.467306362550124e-11,0.3000000032408735,0.3,0.009000000194452455,5.311481531183204e-07,0.37499990568962926,True
24.650000000000002,7.3755012357144505,-9.430322282030733e-08,7.3755012357144505,-9.430322282030733e-08,-2.3310802223253268e-11,0.3000000032408735,0.3,0.0090000001944523,5.311466263569211e-07,0.37499990568985386,True
24.700000000000003,7.390501235876494,-9.430339005115381e-08,7.390501235876494,-9.430339005115381e-08,-2.200354412052345e-11,0.3000000032408735,0.3,0.009000000194452306,5.311451297654314e-07,0.3749999056900749,True
24.75,7.405501236038537,-9.430354520283279e-08,7.405501236038537,-9.430354520283279e-08,-2.0750252741249206e-11,0.3000000032408735,0.3,0.009000000194452466,5.311436652972913e-07,0.37499990569029196,True
24.8,7.420501236200581,-9.430368892981777e-08,7.420501236200581,-9.430368892981777e-08,-1.9549816153340435e-11,0.3000000032408735,0.3,0.00900000019445245,5.311422346149975e-07,0.3749999056905048,True
24.85,7.435501236362624,-9.430382186088638e-08,7.435501236362624,-9.430382186088638e-08,-1.840105788038799e-11,0.3000000032408735,0.3,0.009000000194452528,5.311408391125797e-07,0.37499990569071306,True
24.900000000000002,7.4505012365246674,-9.430394459954612e-08,7.4505012365246674,-9.430394459954612e-08,-1.7302746887114126e-11,0.3000000032408735,0.3,0.00900000019445249,5.311394799367893e-07,0.37499990569091646,True
24.950000000000003,7.465501236686711,-9.430405772450123e-08,7.465501236686711,-9.430405772450123e-08,-1.625360678540404e-11,0.3000000032408735,0.3,0.009000000194452391,5.311381580070703e-07,0.37499990569111497,True
25.0,7.480501236848754,-9.430416179015501e-08,7.480501236848754,-9.430416179015501e-08,-1.5252324305640893e-11,0.3000000032408735,0.3,0.009000000194452474,5.311368740343364e-07,0.37499990569130826,True
25.05,7.495501237010798,-9.430425732714272e-08,7.495501237010798,-9.430425732714272e-08,-1.4297557076390314e-11,0.3000000032408735,0.3,0.009000000194452571,5.311356285386457e-07,0.37499990569149627,True
25.1,7.510501237172841,-9.43043448428903e-08,7.510501237172841,-9.43043448428903e-08,-1.3387940753424013e-11,0.3000000032408735,0.3,0.009000000194452368,5.311344218657833e-07,0.37499990569167896,True
25.150000000000002,7.525501237334884,-9.430442482219474e-08,7.525501237334884,-9.430442482219474e-08,-1.2522095537247486e-11,0.3000000032408735,0.3,0.00900000019445234,5.31133254202828e-07,0.37499990569185615,True
25.200000000000003,7.540501237496928,-9.430449772782212e-08,7.540501237496928,-9.430449772782212e-08,-1.1698632116767923e-11,0.3000000032408735,0.3,0.009000000194452499,5.311321255927438e-07,0.3749999056920278,True
25.25,7.555501237658971,-9.430456400111958e-08,7.555501237658971,-9.430456400111958e-08,-1.0916157074638462e-11,0.3000000032408735,0.3,0.009000000194452523,5.311310359480354e-07,0.3749999056921939,True
25.3,7.570501237821015,-9.430462406263806e-08,7.570501237821015,-9.430462406263806e-08,-1.0173277788391031e-11,0.3000000032408735,0.3,0.009000000194452499,5.311299850635224e-07,0.3749999056923545,True
25.35,7.585501237983058,-9.430467831276267e-08,7.585501237983058,-9.430467831276267e-08,-9.468606859808743e-12,0.3000000032408735,0.3,0.009000000194452485,5.311289726282695e-07,0.3749999056925095,True
25.400000000000002,7.600501238145101,-9.430472713234806e-08,7.600501238145101,-9.430472713234806e-08,-8.800766103320577e-12,0.3000000032408735,0.3,0.009000000194452552,5.311279982367159e-07,0.37499990569265906,True
25.450000000000003,7.615501238307145,-9.430477088335594e-08,7.615501238307145,-9.430477088335594e-08,-8.16839012277903e-12,0.3000000032408735,0.3,0.009000000194452342,5.31127061399049e-07,0.3749999056928031,True
25.5,7.630501238469188,-9.430480990949287e-08,7.630501238469188,-9.430480990949287e-08,-7.570129504414921e-12,0.3000000032408735,0.3,0.00900000019445239,5.311261615508559e-07,0.3749999056929417,True
25.55,7.6455012386312315,-9.430484453684597e-08,7.6455012386312315,-9.430484453684597e-08,-7.0046536523406616e-12,0.3000000032408735,0.3,0.00900000019445245,5.311252980620846e-07,0.37499990569307506,True
25.6,7.660501238793275,-9.430487507451482e-08,7.660501238793275,-9.430487507451482e-08,-6.470653291816261e-12,0.3000000032408735,0.3,0.009000000194452506,5.311244702453756e-07,0.37499990569320313,True
25.650000000000002,7.675501238955318,-9.430490181523772e-08,7.675501238955318,-9.430490181523772e-08,-5.966842663843308e-12,0.3000000032408735,0.3,0.009000000194452528,5.311236773637661e-07,0.374999905693326,True
25.700000000000003,7.690501239117362,-9.430492503601108e-08,7.690501239117362,-9.430492503601108e-08,-5.491961433517223e-12,0.3000000032408735,0.3,0.009000000194452507,5.311229186378257e-07,0.3749999056934439,True
25.75,7.705501239279405,-9.430494499870028e-08,7.705501239279405,-9.430494499870028e-08,-5.044776333490386e-12,0.3000000032408735,0.3,0.009000000194452405,5.31122193252241e-07,0.3749999056935567,True
25.8,7.7205012394414485,-9.430496195064112e-08,7.7205012394414485,-9.430496195064112e-08,-4.624082562523663e-12,0.3000000032408735,0.3,0.009000000194452384,5.311215003618922e-07,0.3749999056936647,True
25.85,7.735501239603492,-9.430497612523065e-08,7.735501239603492,-9.430497612523065e-08,-4.2287049580428435e-12,0.3000000032408735,0.3,0.009000000194452289,5.311208390974402e-07,0.37499990569376795,True
25.900000000000002,7.750501239765535,-9.430498774250652e-08,7.750501239765535,-9.430498774250652e-08,-3.857498960495269e-12,0.3000000032408735,0.3,0.00900000019445238,5.311202085704542e-07,0.37499990569386654,True
25.950000000000003,7.765501239927579,-9.430499700971409e-08,7.765501239927579,-9.430499700971409e-08,-3.5093513864461115e-12,0.3000000032408735,0.3,0.009000000194452436,5.311196078781175e-07,0.3749999056939607,True
26.0,7.780501240089622,-9.43050041218607e-08,7.780501240089622,-9.43050041218607e-08,-3.1831810261515e-12,0.3000000032408735,0.3,0.009000000194452509,5.31119036107527e-07,0.37499990569405045,True
26.05,7.7955012402516655,-9.430500926225629e-08,7.7955012402516655,-9.430500926225629e-08,-2.8779390803913924e-12,0.3000000032408735,0.3,0.009000000194452488,5.311184923396044e-07,0.374999905694136,True
26.1,7.810501240413709,-9.430501260304037e-08,7.810501240413709,-9.430501260304037e-08,-2.5926094507423004e-12,0.3000000032408735,0.3,0.009000000194452377,5.311179756526702e-07,0.37499990569421743,True
26.150000000000002,7.825501240575752,-9.430501430569442e-08,7.825501240575752,-9.430501430569442e-08,-2.3262088962284246e-12,0.3000000032408735,0.3,0.00900000019445231,5.31117485125671e-07,0.3749999056942948,True
26.200000000000003,7.840501240737796,-9.430501452153991e-08,7.840501240737796,-9.430501452153991e-08,-2.0777870685786766e-12,0.3000000032408735,0.3,0.009000000194452447,5.31117019841097e-07,0.37499990569436836,True
26.25,7.855501240899839,-9.430501339222135e-08,7.855501240899839,-9.430501339222135e-08,-1.846426437796915e-12,0.3000000032408735,0.3,0.00900000019445234,5.311165788876134e-07,0.3749999056944382,True
26.3,7.870501241061882,-9.430501105017454e-08,7.870501241061882,-9.430501105017454e-08,-1.6312421186901448e-12,0.3000000032408735,0.3,0.009000000194452467,5.311161613624182e-07,0.3749999056945045,True
26.35,7.885501241223926,-9.43050076190797e-08,7.885501241223926,-9.43050076190797e-08,-1.4313816083326667e-12,0.3000000032408735,0.3,0.009000000194452485,5.31115766373344e-07,0.3749999056945672,True
26.400000000000002,7.900501241385969,-9.430500321429962e-08,7.900501241385969,-9.430500321429962e-08,-1.2460244439254214e-12,0.3000000032408735,0.3,0.009000000194452287,5.311153930407283e-07,0.3749999056946267,True
26.450000000000003,7.915501241548013,-9.430499794330263e-08,7.915501241548013,-9.430499794330263e-08,-1.0743817897602956e-12,0.3000000032408735,0.3,0.009000000194452474,5.311150404990603e-07,0.374999905694683,True
26.5,7.930501241710056,-9.43049919060708e-08,7.930501241710056,-9.43049919060708e-08,-9.156959614003598e-13,0.3000000032408735,0.3,0.009000000194452443,5.311147078984291e-07,0.3749999056947361,True
26.55,7.945501241872099,-9.430498519549313e-08,7.945501241872099,-9.430498519549313e-08,-7.692398946154996e-13,0.3000000032408735,0.3,0.009000000194452532,5.311143944057759e-07,0.37499990569478636,True
26.6,7.960501242034143,-9.430497789774411e-08,7.960501242034143,-9.430497789774411e-08,-6.343165661119228e-13,0.3000000032408735,0.3,0.0090000001944524,5.31114099205979e-07,0.3749999056948337,True
26.650000000000002,7.975501242196186,-9.43049700926478e-08,7.975501242196186,-9.43049700926478e-08,-5.102583725511305e-13,0.3000000032408735,0.3,0.009000000194452497,5.311138215027713e-07,0.37499990569487834,True
26.700000000000003,7.99050124235823,-9.430496185402747e-08,7.99050124235823,-9.430496185402747e-08,-3.9642647381966985e-13,0.3000000032408735,0.3,0.00900000019445235,5.311135605195144e-07,0.3749999056949204,True
26.75,8.005501242520273,-9.430495325004134e-08,8.005501242520273,-9.430495325004134e-08,-2.9221010610117164e-13,0.3000000032408735,0.3,0.009000000194776196,7.598331547788142e-07,0.37499990569496,True
26.8,8.020501242682318,-9.37456227142136e-08,8.020501242682318,-9.37456227142136e-08,4.08244260238024e-09,0.3000000032409272,0.3,0.009000000229783967,5.948746012766927e-06,0.37499990504189185,True
26.85,8.03550124284451,-7.985611953087654e-08,8.03550124284451,-7.985611953087654e-08,1.0486969159688803e-07,0.3000000032467859,0.3,0.0090000001840605,1.040021118705184e-06,0.37499988899758274,True
26.900000000000002,8.050501243006803,-6.33065141347169e-08,8.050501243006803,-6.33065141347169e-08,2.1065828410689903e-07,0.3000000032450037,0.3,0.009000001352070056,1.9390018472299335e-05,0.37499987412797825,True
26.950000000000003,8.065501243173841,-1.2738299250690595e-08,8.065501243173841,-1.2738299250690595e-08,5.563730317280443e-07,0.3000000034369374,0.3,0.00900000338878919,3.4273460781493645e-05,0.3749998220189297,True
27.0,8.08050124335877,1.2592389649391603e-07,8.08050124335877,1.2592389649391603e-07,1.4953032980722091e-06,0.30000000396472287,0.3,0.009000007420634828,8.490444848546841e-05,0.37499942997116376,True
27.05,8.095501243586078,4.4021028208826016e-07,8.095501243586078,4.4021028208826016e-07,3.6036634282431597e-06,0.3000000051558824,0.3,0.009000014405760594,0.0001235800876149277,0.3749984895024914,True
27.1,8.110501243899524,1.0090352631577003e-06,8.110501243899524,1.0090352631577003e-06,7.306143172848694e-06,0.3000000074935757,0.3,0.009000024000300295,9.265090468208501e-05,0.3749968210435507,True
27.150000000000002,8.125501244366665,1.6557927687637382e-06,8.125501244366665,1.6557927687637382e-06,1.1146896879084966e-05,0.3000000113991297,0.3,0.009000035809776853,0.00010214834897909543,0.374995033586624,True
27.200000000000003,8.14050124507537,2.3049910449102534e-06,8.14050124507537,2.3049910449102534e-06,1.4605094988692373e-05,0.30000001722426034,0.3,0.009000055545956571,0.00023539211722671213,0.37499335730907535,True
27.25,8.155501246146757,3.355975672611629e-06,8.155501246146757,3.355975672611629e-06,2.0611218100367708e-05,0.30000002626440114,0.3,0.009000090615616864,0.00016410144350693148,0.37499052251910336,True
27.3,8.170501247802566,4.660447039613859e-06,8.170501247802566,4.660447039613859e-06,2.772320172380682e-05,0.30000004103040684,0.3,0.00900011453282654,0.00017008329249113,0.37498710581008543,True
27.35,8.185501250288322,5.905526452792375e-06,8.185501250288322,5.905526452792375e-06,3.366942573804735e-05,0.30000005961582515,0.3,0.00900016318231396,0.0003937630487410713,0.37498409472495675,True
27.400000000000002,8.200501253869703,7.801958053161693e-06,8.200501253869703,7.801958053161693e-06,4.3715101476976464e-05,0.3000000860841569,0.3,0.00900025004833368,0.0004909810424617221,0.3749792147762504,True
27.450000000000003,8.215501259063519,1.0653776363038484e-05,8.215501259063519,1.0653776363038484e-05,5.948879224908624e-05,0.30000012669464654,0.3,0.009000342238002636,0.00025165872295582057,0.37497167827353167,True
27.5,8.23050126663882,1.3403368874472929e-05,8.23050126663882,1.3403368874472929e-05,7.272592756237444e-05,0.3000001821894304,0.3,0.00900033850220954,0.00022671828074344717,0.37496499736122485,True
27.55,8.245501276977468,1.5683919226095607e-05,8.245501276977468,1.5683919226095607e-05,8.124598254747704e-05,0.30000023651250224,0.3,0.009000429782987233,0.0006182558526071924,0.3749601864365407,True
27.6,8.260501290294709,1.898653887281346e-05,8.260501290294709,1.898653887281346e-05,9.630978951360714e-05,0.3000003054326985,0.3,0.009000696513210987,0.00029870051140887054,0.3749524100334093,True
27.650000000000002,8.275501308073695,2.272609033861964e-05,8.275501308073695,2.272609033861964e-05,0.00011265848190038234,0.3000004179006276,0.3,0.009000651254324733,0.00025392761891985274,0.3749438151338536,True
27.700000000000003,8.29050133131234,2.5791407748027644e-05,8.29050133131234,2.5791407748027644e-05,0.00012250392591007923,0.3000005217439232,0.3,0.009000774927542992,0.0008017001716709739,0.3749378258642984,True
27.75,8.305501360032311,3.0230472681768635e-05,8.305501360032311,3.0230472681768635e-05,0.00014132791598852088,0.30000064506344354,0.3,0.00900125314285502,0.0003290285746526564,0.37492779638475815,True
27.8,8.320501396750378,3.518444493913076e-05,8.320501396750378,3.518444493913076e-05,0.00016149246710142588,0.3000008464612748,0.3,0.009001091870910168,0.0002487191875677366,0.3749168539225288,True
27.85,8.335501442961508,3.904641487827319e-05,8.335501442961508,3.904641487827319e-05,0.00017178631204407463,0.3000010191104479,0.3,0.009001229274316928,0.0009720280202364038,0.37490993489510416,True
27.900000000000002,8.350501497998305,4.4628053669313426e-05,8.350501497998305,4.4628053669313426e-05,0.0001935577228518697,0.3000012128281725,0.3,0.00900200895830167,0.0003119017574703797,0.3748978876445396,True
27.950000000000003,8.365501565739,5.0755335497420174e-05,8.365501565739,5.0755335497420174e-05,0.00021645696047199742,0.3000015339181173,0.3,0.009001535322969843,0.001056670236564029,0.3748849598760954,True
28.0,8.380501647306795,5.737418649921536e-05,8.380501647306795,5.737418649921536e-05,0.00024086709231388502,0.30000177326731153,0.3,0.009002552994085117,0.00024314866389671606,0.37487109191383505,True
28.05,8.395501744870213,6.42575367298897e-05,8.395501744870213,6.42575367298897e-05,0.00026404999721070895,0.300002179001535,0.3,0.00900185645715148,0.0011050582369158061,0.37485732397265986,True
28.1,8.410501859549047,7.153436555530424e-05,8.410501859549047,7.153436555530424e-05,0.0002880966654111879,0.3000024651876394,0.3,0.009003223366413012,0.00014718509605408098,0.3748429061134817,True
28.150000000000002,8.425501994012988,7.901415734012673e-05,8.425501994012988,7.901415734012673e-05,0.0003104303967449597,0.30000297520901764,0.3,0.009002209209862388,0.0011327358166727485,0.37482879403924685,True
28.200000000000003,8.440502149473485,8.681116350951594e-05,8.440502149473485,8.681116350951594e-05,0.00033325821677934855,0.30000331197178604,0.3,0.009003953097991634,1.841771941475632e-05,0.37481421808925397,True
28.25,8.455502328829738,9.472366725642407e-05,8.455502328829738,9.472366725642407e-05,0.0003537875427756026,0.3000039345832681,0.3,0.009002534316993098,0.001129186490874279,0.3748002092575827,True
28.3,8.470502533143346,0.00010283599499867856,8.470502533143346,0.00010283599499867856,0.00037425355799719344,0.3000043157144848,0.3,0.009005133967507734,0.0012800154317781866,0.3747860194549787,True
28.35,8.485502765755477,0.00011443969104106093,8.485502765755477,0.00011443969104106093,0.0004172394419211735,0.30000512416920805,0.3,0.00900476783773551,-0.0002680362449849499,0.3747616510788507,True
28.400000000000002,8.500503038078842,0.00012328478173475013,8.500503038078842,0.00012328478173475013,0.00043528459022127054,0.30000586386200634,0.3,0.00900315128728441,-0.0005818231728910317,0.374747447541094,True
28.450000000000003,8.515503342376979,0.00012770928718069109,8.515503342376979,0.00012770928718069109,0.0004200953641187171,0.30000632811219413,0.3,0.00900367835734001,-0.0006603995734320219,0.3747475334233529,True
28.5,8.530503672423118,0.00013091842539209467,8.530503672423118,0.00013091842539209467,0.00039790228917181854,0.3000068751501534,0.3,0.009004281111552954,-0.0007009661952077383,0.3747509144932316,True
28.55,8.54550403236743,0.00013349628737120649,8.54550403236743,0.00013349628737120649,0.00037358242091956197,0.30000751670326825,0.3,0.009004758479833189,-0.0007413851875961242,0.37475555845893554,True
28.6,8.560504426340602,0.0001355076751708095,8.560504426340602,0.0001355076751708095,0.00034781686950507724,0.3000082310375492,0.3,0.009005139929956529,-0.0007882888458453817,0.3747611982777049,True
28.650000000000002,8.575504857553296,0.0001369154164008551,8.575504857553296,0.0001369154164008551,0.000320492503329502,0.3000090015220845,0.3,0.00900546356520983,-0.0008422104859301759,0.37476790473145505,True
28.700000000000003,8.590505328548508,0.00013766252529811928,8.590505328548508,0.00013766252529811928,0.00029136828033744056,0.30000981801034277,0.3,0.009004597674866026,0.0011898956250604167,0.3747758064026332,True
28.75,8.605505835230952,0.00014280565659441344,8.605505835230952,0.00014280565659441344,0.00029755570969461765,0.300010482778286,0.3,0.009010200566507002,0.0014091316578347282,0.37476882583264287,True
28.8,8.620506396385613,0.00015372874733119904,8.620506396385613,0.00015372874733119904,0.00034393104128553414,0.3000120700929959,0.3,0.00900869531329346,-0.000983516003161747,0.37474413112845584,True
28.85,8.6355070316997,0.00016005192320096202,8.6355070316997,0.00016005192320096202,0.0003515095957175189,0.30001339198775384,0.3,0.00900443698216089,-0.001491733336571901,0.37473555745145803,True
28.900000000000002,8.650507717487573,0.0001591810032627982,8.650507717487573,0.0001591810032627982,0.0003073055033958927,0.3000139945439746,0.3,0.009003047866084298,0.0007713802393295528,0.37474955516595715,True
28.950000000000003,8.665508426246664,0.00016189334015496998,8.665508426246664,0.00016189334015496998,0.00029442766687800604,0.300014360738839,0.3,0.009010038462097832,-0.0014798490739621104,0.37475066706202376,True
29.0,8.680509182222202,0.00016464356842770764,8.680509182222202,0.00016464356842770764,0.0002817618920576281,0.3000158825827497,0.3,0.009003194150312872,0.0005917438870510717,0.37475167811259863,True
29.05,8.695509985694127,0.00016656355598631474,8.695509985694127,0.00016656355598631474,0.0002658894453204866,0.30001625424957257,0.3,0.009010966165697604,0.0007714987786301229,0.37475447169825876,True
29.1,8.710510838426398,0.00017393623012759533,8.710510838426398,0.00017393623012759533,0.0002902057004426393,0.3000179110984392,0.3,0.009010004240794196,0.0005828704686361898,0.37473987794176,True
29.150000000000002,8.725511769411808,0.0001816680536447539,8.725511769411808,0.0001816680536447539,0.00031436367704518664,0.30001939193857685,0.3,0.009008311163846181,-0.0024285367356628625,0.3747249721123431,True
29.200000000000003,8.740512769279594,0.000181919412554472,8.740512769279594,0.000181919412554472,0.0002813973993276148,0.30002057726997095,0.3,0.008999680550597697,-0.0002145544062335122,0.3747345105099792,True
29.25,8.755513792819938,0.00017945724678131703,8.755513792819938,0.00017945724678131703,0.00023419612191407683,0.3000203195395354,0.3,0.009009490123380585,-1.4546745757441677e-05,0.374750989933635,True
29.3,8.770514842868197,0.0001823883435554623,8.770514842868197,0.0001823883435554623,0.00023008743165479532,0.3000216911545071,0.3,0.00900892482908015,-0.0031276268792132193,0.37474927899861016,True
29.35,8.785515960242362,0.00017815135218769124,8.785515960242362,0.00017815135218769124,0.0001739765338271396,0.3000229553745308,0.3,0.009002788041012623,-0.0037250478891508575,0.37477017950926594,True
29.400000000000002,8.800517115583201,0.00016372016131481083,8.800517115583201,0.00016372016131481083,5.162790827689071e-05,0.30002318931376926,0.3,0.00899911467538809,-0.0008166771560116371,0.3748209465165238,True
29.450000000000003,8.815518265707363,0.00015305204660380774,8.815518265707363,0.00015305204660380774,-2.9467002317369056e-05,0.3000228117486846,0.3,0.009010230768267222,-0.0004987412801354882,0.3748381963079782,True
29.5,8.830519442955504,0.00014931741828492665,8.830519442955504,0.00014931741828492665,-5.2967967703577274e-05,0.3000242813895453,0.3,0.00900898048118393,-0.0006815047139924672,0.3748349512706648,True
29.55,8.845520688062003,0.00014558919314133274,8.845520688062003,0.00014558919314133274,-7.405602288007988e-05,0.3000255290634054,0.3,0.009006984124442528,-0.0009547512090137157,0.3748324165108518,True
29.6,8.860521986757064,0.00014041304410612754,8.860521986757064,0.00014041304410612754,-0.00010328461952044227,0.30002643325377215,0.3,0.009005482079260281,-0.0012378400199963319,0.3748289120906829,True
29.650000000000002,8.875523323851409,0.00013341340813977104,8.875523323851409,0.00013341340813977104,-0.00014244474436298776,0.3000270793532961,0.3,0.00900439469507558,-0.001514992091507739,0.37482428177108407,True
29.700000000000003,8.890524688029194,0.000124430864891477,8.890524688029194,0.000124430864891477,-0.00019160613695085293,0.30002753869597043,0.3,0.009003562999523988,-0.0017830805475713895,0.37481866440733924,True
29.75,8.905526070813806,0.00011335259559661117,8.905526070813806,0.00011335259559661117,-0.00025050102567596665,0.300027855542605,0.3,0.009002876353417818,-0.0020413446121363196,0.3748122525224784,True
29.8,8.920527465421527,0.0001000795870511562,8.920527465421527,0.0001000795870511562,-0.0003187922292070536,0.30002805536560956,0.3,0.009002233368829623,-0.0022869924189657873,0.3748052454742583,True
29.85,8.93552886586909,8.452664261647397e-05,8.93552886586909,8.452664261647397e-05,-0.0003960791370420652,0.30002814657014776,0.3,0.009003453424851643,-0.005748866212512105,0.37479784766167534,True
29.900000000000002,8.950530270081254,5.872485634688556e-05,8.950530270081254,5.872485634688556e-05,-0.000539551941269488,0.3000284391963433,0.3,0.008997727781734402,-0.006281391655698158,0.3747810464196393,True
29.950000000000003,8.96553165402422,2.0692594626937652e-05,8.96553165402422,2.0692594626937652e-05,-0.0007543322202575734,0.3000277793926839,0.3,0.00899804626837274,-0.006244777639750307,0.3747553063207703,True
30.0,8.980532996730206,-2.1821981824603796e-05,8.980532996730206,-2.1821981824603796e-05,-0.0009779650637550359,0.30002717897134473,0.3,0.00899862614714259,-0.006102223559906929,0.3746877822165139,True
30.05,8.99553430261869,-6.724979820856075e-05,8.99553430261869,-6.724979820856075e-05,-0.001198398992176624,0.30002668068962945,0.3,0.008998873524006667,-0.00594457412768328,0.37457691554630734,True
30.1,9.010535575421311,-0.00011523739080945151,9.010535575421311,-0.00011523739080945151,-0.0014134733558626392,0.30002622839033627,0.3,0.008998847944407298,-0.005787748581329946,0.37446508603144896,True
30.150000000000002,9.025536816217992,-0.0001656681030583533,9.025536816217992,-0.0001656681030583533,-0.001622933421265248,0.3000257763498685,0.3,0.008998630952514589,-0.005629751376211784,0.3743524855019412,True
30.200000000000003,9.040538024163434,-0.00021845692572848054,9.040538024163434,-0.00021845692572848054,-0.0018267729927495201,0.30002529282258816,0.3,0.008998310701174808,-0.0054703885389504985,0.3742392003658479,True
30.25,9.055539197250773,-0.0002735132191758382,9.055539197250773,-0.0002735132191758382,-0.0020249467725627817,0.3000247609976758,0.3,0.00899793650193057,-0.005310203217686076,0.3741253342758788,True
30.3,9.07054033288431,-0.0003307464981289137,9.07054033288431,-0.0003307464981289137,-0.002217415690670474,0.30002417240922463,0.3,0.00899753820996748,-0.005149714895037198,0.3740109888895802,True
30.35,9.085541428207272,-0.0003900683368790968,9.085541428207272,-0.0003900683368790968,-0.002404159646235417,0.30002352362663465,0.3,0.008997133156780943,-0.004989478428671784,0.37389625818484223,True
30.400000000000002,9.100542480295852,-0.00045139268110333856,9.100542480295852,-0.00045139268110333856,-0.0025851777192917955,0.3000228141276263,0.3,0.00899673260234577,-0.00483001179281746,0.3737812280877413,True
30.450000000000003,9.115543486274193,-0.0005146361355967472,9.115543486274193,-0.0005146361355967472,-0.002760488145122575,0.30002204526242293,0.3,0.008996332101334692,-0.004666227747965962,0.3736659761946928,True
30.5,9.130544443378202,-0.0005797044499318893,9.130544443378202,-0.0005797044499318893,-0.002930027594471112,0.3000212176306119,0.3,0.008995940361374999,-0.004493229449389283,0.3735506151656285,True
30.55,9.14554534902651,-0.0006464775522666292,9.14554534902651,-0.0006464775522666292,-0.0030935545125783523,0.3000203332698481,0.3,0.008995574873855022,-0.0043112746578256025,0.37343533635246534,True
30.6,9.160546200912476,-0.0007148199657970219,9.160546200912476,-0.0007148199657970219,-0.003250744538550179,0.3000193970982079,0.3,0.008995239398841455,-0.0041216465446399135,0.37332037106483473,True
30.650000000000002,9.175546997049166,-0.0007845951415601515,9.175546997049166,-0.0007845951415601515,-0.003401300828797139,0.3000184146083785,0.3,0.008994938680727161,-0.003925598472594859,0.37320594351232883,True
30.700000000000003,9.190547735787307,-0.0008556683979788656,9.190547735787307,-0.0008556683979788656,-0.003544971829410656,0.30001739202517763,0.3,0.00899467534295103,-0.003724417267394161,0.37309226259961925,True
30.75,9.205548415834114,-0.0009279076068005195,9.205548415834114,-0.0009279076068005195,-0.003681551340531171,0.3000163359465378,0.3,0.008994453049042155,-0.0035183027255947727,0.37297952122787503,True
30.8,9.220549036276998,-0.0010011813000731882,9.220549036276998,-0.0010011813000731882,-0.0038108597080284915,0.3000152535122792,0.3,0.008994272019463047,-0.0032985241254007737,0.3728679037707915,True
30.85,9.23554959668652,-0.001075334472942588,9.23554959668652,-0.001075334472942588,-0.003932564999798958,0.3000141518277335,0.3,0.008994145508749864,-0.0030624945681187537,0.37275766329804694,True
30.900000000000002,9.250550097217667,-0.0011501786881121419,9.250550097217667,-0.0011501786881121419,-0.004046133263128203,0.30001304012560764,0.3,0.008994078169607529,-0.0028116186088676565,0.37264914620987083,True
30.950000000000003,9.265550538598387,-0.0012255143812050062,9.265550538598387,-0.0012255143812050062,-0.0041510094508716,0.3000119283183225,0.3,0.008990659073253821,-0.0005440655571305671,0.3725427162808175,True
31.0,9.28055092864707,-0.0012962416381462195,9.28055092864707,-0.0012962416381462195,-0.004210929536651907,0.3000102605646272,0.3,0.00899464850904712,-0.00018599016492672083,0.3724542242293608,True
31.05,9.29555127615585,-0.001361244011449582,9.29555127615585,-0.001361244011449582,-0.0042239803895568855,0.3000092709983098,0.3,0.00899473903206149,-0.00017634779300738213,0.37238535266736933,True
31.1,9.310551577902025,-0.0014255107265456546,9.310551577902025,-0.0014255107265456546,-0.004230467257185636,0.3000083062906265,0.3,0.008994606851762102,-0.00020660014504083457,0.37231916279747107,True
31.150000000000002,9.325551830477607,-0.0014899240789665261,9.325551830477607,-0.0014899240789665261,-0.004237322000376608,0.30000732926194645,0.3,0.008994680149535613,-0.0002064046013703763,0.37225271723234143,True
31.200000000000003,9.340552033984729,-0.001554516249846222,9.340552033984729,-0.001554516249846222,-0.004244713246889691,0.3000063741105164,0.3,0.008994958333294707,-0.00016490762582729257,0.3721859337992781,True
31.25,9.355552191083696,-0.0016191171154716635,9.355552191083696,-0.0016191171154716635,-0.004251360246544756,0.30000547459610927,0.3,0.00899539349090514,-8.349281979275226e-05,0.3721193623221445,True
31.3,9.37055230610415,-0.0016835132216610645,9.37055230610415,-0.0016835132216610645,-0.004255813220272808,0.30000465619701955,0.3,0.008995953545621427,3.42790835052116e-05,0.37205364606235375,True
31.35,9.385552384553089,-0.001747481588711611,9.385552384553089,-0.001747481588711611,-0.004256710657442591,0.3000039388185485,0.3,0.008996622227529968,0.0001845911354147822,0.3719894116363425,True
31.400000000000002,9.400552432866087,-0.0018107971790282667,9.400552432866087,-0.0018107971790282667,-0.004252822747275257,0.3000033394698019,0.3,0.008997393444323118,0.0003638209645219133,0.3719272486771311,True
31.450000000000003,9.415552458288847,-0.0018732350451100054,9.415552458288847,-0.0018732350451100054,-0.004243052474091773,0.30000287398032316,0.3,0.008998263012246814,0.0005796269548214282,0.3718677073680805,True
31.5,9.430552468927804,-0.0019345442407699006,9.430552468927804,-0.0019345442407699006,-0.004226230776160693,0.3000025573283368,0.3,0.008999221766311068,0.0008394493509824236,0.37181138526770496,True
31.55,9.4455524737965,-0.001994418679462052,9.4455524737965,-0.001994418679462052,-0.004200919072240291,0.3000024028231496,0.3,0.00900026155519381,0.0011404842136632073,0.37175901500678704,True
31.6,9.460552482624935,-0.0020525186944918444,9.460552482624935,-0.0020525186944918444,-0.004165596009806619,0.30000242228985763,0.3,0.009001382325769858,0.001478205564954538,0.37171138737887616,True
31.650000000000002,9.475552505673908,-0.0021084999727335784,9.475552505673908,-0.0021084999727335784,-0.00411887105630776,0.3000026274270854,0.3,0.009002588108152526,0.0018480792707691407,0.3716692590996289,True
31.700000000000003,9.490552553695057,-0.0021620198999566594,9.490552553695057,-0.0021620198999566594,-0.0040595153758229245,0.30000303048538923,0.3,0.009003884455937746,0.0022458820892789,0.37163333732259757,True
31.75,9.505552637933246,-0.0022127392448692733,9.505552637933246,-0.0022127392448692733,-0.003986456417957987,0.30000364451441,0.3,0.009005275951545969,0.002669200563546813,0.3716042795732819,True
31.8,9.52055277014903,-0.002260319287690175,9.52055277014903,-0.002260319287690175,-0.0038987400564298525,0.3000044831938608,0.3,0.00900674518301465,0.003131313765655941,0.37158270785866687,True
31.85,9.535552962689382,-0.0023043806309894824,9.535552962689382,-0.0023043806309894824,-0.0037952181603214978,0.3000055571797898,0.3,0.009008261218618746,0.0036349626385002317,0.37156934251029083,True
31.900000000000002,9.550553228293385,-0.002344486280050648,9.550553228293385,-0.002344486280050648,-0.003674456574794224,0.30000687189259506,0.3,0.009009826508507757,0.004176116144930175,0.3715650464239817,True
31.950000000000003,9.565553579761131,-0.0023801806206209287,9.565553579761131,-0.0023801806206209287,-0.003535044100217898,0.3000084331050346,0.3,0.0090114554047018,0.004749660244570825,0.3715706945010515,True
32.0,9.580554029895922,-0.0024110095740352546,9.580554029895922,-0.0024110095740352546,-0.003375732697661653,0.3000102489124724,0.3,0.009013160483559962,0.005350690826208711,0.37158711194147065,True
32.050000000000004,9.595554591552734,-0.002436525273780037,9.595554591552734,-0.002436525273780037,-0.003195453066518091,0.30001232941529116,0.3,0.009014954780012215,0.0059746912721735925,0.3716150649625506,True
32.1,9.610555277696186,-0.0024562872641460953,9.610555277696186,-0.0024562872641460953,-0.0029933039739395936,0.3000146867749797,0.3,0.009016833059424743,0.00662356770398187,0.3716552627745384,True
32.15,9.625556101429474,-0.0024698483285401428,9.625556101429474,-0.0024698483285401428,-0.0027684306787086155,0.3000173321638608,0.3,0.009018733216275216,0.007311642117864828,0.37170840782288606,True
32.2,9.640557075773145,-0.0024767085366137133,9.640557075773145,-0.0024767085366137133,-0.0025196886271118667,0.3000202663436787,0.3,0.009020623840262275,0.008037692714129139,0.3717753415347028,True
32.25,9.655558213154633,-0.0024763174319623067,9.655558213154633,-0.0024763174319623067,-0.002245699271492991,0.3000234848595577,0.3,0.009022528846422921,0.008796702132688843,0.37185702564270673,True
32.300000000000004,9.670559525160739,-0.002468119202326605,9.670559525160739,-0.002468119202326605,-0.00194519529306421,0.30002698726683963,0.3,0.00902447825072114,0.009583207245176474,0.3719543946464341,True
32.35,9.685561022666842,-0.0024515650570966253,9.685561022666842,-0.0024515650570966253,-0.0016170963109303537,0.3000307781029242,0.3,0.009026494906029633,0.010392157700588406,0.37206832098537235,True
32.4,9.700562715995236,-0.002426116149449831,9.700562715995236,-0.002426116149449831,-0.0012605094679908602,0.3000348656497839,0.3,0.009028596210037546,0.01121862273965048,0.37219961194293993,True
32.45,9.71556461502976,-0.0023912450478729952,9.71556461502976,-0.0023912450478729952,-0.0008747199258922919,0.3000392609920222,0.3,0.009030732240355414,0.01207233393037684,0.37234901098819756,True
32.5,9.73056672905068,-0.0023464022375403056,9.73056672905068,-0.0023464022375403056,-0.0004589269573113232,0.3000439668248778,0.3,0.00903280539885604,0.012962595702610937,0.3725173096242945,True
32.550000000000004,9.745569066011353,-0.002290978699194441,9.745569066011353,-0.002290978699194441,-1.1989782578299211e-05,0.3000489696313463,0.3,0.009034812153940043,0.013885879753520828,0.3727054603443646,True
32.6,9.760571631930173,-0.00222433327446357,9.760571631930173,-0.00222433327446357,0.0004673357113602953,0.30005425544313025,0.3,0.009036911498344069,0.017284472276198216,0.37263688167448117,True
32.65,9.775574425446113,-0.002139840478917107,9.775574425446113,-0.002139840478917107,0.0010238403553537673,0.3000598367975074,0.3,0.009031331353780557,0.018601630058649923,0.3725561445042295,True
32.7,9.790577405069767,-0.0020351569201063225,9.790577405069767,-0.0020351569201063225,0.0016645620419153606,0.3000644372169991,0.3,0.009035269658656022,0.01952404989855874,0.3724706415546289,True
32.75,9.805580546825366,-0.0019152619032045443,9.805580546825366,-0.0019152619032045443,0.0023452879109325535,0.3000696449641721,0.3,0.009039472738565164,0.02038045936877579,0.3723885319991005,True
32.800000000000004,9.820583866594582,-0.001780716892482019,9.820583866594582,-0.001780716892482019,0.0030577934948195456,0.3000754979029743,0.3,0.00904295733185222,0.02124970552363288,0.37231170423565524,True
32.85,9.83558737612384,-0.0016311802129134903,9.83558737612384,-0.0016311802129134903,0.0038011324614596253,0.3000818704600916,0.3,0.009045826365994004,0.02214727162007143,0.3722407892015362,True
32.9,9.850591079283971,-0.0014660865185056769,9.850591079283971,-0.0014660865185056769,0.004576043019030797,0.30008865538075274,0.3,0.009048321593484409,0.023071477427983395,0.3721761422064047,True
32.95,9.86559497361418,-0.0012848241879914039,9.86559497361418,-0.0012848241879914039,0.005383509954646501,0.30009578656864044,0.3,0.009050624970753807,0.02401755919469807,0.3721180924605867,True
33.0,9.880599052159853,-0.001086782689754142,9.880599052159853,-0.001086782689754142,0.006224403109257721,0.30010322875995665,0.3,0.009052851984895256,0.024980379422838248,0.37206700296567075,True
33.050000000000004,9.895603304732635,-0.0008713630368759903,9.895603304732635,-0.0008713630368759903,0.0070994156622282084,0.3001109661935654,0.3,0.009055084729637368,0.02595554607015888,0.3720232783168088,True
33.1,9.910607718731184,-0.0006379795586194034,9.910607718731184,-0.0006379795586194034,0.008009070783630027,0.30011899687906546,0.3,0.009057295085908383,0.02694430692843825,0.3719873609033633,True
33.15,9.92561227923917,-0.0003860467606071103,9.92561227923917,-0.0003860467606071103,0.008953835688366683,0.3001273141824899,0.3,0.009059320363988625,0.02796007336708129,0.3719597102377314,True
33.2,9.94061696773726,-0.0001149361038566455,9.94061696773726,-0.0001149361038566455,0.009934439654757696,0.3001358845559044,0.3,0.00906114724675219,0.029001493458447436,0.3719407521187112,True
33.25,9.955621761115436,0.00017602263688926996,9.955621761115436,0.00017602263688926996,0.010951827585542357,0.3001446725766558,0.3,0.009062859226896324,0.03006358888851444,0.3715788459255524,True
33.300000000000004,9.97062663220335,0.00048749827607494464,9.97062663220335,0.00048749827607494464,0.01200683148817278,0.3001536570205924,0.3,0.009064537286082369,0.031141324095670064,0.37095556859539125,True
33.35,9.985631550527206,0.0008201471828968286,9.985631550527206,0.0008201471828968286,0.013100104669063233,0.3001628303043217,0.3,0.009066224651855886,0.03222956338290486,0.3702999586556153,True
33.4,10.000636482853551,0.0011746102076622938,10.000636850966046,0.0011745696871009726,0.014104748720394593,0.3001721920884428,0.3,0.00906795328130181,0.03332393067311013,0.3696488926311362,True
33.45,10.015641393521717,0.0015515115590906039,10.015646416075658,0.0015270387058698817,0.012273893048838013,0.3001817473363825,0.3,0.009069593053525683,0.0344323116923066,0.36983712199552143,True
33.5,10.03064624356205,0.0019514881847144333,10.030658043735116,0.0018575331726033539,0.01048203263841697,0.3001914793832957,0.3,0.009070974820754175,0.03556200464910725,0.3700362271423897,True
33.550000000000004,10.045650988754955,0.0023752203532565893,10.04567163360776,0.0021667243781068606,0.008729824373017368,0.3002013436793706,0.3,0.009072142775973272,0.0367098402484842,0.37024531379960474,True
33.6,10.060655579215535,0.0028234085809378585,10.06068708799952,0.0024553043402796883,0.007017998391327083,0.30021130344699337,0.3,0.009073196675393344,0.03787065383095794,0.3704634455034609,True
33.65,10.075659960407009,0.003296743284231572,10.07570431272779,0.002723955465061601,0.005347134833439452,0.30022133881776525,0.3,0.009074217475325289,0.039039916946538994,0.3706897400436031,True
33.7,10.090664073998477,0.003795899039799946,10.090723217734116,0.0029733448013788133,0.003717639784752716,0.3002314435464731,0.3,0.009075246846039687,0.04021283832989724,0.3709233825277569,True
33.75,10.10566785843115,0.004321532953898231,10.105743717388282,0.00320412239868353,0.0021297519386625427,0.3002416183604286,0.3,0.009076285451237398,0.04138673685696251,0.3711636252438149,True
33.800000000000004,10.120671249078494,0.004874286652923,10.12076573044377,0.003416923286944414,0.0005835755918478236,0.30025186408969556,0.3,0.009077075227714206,0.04257202058768592,0.3714097760571434,True
33.85,10.135674176275453,0.005454821639803653,10.13578917880361,0.0036124028665362605,-0.0009206439467873487,0.3002621387599876,0.3,0.009077579643355198,0.04377029704377911,0.37111421889397,True
33.9,10.150676563494713,0.006063832975239083,10.150813986417205,0.00379125064769351,-0.0023824521166514318,0.30027239475667233,0.3,0.009077878792780485,0.04497751315358262,0.3705015164977612,True
33.95,10.16567832816989,0.006702016269752055,10.165840079522754,0.003954157260991224,-0.003801436253576772,0.30028259822183995,0.3,0.009078079978023262,0.04618971257601141,0.3699177220722012,True
34.0,10.180679382849327,0.007370052890352486,10.180867387284021,0.004101799659755703,-0.005177330662764018,0.3002927334292955,0.3,0.00907826028072495,0.047401992188501926,0.36936221529616636,True
34.050000000000004,10.195679636129352,0.008068605740139416,10.195895842353668,0.0042348368850531675,-0.006510020634536582,0.3003027975923936,0.3,0.009051681151792746,0.04805370345634167,0.36883434940705245,True
34.1,10.210678929097337,0.008796947349816502,10.210925259141796,0.004352542067233998,-0.007809509019981093,0.3003083537582254,0.3,0.00892769384733126,0.04861790961523229,0.368331869087673,True
34.15,10.225676609631684,0.009553907605202368,10.22595493016543,0.004453770283638338,-0.009087316278673513,0.300293293115609,0.3,0.00897476320861854,0.04980398424995549,0.36785249509925316,True
34.2,10.240672242401603,0.0103410934692761,10.24098448479852,0.004540148116092001,-0.01033384627795618,0.30028618823703995,0.3,0.00901202972907893,0.05110633403647465,0.36739742837831724,True
34.25,10.255666022759367,0.011160852201022487,10.256014240333853,0.004614013131195752,-0.011535911675834565,0.3002853342257107,0.3,0.009034434264397559,0.052424537254955425,0.366968214327767,True
34.300000000000004,10.270658079295977,0.012014195694950961,10.271044403044868,0.004676368858883398,-0.012691155891414362,0.30028820418314933,0.3,0.009047090052574598,0.053735838995337265,0.36656452547857943,True
34.35,10.28564844122436,0.012901856089791768,10.286075075964721,0.0047279424473233005,-0.013799414811253656,0.3002931443331894,0.3,0.00905406976966871,0.055033443564698366,0.3661856627272227,True
34.4,10.300637070702232,0.01382449036749247,10.301106299364054,0.004769388592813077,-0.014861049054266664,0.30029919276349953,0.3,0.00905782651541271,0.05631401752964727,0.36583084521860376,True
34.45,10.315623889160936,0.014782722504101111,10.316138078637756,0.004801330952622117,-0.015876604837134267,0.30030580395213696,0.3,0.00905959329941333,0.05758050583924215,0.3654992693357468,True
34.5,10.330608792105783,0.01577716554183302,10.331170400087766,0.004824383772694043,-0.01684662311120182,0.30031264228669363,0.3,0.009060058618956042,0.05883519983035338,0.36519014345510725,True
34.550000000000004,10.345591656577724,0.016808436126333027,10.346203239242156,0.004839166217186119,-0.017771549171075103,0.30031948967450445,0.3,0.009059759632869509,0.060076179753510706,0.36490270023383176,True
34.6,10.360572346808615,0.017877144126087922,10.361236565826417,0.0048462918240145345,-0.018651841517863567,0.3003262192750539,0.3,0.009059055192088857,0.06130089409987632,0.36463617500490836,True
34.65,10.375550718678504,0.018983880644602703,10.376270347225924,0.0048463563591716,-0.0194880171711816,0.3003327650214405,0.3,0.00905815678231664,0.0625070448924738,0.36438980456873765,True
34.7,10.390526622369359,0.02012921593738939,10.391304550703193,0.0048399356237262235,-0.020280695437436644,0.30033909657674,0.3,0.009057185428267056,0.06369253998190685,0.3641628165131396,True
34.75,10.405499903924236,0.021313699313442975,10.40633914464399,0.004827585285312266,-0.021030552286874074,0.30034520397650805,0.3,0.009056187684467443,0.06485554899829829,0.36395444283781897,True
34.800000000000004,10.420470406111107,0.022537859140071656,10.421374099115045,0.004809840845982265,-0.021738371521274738,0.3003510850760748,0.3,0.009054955665411408,0.06599652884586536,0.3637639049313579,True
34.85,10.435437967587143,0.023802207972193967,10.43640938517333,0.004787222850378475,-0.02240492473310722,0.30035670327755065,0.3,0.009053543412258645,0.06711462713073489,0.3635904436868038,True
34.9,10.450402422240078,0.02510724469101226,10.451444974175836,0.004760239109079726,-0.023031020956853207,0.3003620313096968,0.3,0.009052038882599048,0.06820860966861017,0.3634333026374197,True
34.95,10.465363600190724,0.02645345014692963,10.466480838179077,0.00472938031002617,-0.023617484744646314,0.30036705675956177,0.3,0.00905050892697974,0.0692770219073669,0.36329173876920223,True
35.0,10.4803213287434,0.02784128511505081,10.481516950429683,0.004695117928018204,-0.024165196680002332,0.30037177842417495,0.3,0.009049024490819584,0.07031934118435504,0.3631650126729999,True
35.050000000000004,10.495275433065741,0.029271191326449033,10.496553285852608,0.004657905210531156,-0.024675087999106574,0.30037620687793587,0.3,0.009047583626415603,0.07133375518562857,0.36305238912016324,True
35.1,10.510225736748314,0.03074359015653822,10.511589821197745,0.004618175833733648,-0.02514810971384021,0.30038035226703347,0.3,0.009046141532047613,0.07231859906136832,0.3629531474526766,True
35.15,10.52517206208625,0.032258879056304236,10.526626534647928,0.00457634033800335,-0.02558528293475791,0.3003842172069999,0.3,0.009044544563943572,0.073268642800074,0.36286657033112985,True
35.2,10.540114230271492,0.033817422169609916,10.541663404644392,0.004532776797763506,-0.0259877677674534,0.3003877788079007,0.3,0.009042877869581457,0.07418330631866024,0.3627919328096407,True
35.25,10.555052061451297,0.03541955077983577,10.556700409503833,0.004487831292929264,-0.026356814148691718,0.3003910285283962,0.3,0.009041197020721413,0.0750622851139794,0.3627285162882531,True
35.300000000000004,10.569985374734499,0.037065574278200876,10.571737528193328,0.004441828841766604,-0.026693680891532706,0.3003939671280936,0.3,0.009039563002808334,0.0759064486423567,0.3626756213152649,True
35.35,10.584913988610499,0.03875578354716457,10.586774740823817,0.004395076734054623,-0.026999646846514902,0.30039660547264957,0.3,0.009037970774593522,0.07671603078145753,0.36263256092769414,True
35.4,10.5998377212273,0.04049045256094251,10.601812028849245,0.0043478660993297785,-0.027275934129167748,0.3003989534835325,0.3,0.009036463956430645,0.07749173322099186,0.36259868156709385,True
35.45,10.614756390741663,0.04226983823688248,10.616849375150142,0.00430047172435872,-0.027523770681567528,0.30040102821721415,0.3,0.009034934820540005,0.07822460284590584,0.36257334484434167,True
35.5,10.629669817426574,0.04409415823078611,10.63188676307636,0.004253129765256906,-0.02774454767416712,0.3004028286952516,0.3,0.009033380107445206,0.07890801628263201,0.36255590359789214,True
35.550000000000004,10.644577825841305,0.0459635699208615,10.646924175302972,0.004206016645846993,-0.02793988399010776,0.3004043534084681,0.3,0.009031847662328129,0.07954288031963373,0.3625457040530113,True
35.6,10.659480243699253,0.04787819062669276,10.661961594476782,0.0041592692820580125,-0.02811156853884131,0.30040560879717426,0.3,0.009030371495462026,0.08013100187142803,0.3625420824988167,True
35.65,10.67437690059231,0.04983811744345422,10.676999004033556,0.004113004924124781,-0.028261297156780482,0.3004066068776429,0.3,0.00902899438263448,0.08067605685762672,0.36254442259061087,True
35.7,10.689267627700772,0.05184343488610486,10.692036388667084,0.004067328768731982,-0.028390667513269977,0.30040736664017315,0.3,0.009027687815249402,0.08117940989233824,0.36255214917023465,True
35.75,10.704152257909636,0.053894215475133476,10.707073734342751,0.0040223345145368105,-0.028501216787974487,0.30040790215815116,0.3,0.009026454160554446,0.08164359505571944,0.3625647166045579,True
35.800000000000004,10.719030626006933,0.055990518100007304,10.72211102808238,0.0039781027048175505,-0.028594382533669707,0.30040822775732845,0.3,0.009025322541678123,0.0820710264976377,0.3625816218768215,True
35.85,10.733902568511123,0.05813239177487758,10.737148258144769,0.00393470446072745,-0.02867152847924066,0.3004083624503626,0.3,0.009024264876641114,0.08246349943607739,0.36260239324356647,True
35.9,10.748767923821829,0.060319875172619525,10.752185413960484,0.0038922009869422416,-0.028733957752973438,0.3004083204035061,0.3,0.009023285049184203,0.08282356627196422,0.3626265868158852,True
35.95,10.763626532040085,0.06255299804325799,10.767222486019246,0.003850644989964707,-0.02878285078390215,0.30040811628592495,0.3,0.009022387803322929,0.0831526884024819,0.36265380332359354,True
36.0,10.77847823502832,0.06483178165759139,10.782259465868016,0.003810081096817165,-0.028819360665284566,0.30040776540734865,0.3,0.00902158542268509,0.08345305509400391,0.36268365970144295,True
36.050000000000004,10.793322876541387,0.06715623893130622,10.79729634613618,0.003770545945848702,-0.02884454512821033,0.30040728496201735,0.3,0.009020826558283877,0.08372652245680186,0.3627158089276925,True
36.1,10.808160301869599,0.06952637642582885,10.812333120384379,0.0037320702069445467,-0.028859433972797166,0.30040668345739086,0.3,0.009020142020280253,0.08397442743932976,0.36274991820928915,True
36.15,10.822990357942793,0.07194219332762736,10.82736978294691,0.0036946775470851766,-0.028864925156951465,0.30040597442555994,0.3,0.009019530605654181,0.084198840689304,0.36278570047488296,True
36.2,10.837812893328962,0.07440368281752922,10.84240632905264,0.0036583859718156684,-0.028861929916258498,0.30040517106427755,0.3,0.00901896638494966,0.08440093524565441,0.36282287046099426,True
36.25,10.852627758085259,0.07691083264710895,10.857442754689242,0.0036232084074284284,-0.028851271407149937,0.3004042821397818,0.3,0.009018489942312646,0.08458231436255739,0.36286117384397754,True
36.300000000000004,10.867434803909115,0.07946362481462006,10.872479056617369,0.0035891523459244015,-0.028833707974761813,0.3004033230612325,0.3,0.009018047820852755,0.08474444783396468,0.3629003807624823,True
36.35,10.882233883905506,0.0820620370752907,10.887515232324583,0.003556221362334538,-0.028809957628783828,0.3004023002192306,0.3,0.00901765233207812,0.08488849913808366,0.362940277115003,True
36.4,10.897024852484444,0.08470604266469953,10.902551279813935,0.003524414850837869,-0.028780691063535226,0.30040122198237706,0.3,0.00901730525794395,0.08501572075200196,0.3629806668650082,True
36.45,10.911807565428099,0.08739561046968708,10.917587197636497,0.003493728173213139,-0.028746550441917817,0.30040009693139763,0.3,0.009017014593789513,0.08512735184705757,0.36302136637893473,True
36.5,10.926581879828808,0.090130705885849,10.932622984927127,0.0034641535047429143,-0.02870810331900958,0.3003989348874268,0.3,0.009016757808607837,0.08522494743654317,0.36306221709010345,True
36.550000000000004,10.941347653822323,0.0929112922165861,10.947658641356428,0.0034356812493363267,-0.02866588192137101,0.3003977418373135,0.3,0.009016542543815871,0.08530893483591301,0.3631030725613559,True
36.6,10.956104746726206,0.0957373294722933,10.96269416700844,0.0034082988256948716,-0.02862038283044069,0.3003965249754686,0.3,0.00901636216656923,0.08538045768713091,0.3631437997897722,True
36.65,10.97085301916087,0.09860877381241466,10.97772956234449,0.003381990089454448,-0.028572089265668787,0.3003952903246623,0.3,0.009016207827525312,0.08544069824367913,0.36318427324736896,True
36.7,10.985592332620348,0.10152557985774399,10.99276482818336,0.003356737677980807,-0.02852141283763482,0.30039404238012524,0.3,0.009016105991020323,0.0854905369277604,0.3632243896194043,True
36.75,11.000322549544599,0.10448770069552174,11.00779996575338,0.003332522994068118,-0.028468742960536086,0.3003927899810134,0.3,0.009016009938628807,0.0855304860391887,0.36326405332779865,True
36.800000000000004,11.015043533431104,0.10749508676895404,11.022834976555982,0.00330932508823152,-0.02841445889661079,0.30039153413086483,0.3,0.009015951264078122,0.08556197843801741,0.3633031741154763,True
36.85,11.029755148487958,0.11054768754867121,11.037869862333917,0.0032871223600305192,-0.028358860244686982,0.3003902810625656,0.3,0.009015904027148355,0.08558470136713343,0.3633416857347096,True
36.9,11.044457259907935,0.11364545014367267,11.052904625037707,0.003265891136889514,-0.028302300957270345,0.300389032645106,0.3,0.009015890141314199,0.08560062034258102,0.36337950805750907,True
36.95,11.059149733599988,0.11678832073739781,11.067939266835157,0.003245607129403215,-0.028245015867367024,0.300387794362878,0.3,0.009015884792973891,0.08560951601922605,0.3634165965063748,True
37.0,11.073832436007482,0.11997624545470473,11.082973790109543,0.0032262463117136314,-0.028187282926516538,0.30038656753066917,0.3,0.009015914502687331,0.08561250364604263,0.36345289358412997,True
37.050000000000004,11.088505234444588,0.12320916858197321,11.098008197402818,0.00320778310562582,-0.028129334160969684,0.3003853578482074,0.3,0.009015940068978767,0.08560965908503973,0.3634883568104521,True
37.1,11.103167996845576,0.12648703363027955,11.113042491381178,0.003190191468353045,-0.02807135038250025,0.30038416445745836,0.3,0.009015995134979696,0.08560178130500291,0.36352295918750116,True
37.15,11.117820591847362,0.1298097827947439,11.128076674786314,0.003173444342923418,-0.028013571179822946,0.30038299208814834,0.3,0.00901605799976552,0.08558953023282893,0.3635566574819279,True
37.2,11.132462888496823,0.13317735867361682,11.143110750523507,0.0031575153953789575,-0.02795613541100736,0.3003818418241107,0.3,0.009016129937935923,0.08557344796522141,0.363589437283353,True
37.25,11.147094756199381,0.13658970400391884,11.158144721560497,0.003142378764348788,-0.027899190141254027,0.3003807149497567,0.3,0.009016205692357648,0.085553544254042,0.3636212812966461,True
37.300000000000004,11.161716064952843,0.14004676039964897,11.173178590867439,0.003128007776118457,-0.027842902319645122,0.30037961186488693,0.3,0.00901630581861499,0.08553053193337068,0.36365216720060956,True
37.35,11.17632668530668,0.14354846888039136,11.1882123614884,0.0031143754655945997,-0.027787351392953186,0.30037853637415796,0.3,0.009016402934723092,0.08550450641346957,0.36368209863482676,True
37.4,11.190926488232998,0.14709477032607654,11.203246036518891,0.0031014550451901137,-0.027732691686832928,0.30037748770343164,0.3,0.00901651406921054,0.08547633263001694,0.363711057088294,True
37.45,11.205515344962032,0.15068560599241188,11.218279619072028,0.003089220441482578,-0.02767898577151892,0.30037646791021233,0.3,0.0090166203333021,0.08544588510775065,0.36373905025513575,True
37.5,11.220093127006356,0.15432091729820208,11.23331311225968,0.003077646080350997,-0.027626327638757275,0.3003754758990878,0.3,0.009016745657988797,0.08541373521308565,0.363766076108604,True
37.550000000000004,11.2346597063053,0.15800064523377821,11.248346519192589,0.0030667062756978224,-0.027574788363701058,0.3003745145541594,0.3,0.009016866322647116,0.08538002207602761,0.36379213945637023,True
37.6,11.249214955037715,0.16172473117599262,11.263379843000036,0.0030563760630736257,-0.027524441156987683,0.30037358279708704,0.3,0.009016978402147,0.08534491093107702,0.36381724375633906,True
37.65,11.263758745689078,0.16549311603444897,11.278413086688479,0.003046630354058153,-0.027475294173859497,0.3003726789093522,0.3,0.009017101243169618,0.08530865697311138,0.3638414116797345,True
37.7,11.27829095102962,0.16930574062879244,11.293446253213979,0.0030374443061764013,-0.02742743742906173,0.300371804397918,0.3,0.009017231021362057,0.0852714432478617,0.36386464162968524,True
37.75,11.292811444132882,0.17316254586644592,11.308479345548736,0.003028793488255214,-0.027380878551456964,0.3003709601205252,0.3,0.009017368274570491,0.0852344076746891,0.36388695577386054,True
37.800000000000004,11.307320097817783,0.17706347495849373,11.323512366727403,0.0030206561625914356,-0.027335661050623187,0.30037014701556586,0.3,0.009017492847617986,0.08519622867200474,0.3639083630569414,True
37.85,11.321816785305217,0.18100847022543076,11.338545319674619,0.0030130100275762117,-0.02729180193856509,0.30036936266965025,0.3,0.009017621042988548,0.08515777649563953,0.36392888076363983,True
37.9,11.336301380435497,0.18499747219437507,11.353578207163505,0.0030058312893369173,-0.02724929653796443,0.3003686073969581,0.3,0.009017750724441912,0.08511955133471115,0.3639485340367386,True
37.95,11.35077375663539,0.18903042403937664,11.368611031998025,0.0029990992162490003,-0.02720814537009114,0.30036788115427765,0.3,0.009017875751897398,0.0850809809140459,0.36396734343188497,True
38.0,11.365233787633388,0.19310726844999068,11.38364379689036,0.002992792928538825,-0.02716838005859218,0.30036718288058906,0.3,0.009017995802519881,0.08504295349337848,0.363985320525215,True
38.050000000000004,11.379681347227544,0.19722794843751493,11.398676504457036,0.002986892236790192,-0.02712999676366001,0.30036651147190724,0.3,0.009018130635750252,0.08500476860926068,0.36400248661111634,True
38.1,11.394116309379376,0.20139240726000782,11.4137091572975,0.0029813775432577273,-0.02709298826914719,0.30036586911205587,0.3,0.009018258106052324,0.08496734138963326,0.3640188633841235,True
38.15,11.408538548202666,0.20560058839364562,11.428741757983097,0.0029762298159693233,-0.027057313700181943,0.30036525429059757,0.3,0.009018375436160533,0.08492999905341463,0.3640344818530567,True
38.2,11.422947937786958,0.2098524357646554,11.443774308961242,0.0029714308599392996,-0.027022957651837487,0.30036466505157594,0.3,0.00901848968734007,0.08489324408813899,0.3640493647154651,True
38.25,11.437344352490728,0.2141478926973397,11.458806812545095,0.0029669622254536697,-0.0269899673952409,0.3003641006295274,0.3,0.009018615313830263,0.08485701840459511,0.3640635165280283,True
38.300000000000004,11.451727666616954,0.2184869034570484,11.473839271046549,0.0029628067791140473,-0.026958263010820327,0.30036356266363573,0.3,0.009018725712009552,0.08482170450208587,0.36407697786436843,True
38.35,11.466097754407079,0.2228694130142396,11.488871686719847,0.002958948478370098,-0.026927848168967816,0.30036304836494204,0.3,0.009018839920600373,0.0847866962822685,0.36408976367340606,True
38.400000000000006,11.48045449032783,0.22729536585667068,11.503904061698885,0.0029553711513598795,-0.02689867096207149,0.3003625581295612,0.3,0.009018945154343127,0.08475259635692053,0.3641019053478249,True
38.45,11.494797748993028,0.2317647063755255,11.51893639803507,0.002952058889098928,-0.02687076895949253,0.3003620902294183,0.3,0.009019063293334784,0.08471917404996036,0.3641134077543017,True
38.5,11.50912740491331,0.23627737986758177,11.533968697764276,0.0029489970762101468,-0.026844053844360727,0.300361646582143,0.3,0.009019155632970134,0.0846868251831505,0.3641243114183645,True
38.550000000000004,11.523443332547304,0.24083333204584564,11.54900096282465,0.0029461719080225495,-0.02681849395386704,0.30036122266768,0.3,0.009019266038811619,0.08465524560713768,0.3641346394263757,True
38.6,11.53774540633641,0.2454325089668373,11.564033195078425,0.0029435703108053497,-0.02679411559359607,0.30036082128545455,0.3,0.009019362640261803,0.08462449795991946,0.36414439711842594,True
38.650000000000006,11.5520335009883,0.2500748562215441,11.579065396339999,0.0029411790845614958,-0.026770830194441875,0.3003604399217405,0.3,0.009019448089074325,0.0845946134128939,0.3641536236822729,True
38.7,11.566307491137756,0.2547603196583633,11.594097568277382,0.002938985695387046,-0.026748666736290005,0.3003600765276084,0.3,0.009019541724086602,0.08456568505860795,0.36416232313460717,True
38.75,11.580567251399156,0.25948884550222057,11.609129712508626,0.002936978372861242,-0.02672753276411194,0.30035973228159923,0.3,0.009019629885711094,0.08453761663507377,0.36417053437641755,True
38.800000000000004,11.59481265646071,0.26426038009744346,11.624161830619407,0.0029351458358998464,-0.02670742528696496,0.3003594060852748,0.3,0.009019725902816763,0.08451051283921379,0.3641782695581206,True
38.85,11.609043581075406,0.26907486991665447,11.63919392416354,0.002933477303499801,-0.02668828155830444,0.3003590990615346,0.3,0.00901980990354499,0.08448448290893897,0.36418555787227563,True
38.900000000000006,11.623259899872787,0.2739322620524585,11.654225994651073,0.0029319630203557432,-0.026670124404307494,0.3003588090266404,0.3,0.009019881481678791,0.08445914150193246,0.3641924023659553,True
38.95,11.637461487614553,0.2788325030928603,11.669258043435466,0.0029305931102683743,-0.02665286242078363,0.30035853375124405,0.3,0.009019958275312722,0.08443488237562462,0.3641988397411317,True
39.0,11.651648219090488,0.28377553969853486,11.684290071803282,0.002929358156858182,-0.02663649346753794,0.3003582739532219,0.3,0.00902003574789581,0.0844113654764046,0.3642048800363106,True
39.050000000000004,11.665819969109203,0.28876131879424455,11.69932208103507,0.002928249387213895,-0.026620984635129182,0.3003580295909798,0.3,0.009020100327008363,0.08438856901064365,0.3642105416797185,True
39.1,11.679976612754054,0.29378978652174137,11.714354072302811,0.0029272575989385376,-0.026606309521496285,0.30035779837255455,0.3,0.009020171641126907,0.0843667908479241,0.3642158416192741,True
39.150000000000006,11.694118024945352,0.2988608896748987,11.729386046737048,0.002926374659562337,-0.026592436775941086,0.3003575812839065,0.3,0.00902023105321411,0.08434597698863987,0.36422079718623557,True
39.2,11.708244080423826,0.30397457571946973,11.744418005433012,0.002925593530532957,-0.026579330676414492,0.3003573762104989,0.3,0.0090203026701142,0.08432567771071185,0.36422542590174967,True
39.25,11.722354654336128,0.309130791086869,11.759449949427454,0.0029249064635194643,-0.026566964544031013,0.3003571850566215,0.3,0.009020352549220416,0.0843065048517271,0.3642297433423883,True
39.300000000000004,11.736449621735842,0.3143294825520354,11.7744818796977,0.00292430646606868,-0.026555278997255738,0.30035700407871774,0.3,0.009020417018493553,0.08428836745830838,0.36423377392996625,True
39.35,11.750528857253085,0.31957059819981515,11.789513797200968,0.0029237883226727593,-0.026544294719200334,0.30035683559497606,0.3,0.009020475134584746,0.08427115406374582,0.3642375168047205,True
39.400000000000006,11.764592235690026,0.3248540858321305,11.804545702894579,0.0029233468939012237,-0.02653391681174327,0.30035667842734864,0.3,0.009020520734864456,0.0842539398410685,0.3642410049631162,True
39.45,11.778639632614436,0.33017989094065653,11.819577597568959,0.0029229750101077033,-0.026524188204421817,0.3003565303875431,0.3,0.009020568497039952,0.08423776491142988,0.3642442329690211,True
39.5,11.792670923596887,0.33554795906693125,11.834609481950631,0.0029226659501866647,-0.02651503055780785,0.30035639174314627,0.3,0.009020623274016084,0.08422222817502568,0.36424723054003827,True
39.550000000000004,11.806685983778772,0.34095823723810875,11.849641356824216,0.0029224149366955526,-0.026506443462714857,0.3003562635638613,0.3,0.009020663764942335,0.08420751928880031,0.36425000257165663,True
39.6,11.820684688478396,0.3464106720066025,11.86467322291055,0.0029222170878985005,-0.026498400510263528,0.30035614337630623,0.3,0.009020702343336955,0.08419392814573311,0.36425256169687925,True
39.650000000000006,11.834666912580511,0.35190521103061384,11.879705080876423,0.0029220691125828526,-0.026490866698469506,0.3003560307837027,0.3,0.009020751925192026,0.08418065093217551,0.36425492148122596,True
39.7,11.848632531410445,0.3574418009418651,11.89473693138062,0.0029219670060284223,-0.026483816243393965,0.30035592753515017,0.3,0.009020781546384693,0.08416782348937266,0.36425709349768554,True
39.75,11.862581420890393,0.3630203867453615,11.909768774983265,0.0029219054346148405,-0.026477235359368467,0.30035583022738477,0.3,0.009020828357186933,0.08415592120006725,0.36425908712580835,True
39.800000000000004,11.87651345651456,0.3686409146928022,11.924800612253899,0.0029218807849567844,-0.02647109929272079,0.3003557416518656,0.3,0.009020857061131685,0.08414449522160244,0.36426091324511567,True
39.85,11.890428513773285,0.37430333111478115,11.939832443746967,0.002921889921784054,-0.026465382815090144,0.3003556587188497,0.3,0.009020997941839411,0.0841329974556337,0.3642625823965394,True
39.900000000000006,11.904326469438082,0.38000758014716546,11.954864270329617,0.002921927596071778,-0.026460078515066432,0.300355599974974,0.3,0.009021371340111597,0.08411849151026375,0.3642641020040563,True
39.95,11.91820720484428,0.3857535981780396,11.969896094048762,0.00292198005240074,-0.026455241240480987,0.3003556037388474,0.3,0.009021930621092057,0.08410132934615802,0.36426546971946394,True
40.0,11.932070605885038,0.39154131501336337,11.984927918447383,0.0029220260882722227,-0.02645097188461093,0.30035570021365554,0.3,0.009022595665612938,0.08408262543102357,0.3642666771230907,True
40.050000000000004,11.945916559113366,0.3973706626310019,11.99995974826997,0.0029220466115015835,-0.02644734478486721,0.30035590601513035,0.3,0.009023343820507672,0.08406163558909087,0.3642677214813894,True
40.1,11.95974495212084,0.40324157293877716,12.014991588962115,0.0029220224093480054,-0.02644442748572523,0.300356233836787,0.3,0.009024113940544243,0.08403852803259049,0.364268602175723,True
40.150000000000006,11.973555674092976,0.4091539754215604,12.030023446248608,0.0029219317552939337,-0.026442297794728564,0.3003566861056588,0.3,0.009024943951028834,0.08401429942479234,0.36426931808816776,True
40.2,11.987348614177025,0.41510780102471223,12.045055326141803,0.0029217546154248343,-0.026441012555788734,0.30035727151394387,0.3,0.009025884618208684,0.08398860425079281,0.3642698725630837,True
40.25,12.00112366211783,0.42110298148450925,12.060087235281042,0.002921471773940332,-0.026440616797367585,0.3003580070860689,0.3,0.009026952167179006,0.08396239057254787,0.364270271595865,True
40.300000000000004,12.014880708513278,0.42713944938249665,12.075119181200119,0.002921064768659538,-0.02644117435318777,0.3003589123675445,0.3,0.009028137393669684,0.08393565326780955,0.36427051490751866,True
40.35,12.028619644389106,0.4332171391937177,12.090151172374934,0.0029205170064181734,-0.026442672341830398,0.300360005182764,0.3,0.009029362461212812,0.08390879055092365,0.36427062287329226,True
40.400000000000006,12.04234036128304,0.43933598604537555,12.105183217820294,0.002919812579905211,-0.026445120517481546,0.30036129027051617,0.3,0.009030641506012703,0.08388137944571812,0.3642706085373178,True
40.45,12.056042751328775,0.4454959247942665,12.120215326796515,0.002918935382652863,-0.0264485588240978,0.3003627746666377,0.3,0.009031969469488187,0.0838542667056825,0.36427047627982595,True
40.5,12.069726706889101,0.45169689098855753,12.135247508870531,0.002917870131294886,-0.02645295993065161,0.3003644644979559,0.3,0.009033320188642417,0.08382734930946407,0.3642702494096518,True
40.550000000000004,12.083392120022765,0.4579388217464182,12.150279773809558,0.0029166033804010534,-0.02645834272401915,0.3003663614914862,0.3,0.009034721568144437,0.08380338462358161,0.3642699358289322,True
40.6,12.097038880559664,0.46422166017245675,12.165312131714717,0.002915128334557315,-0.02646464860618325,0.30036847198457545,0.3,0.00903617021744104,0.08378186187409645,0.36426955953887885,True
40.650000000000006,12.110666876112422,0.47054535533693465,12.180344593122477,0.0029134448182722037,-0.026471748792524785,0.30037080168912084,0.3,0.009037668392651205,0.08376360531660805,0.36426915852683817,True
40.7,12.12427599376176,0.4769098581697127,12.195377168883802,0.0029115548356720366,-0.026479568417841215,0.30037335663421105,0.3,0.009039189696862685,0.08374826236328356,0.36426875277033033,True
40.75,12.137866119696408,0.4833151219515285,12.210409870081374,0.0029094631638381723,-0.026487994309999596,0.3003761384112819,0.3,0.009040725465986332,0.08373537227805827,0.3642683707201785,True
40.800000000000004,12.151437140321757,0.4897610993703222,12.225442707804213,0.0029071742152851016,-0.02649689808404815,0.3003791471590446,0.3,0.009042311943011923,0.08372533683329436,0.36426804565767334,True
40.85,12.164988941706627,0.49624774405856215,12.240475693309548,0.0029046936635705933,-0.02650624178775962,0.3003823890251211,0.3,0.009043864465693703,0.08371867604716253,0.36426778305307306,True
40.900000000000006,12.178521408367551,0.5027750127543452,12.255508837889572,0.0029020309161019585,-0.026515881522938767,0.3003858560558469,0.3,0.009045431669484724,0.08371828805369559,0.36426761574645516,True
40.95,12.192034420436913,0.5093428710369916,12.270542152898539,0.002899205510610805,-0.02652561206957449,0.30038954844218496,0.3,0.009046946506195266,0.08372349761773194,0.36426758444975615,True
41.0,12.205527854219106,0.5159512915913795,12.285575649637853,0.002896245311955175,-0.02653530756229655,0.3003934552541775,0.3,0.009048467140650007,0.08373408214339874,0.3642676982498888,True
41.050000000000004,12.21900158516591,0.5226002474277338,12.300609339136113,0.0028931791182391503,-0.026544679490638823,0.3003975753164454,0.3,0.009049987136374463,0.08375065313477988,0.36426801304884,True
41.1,12.232455486816272,0.5292897146558346,12.315643232454022,0.0028900396230830882,-0.026553581382331104,0.3004019063978422,0.3,0.00905152313678669,0.08377118821844953,0.36426853915259516,True
41.150000000000006,12.245889432599057,0.5360196686377193,12.330677340624032,0.0028868591706459968,-0.026561802683470193,0.3004064490494233,0.3,0.009053063535493977,0.08379550798207828,0.36426930602877144,True
41.2,12.25930329696266,0.5427900816846113,12.345711674611199,0.002883667194106515,-0.026569231964768514,0.30041120189191445,0.3,0.009054518329883316,0.08382630357606344,0.3642703169547473,True
41.25,12.27269695023412,0.549600932959364,12.36074624519436,0.002880501376854019,-0.0265756531800434,0.30041614863410687,0.3,0.009055883110928675,0.08386539167164812,0.3642715976702323,True
41.300000000000004,12.286070255640102,0.5564522135093947,12.375781062743304,0.002877413496047616,-0.026580829113753812,0.3004212724158492,0.3,0.009057168632787703,0.08391082244404725,0.36427316603553184,True
41.35,12.299423073649203,0.5633439169352755,12.390816136991756,0.002874459148982505,-0.02658446547669996,0.3004265583283093,0.3,0.009058435274284665,0.08396262224330553,0.36427505284595973,True
41.400000000000006,12.312755264304595,0.5702760352045275,12.405851477225042,0.002871692976861563,-0.026586391998011497,0.3004320016240411,0.3,0.00905967162509471,0.08401995936665924,0.36427725344486245,True
41.45,12.326066686370513,0.577248560910307,12.420887092561506,0.0028691710729994956,-0.026586333695072236,0.30043759571058926,0.3,0.009060894618856664,0.08408241088417528,0.364279792464843,True
41.5,12.339357197969672,0.5842614860174702,12.435922991950221,0.002866949583876475,-0.026584127551438685,0.30044333686929364,0.3,0.009062067133895294,0.08414942030158729,0.3642826616165997,True
41.550000000000004,12.352626656353824,0.5913148021566083,12.450959184107361,0.0028650850842538156,-0.026579628186414572,0.3004492152623981,0.3,0.0090630763001535,0.08422325895582977,0.36428584700711014,True
41.6,12.365874914506096,0.5984085059965318,12.465995677072804,0.0028636409266447425,-0.026572570197067432,0.30045520243230894,0.3,0.009063943871959136,0.0843040559353997,0.364289363203361,True
41.650000000000006,12.379101819655252,0.6055426011551772,12.481032477914638,0.0028626896443060047,-0.026562734732626547,0.30046127381257365,0.3,0.009064723604390885,0.08439106648204259,0.36429320192846515,True
41.7,12.392307216630359,0.6127170920760471,12.49606959288049,0.0028623059892226377,-0.026549884372463587,0.3004674139959622,0.3,0.009065419788591563,0.08448223361876432,0.3642973581425522,True
41.75,12.405490950643745,0.6199319791220678,12.511107027507965,0.002862561311078365,-0.026533861936360762,0.3004736084403629,0.3,0.009066097439731326,0.08457919619650361,0.36430180665620493,True
41.800000000000004,12.418652865311559,0.6271872631608113,12.526144787060147,0.002863528545287637,-0.0265144284179486,0.30047985353032824,0.3,0.009066708101044077,0.08467964027826805,0.36430654472215257,True
41.85,12.431792802899297,0.6344829452165291,12.541182876593876,0.0028652818001629905,-0.02649150600468436,0.30048613765059357,0.3,0.009067239122751853,0.0847830009479361,0.3643115211030712,True
41.900000000000006,12.444910606877244,0.6418190210609064,12.556221300558427,0.0028678903987971217,-0.02646486007757043,0.300492447203855,0.3,0.009067523081621943,0.08489221480852009,0.36431673538911585,True
41.95,12.458006115586262,0.6491954917364515,12.571260062383796,0.0028714311731109212,-0.02643445210786871,0.3004987409637189,0.3,0.009067622247670645,0.08500570549746692,0.3643221220996351,True
42.0,12.471079162512533,0.6566123619237982,12.586299164023828,0.002875986930401637,-0.026400040671413105,0.30050498844121176,0.3,0.009067640226411452,0.0851218792278364,0.3643276693542814,True
42.050000000000004,12.484129582145702,0.6640696303761968,12.601338606373178,0.002881635270444381,-0.026361501089029904,0.3005111766326499,0.3,0.009067567233441324,0.08524145519946154,0.36433333621420805,True
42.1,12.497157208126168,0.6715672943518237,12.616378389798218,0.0028884533741621293,-0.026318724519051095,0.3005172910413986,0.3,0.009067443778078062,0.0853627886748949,0.3643390775186037,True
42.150000000000006,12.51016187345288,0.6791053495386644,12.631418514271413,0.0028965178493789313,-0.026271618848395573,0.3005233240332059,0.3,0.00906727954130215,0.08548631665583645,0.36434484377750087,True
42.2,12.5231434112436,0.6866837891433317,12.646458979557561,0.002905903573466019,-0.02622017332505056,0.3005292696554034,0.3,0.009066861327147152,0.08561119738316024,0.3643505633517342,True
42.25,12.536101653150313,0.6943026050756,12.661499784421647,0.002916685528395417,-0.026164205891281326,0.3005350866594326,0.3,0.009066247227602712,0.08573621730103262,0.3643562148054896,True
42.300000000000004,12.549036430920635,0.7019617838648953,12.676540925888425,0.002928934513893938,-0.026103810196217103,0.3005407438416236,0.3,0.009065478369806796,0.08586178637063069,0.36436169994098994,True
42.35,12.561947575619302,0.7096613090567697,12.691582399738444,0.0029427196372770062,-0.026038915796783746,0.3005462171297325,0.3,0.009064592662365386,0.08598838090689098,0.36436697044258404,True
42.400000000000006,12.574834915943217,0.7174011649375389,12.706624200956188,0.0029581123990294195,-0.025969496152696947,0.30055148897812756,0.3,0.00906362617940907,0.08611451089382285,0.36437196271958905,True
42.45,12.587698280668766,0.7251813328152379,12.72166632393196,0.0029751822622099953,-0.025895543089123563,0.30055654799852083,0.3,0.00906261851399334,0.08623913068237404,0.3643766098345411,True
42.5,12.600537501053497,0.7330017875505506,12.736708762674738,0.0029939924558465207,-0.025817094076366343,0.30056138948215305,0.3,0.009061541063610654,0.08636238867907522,0.3643808376876557,True
42.550000000000004,12.613352409269988,0.740862500553278,12.751751510948612,0.003014603360289879,-0.025734202789784444,0.3005660040240277,0.3,0.00906018493841294,0.0864835961149568,0.3643845702751226,True
42.6,12.626142837238643,0.7487634399203629,12.766794561306657,0.0030370732476334527,-0.02564693290258446,0.3005703476718597,0.3,0.009058646175111035,0.08659964502726882,0.36438773077055686,True
42.650000000000006,12.638908620453787,0.7567045630869966,12.781837904424624,0.003061450044435363,-0.025555416688385568,0.30057439283783977,0.3,0.00905697829759563,0.086712724477883,0.3643902325492519,True
42.7,12.651649595703141,0.7646858222461896,12.796881529886406,0.003087777169277751,-0.025459803190550523,0.3005781210854136,0.3,0.009055205814689654,0.08682183738966917,0.3643919885696845,True
42.75,12.664365598643313,0.77270716920486,12.811925426652124,0.003116098954676646,-0.025360220227638286,0.3005815182263538,0.3,0.00905343264632094,0.08692736601071038,0.36439291711008315,True
42.800000000000004,12.677056466518644,0.7807685518683333,12.826969583481754,0.003146456235430526,-0.025256806743973126,0.3005845874475048,0.3,0.009051610486281064,0.08702878696915456,0.3643929366778037,True
42.85,12.689722037822934,0.7888699153483951,12.842013989191251,0.00317888747173757,-0.025149704250145625,0.30058732389321047,0.3,0.009049624094921426,0.08712453937930645,0.36439196739922053,True
42.900000000000006,12.702362154307558,0.7970111974200349,12.85705863184553,0.0032134238446448788,-0.02503903227425863,0.30058970364561177,0.3,0.009047465366597295,0.08721175431437451,0.36438994313526235,True
42.95,12.714976664017723,0.8051923228070551,12.872103498089743,0.0032500828240693853,-0.024925109430379733,0.3005917016811951,0.3,0.009045135412298795,0.08729114331068108,0.36438675296613104,True
43.0,12.72756541921834,0.8134132069058643,12.887148573234985,0.0032888724456005916,-0.02480823377804031,0.3005932934102448,0.3,0.009042751964371435,0.0873619877463798,0.36438230143063144,True
43.050000000000004,12.740128274288615,0.8216737603958265,12.902193841881378,0.003329796342302383,-0.024688703681951866,0.30059447401235,0.3,0.009040351179591117,0.08742516787542699,0.3643764973656186,True
43.1,12.752665086164313,0.8299738898595153,12.917239288559845,0.0033728540302943033,-0.02456675503849748,0.300595244711254,0.3,0.00903791607861702,0.0874816881127908,0.3643692720646521,True
43.150000000000006,12.765175712090276,0.8383135016043506,12.932284897910032,0.0034180453371322403,-0.024442649502181557,0.30059560390277956,0.3,0.009035442471256186,0.08753137065891711,0.3643605489278645,True
43.2,12.777660010652271,0.8466924998469116,12.947330654529942,0.003465368317290084,-0.024316753117965658,0.30059554930388754,0.3,0.009032837027132673,0.08756956807236993,0.3643502224357112,True
43.25,12.790117848885464,0.8551107748665897,12.962376542227185,0.003514805456109978,-0.024189220735234,0.30059506317691387,0.3,0.009030112349958002,0.08759399297050008,0.3643382646830339,True
43.300000000000004,12.80254910593341,0.8635681971362974,12.977422543518124,0.003566316770488856,-0.024060630030665612,0.3005941300511534,0.3,0.009027339151241482,0.08760587006916444,0.3643245459519566,True
43.35,12.814953666672572,0.872064628439047,12.992468640282622,0.0036198526035452388,-0.023931458673681072,0.3005927463365145,0.3,0.009024541335934028,0.087605743699798,0.36430897555424935,True
43.400000000000006,12.827331418328555,0.880599928029725,13.007514814312362,0.0036753606259268246,-0.023802033351259966,0.30059091244291086,0.3,0.009021775917506194,0.08759496142954652,0.3642915098216807,True
43.45,12.839682250375764,0.8891739534461653,13.022561047645777,0.003732786557088954,-0.02367288511262955,0.3005886382308964,0.3,0.009018996120946608,0.08757494678339295,0.3642720469410191,True
43.5,12.852006053061052,0.8977865628407048,13.037607322653987,0.003792076914015724,-0.023544316325347592,0.30058592570571885,0.3,0.00901620728397348,0.08754363878243811,0.36425055149199115,True
43.550000000000004,12.864302721463421,0.9064376085159063,13.052653621669343,0.0038531713773929995,-0.02341670037772525,0.30058277773770353,0.3,0.009013339562268612,0.08749434934921597,0.3642269739906956,True
43.6,12.87657216673192,0.9151269198312704,13.067699926225105,0.003915982341375477,-0.023290567885030814,0.3005791855858354,0.3,0.009010457089124591,0.08742736886992715,0.36420124598887627,True
43.650000000000006,12.888814314718804,0.9238543059172558,13.082746217095561,0.0039803979254076395,-0.023166564426816638,0.3005751512316062,0.3,0.009007578051204428,0.08734405662746071,0.36417328947606764,True
43.7,12.90102909603306,0.9326195715607929,13.097792475054483,0.0040463006868550234,-0.023045305858578117,0.30057067965256257,0.3,0.009004746397265758,0.08724675116259259,0.36414304070327996,True
43.75,12.913216443137287,0.9414225220110088,13.112838681232052,0.004113573207959257,-0.022927281846265357,0.3005657830646661,0.3,0.009001955820897087,0.08713594109561074,0.3641104729667476,True
43.800000000000004,12.925376291037468,0.9502629621987794,13.127884817214007,0.004182097043254118,-0.022813109896188677,0.3005604725160788,0.3,0.008999195015500559,0.08701450329866611,0.3640755229695893,True
43.85,12.937508576107314,0.9591406982827823,13.142930864980878,0.004251754643896872,-0.022703108466665456,0.30055475706959056,0.3,0.008996482233198818,0.08687466479317511,0.3640382144322862,True
43.900000000000006,12.94961324705856,0.9680555219004459,13.157976806473009,0.004322410152870126,-0.02259786262822439,0.30054864872425857,0.3,0.008993764695813334,0.08671267265651006,0.3639985109610938,True
43.95,12.96169027570888,0.9770071950228095,13.173022623003865,0.004393890814970239,-0.022498045164521255,0.3005421506068485,0.3,0.008991111648927888,0.0865300552205832,0.3639563872388022,True
44.0,12.973739645834291,0.9859954667738968,13.188068295756992,0.004466007125327741,-0.022404487840161913,0.30053527729602847,0.3,0.00898852434164259,0.08632723941117731,0.3639117879130386,True
44.050000000000004,12.985761347672538,0.9950200820330335,13.203113806266023,0.004538562998006751,-0.022317867817916448,0.30052804343204004,0.3,0.008985997045380884,0.0861092655241864,0.36386470965986495,True
44.1,12.997755372654456,1.0040807888558279,13.218159136551497,0.004611364841598314,-0.02223888299384036,0.30052046255894416,0.3,0.008983541544413632,0.08587719739003452,0.363815140549228,True
44.150000000000006,13.009721711320141,1.0131773412700236,13.23320426917678,0.004684225020944423,-0.022168002144743792,0.30051255003978533,0.3,0.008981188528844854,0.08563093235323561,0.36376313008443095,True
44.2,13.021660360012435,1.02230949012689,13.248249187130574,0.004756950497295869,-0.0221057957048737,0.3005043261737082,0.3,0.008978869875502867,0.08536101204167688,0.3637087032759099,True
44.25,13.033571335947247,1.031476962267788,13.263293873062825,0.004829317101159686,-0.022052826759799582,0.30049579976009694,0.3,0.008976646631911505,0.0850663926016771,0.3636519184364475,True
44.300000000000004,13.045454680915695,1.0406794561636634,13.27833830908936,0.0049010638070662044,-0.022010085149370306,0.3004869896341829,0.3,0.00897453976565378,0.08474746237074075,0.36359274521019413,True
44.35,13.05731044876657,1.0499166602643832,13.29338247756764,0.004971914894358846,-0.021978393283196954,0.30047791792038553,0.3,0.008972545328221206,0.08440811199113733,0.3635312172078318,True
44.400000000000006,13.069138698346409,1.059188262870027,13.30842636136872,0.005041592046151767,-0.0219585559266815,0.3004686058675945,0.3,0.008970613130438464,0.08405267913541142,0.36346737585909794,True
44.45,13.080939486576677,1.0684939609610655,13.323469943833262,0.005109825537005463,-0.02195122974249908,0.3004590661896015,0.3,0.008968784450360038,0.0836823038730461,0.363401297616479,True
44.5,13.092712870971564,1.0778334564910164,13.338513208579744,0.005176349730214712,-0.02195691311570236,0.3004493183186241,0.3,0.008967054500723732,0.08329445889398036,0.36333310146358977,True
44.550000000000004,13.104458919133275,1.0872064439304865,13.35355613925997,0.005240887389537906,-0.021976307819111307,0.300439380699137,0.3,0.00896543920913035,0.08287859761099046,0.3632628582172493,True
44.6,13.116177726724748,1.0966125869850962,13.36859871890189,0.005303120246575137,-0.022010171169269954,0.30042927423298244,0.3,0.008963959284997948,0.08243558692764796,0.3631906634656076,True
44.650000000000006,13.127869415495779,1.106051522311079,13.38364093007848,0.005362693118771045,-0.022059433815043383,0.3004190230478996,0.3,0.008962587696758072,0.08196822168743578,0.36311659881499325,True
44.7,13.13953411451587,1.1155228845356566,13.398682755482678,0.005419245144279749,-0.022125079424383576,0.3004086465482851,0.3,0.008961342351629275,0.0814809583831571,0.3630407360688973,True
44.75,13.151171953994476,1.1250263141544519,13.413724178028318,0.005472419774139301,-0.022207901471604674,0.30039816691470533,0.3,0.008960170400804423,0.08097740737864198,0.3629631987994355,True
44.800000000000004,13.162783062506902,1.1345614606208931,13.428765180722468,0.005521868883814521,-0.022308488672618254,0.3003875973424371,0.3,0.00895912120930017,0.08045783761021927,0.3628841625291467,True
44.85,13.17436757188282,1.1441279758023593,13.44380574640519,0.005567244580097408,-0.0224274789961737,0.30037695908164463,0.3,0.008958174906623182,0.07991676742451587,0.3628037882161863,True
44.900000000000006,13.18592563063233,1.1537254970971547,13.45884585732097,0.005608177605552069,-0.022565484387644386,0.30036626987548043,0.3,0.008957384521503362,0.07934627915900636,0.362722266007539,True
44.95,13.197457417938185,1.1633536304515362,13.473885494671546,0.005644255312069733,-0.022723416408480523,0.3003555560843003,0.3,0.008956716682473276,0.07874742742408497,0.3626397415136131,True
45.0,13.208963136457514,1.173011960337919,13.4889246388577,0.005675033915006861,-0.022902368880640678,0.30034483827166325,0.3,0.008956161275205906,0.07812508224553973,0.362556338114681,True
45.050000000000004,13.220442993368962,1.1827000735623519,13.503963269875586,0.005700068886519015,-0.023103269279190264,0.30033413511896073,0.3,0.008955684640036246,0.07748445809708075,0.36247222911860266,True
45.1,13.231897192493662,1.19241756857524,13.519001367322685,0.005718927118449166,-0.02332674459020201,0.3003234595395469,0.3,0.008955319095226151,0.0768289792268392,0.3623876650431925,True
45.150000000000006,13.243325934592926,1.2021640547122916,13.534038910301867,0.0057311861171850855,-0.02357350494178756,0.30031282967767925,0.3,0.008955034201292315,0.07615895226907037,0.3623028616239272,True
45.2,13.254729423451716,1.2119391444249277,13.54907587713058,0.005736424113912899,-0.023844014447201967,0.3003022584489919,0.3,0.008954899284082454,0.07546070941912249,0.36221810648892194,True
45.25,13.266107892144985,1.2217424214972685,13.564112244435762,0.005734178816161397,-0.024138976498657816,0.3002917701372068,0.3,0.008954883081687761,0.07473266102715018,0.36213365775622647,True
45.300000000000004,13.277461609548798,1.2315734341533269,13.57914798693323,0.005723937922018316,-0.024459546471672478,0.30028138359993484,0.3,0.008954962189663676,0.07397957201086035,0.3620496910816421,True
45.35,13.288790853544606,1.241431727786344,13.594183078062825,0.0057051813844825995,-0.02480658397575186,0.30027111362579023,0.3,0.008955134343246806,0.07320522579325049,0.36196647721687436,True
45.400000000000006,13.300095901529508,1.2513168561251726,13.60921749012716,0.005677396036264213,-0.025180973816837704,0.30026097448064265,0.3,0.00895536437919643,0.07241376602368688,0.3618842730672269,True
45.45,13.311377029692288,1.2612283815533702,13.624251194064037,0.00564007627846717,-0.02558339881143357,0.30025097445710874,0.3,0.008955680616590255,0.07160983152698733,0.3618033877673136,True
45.5,13.322634510077933,1.2711658782419846,13.639284159452508,0.005592728346265458,-0.02601432452662744,0.30024112646166673,0.3,0.008956080280992035,0.07079019833625518,0.3617241828728705,True
45.550000000000004,13.333868620629486,1.2811289201326255,13.654316354145934,0.00553485463239127,-0.0264743101735333,0.30023144281231634,0.3,0.008956617762364278,0.06993954143175965,0.3616469967240613,True
45.6,13.34507967734791,1.2911170435660373,13.66934774306503,0.00546590437783421,-0.026964127884751776,0.30022194472433844,0.3,0.00895720463268601,0.06906277519717897,0.3615721587942463,True
45.650000000000006,13.356268025531406,1.3011297581384076,13.684378288206481,0.005385287598880207,-0.027484795624006852,0.30021263853742736,0.3,0.008957864040088193,0.06816249112152332,0.36149996620307323,True
45.7,13.367434011745155,1.3111665793402671,13.699407949358005,0.005292418085493574,-0.02803719658671333,0.30020353436711206,0.3,0.008958570679989022,0.06724533121484916,0.3614307525019384,True
45.75,13.378577979714278,1.3212270330291758,13.714436684155993,0.0051867194533154175,-0.028622048321523264,0.30019463803198476,0.3,0.00895932813774805,0.06631497283303243,0.3613648906716228,True
45.800000000000004,13.389700266456021,1.3313106593868325,13.72946444807829,0.005067630653974748,-0.02923988337197303,0.3001859558874689,0.3,0.008960134910062175,0.0653749054707651,0.361302793260994,True
45.85,13.400801205511584,1.3414170088165533,13.744491194249072,0.004934600749870723,-0.029891105818383168,0.3001774939765956,0.3,0.008961028077374011,0.06441403039395938,0.36124490099230216,True
45.900000000000006,13.411881149570675,1.3515456161287966,13.759516872483381,0.004787054590694296,-0.03057613669377979,0.30016926443167613,0.3,0.008961978440351735,0.06342631059840477,0.3611916744403141,True
45.95,13.422940488310772,1.3616959806800197,13.77454142830722,0.004624366124493375,-0.03129594213544751,0.30016127442213464,0.3,0.00896295042473935,0.062415169159156327,0.3611434660328695,True
46.0,13.433979627637266,1.3718675900621644,13.789564803401717,0.004445889886777715,-0.032051356091746364,0.3001535251467309,0.3,0.008963947337174294,0.06138528050775966,0.36110068720113125,True
46.050000000000004,13.444998972063082,1.3820599398078113,13.804586936141224,0.004250987423492102,-0.03284312699912861,0.30014601834083726,0.3,0.008964963853597394,0.060342339244187665,0.3610637682732454,True
46.1,13.455998919307401,1.3922725391134445,13.819607761759116,0.00403903515160817,-0.03367181758676196,0.3001387548398151,0.3,0.008966002331088057,0.0592913703368377,0.36103317993153666,True
46.150000000000006,13.466979857584304,1.402504913431552,13.834627212419432,0.0038094280963009335,-0.034537739082067476,0.3001317358617764,0.3,0.008967083235785088,0.058232080605827984,0.3610094486550396,True
46.2,13.477942173401972,1.4127565955358816,13.849645216878235,0.0035615680367522802,-0.035441177643930066,0.30012496600689836,0.3,0.008968212427721724,0.057151312289676945,0.3609931022487709,True
46.25,13.488886280928895,1.423027093060977,13.864661698943447,0.0032948197607589715,-0.03638266014036106,0.3001184508015398,0.3,0.008969324757754797,0.056048151788748495,0.36098463591951735,True
46.300000000000004,13.499812626238182,1.4333158838908775,13.87967657672166,0.0030085048219942014,-0.03736290559733868,0.3001121849131571,0.3,0.008970427310536832,0.054925879840535985,0.3609845328825736,True
46.35,13.510721661977442,1.4436224439840795,13.894689763494261,0.0027019391663836863,-0.038382709858402864,0.3001061642373349,0.3,0.00897151859645357,0.05379193533306507,0.3609932605811089,True
46.400000000000006,13.521613832806594,1.4539462631745543,13.909701168438849,0.00237445461662795,-0.039442557768878624,0.3001003844636311,0.3,0.008972615196029885,0.05264999755778721,0.3610113624841091,True
46.45,13.532489572382502,1.4642868481388933,13.924710696835138,0.00202540310230161,-0.040542794928358994,0.30009484407429504,0.3,0.008973721632522698,0.05150397136583076,0.3610394035765828,True
46.5,13.543349307290846,1.4746437178398777,13.939713498899453,0.0016703422103099426,-0.039138095797693784,0.3000895423169361,0.3,0.008974833340758069,0.05035092740714685,0.3618043353918642,True
46.550000000000004,13.554193466499715,1.4850163930109292,13.954716066108048,0.0013369526499484386,-0.03731851112105622,0.3000844776897113,0.3,0.008975942806475058,0.04917879584793938,0.36266905385592246,True
46.6,13.565022508168312,1.4954043671675854,13.969718761617868,0.0010250708212942946,-0.0355405370639984,0.3000796474597141,0.3,0.008977003036215398,0.04799119912321573,0.363500549001127,True
46.650000000000006,13.575836912003984,1.5058071148191505,13.984721553055193,0.000733985941994225,-0.033804785785323976,0.30007504112815175,0.3,0.008978029525474503,0.046793226779818904,0.3642993207189317,True
46.7,13.586637151095703,1.5162241215033503,13.999724411164683,0.00046299970786737557,-0.032111713741633456,0.3000706508705385,0.3,0.008979037514789803,0.04558831894342788,0.36506590238653225,True
46.75,13.597423690461827,1.5266548851905162,14.014727309775392,0.00021142831269408774,-0.030461624985662402,0.30006647146778825,0.3,0.008980031937515155,0.04438176419878979,0.3658008580800174,True
46.800000000000004,13.608196985145161,1.5370989180921448,14.029730225732612,-2.13949259350962e-05,-0.028854667651797897,0.30006249857097506,0.3,0.008981020341092,0.043177131053074295,0.3664619913079116,True
46.85,13.618957478144793,1.5475557485787719,14.04473313879161,-0.00023611674807203807,-0.027290831705654828,0.3000587291261759,0.3,0.008981996559130647,0.041965231831116,0.3667060587855564,True
46.900000000000006,13.6297056231308,1.5580248969198445,14.059736030524848,-0.0004333971676335873,-0.025770207728261774,0.3000551590873305,0.3,0.008982922788116965,0.040742910996674965,0.36695520243469215,True
46.95,13.640441897504205,1.5685058613294018,14.074738883689573,-0.0006139285743748817,-0.024293107078301013,0.30005177817953604,0.3,0.008983789889368678,0.03951296970243847,0.36720861114585407,True
47.0,13.651166783993995,1.578998137152365,14.089741682781693,-0.0007784091542643568,-0.022859847594912,0.3000485747146889,0.3,0.008984613073593103,0.03827943486763619,0.36746546678539327,True
47.050000000000004,13.661880758165465,1.589501229850222,14.104744414385122,-0.0009275248742822852,-0.021470625243403152,0.3000455396435445,0.3,0.008985408011058531,0.03704676220269961,0.36772499998051317,True
47.1,13.672584284233714,1.6000146592773332,14.119747067235265,-0.0010619434983126287,-0.020125484570692964,0.30004266660566126,0.3,0.008986186958311432,0.03581820213920897,0.3679865049178099,True
47.150000000000006,13.683277814712698,1.6105379599041794,14.13474963212873,-0.0011823141811194838,-0.01882433260626304,0.3000399513365185,0.3,0.008986954257283356,0.03459627116441274,0.3682493357836433,True
47.2,13.693961792260918,1.6210706787128324,14.149752101740294,-0.0012892702615814476,-0.017566973534609898,0.30003739033412685,0.3,0.008987691723159824,0.03337205542856731,0.36851289385501096,True
47.25,13.704636669196574,1.6316123547014958,14.16475446992973,-0.0013834575544605108,-0.01635332603205819,0.30003497711569044,0.3,0.008988364300659425,0.03214596266603158,0.3687765351759929,True
47.300000000000004,13.715302912840569,1.6421625130613229,14.179756731402259,-0.0014655422460907082,-0.015183460925625614,0.30003269944953487,0.3,0.008988984857703122,0.030921184881566154,0.3690395514407152,True
47.35,13.725960985834691,1.6527206853413554,14.194758882050179,-0.0015361827184687017,-0.014057384913350512,0.30003054735970347,0.3,0.008989571962480486,0.029700958172198488,0.3693012618920383,True
47.400000000000006,13.736611340470963,1.663286415273308,14.20976091906185,-0.0015960214207497798,-0.01297499004256819,0.30002851404881525,0.3,0.008990139540129243,0.028490343733904716,0.36956103641104154,True
47.45,13.747254414274027,1.6738592632545768,14.224762840967927,-0.001645678575554531,-0.011936020333864539,0.30002659509644547,0.3,0.008990694472740188,0.027290519357886393,0.36981831174045193,True
47.5,13.757890631789516,1.684438804380252,14.239764647514367,-0.0016857548351258162,-0.010940108559937656,0.30002478726747867,0.3,0.008991229027047964,0.026101012994146876,0.370072578035223,True
47.550000000000004,13.768520413023625,1.6950246196032939,14.254766339379392,-0.0017168434996923496,-0.00998687508044882,0.3000230860765587,0.3,0.008991731125346621,0.02491923635534836,0.3703233374593259,True
47.6,13.779144179750451,1.705616289065564,14.269767917917791,-0.0017395396931176015,-0.009075995098122958,0.30002148508006277,0.3,0.008992188893065805,0.023745989233865308,0.37057007509003304,True
47.650000000000006,13.789762353935954,1.71621339349148,14.284769385031948,-0.0017544382629991113,-0.008207175935586508,0.30001997592927276,0.3,0.008992612142427114,0.022583710371367458,0.37081226768339287,True
47.7,13.80037534918598,1.7268155227735575,14.299770743195579,-0.001762121662621251,-0.007380067254243006,0.30001855198578203,0.3,0.008993012640183947,0.02143523822918977,0.37104942233134025,True
47.75,13.810983566523134,1.7374222802293495,14.314771995477638,-0.0017631539546314468,-0.006594224646662594,0.30001720862860587,0.3,0.008993401539011915,0.02030331432821107,0.3712810932465748,True
47.800000000000004,13.82158739283249,1.7480332841371748,14.329773145529193,-0.001758078626080829,-0.0058491042308767005,0.300015943132269,0.3,0.008993779226402205,0.019189419212789653,0.37150688556793343,True
47.85,13.832187202105969,1.758648166377756,14.344774197502835,-0.001747420428829933,-0.005144086899138589,0.3000147528626866,0.3,0.00899414535181195,0.018094170640398113,0.3717264463483324,True
47.900000000000006,13.842783358313316,1.7692665693925977,14.359775155931997,-0.0017316895603910537,-0.004478516237927832,0.3000136351538615,0.3,0.008994493085152287,0.01701862735281266,0.3719394491304666,True
47.95,13.853376215712274,1.7798881457157987,14.374776025619239,-0.001711382214309712,-0.0038517060555676164,0.30001258623365806,0.3,0.008994817953804624,0.015962375129589475,0.37214559114206425,True
48.0,13.863966120202091,1.7905125564436664,14.389776811511165,-0.0016869826193922632,-0.003262958802276228,0.3000116016257618,0.3,0.008995126321358918,0.014928486605999979,0.3723445857666491,True
48.050000000000004,13.87455340578635,1.8011394747174372,14.404777518659927,-0.0016589580758813538,-0.0027115296069905037,0.30001067795371933,0.3,0.008995423482156982,0.0139177425912734,0.3725361781419546,True
48.1,13.88513839177689,1.8117685885034491,14.419778152211968,-0.0016277550124638896,-0.0021966049352195594,0.3000098127526736,0.3,0.008995707071438085,0.012930558017369162,0.3727201554133717,True
48.150000000000006,13.895721386758698,1.822399596530973,14.434778717339256,-0.001593804662252776,-0.0017173500318036215,0.3000090031901366,0.3,0.00899598428037875,0.01196962508761676,0.3728963269596677,True
48.2,13.906302685065892,1.8330322117825566,14.44977921921545,-0.001557518102885096,-0.0012728747900994097,0.30000824765436634,0.3,0.008996258022177045,0.011039527071821533,0.3730645394496662,True
48.25,13.916882558840062,1.8436661694303742,14.464779663012164,-0.0015192750290760658,-0.0008621593327452493,0.30000754503277577,0.3,0.00899651600060946,0.010144929372034693,0.37322471013823794,True
48.300000000000004,13.927461253048918,1.854301231669338,14.479780053794137,-0.0014794168127453676,-0.000484018786682694,0.30000689218469495,0.3,0.008996951887527182,0.009358284017638184,0.37337684425535916,True
48.35,13.93803886686421,1.864937307341428,14.49478039722793,-0.0014380780373622632,-0.00013589171521422028,0.3000063181184901,0.3,0.00899717494669676,0.00849066774326471,0.3735215632775032,True
48.400000000000006,13.948615668810952,1.8755741352805038,14.509780698517053,-0.0013956332511356,0.00018270403010045566,0.30000578675571915,0.3,0.008997249125875816,0.007653335901323403,0.3735501057385241,True
48.45,13.959192067529232,1.8862113121848783,14.524780961436328,-0.0013526565835997283,0.00047086404758844846,0.3000052729817826,0.3,0.008997424162243967,0.006867004023473071,0.37350751065649335,True
48.5,13.969768245834038,1.8968486602199928,14.539781189507448,-0.001309403052494888,0.0007300397177961715,0.3000047933474185,0.3,0.008997659049380996,0.00613288471709076,0.373473808480452,True
48.550000000000004,13.980344332208128,1.907486056457072,14.554781386657671,-0.0012660504326219785,0.0009620737928111023,0.30000435743833676,0.3,0.008997912261085907,0.005448935180148749,0.3734482715441115,True
48.6,13.990920436991193,1.9181233961900166,14.569781556870549,-0.0012227507843160063,0.0011687941353983877,0.3000039678583254,0.3,0.008998154960024015,0.0048126008012503,0.3734302028164791,True
48.650000000000006,14.00149665906489,1.92876058586468,14.5847817039132,-0.001179640180239836,0.0013519464781748258,0.30000362240299483,0.3,0.008998376910080584,0.00422142999491082,0.3734189460729959,True
48.7,14.012073087363753,1.9393975413697568,14.599781831196163,-0.0011368409822806167,0.0015131871363651683,0.3000033171923741,0.3,0.008998575639150429,0.003673480861509277,0.3734138857181559,True
48.75,14.022649800733875,1.950034188131574,14.614781941740492,-0.0010944616745935292,0.001654093955066438,0.30000304797513627,0.3,0.008998747695872836,0.003165614637392827,0.3734144436464079,True
48.800000000000004,14.033226869920226,1.9606704591254034,14.6297820381768,-0.0010525996750664953,0.001776154051770007,0.300002809969897,0.3,0.008998896565628162,0.0026969290268911237,0.373420080019069,True
48.85,14.043804356818411,1.9713062956477467,14.644782122762244,-0.0010113402601455114,0.0018807823812269084,0.3000025990208506,0.3,0.00899902480590986,0.002263869367148112,0.37343028878578477,True
48.900000000000006,14.05438231584975,1.9819416460053059,14.659782197425827,-0.0009707584641941796,0.0019693143179749795,0.3000024114376682,0.3,0.008999132089682322,0.0018649570543873646,0.37344459794876994,True
48.95,14.064960795990682,1.992576463528946,14.67478226379906,-0.0009309219188467135,0.002042995374241907,0.3000022435125068,0.3,0.008999223473947151,0.0014981768842199758,0.37346256974138603,True
49.0,14.075539838953148,2.0032107084344783,14.689782323245067,-0.0008918882505694802,0.0021030086837207085,0.30000209241305104,0.3,0.008999301793824918,0.0011619203809338987,0.3734837950460014,True
49.050000000000004,14.086119480138265,2.0138443469367084,14.704782376906483,-0.0008537063814731835,0.00215047268660995,0.3000019558053334,0.3,0.008999367102530258,0.0008534073349365048,0.3735078927560648,True
49.1,14.096699750640312,2.024477349287052,14.719782425734854,-0.0008164193339586592,0.002186427476725261,0.30000183138743497,0.3,0.008999423147413296,0.0005726968114777173,0.37353451100178514,True
49.150000000000006,14.107280675282233,2.0351096917664964,14.734782470510778,-0.0007800614323713894,0.002211864569241606,0.30000171750178767,0.3,0.008999470595485292,0.0003168877854249637,0.37356332109764323,True
49.2,14.117862273180938,2.0457413561611935,14.749782511872816,-0.0007446590735447872,0.0022277247456464755,0.3000016126179311,0.3,0.008999510765890817,8.39637397077516e-05,0.37359401739647125,True
49.25,14.128444562082413,2.0563723254697335,14.764782550347464,-0.0007102368275982433,0.002234861005632305,0.30000151543939535,0.3,0.008999545083232608,-0.00012718330822700878,0.37362632216886216,True
49.300000000000004,14.139027556144617,2.067002586136765,14.779782586360831,-0.0006768142908017236,0.0022340705739350986,0.30000142491886117,0.3,0.008999576274923081,-0.0003167420723721706,0.3736599792425128,True
49.35,14.14961126332171,2.0776321306901298,14.79478262025374,-0.0006444023712080389,0.0022261275273547376,0.3000013404717339,0.3,0.00899960211098123,-0.00048768262209826794,0.3736947480268539,True
49.400000000000006,14.16019568878434,2.0882609543463966,14.809782652299996,-0.00061300810741419,0.0022117495569029533,0.30000126114942444,0.3,0.008999625178837302,-0.0006406370933663622,0.37373040854938333,True
49.45,14.17078083646783,2.0988890534784006,14.824782682717501,-0.0005826368469092147,0.002191590053084447,0.3000011864418718,0.3,0.008999645471187583,-0.000776588503344828,0.37376676161994393,True
49.5,14.181366706174666,2.1095164285208727,14.839782711673992,-0.0005532881426253004,0.0021662735751235562,0.30000111584287886,0.3,0.00899966464717347,-0.0008971241189201195,0.37380362240497855,True
49.550000000000004,14.191953295565797,2.1201430820026896,14.854782739303698,-0.0005249585524195464,0.002136378802028993,0.300001049126431,0.3,0.008999680716921877,-0.0010040805873678693,0.3738408226830769,True
49.6,14.20254060216684,2.130769016551368,14.869782765714895,-0.0004976444687024425,0.00210242329542365,0.3000009857387696,0.3,0.00899969708395488,-0.0010965968538852607,0.37387821253394526,True
49.650000000000006,14.21312861979671,2.1413942384610105,14.884782790987504,-0.0004713370701861605,0.0020649072022550508,0.300000925696073,0.3,0.008999711716167156,-0.0011766845062789592,0.3739156524165786,True
49.7,14.223717338891076,2.15201875738184,14.89978281518226,-0.0004460227701280499,0.00202431013216009,0.3000008686773621,0.3,0.008999724693726164,-0.001245561240755693,0.3739530136456187,True
49.75,14.234306750499881,2.162642582330345,14.914782838346133,-0.00042168886426314947,0.0019810540517808395,0.30000081437814624,0.3,0.008999737888993973,-0.00130400178810021,0.3739901837530773,True
49.800000000000004,14.244896844713216,2.1732657232701182,14.929782860517086,-0.0003983212999028328,0.0019355253627197921,0.3000007628074699,0.3,0.008999750778116529,-0.0013519628073540132,0.37402706216737147,True
49.85,14.255487608831272,2.1838881929444365,14.944782881725855,-0.0003759020860688677,0.001888097411095302,0.3000007138874135,0.3,0.0089997622630798,-0.0013919433366676736,0.3740635561229388,True
49.900000000000006,14.266079030434792,2.1945100038096856,14.959782901998695,-0.00035441363302486005,0.0018390997086596972,0.3000006673587425,0.3,0.008999773958196804,-0.0014229877307031724,0.3740995854543353,True
49.95,14.276671096432995,2.2051311689876254,14.974782921357509,-0.0003338374057065539,0.0017888342174662286,0.30000062323251314,0.3,0.00899978504068295,-0.0014458528797464524,0.3741350791104887,True
50.0,14.287263790122836,2.2157517052013067,14.989782939816443,-0.0003141497682937768,0.0017376064472452992,0.30000058138322433,0.3,0.008999795772939145,-0.0014625995897117054,0.3741699700812797,True
50.050000000000004,14.297857096483801,2.2263716274969103,15.004782957393651,-0.0002953294604220411,0.001685671611714623,0.30000054173013924,0.3,0.008999805780949782,-0.0014734259334006725,0.3742042039010015,True
50.1,14.308451001826107,2.236990949593035,15.019782974109503,-0.00027735710144217833,0.0016332446035031145,0.3000005041312991,0.3,0.00899981671715079,-0.0014775386463261996,0.37423773618493095,True
50.150000000000006,14.31904548916171,2.247609688501962,15.034782989981139,-0.0002602086494892653,0.0015805509393405082,0.30000046872019126,0.3,0.008999826212476175,-0.0014770769413343537,0.3742705240507713,True
50.2,14.329640541389214,2.258227861351847,15.049783005027484,-0.0002438599006196184,0.0015277921106994219,0.30000043523609815,0.3,0.008999835717886234,-0.0014718494161496533,0.37430253190329177,True
50.25,14.34023614277399,2.2688454839055736,15.064783019268514,-0.0002282885827256628,0.00147513484057471,0.300000403661518,0.3,0.008999844987289526,-0.0014618922005490513,0.3743337325299152,True
50.300000000000004,14.35083227553149,2.2794625739739587,15.079783032722803,-0.0002134695260813164,0.0014227486235279807,0.30000037393831225,0.3,0.008999853952163971,-0.0014482212733892697,0.37436410078861976,True
50.35,14.36142892190234,2.290079149345343,15.094783045410837,-0.00019937759466096173,0.0013707841739361017,0.3000003459975576,0.3,0.00899986229010017,-0.001432178307672629,0.37439361707374047,True
50.400000000000006,14.372026066672978,2.300695225269079,15.109783057357921,-0.00018599124793155646,0.001319350122059193,0.30000031971754926,0.3,0.008999870994578949,-0.001411969858537993,0.37442227067227796,True
50.45,14.382623692780195,2.3113108188423057,15.124783068588048,-0.00017328633087444002,0.0012685631622613156,0.3000002951425485,0.3,0.008999878909026331,-0.001389049233493958,0.37445005108925267,True
50.5,14.393221781220536,2.3219259491000495,15.139783079123543,-0.00016123594622534016,0.0012185460603371114,0.3000002721245744,0.3,0.008999886602065488,-0.0013644037395904144,0.37447694876681287,True
50.550000000000004,14.403820316003683,2.3325406320706854,15.154783088991316,-0.00014981745334866233,0.0011693780171107007,0.30000025061141683,0.3,0.008999893842162841,-0.00133739277726136,0.3745029628200224,True
50.6,14.414419280960917,2.343154883960609,15.169783098218009,-0.00013900795957945473,0.00112113204467712,0.30000023051298846,0.3,0.008999901010251265,-0.0013086323672788017,0.3745280944514646,True
50.650000000000006,14.425018659065659,2.3537687218330148,15.18478310682951,-0.00012878335981009794,0.001073881593861903,0.3000002118032708,0.3,0.008999907538888186,-0.0012792030098265816,0.37455234594446285,True
50.7,14.435618435486907,2.3643821605598125,15.199783114854748,-0.00011912265090937587,0.0010276698326123768,0.3000001943624018,0.3,0.008999914199100364,-0.0012476650614898636,0.374575725469103,True
50.75,14.446218594381982,2.3749952160226204,15.214783122321256,-0.00011000340041146064,0.0009825463395862766,0.3000001781995761,0.3,0.00899992025285608,-0.001214661858463918,0.3745982407210115,True
50.800000000000004,14.456819117912849,2.3856079060950575,15.229783129254198,-0.00010140035636358605,0.0009385749075214722,0.3000001632015045,0.3,0.008999925928497184,-0.0011813058607889682,0.3746198979947043,True
50.85,14.467419990642666,2.3962202462517523,15.24478313568029,-9.329166105582012e-05,0.0008957879882317555,0.30000014929389257,0.3,0.008999931227411278,-0.0011479300399053123,0.37464070949427475,True
50.900000000000006,14.478021199361068,2.406832249742932,15.25978314162772,-8.565860402322595e-05,0.0008541922326208429,0.300000136403415,0.3,0.008999936575852633,-0.0011132044567090933,0.37466069193650997,True
50.95,14.48862272908275,2.417443931590828,15.274783147122598,-7.847996673297504e-05,0.0008138120874624511,0.30000012452816455,0.3,0.008999941377629122,-0.0010785900989802434,0.3746798592631,True
51.0,14.499224564705393,2.428055306933896,15.28978315219048,-7.173436573035502e-05,0.0007746696603291303,0.30000011356738276,0.3,0.008999946019019335,-0.001044202617577755,0.37469822627522964,True
51.050000000000004,14.509826693711668,2.4386663883275106,15.304783156858266,-6.540407193577827e-05,0.0007367589158461253,0.3000001034853727,0.3,0.008999950250857201,-0.001008495885264625,0.37471581247570884,True
51.1,14.520429101179323,2.449277190726628,15.31978316114908,-5.9467958970481005e-05,0.0007000993526281585,0.30000009420547186,0.3,0.008999954133872407,-0.0009739358808794332,0.3747326331839774,True
51.150000000000006,14.531031773471954,2.4598877277996243,15.334783165085529,-5.390671944141276e-05,0.0006646940499795972,0.3000000856618517,0.3,0.0089999579807191,-0.0009391620966608906,0.3747487067758868,True
51.2,14.541634698988629,2.470498011181268,15.349783168691545,-4.870392322657416e-05,0.0006305263545902662,0.3000000778411881,0.3,0.008999961454214974,-0.000905046805464896,0.3747640546095854,True
51.25,14.552237865373765,2.4811080532586236,15.364783171989382,-4.384207463308511e-05,0.0005975883281486016,0.3000000706743724,0.3,0.008999964765721256,-0.00087100237706987,0.37477869652195783,True
51.300000000000004,14.562841260902577,2.4917178657866517,15.37978317500038,-3.9304570971968194e-05,0.0005658669514974068,0.30000006412803504,0.3,0.008999967817276557,-0.0008375307159980916,0.37479265296623976,True
51.35,14.573444873802245,2.502327460566741,15.39478317774474,-3.507474276219879e-05,0.0005353507356966603,0.3000000581528929,0.3,0.008999970553991462,-0.0008044499425214138,0.374805944008856,True
51.400000000000006,14.584048693006,2.5129368486924863,15.409783180241433,-3.113692025965619e-05,0.0005060224793899115,0.3000000526910505,0.3,0.008999973143644284,-0.0007719788227662603,0.3748185904134469,True
51.45,14.594652707680947,2.5235460410218504,15.42478318250818,-2.7475765710617766e-05,0.00047786432281449187,0.30000004771301236,0.3,0.008999975646731904,-0.0007393850876996062,0.3748306128079592,True
51.5,14.60525690630882,2.534155049096838,15.439783184561772,-2.40749730429491e-05,0.00045086757223000706,0.3000000431996088,0.3,0.00899997779505702,-0.0007093792255028983,0.3748420300676393,True
51.550000000000004,14.615861280838645,2.544763880993303,15.454783186419796,-2.0923138865731986e-05,0.00042498822276282317,0.30000003908738426,0.3,0.00899997995480879,-0.000678347545718606,0.3748528666512099,True
51.6,14.626465822294096,2.5553725457097705,15.469783188097955,-1.8007553039033174e-05,0.00040019839168270455,0.30000003537424186,0.3,0.008999981791553795,-0.0006481187028320503,0.3748631435377258,True
51.650000000000006,14.637070518677955,2.5659810552618407,15.484783189609242,-1.5311235939894574e-05,0.00037650205910133577,0.30000003200264447,0.3,0.00899998344349561,-0.0006195471826380484,0.3748728765147613,True
51.7,14.64767536270646,2.576589416952861,15.49978319096751,-1.2823872920331253e-05,0.00035385531117981817,0.30000002893854666,0.3,0.008999985121157341,-0.0005913679618654772,0.37488208892770125,True
51.75,14.658280346905114,2.587197638275839,15.514783192185845,-1.053488035981917e-05,0.00033222156216827775,0.300000026183154,0.3,0.008999986614813051,-0.0005635727396736632,0.3748908022156891,True
51.800000000000004,14.668885461904795,2.59780572861636,15.529783193275891,-8.430996675262001e-06,0.0003115869551146843,0.30000002370288004,0.3,0.008999987926058195,-0.0005371615435980387,0.37489903374705497,True
51.85,14.679490700197372,2.6084136954983275,15.544783194248799,-6.5015926139105426e-06,0.0002919199307895859,0.300000021464737,0.3,0.008999989129028657,-0.0005110592903828948,0.37490680351525085,True
51.900000000000006,14.690096054542039,2.6190215461768513,15.559783195114683,-4.736418015873391e-06,0.00027319026971261984,0.30000001944835974,0.3,0.008999990223202688,-0.00048552121199196737,0.37491413073744645,True
51.95,14.7007015165321,2.6296292890711452,15.574783195882397,-3.123575164834807e-06,0.00025538238672451197,0.30000001763349937,0.3,0.008999991219058886,-0.0004614216498996174,0.37492103193306264,True
52.0,14.711307079895539,2.640236930465787,15.58978319656082,-1.6541852105502653e-06,0.00023846053382814425,0.30000001600184606,0.3,0.008999992180836731,-0.0004389747336854811,0.3749275265908778,True
52.050000000000004,14.721912740676975,2.65084447432895,15.604783197159001,-3.2264535218931686e-07,0.00022236953386534086,0.30000001454592545,0.3,0.008999993082643015,-0.00041586496347456803,0.37493363669414714,True
52.1,14.732518491885067,2.6614519276626756,15.619783197684502,8.809392261861555e-07,0.00020709171906163615,0.3000000132540435,0.3,0.008999993782150812,-0.0003944100223883396,0.3749376155010884,True
52.150000000000006,14.743124326572811,2.672059297423261,15.6347831981439,1.966399641549202e-06,0.00019260938267562366,0.3000000120910197,0.3,0.008999994474816182,-0.00037275505898195073,0.37494083093270586,True
52.2,14.753730238927256,2.6826665894322548,15.649783198543268,2.9419627293368817e-06,0.00017889655644187652,0.3000000110544371,0.3,0.008999995041301657,-0.0003525389147952955,0.3749439277605395,True
52.25,14.764336222919876,2.693273809725926,15.664783198888086,3.816159585039342e-06,0.00016593112786655873,0.30000001012211236,0.3,0.008999995627395398,-0.00033322176657629086,0.3749469040164859,True
52.300000000000004,14.77494227476058,2.7038809621022186,15.679783199183905,4.594355762864193e-06,0.00015367136702548745,0.3000000092962599,0.3,0.008999996163315193,-0.00031556512558758164,0.37494976672434077,True
52.35,14.7855483914511,2.714488049567134,15.694783199436195,5.280796922195333e-06,0.00014207158687529198,0.3000000085674997,0.3,0.008999996638725949,-0.0002973332141125948,0.3749525252034388,True
52.400000000000006,14.796154567975837,2.725095077142631,15.70978319964945,5.8825806848333526e-06,0.00013111241597196788,0.30000000792483106,0.3,0.00899999700003605,-0.0002795740223295292,0.37495517810628715,True
52.45,14.806760797328899,2.735702051839461,15.724783199827108,6.409618317831132e-06,0.00012079568483314151,0.3000000073484753,0.3,0.008999997343330983,-0.0002630547904615261,0.3749577149753488,True
52.5,14.817367075690045,2.7463089774828258,15.739783199972678,6.867315963228392e-06,0.00011109082218840882,0.3000000068347851,0.3,0.008999997696746536,-0.00024832856360400214,0.37496013948123785,True
52.550000000000004,14.827973401894946,2.756915855242433,15.75478320008996,7.257324036587838e-06,0.0001019436897296,0.3000000063848153,0.3,0.008999998018775776,-0.00023310008902224365,0.3749624660496984,True
52.6,14.838579772375379,2.767522688691065,15.769783200182182,7.584691989798629e-06,9.333124748522881e-05,0.3000000059927268,0.3,0.008999998274189564,-0.00021929118574106525,0.3749646964719674,True
52.650000000000006,14.84918618301655,2.7781294819473583,15.784783200252058,7.855241736374196e-06,8.523712126173866e-05,0.3000000056468965,0.3,0.008999998496016178,-0.00020498115522892406,0.37496682978736495,True
52.7,14.859792630000289,2.7887362388327803,15.79978320030192,8.074375318528829e-06,7.764491686568231e-05,0.3000000053412941,0.3,0.00899999867683186,-0.00019215664935371204,0.37496886546119135,True
52.75,14.870399109674928,2.799342963001865,15.814783200333796,8.24725899989043e-06,7.053706283977057e-05,0.3000000050687183,0.3,0.008999998883286444,-0.00017959422295804576,0.3749708035443214,True
52.800000000000004,14.88100562002033,2.809949656477718,15.829783200349784,8.376751783170278e-06,6.388236451904117e-05,0.3000000048330923,0.3,0.008999999037704492,-0.0001680274503815347,0.37497265044102734,True
52.85,14.89161215842278,2.8205563218767065,15.844783200351758,8.466551897431517e-06,5.7658371413138454e-05,0.30000000462541887,0.3,0.008999999196449452,-0.0001570915169857402,0.3749744091195828,True
52.900000000000006,14.902218723190513,2.8311629608930056,15.859783200341425,8.519053560021406e-06,5.183605068659336e-05,0.3000000044461375,0.3,0.0089999993180869,-0.00014576200095144266,0.374976085807329,True
52.95,14.9128253105142,2.8417695773378933,15.874783200320163,8.539645358089912e-06,4.6411167318183295e-05,0.3000000042888119,0.3,0.008999999409571826,-0.00013586154584974968,0.3749776763725782,True
53.0,14.923431917944923,2.85237617366197,15.889783200289159,8.531791774127446e-06,4.136523806130832e-05,0.3000000041482232,0.3,0.008999999537933907,-0.0001269145463338512,0.37497918283946785,True
53.050000000000004,14.934038545674214,2.8629827496755813,15.904783200249744,8.495223265651348e-06,3.665573509326059e-05,0.30000000403032046,0.3,0.008999999620422338,-0.0001173449936385416,0.3749806181073918,True
53.1,14.944645190766856,2.8735893083154544,15.919783200202982,8.434091927095718e-06,3.227675181871614e-05,0.30000000392727044,0.3,0.008999999701450502,-0.00010989342199779314,0.3749819797778962,True
53.150000000000006,14.955251852264416,2.8841958505413605,15.934783200149823,8.349754132131895e-06,2.820159491101482e-05,0.30000000383868314,0.3,0.008999999777017723,-0.0001010147831382155,0.37498327442188856,True
53.2,14.965858528273316,2.894802378248078,15.949783200091115,8.244888653499878e-06,2.441793158602934e-05,0.3000000037635091,0.3,0.008999999804774752,-9.306068979201645e-05,0.3749845030229309,True
53.25,14.976465214743166,2.9054088954867665,15.9647832000274,8.12522415095562e-06,2.093473183495398e-05,0.3000000036936862,0.3,0.008999999858090493,-8.528463348309087e-05,0.37498565718788596,True
53.300000000000004,14.987071910452384,2.916015403479791,15.979783199959233,7.992488758068439e-06,1.7732314604224086e-05,0.3000000036333997,0.3,0.008999999910893048,-7.937159788124314e-05,0.37498674103345697,True
53.35,14.997678615963904,2.9266219016651593,15.99478319988728,7.845887029886636e-06,1.4774247097393278e-05,0.3000000035824696,0.3,0.008999999965898292,-7.33466930947477e-05,0.3749877661752247,True
53.400000000000006,15.008285331832097,2.937228389489385,16.009783199812166,7.684635594841491e-06,1.2029271332036906e-05,0.3000000035411681,0.3,0.008999999984687965,-6.61207169111866e-05,0.3749887426798636,True
53.45,15.018892053519663,2.947834871490295,16.024783199734266,7.515151535428389e-06,9.520823242792353e-06,0.3000000035033936,0.3,0.009000000001406435,-6.0870944585354153e-05,0.3749896571696269,True
53.5,15.029498779782598,2.9584413489122907,16.039783199653858,7.339194419409728e-06,7.2350667471576804e-06,0.3000000034687675,0.3,0.009000000046263036,-5.578179161016978e-05,0.37499051199402833,True
53.550000000000004,15.040105512078874,2.9690478202979635,16.05478319957134,7.154702762804047e-06,5.1338596394057134e-06,0.30000000344192473,0.3,0.009000000060212437,-5.063916623510909e-05,0.37499132054257156,True
53.6,15.050712248646695,2.9796542874095744,16.069783199487045,6.9641684486758925e-06,3.215289350766426e-06,0.3000000034176624,0.3,0.009000000092172571,-4.674143631358256e-05,0.37499208089126024,True
53.650000000000006,15.061318989605926,2.9902607501276544,16.084783199401247,6.7674222446096075e-06,1.4580890289606074e-06,0.3000000033989417,0.3,0.009000000100987995,-4.152123755923694e-05,0.3749927995254467,True
53.7,15.071925733189575,3.0008672102195355,16.099783199314192,6.566963293149232e-06,-1.363566444201325e-07,0.3000000033818691,0.3,0.009000000102870507,-3.7629103418340117e-05,0.3749933925387846,True
53.75,15.082532477597665,3.0114736694853566,16.114783199225993,6.365337260876486e-06,-1.568147553809851e-06,0.3000000033652786,0.3,0.009000000123586675,-3.3281007365208116e-05,0.37499316892306933,True
53.800000000000004,15.09313922269694,3.0220801280586005,16.12978319913681,6.16273276111432e-06,-2.8528506963443334e-06,0.30000000335228866,0.3,0.009000000121556866,-2.9695380521454677e-05,0.37499298997109076,True
53.85,15.103745967428631,3.0326865869982313,16.144783199046778,5.9606472569844645e-06,-3.995937214673616e-06,0.3000000033390913,0.3,0.009000000150782072,-2.6848967235330235e-05,0.3749928525603882,True
53.900000000000006,15.114352712935586,3.043293045161614,16.15978319895605,5.757464667706103e-06,-5.0242120837040716e-06,0.3000000033308719,0.3,0.009000000146913942,-2.3192846516789216e-05,0.37499275034592117,True
53.95,15.124959457924906,3.0538995038418615,16.174783198864777,5.555013582306112e-06,-5.936416990870442e-06,0.3000000033220928,0.3,0.009000000156675543,-2.094369282216434e-05,0.374992681872774,True
54.0,15.135566202147196,3.064505963288448,16.189783198773018,5.353646750631018e-06,-6.7432129949862585e-06,0.3000000033150199,0.3,0.009000000163718403,-1.7825332200401657e-05,0.3749926436218318,True
54.050000000000004,15.146172945503178,3.0751124236007903,16.204783198680868,5.153504673346543e-06,-7.454199091538882e-06,0.30000000330918536,0.3,0.009000000156697057,-1.5240606510752904e-05,0.3749926326016693,True
54.1,15.15677968634154,3.0857188864302563,16.219783198588367,4.956922698753308e-06,-8.063385334322604e-06,0.30000000330224447,0.3,0.009000000181435881,-1.4130614393616246e-05,0.3749926482559206,True
54.150000000000006,15.167386427089108,3.0963253493501144,16.23478319849558,4.760468840250496e-06,-8.606621017759329e-06,0.3000000032994752,0.3,0.009000000171450575,-1.1007909689075526e-05,0.3749926833693471,True
54.2,15.177993166209234,3.1069318138971402,16.2497831984026,4.566316339430687e-06,-9.074303238709724e-06,0.30000000329507753,0.3,0.009000000176211147,-9.433735967250875e-06,0.3749927386207451,True
54.25,15.188599901970884,3.117538281802387,16.26478319830944,4.376913260276034e-06,-9.45814637487441e-06,0.3000000032915131,0.3,0.009000000171245038,-6.5101928293007976e-06,0.37499281402285745,True
54.300000000000004,15.199206633926938,3.1281447535130003,16.27978319821612,4.192891944963535e-06,-9.761705451971636e-06,0.3000000032871606,0.3,0.009000000172984014,-5.394853985322139e-06,0.3749929078874915,True
54.35,15.209813361934108,3.138751229172265,16.29478319812263,4.014455029311887e-06,-9.993170653421757e-06,0.3000000032831398,0.3,0.00900000018638718,-4.569923348901637e-06,0.3749930175795282,True
54.400000000000006,15.220420088970757,3.1493577058018563,16.309783198029006,3.8373905010185806e-06,-1.019000212532095e-05,0.30000000328138177,0.3,0.009000000178939949,-2.2245098350776317e-06,0.37499313618535757,True
54.45,15.231026812560879,3.159964185877872,16.32478319793531,3.665200025817654e-06,-1.033024308583208e-05,0.3000000032784062,0.3,0.009000000186396524,-2.277637861815326e-06,0.3749932667244474,True
54.5,15.24163353352661,3.170570668578166,16.339783197841534,3.496720918841603e-06,-1.0429566845604477e-05,0.3000000032766968,0.3,0.009000000184271603,-4.915524802322584e-07,0.37499340570452655,True
54.550000000000004,15.252240252552522,3.181177153218185,16.35478319774769,3.330985064848624e-06,-1.0497957388611034e-05,0.300000003274652,0.3,0.009000000179526428,7.035049002640951e-07,0.37499355112847876,True
54.6,15.262846967036104,3.191783642400456,16.369783197653792,3.171672978804724e-06,-1.051313465716408e-05,0.3000000032718406,0.3,0.009000000191734045,8.632946853893306e-07,0.37499370593293596,True
54.650000000000006,15.273453679262419,3.202390133839916,16.38478319755984,3.0155530979815333e-06,-1.0504127960109242e-05,0.30000000327108167,0.3,0.009000000184168416,2.502426943696546e-06,0.37499386472779395,True
54.7,15.284060388272426,3.2129966284956533,16.399783197465865,2.8639817388990226e-06,-1.0463010579275789e-05,0.30000000326907567,0.3,0.009000000187753864,2.1319513539669213e-06,0.3749940285109613,True
54.75,15.294667094549093,3.223603125884668,16.414783197371847,2.716275864234891e-06,-1.0399247729608874e-05,0.30000000326768417,0.3,0.009000000184058518,4.340088748400145e-06,0.37499419515431914,True
54.800000000000004,15.305273796995145,3.234209627104255,16.429783197277796,2.573987265450124e-06,-1.030268269308632e-05,0.3000000032656937,0.3,0.009000000183773692,4.320674636217282e-06,0.37499436612260884,True
54.85,15.315880494492877,3.2448161332721206,16.444783197183718,2.4386966208807805e-06,-1.016704903689103e-05,0.3000000032636758,0.3,0.009000000189632217,5.301251823038437e-06,0.3749945416962758,True
54.900000000000006,15.326487188891162,3.255422642539383,16.459783197089603,2.307789218187213e-06,-1.0014258659762909e-05,0.3000000032626496,0.3,0.009000000184608708,6.354872599686061e-06,0.3749947179822278,True
54.95,15.337093878089462,3.2660291570066287,16.47478319699549,2.184235704645157e-06,-9.82515793357397e-06,0.30000000326080045,0.3,0.009000000191213846,5.5399628068644914e-06,0.3749948976984225,True
55.0,15.34770056480275,3.2766356739588356,16.489783196901335,2.0641964932552643e-06,-9.631796226150515e-06,0.3000000032600651,0.3,0.009000000187969434,6.4418506541889595e-06,0.37499507516582586,True
55.050000000000004,15.358307249366137,3.287242193060908,16.50478319680716,1.94719767704438e-06,-9.436881964086652e-06,0.300000003258799,0.3,0.009000000185348857,6.205441345650896e-06,0.37499525005394563,True
55.1,15.368913930654463,3.2978487154379903,16.519783196712947,1.8348304574222388e-06,-9.230088937828285e-06,0.30000000325711096,0.3,0.00900000019362599,6.479811761803679e-06,0.37499542383845275,True
55.150000000000006,15.379520609698677,3.3084552400591476,16.534783196618708,1.725636867570946e-06,-9.022618307374941e-06,0.30000000325681236,0.3,0.009000000186903117,7.3140506172259595e-06,0.3749955946505832,True
55.2,15.390127284608024,3.3190617688151773,16.549783196524473,1.6222908650709474e-06,-8.795359047408802e-06,0.3000000032554018,0.3,0.00900000019313754,6.896524744312704e-06,0.37499576549233277,True
55.25,15.40073395633369,3.3296683007548715,16.564783196430227,1.523447256879304e-06,-8.560661478029807e-06,0.3000000032550392,0.3,0.009000000187701378,7.904725259129397e-06,0.37499593404086445,True
55.300000000000004,15.411340624574969,3.340274836178944,16.579783196335974,1.4295313097608755e-06,-8.315420390814232e-06,0.30000000325377874,0.3,0.00900000018846773,7.20484145824183e-06,0.3749961007931558,True
55.35,15.421947289618286,3.3508813748009345,16.594783196241693,1.3401379326388963e-06,-8.064675863117543e-06,0.30000000325265785,0.3,0.0090000001913234,7.585408002048661e-06,0.374996264657401,True
55.400000000000006,15.432553952598365,3.361487915486123,16.60978319614738,1.2536623858243966e-06,-7.819631135164151e-06,0.3000000032520217,0.3,0.009000000187820616,8.417062591519264e-06,0.3749964239109887,True
55.45,15.443160610859174,3.372094460890579,16.624783196053066,1.173860894141741e-06,-7.552948310340923e-06,0.300000003250811,0.3,0.009000000194155507,7.278831271054602e-06,0.37499658291702315,True
55.5,15.453767266769015,3.382701008645977,16.639783195958735,1.0973841530010453e-06,-7.291737867509696e-06,0.3000000032506629,0.3,0.009000000190205665,7.735104080851623e-06,0.3749967369730235,True
55.550000000000004,15.464373921159357,3.393307557920849,16.654783195864383,1.0230562922123552e-06,-7.042700355675002e-06,0.3000000032498612,0.3,0.009000000190868957,6.637863132463181e-06,0.3749968852648021,True
55.6,15.474980573987798,3.4039141087575815,16.669783195770005,9.509372635580764e-07,-6.805104098561721e-06,0.3000000032491775,0.3,0.009000000192111411,7.239059738993166e-06,0.37499702794971357,True
55.650000000000006,15.485587225223137,3.414520661187387,16.684783195675607,8.810711998250744e-07,-6.576362212351583e-06,0.3000000032487067,0.3,0.009000000189825625,7.685209159200386e-06,0.37499716575192615,True
55.7,15.4961938721833,3.4251272178923675,16.699783195581205,8.172511489021283e-07,-6.328925242993222e-06,0.30000000324786147,0.3,0.009000000193890294,6.24995416580289e-06,0.37499730306055734,True
55.75,15.506800518201175,3.435733775539601,16.71478319548678,7.547636684208088e-07,-6.099143767035464e-06,0.3000000032476987,0.3,0.009000000189735253,7.555845738229306e-06,0.3749974337929578,True
55.800000000000004,15.517407162096111,3.446340335309753,16.729783195392343,6.95278464099767e-07,-5.871671422741365e-06,0.3000000032468485,0.3,0.009000000192591208,5.8462209587549165e-06,0.37499756083727814,True
55.85,15.52801380419404,3.4569468968768806,16.74478319529788,6.383345872529269e-07,-5.651405699413915e-06,0.3000000032464804,0.3,0.00900000019062151,7.655975719792995e-06,0.3749976831999162,True
55.900000000000006,15.538620443890439,3.46755346084552,16.759783195203408,5.847869761473915e-07,-5.429352660124565e-06,0.3000000032457893,0.3,0.009000000192517232,7.444437094644865e-06,0.37499780269712624,True
55.95,15.549227078353782,3.4781600300472237,16.774783195108938,5.386400275617299e-07,-5.178771529168458e-06,0.3000000032454195,0.3,0.009000000193930666,6.647810806478165e-06,0.3749979232665045,True
56.0,15.55983371191596,3.488766600150073,16.789783195014458,4.937675060677833e-07,-4.946186100029948e-06,0.3000000032452877,0.3,0.009000000192325323,6.897485490695521e-06,0.3749980372167513,True
56.050000000000004,15.570440344007247,3.499373171723798,16.804783194919963,4.509751272200567e-07,-4.72336373436022e-06,0.300000003244891,0.3,0.009000000192329622,4.766316228282694e-06,0.37499814618723804,True
56.1,15.58104697697283,3.5099797424231847,16.81978319482544,4.069462779517853e-07,-4.534125968680414e-06,0.300000003244499,0.3,0.009000000191772727,6.458536931297943e-06,0.37499824641959423,True
56.150000000000006,15.591653608824751,3.5205863142362053,16.8347831947309,3.6449236456341424e-07,-4.3527234165896544e-06,0.30000000324401854,0.3,0.009000000193287571,6.121321580109778e-06,0.37499834274996485,True
56.2,15.602260236302754,3.53119289042315,16.84978319463636,3.282241089504301e-07,-4.147134075260794e-06,0.30000000324379406,0.3,0.009000000193958194,6.4111695568278974e-06,0.37499844007814565,True
56.25,15.61286686170334,3.5417994686875094,16.864783194541822,2.948937638713982e-07,-3.942390239597415e-06,0.30000000324368303,0.3,0.009000000193408646,6.561253825006068e-06,0.3749985342173064,True
56.300000000000004,15.623473484153273,3.5524060499025256,16.879783194447285,2.657362742450306e-07,-3.7297936316127434e-06,0.30000000324348197,0.3,0.009000000192990304,4.252642414251036e-06,0.3749986265158866,True
56.35,15.634080108071293,3.56301262964942,16.894783194352723,2.345025722278856e-07,-3.555726643456048e-06,0.3000000032432135,0.3,0.009000000192014043,5.615850982966008e-06,0.3749987094474049,True
56.400000000000006,15.644686731923516,3.5736192094620827,16.90978319425814,2.0336190007302853e-07,-3.398535056819974e-06,0.30000000324278586,0.3,0.009000000193578762,5.31771591955019e-06,0.3749987872739099,True
56.45,15.655293352180724,3.5842257928697587,16.924783194163556,1.7730534619274634e-07,-3.222331952268398e-06,0.30000000324262194,0.3,0.0090000001942897,5.560783794057775e-06,0.37499886566271295,True
56.5,15.665899970683052,3.5948323780323133,16.939783194068973,1.5373056680774494e-07,-3.047111794773904e-06,0.3000000032425776,0.3,0.009000000194172457,5.374237327211572e-06,0.3749989412778104,True
56.550000000000004,15.676506587213813,3.6054389651664356,16.95478319397439,1.329440031435555e-07,-2.8708827325418795e-06,0.3000000032425142,0.3,0.00900000019399254,4.007404238402967e-06,0.3749990144043404,True
56.6,15.687113204573238,3.6160455514718803,16.969783193879795,1.1098552341025999e-07,-2.7223814308419136e-06,0.3000000032424216,0.3,0.009000000193171697,5.034364729149529e-06,0.37499908046765484,True
56.650000000000006,15.697719821031528,3.62665213867845,16.984783193785194,9.03014343425345e-08,-2.579946840830516e-06,0.3000000032421938,0.3,0.00900000019404746,4.360763522779058e-06,0.3749991434547699,True
56.7,15.708326435303233,3.637258728071601,16.99978319369059,7.270963954602024e-08,-2.4312048023666932e-06,0.3000000032421135,0.3,0.009000000194112793,3.818719258053294e-06,0.3749992052229036,True
56.75,15.718933050141876,3.647865316897801,17.014783193595978,5.4316064474739456e-08,-2.3041619849895056e-06,0.30000000324204484,0.3,0.009000000193388017,4.861234577420034e-06,0.3749992613481578,True
56.800000000000004,15.729539662801825,3.658471907902694,17.029783193501366,3.9003627225695515e-08,-2.16818578013811e-06,0.30000000324185666,0.3,0.009000000193971113,2.461981411276547e-06,0.37499931704548994,True
56.85,15.740146276299784,3.6690784980695588,17.04478319340674,2.2506052472969413e-08,-2.056427289454099e-06,0.30000000324176707,0.3,0.009000000192510045,4.8149323597423986e-06,0.37499936673530687,True
56.900000000000006,15.75075288884384,3.6796850891903143,17.059783193312107,7.3574917401896525e-09,-1.9454952914221835e-06,0.30000000324143605,0.3,0.009000000194729588,3.470449600364908e-06,0.37499941483064325,True
56.95,15.761359498318956,3.690291683380007,17.07478319321747,-3.4509355753591514e-09,-1.8165621781252028e-06,0.3000000032414764,0.3,0.00900000019422573,3.92521525260063e-06,0.37499945703030374,True
57.0,15.771966108049869,3.7008982773139008,17.08978319312283,-1.4621114077499596e-08,-1.7035104782348043e-06,0.30000000324143283,0.3,0.009000000194657388,3.8545664734574056e-06,0.37499947943645523,True
57.050000000000004,15.782572715888778,3.7115048731398015,17.104783193028197,-2.3115593138620806e-08,-1.5836023080639805e-06,0.30000000324146125,0.3,0.009000000194049862,1.4568858607604653e-06,0.37499950655467806,True
57.1,15.793179326728533,3.7221114659648444,17.11978319293355,-3.585391844087026e-08,-1.5077537149910114e-06,0.30000000324138865,0.3,0.009000000192862312,3.8028293418479747e-06,0.37499951634337025,True
57.150000000000006,15.803785937004564,3.7327180593535987,17.1347831928389,-4.779502647105659e-08,-1.432828627634386e-06,0.3000000032411198,0.3,0.009000000194598795,2.3363374787447382e-06,0.3749995266549994,True
57.2,15.814392544817103,3.7433246552058415,17.149783192744245,-5.6252234049356605e-08,-1.3422053654066346e-06,0.3000000032411416,0.3,0.009000000193937251,4.154901039792204e-06,0.374999545112885,True
57.25,15.824999151152188,3.753931252535539,17.164783192649587,-6.262000403408113e-08,-1.2452976380084024e-06,0.3000000032410535,0.3,0.00900000019628825,3.964039112021226e-06,0.3749995675266944,True
57.300000000000004,15.835605753530045,3.764537853822479,17.179783192554943,-6.339139894875307e-08,-1.119335504062846e-06,0.3000000032413562,0.3,0.009000000193551442,8.449035160097393e-07,0.3749996041660346,True
57.35,15.846212360307529,3.775144450709786,17.194783192460292,-7.038480964184065e-08,-1.0524566883551854e-06,0.30000000324120196,0.3,0.009000000193094947,2.8255334749558013e-06,0.3749996170356231,True
57.400000000000006,15.856818968541187,3.7857510461409025,17.209783192365634,-7.943757464297686e-08,-1.005900151063166e-06,0.3000000032409736,0.3,0.009000000194093237,1.2055845309125467e-06,0.37499962181014374,True
57.45,15.867425575532351,3.7963576428145034,17.224783192270966,-8.6733193592327e-08,-9.529054726398201e-07,0.300000003240913,0.3,0.009000000193780201,3.5297777560116122e-06,0.3749996302539378,True
57.5,15.878032180845882,3.8069642411657347,17.239783192176297,-9.165628099743113e-08,-8.873400629827444e-07,0.30000000324080117,0.3,0.009000000195818127,2.637329510454955e-06,0.37499964480376946,True
57.550000000000004,15.888638782841554,3.817570842834834,17.254783192081632,-9.188720361308736e-08,-7.962180649245808e-07,0.3000000032410284,0.3,0.009000000194659248,1.9631689672873007e-06,0.37499967163607073,True
57.6,15.89924538663602,3.8281774427051443,17.269783191986974,-9.466200133496873e-08,-7.330599687271899e-07,0.30000000324106113,0.3,0.009000000194413828,2.951214070568298e-06,0.37499968761922153,True
57.650000000000006,15.909851989260373,3.8387840437455685,17.284783191892316,-9.578200733244564e-08,-6.64299046104766e-07,0.30000000324105286,0.3,0.009000000194001547,8.451880611685929e-07,0.37499970692120355,True
57.7,15.92045859302625,3.8493906436444627,17.29978319179765,-9.851637737164533e-08,-6.154940361824401e-07,0.3000000032409763,0.3,0.009000000193991595,1.9661325910212333e-06,0.3749997186819175,True
57.75,15.931065198110772,3.859997242224706,17.314783191702986,-1.0311559709501942e-07,-5.842726897853368e-07,0.30000000324089887,0.3,0.009000000195324726,2.19704839675655e-06,0.37499972335543535,True
57.800000000000004,15.94167180045578,3.87060384354447,17.32978319160832,-1.0384055401307788e-07,-5.289206925773726e-07,0.30000000324104326,0.3,0.009000000194355135,8.146025997818922e-07,0.3749997390700178,True
57.85,15.952278404190332,3.88121044347469,17.34478319151366,-1.0653062295150032e-07,-4.94123457817075e-07,0.30000000324102544,0.3,0.00900000019399085,2.6882601533054637e-06,0.37499974671472536,True
57.900000000000006,15.96288500679365,3.891817044536143,17.359783191418998,-1.076208866875324e-07,-4.505581137070891e-07,0.3000000032409474,0.3,0.00900000019402622,7.848839916223932e-07,0.3749997585633662,True
57.95,15.973491608868029,3.9024236461265294,17.37478319132433,-1.0796312006599149e-07,-4.0752324548254393e-07,0.300000003240876,0.3,0.009000000194217256,1.9958014000195063e-06,0.3749997710024864,True
58.0,15.984098211803465,3.9130302468558535,17.38978319122966,-1.0952307727505731e-07,-3.7684873721577366e-07,0.300000003240837,0.3,0.009000000195370433,1.648316611730072e-06,0.37499977855285666,True
58.050000000000004,15.994704812844091,3.923636849479992,17.404783191134992,-1.0840336522133132e-07,-3.30761992572981e-07,0.3000000032409896,0.3,0.009000000194501845,-4.166319836475086e-08,0.37499979336032985,True
58.1,16.00531141694099,3.9342434490478624,17.419783191040327,-1.1160587151586422e-07,-3.2104390634835056e-07,0.3000000032409966,0.3,0.009000000193756005,2.283163164907224e-06,0.37499979304409475,True
58.150000000000006,16.015918019943694,3.9448500497099244,17.43478319094566,-1.1326095497466882e-07,-2.999938355507936e-07,0.3000000032408799,0.3,0.009000000193855186,9.126127245399184e-08,0.37499979764088154,True
58.2,16.026524622346553,3.955456650971822,17.449783190850987,-1.1406773851728559e-07,-2.7657106849154895e-07,0.3000000032407808,0.3,0.009000000193680928,3.280719105086636e-06,0.3749998037906589,True
58.25,16.03713122291434,3.966063254068787,17.46478319075631,-1.1227933727418279e-07,-2.3534196924579476e-07,0.3000000032406538,0.3,0.009000000196340615,1.637936473059961e-06,0.3749998178241013,True
58.300000000000004,16.04773782016905,3.976669860478836,17.47978319066164,-1.058055358279811e-07,-1.6650478196211793e-07,0.3000000032409691,0.3,0.0090000001944041,-3.584043642199201e-07,0.37499984474254566,True
58.35,16.05834442309005,3.9872764612226064,17.494783190566974,-1.0734506927434436e-07,-1.6262579738413052e-07,0.30000000324096016,0.3,0.009000000193881632,1.7421252573928685e-06,0.37499984435507056,True
58.400000000000006,16.068951025915727,3.9978830620616925,17.509783190472305,-1.0874980211864883e-07,-1.5688704735339343e-07,0.3000000032408646,0.3,0.00900000019368425,-6.421455260317745e-07,0.37499984465474634,True
58.45,16.07955762903861,4.008489662603564,17.524783190377633,-1.105748531104018e-07,-1.5621306526103496e-07,0.30000000324073733,0.3,0.009000000193945,2.2766016615613693e-06,0.374999843029868,True
58.5,16.0901642313806,4.019096263926322,17.539783190282954,-1.1129556073023009e-07,-1.459987015728359e-07,0.30000000324065457,0.3,0.00900000019491137,7.253088351438496e-07,0.37499984534282627,True
58.550000000000004,16.100770831065464,4.029702867906209,17.554783190188274,-1.0825852022199066e-07,-1.1137533439953275e-07,0.30000000324073284,0.3,0.009000000194546135,1.9367467881003975e-06,0.3749998586630062,True
58.6,16.111377431068664,4.040309471567759,17.569783190093595,-1.0567167609265153e-07,-8.281836261225806e-08,0.30000000324074977,0.3,0.009000000195769313,2.1350195734368408e-06,0.37499986973127064,True
58.650000000000006,16.121984028254868,4.050916078046316,17.584783189998927,-9.910098800904633e-08,-2.909811269713458e-08,0.30000000324096937,0.3,0.009000000193370387,-9.764944809822666e-07,0.3749998922568726,True
58.7,16.132590629896317,4.061522680069627,17.599783189904254,-9.883097105566704e-08,-2.7379098321844708e-08,0.30000000324078896,0.3,0.009000000193629025,1.4645530094034365e-06,0.37499989303743675,True
58.75,16.143197232875256,4.072129280755437,17.614783189809575,-1.0045245767604071e-07,-3.7627884363899966e-08,0.30000000324065323,0.3,0.009000000194616005,4.796893674259328e-08,0.3749998883720608,True
58.800000000000004,16.153803834037355,4.082735883258085,17.629783189714896,-9.950454702325488e-08,-2.959004086200423e-08,0.30000000324068254,0.3,0.009000000194787892,7.61788466313295e-07,0.3749998917072109,True
58.85,16.164410436418812,4.093342484541375,17.644783189620217,-1.002810682898044e-07,-3.4096515277859396e-08,0.30000000324074005,0.3,0.009000000195734872,1.788827282826884e-06,0.3749998895922667,True
58.900000000000006,16.175017035792752,4.103949088832195,17.659783189525545,-9.680430957169697e-08,-7.528740519902044e-09,0.30000000324095405,0.3,0.009000000194087364,4.3214020308025714e-08,0.3749999009596545,True
58.95,16.185623636062637,4.114555692227076,17.67478318943088,-9.459460353504465e-08,6.212510172964869e-09,0.3000000032408927,0.3,0.009000000194263334,1.2464024011662484e-06,0.3749999035602809,True
59.0,16.19623023723489,4.1251622947195825,17.689783189336207,-9.366104352733117e-08,1.0271499317759947e-08,0.3000000032408612,0.3,0.009000000194286614,-2.1650047813815123e-07,0.37499990328832117,True
59.050000000000004,16.206836838737253,4.135768896881977,17.704783189241535,-9.319433104306082e-08,9.694595459741606e-09,0.3000000032408338,0.3,0.009000000194566907,2.5426049362152026e-07,0.3749999039263741,True
59.1,16.21744344205366,4.146375497230328,17.719783189146863,-9.529306485128698e-08,-8.592000222407137e-09,0.3000000032408532,0.3,0.009000000194977575,1.5696848478541205e-06,0.37499990215511114,True
59.150000000000006,16.228050042445666,4.156982100503085,17.734783189052195,-9.325606458883099e-08,5.004737846370233e-09,0.3000000032409405,0.3,0.009000000194073291,-3.033716111697065e-07,0.37499990525752824,True
59.2,16.238656643574693,4.167588703038821,17.749783188957526,-9.226137020507218e-08,8.647766058800244e-09,0.30000000324087694,0.3,0.00900000019431642,2.36701352458067e-06,0.3749999051702433,True
59.25,16.249263243404553,4.1781953068737225,17.764783188862854,-8.942937874764104e-08,2.6523078067164363e-08,0.30000000324085435,0.3,0.009000000194074615,-3.6209414113428804e-07,0.3749999026932671,True
59.300000000000004,16.25986984297783,4.188801910965202,17.77978318876818,-8.623452950245326e-08,4.3350195322311436e-08,0.3000000032407919,0.3,0.009000000194901414,-3.932104196677085e-07,0.3749999008904626,True
59.35,16.270476447317815,4.199408510289976,17.79478318867351,-8.978081758940674e-08,1.090742984821702e-08,0.3000000032408672,0.3,0.009000000194777084,8.864269557986203e-07,0.3749999069796757,True
59.400000000000006,16.28108304984494,4.210015111427611,17.80978318857884,-9.076333435849859e-08,7.507140464824147e-10,0.3000000032409211,0.3,0.009000000194338288,-5.795243208116287e-07,0.3749999090137036,True
59.45,16.291689652721214,4.220621712216104,17.824783188484172,-9.223961820025622e-08,-1.2731697140999643e-08,0.3000000032409017,0.3,0.009000000194440241,1.6904557155309198e-06,0.37499990397906774,True
59.5,16.302296254442684,4.231228314159398,17.839783188389504,-9.208276723092906e-08,-1.1862228310732803e-08,0.3000000032408994,0.3,0.009000000193810538,-2.530182921474629e-07,0.374999904394151,True
59.550000000000004,16.31290285544708,4.241834916819759,17.85478318829483,-9.09118218042022e-08,-5.164640493049433e-09,0.30000000324079273,0.3,0.009000000193934817,2.382245791837855e-06,0.37499990755428,True
59.6,16.32350945530685,4.252441520624741,17.869783188200156,-8.812213617405177e-08,1.3881371496715644e-08,0.3000000032407077,0.3,0.009000000196155676,1.4556331108023623e-06,0.3749999077550965,True
59.650000000000006,16.33411605184372,4.263048127752632,17.884783188105484,-8.063315125432114e-08,6.342673997128401e-08,0.3000000032409918,0.3,0.009000000193923403,-1.3071760092995342e-06,0.3749999005291072,True
59.7,16.34472265429327,4.273654728967845,17.899783188010815,-8.150596189510285e-08,4.7116082591003305e-08,0.30000000324090287,0.3,0.00900000019365249,1.4779249863567826e-06,0.37499990450056175,True
59.75,16.355329257051633,4.284261329874242,17.914783187916143,-8.281549877756337e-08,3.120333424977417e-08,0.3000000032407699,0.3,0.009000000193811584,-7.85476451628048e-07,0.374999907917111,True
59.800000000000004,16.365935858900887,4.294867931689737,17.929783187821464,-8.283936859041557e-08,2.4602901382841935e-08,0.30000000324066467,0.3,0.009000000193798836,1.8145459491008283e-06,0.37499990985356974,True
59.85,16.376542460380904,4.305474533874461,17.94478318772678,-8.234106772998747e-08,2.401113874395122e-08,0.30000000324055837,0.3,0.009000000195332354,3.5588535691582e-07,0.3749999105276241,True
59.900000000000006,16.38714905972948,4.3160811381906266,17.959783187632098,-7.882845124030861e-08,4.3792636961192954e-08,0.3000000032407074,0.3,0.009000000194891037,2.6606577481429086e-07,0.3749999081651357,True
59.95,16.39775566163792,4.326687739946938,17.97478318753742,-7.893602142605928e-08,3.593382835731518e-08,0.3000000032407818,0.3,0.009000000194967222,9.215957861983343e-07,0.3749999103916316,True
60.0,16.408362262657164,4.33729434259245,17.989783187442747,-7.778607629998584e-08,3.817292748564683e-08,0.30000000324086806,0.3,0.009000000194097527,-8.785185041246974e-07,0.37499991087656437,True
60.050000000000004,16.418968865590493,4.347900943323878,18.004783187348075,-7.934305598571298e-08,1.998124476987329e-08,0.3000000032408093,0.3,0.009000000193814604,1.3001704995693413e-06,0.37499991472251437,True
60.1,16.42957546817575,4.358507544403374,18.019783187253395,-8.040778844827439e-08,8.547104912715042e-09,0.30000000324070414,0.3,0.009000000194875662,3.035341310534967e-07,0.3749999170537214,True
60.150000000000006,16.440182068700793,4.369114147543082,18.034783187158723,-7.855894178569726e-08,1.8212555463748004e-08,0.300000003240776,0.3,0.00900000019473097,4.6167385355946646e-07,0.3749999160319293,True
60.2,16.450788670636136,4.379720749272493,18.049783187064044,-7.870455719583274e-08,1.291087570187699e-08,0.3000000032408232,0.3,0.009000000195560862,1.2780982804578063e-06,0.3749999174609127,True
60.25,16.46139527093253,4.3903273526408615,18.06478318696938,-7.653234559513082e-08,2.5005125525723315e-08,0.3000000032410075,0.3,0.009000000193372572,-1.5546701051033564e-06,0.3749999160411322,True
60.300000000000004,16.472001874535767,4.400933952702391,18.07978318687471,-7.903671090594698e-08,1.1077194717046268e-09,0.3000000032408271,0.3,0.00900000019374923,6.334767354436644e-07,0.37499992063429644,True
60.35,16.482608479685915,4.411540551216998,18.094783186780035,-8.372874570296066e-08,-3.4296154360902165e-08,0.30000000324071097,0.3,0.009000000194880483,-6.264596656018536e-08,0.37499990608529654,True
60.400000000000006,16.49321508249349,4.422147152074174,18.109783186685355,-8.510788415607763e-08,-4.3067459265522245e-08,0.3000000032407836,0.3,0.009000000194753308,3.705955074580167e-07,0.3749999021010806,True
60.45,16.503821685892603,4.432753752339816,18.124783186590683,-8.732358357210588e-08,-5.6531183179053806e-08,0.30000000324083437,0.3,0.00900000019505172,1.1481454943879501e-06,0.37499989588665517,True
60.5,16.514428287313493,4.443360354583687,18.13978318649601,-8.674164891069955e-08,-4.8382329809193436e-08,0.3000000032409341,0.3,0.0090000001943586,2.718931184556554e-07,0.37499989888879925,True
60.550000000000004,16.525034888769557,4.453966956792386,18.154783186401346,-8.620945540642128e-08,-4.199531000725898e-08,0.30000000324091797,0.3,0.009000000194577001,2.879538398673768e-06,0.37499990131793765,True
60.6,16.53564148721927,4.4645735620074385,18.169783186306677,-8.142563742297446e-08,-4.702998768202349e-09,0.3000000032409382,0.3,0.009000000194059497,1.1454673933799923e-07,0.374999917177572,True
60.650000000000006,16.546248085380952,4.475180167510518,18.18478318621201,-7.623448532867544e-08,2.9780686139346813e-08,0.3000000032408724,0.3,0.00900000019489686,-7.103938222716935e-07,0.37499991492065093,True
60.7,16.556854689559053,4.485786766997181,18.19978318611734,-7.955183446600638e-08,1.842300756393911e-10,0.3000000032409461,0.3,0.009000000194610476,1.1242415183438073e-06,0.3749999203934492,True
60.75,16.56746129235718,4.4963933678638215,18.21478318602267,-8.091760263978219e-08,-1.138921623677902e-08,0.3000000032409716,0.3,0.009000000193887624,-6.989586252443622e-07,0.3749999156998002,True
60.800000000000004,16.578067895142503,4.506999968743261,18.229783185928007,-8.226526450732445e-08,-2.275854471545102e-08,0.30000000324087694,0.3,0.009000000193908814,2.1404632172124286e-06,0.37499991097544777,True
60.85,16.588674496406234,4.517606571144288,18.244783185833334,-8.146107509391065e-08,-1.5988358081919785e-08,0.30000000324078674,0.3,0.00900000019430424,-1.500589159702729e-07,0.37499991379038256,True
60.900000000000006,16.59928109646981,4.528213174745467,18.25978318573866,-7.895961008032678e-08,5.796655377920956e-10,0.30000000324076304,0.3,0.009000000194338687,1.0334623135951837e-06,0.37499992086822925,True
60.95,16.609887698416422,4.538819776463607,18.274783185643983,-7.912116569713985e-08,-2.6122309870757476e-09,0.30000000324074527,0.3,0.009000000195117238,4.803713643820979e-07,0.37499992010300176,True
61.0,16.620494299232067,4.549426379312719,18.28978318554931,-7.768328759543823e-08,5.449026785342426e-09,0.3000000032408568,0.3,0.009000000194572429,-1.0866659543338518e-06,0.3749999206983515,True
61.050000000000004,16.63110090366322,4.560032978546326,18.30478318545464,-8.135850790687696e-08,-2.433391688150266e-08,0.3000000032408769,0.3,0.009000000193488953,2.015295652326368e-06,0.37499991141431877,True
61.1,16.641707505854985,4.570639580019316,18.319783185359963,-8.186675689556591e-08,-2.6718525836244567e-08,0.3000000032407171,0.3,0.009000000194327389,1.4822933641325538e-08,0.37499991019784096,True
61.150000000000006,16.652314105971595,4.5812461835674565,18.334783185265287,-7.944029833891834e-08,-9.441603832094358e-09,0.3000000032406979,0.3,0.009000000194251734,1.7775537887266401e-06,0.3749999177555453,True
61.2,16.662920706442303,4.591852786761496,18.349783185170608,-7.751461449159813e-08,3.591635766575507e-09,0.3000000032406664,0.3,0.009000000195148319,3.7529320523948867e-07,0.37499992141866967,True
61.25,16.673527306040206,4.602459390828342,18.36478318507593,-7.435459429340283e-08,2.305925472789738e-08,0.30000000324078385,0.3,0.009000000194818778,-1.811642482956232e-06,0.37499991879680705,True
61.300000000000004,16.684133911726526,4.6130659888067775,18.379783184981253,-7.980489017045026e-08,-2.1540130679120747e-08,0.3000000032408455,0.3,0.009000000193393894,1.3198629063012134e-06,0.37499991379769104,True
61.35,16.694740516390567,4.623672587807488,18.394783184886577,-8.380946940498401e-08,-4.9278986113954204e-08,0.3000000032406703,0.3,0.009000000194164949,-7.37965835568579e-07,0.3749999015546719,True
61.400000000000006,16.7053471192946,4.634279188568198,18.40978318479189,-8.532503067968812e-08,-5.785275802860923e-08,0.30000000324062465,0.3,0.009000000194126867,1.5400154053416827e-06,0.37499989749270046,True
61.45,16.715953722038755,4.644885789488785,18.42478318469721,-8.661448607960207e-08,-6.249681694381337e-08,0.30000000324057313,0.3,0.009000000195102782,4.519546939315609e-07,0.37499989482395957,True
61.5,16.726560322630807,4.6554923925614755,18.439783184602526,-8.486040956979404e-08,-4.590084390354576e-08,0.300000003240684,0.3,0.009000000194837503,1.1026851016157812e-06,0.3749999015070399,True
61.550000000000004,16.73716692387173,4.666098994985302,18.454783184507846,-8.402397045727885e-08,-3.7111198558648084e-08,0.3000000032407497,0.3,0.009000000195949199,2.0426035952641516e-06,0.3749999049540037,True
61.6,16.747773522227828,4.676705600293964,18.469783184413174,-7.910776541790077e-08,7.146350178288685e-11,0.3000000032409992,0.3,0.009000000193464534,-7.318598757514939e-07,0.37499992087101,True
61.650000000000006,16.758380123302505,4.6873122028840495,18.48478318431851,-7.803620998399353e-08,4.507573980738755e-09,0.3000000032408341,0.3,0.009000000194022847,7.2489460736564e-07,0.3749999206250405,True
61.7,16.76898672678379,4.69791880306752,18.499783184223833,-8.036811633914786e-08,-1.4577366203027964e-08,0.30000000324076326,0.3,0.009000000194803834,-4.279573610681329e-08,0.37499991530240595,True
61.75,16.779593329184046,4.708525404332021,18.514783184129158,-8.117121738691202e-08,-2.1362540181257827e-08,0.30000000324082265,0.3,0.00900000019474643,-2.623180901698191e-07,0.3749999124841082,True
61.800000000000004,16.790199933411795,4.71913200376903,18.529783184034486,-8.455878294310622e-08,-4.5769419698693525e-08,0.3000000032408719,0.3,0.009000000195063784,1.0901612354110357e-06,0.37499990184769955,True
61.85,16.80080653595318,4.729738604892411,18.54478318393982,-8.55614622115155e-08,-4.995306435162661e-08,0.3000000032409733,0.3,0.009000000193703348,-1.053794273400409e-06,0.3749998996024778,True
61.900000000000006,16.811413139822193,4.7403452046881585,18.55978318384515,-8.844169509620086e-08,-6.826452603192479e-08,0.3000000032408481,0.3,0.009000000193505919,1.638381616553018e-06,0.374999891283741,True
61.95,16.82201974307275,4.7509518051023525,18.574783183750473,-9.044730797677647e-08,-7.679027669293959e-08,0.30000000324069137,0.3,0.009000000194551178,4.32079608882503e-09,0.3749998867459802,True
62.0,16.832626344414155,4.7615584074256985,18.589783183655797,-8.975296976821597e-08,-6.642871730466737e-08,0.3000000032407096,0.3,0.009000000195088537,-9.733455890706707e-08,0.37499989051770144,True
62.050000000000004,16.843232948750167,4.77216500675444,18.604783183561118,-9.329364508864816e-08,-8.70496195126691e-08,0.3000000032408167,0.3,0.0090000001948737,1.3304669033072992e-06,0.3749998808526184,True
62.1,16.853839551018154,4.78277160815121,18.619783183466446,-9.390968971714356e-08,-8.399886886056863e-08,0.30000000324088716,0.3,0.009000000194157807,-1.9301249321864657e-07,0.3749998811426467,True
62.150000000000006,16.864446153329123,4.793378209505001,18.634783183371773,-9.458651639293654e-08,-8.265596529444252e-08,0.30000000324083814,0.3,0.009000000193915874,2.573298479774601e-06,0.37499988086466235,True
62.2,16.8750527535729,4.80398481292598,18.6497831832771,-9.23398937143586e-08,-5.912856981815651e-08,0.3000000032407495,0.3,0.009000000194198318,-1.1687244162419152e-08,0.37499989009892126,True
62.25,16.885659353079003,4.814591417084627,18.664783183182426,-8.905004885112465e-08,-3.236452617016994e-08,0.3000000032407086,0.3,0.009000000195588564,-1.1633749736451252e-06,0.37499990133768696,True
62.300000000000004,16.896265958925788,4.825198014902598,18.67978318308775,-9.47272777276694e-08,-7.229994836155385e-08,0.30000000324089865,0.3,0.009000000194298445,1.0142452920513354e-06,0.3749998837996379,True
62.35,16.906872563494804,4.835804613998342,18.694783182993078,-9.859746584025765e-08,-9.392251743012282e-08,0.3000000032408729,0.3,0.009000000194078919,-8.144050800060874e-07,0.37499987350754704,True
62.400000000000006,16.917479167552298,4.846411213605606,18.709783182898406,-1.0174425332165377e-07,-1.0931598837249369e-07,0.30000000324081094,0.3,0.00900000019356406,2.4758381422632245e-06,0.3749998657888989,True
62.45,16.928085769361093,4.857017815461561,18.72478318280373,-1.0171090645316359e-07,-9.862008765182395e-08,0.3000000032406642,0.3,0.00900000019446093,3.0953750152902607e-07,0.3749998689989281,True
62.5,16.938692368905283,4.867624419582117,18.739783182709047,-9.847492706592817e-08,-6.786185857698968e-08,0.3000000032406677,0.3,0.009000000194289485,2.389352509817145e-06,0.3749998813701012,True
62.550000000000004,16.949298968409497,4.878231023742648,18.754783182614368,-9.518241241747742e-08,-3.864739439585208e-08,0.30000000324064274,0.3,0.009000000195392788,1.0329426027112352e-06,0.37499989333931155,True
62.6,16.959905566221686,4.8888376295952085,18.76978318251969,-8.94970128022203e-08,3.479820764873409e-09,0.300000003240801,0.3,0.009000000194416411,-1.15938928442221e-06,0.3749999094694804,True
62.650000000000006,16.9705121698091,4.899444229672547,18.784783182425013,-9.197901057587004e-08,-1.7737857738175933e-08,0.30000000324079573,0.3,0.009000000193642733,1.5334375134292285e-06,0.37499990275284567,True
62.7,16.98111877289447,4.9100508302519295,18.799783182330337,-9.375100939951808e-08,-3.0021722885464897e-08,0.3000000032406622,0.3,0.009000000194390434,-4.321360751828445e-07,0.37499989733253897,True
62.75,16.991725374682623,4.920657432128521,18.814783182235654,-9.368847639633195e-08,-2.9324148442810838e-08,0.30000000324065407,0.3,0.009000000194539302,9.127409772541836e-07,0.37499989760225155,True
62.800000000000004,17.002331977660727,4.931264032815164,18.82978318214097,-9.530878481932467e-08,-3.9705981391691125e-08,0.30000000324067067,0.3,0.009000000194995125,3.829017802646121e-07,0.37499989289853886,True
62.85,17.01293857925472,4.941870634885921,18.844783182046296,-9.497165960211327e-08,-3.553942240497321e-08,0.3000000032407627,0.3,0.009000000194701164,-1.3773481406547963e-06,0.37499989447313203,True
62.900000000000006,17.023545184797957,4.952477233007437,18.85978318195162,-1.0021961075560333e-07,-7.225085907336393e-08,0.30000000324080506,0.3,0.009000000194019954,1.5042468706743902e-06,0.3749998783218844,True
62.95,17.034151788902648,4.9630838325675,18.874783181856944,-1.0343314663563996e-07,-8.894633241052219e-08,0.300000003240734,0.3,0.009000000194166753,-4.098306402464367e-07,0.3749998701497931,True
63.0,17.04475839132954,4.973690433805356,18.889783181762265,-1.0427392487811667e-07,-8.837165865749341e-08,0.30000000324068804,0.3,0.00900000019438389,1.2817144938563595e-06,0.374999869479693,True
63.050000000000004,17.055364994255935,4.984297034543709,18.904783181667586,-1.0582110216260574e-07,-9.176917858955136e-08,0.30000000324067855,0.3,0.00900000019507924,5.853560234931277e-07,0.37499986692345233,True
63.1,17.06597159539075,4.994903637073647,18.91978318157291,-1.0483460177737034e-07,-7.740265783873213e-08,0.30000000324078446,0.3,0.009000000194684379,-1.3003407807286588e-07,0.3749998721768092,True
63.150000000000006,17.076578198858314,5.005510237270839,18.934783181478238,-1.0714710430188328e-07,-8.82357904519182e-08,0.3000000032408238,0.3,0.0090000001947149,1.8573055993255174e-06,0.3749998666468664,True
63.2,17.087184800286487,5.016116839507425,18.949783181383566,-1.0657546944700591e-07,-7.636467602711859e-08,0.30000000324086784,0.3,0.009000000193760594,-5.670381039203241e-07,0.37499987074422214,True
63.25,17.09779140221899,5.026723441239677,18.96478318128889,-1.0671706856063213e-07,-7.229406528974636e-08,0.30000000324075315,0.3,0.009000000194579156,4.843667405407723e-07,0.37499987181159433,True
63.300000000000004,17.108398006635387,5.037330040488033,18.979783181194215,-1.1037142422740585e-07,-9.273035617152203e-08,0.30000000324077536,0.3,0.009000000194799879,8.393614723257387e-08,0.37499986208766056,True
63.35,17.119004610076534,5.047936640711643,18.994783181099542,-1.126465667158829e-07,-1.0154678364848735e-07,0.300000003240834,0.3,0.009000000194928215,-6.028961745570552e-07,0.37499985719403917,True
63.400000000000006,17.12961121551655,5.0585432389363865,19.00978318100487,-1.1774853695293436e-07,-1.2977080898757265e-07,0.3000000032409133,0.3,0.009000000194525586,2.0197762865416436e-06,0.3749998437095338,True
63.45,17.14021781795184,5.069149840165862,19.0247831809102,-1.1860117441776995e-07,-1.234401683092301e-07,0.300000003240925,0.3,0.009000000194135873,4.0754589370409174e-07,0.3749998447370965,True
63.5,17.15082441840722,5.079756443375244,19.039783180815533,-1.1665380131322549e-07,-9.907317866097998e-08,0.300000003240872,0.3,0.009000000194186569,3.4570099202219054e-06,0.3749998539214652,True
63.550000000000004,17.161431016220643,5.090363049226579,19.05478318072086,-1.109701388482646e-07,-4.9051628425722527e-08,0.30000000324082793,0.3,0.00900000019410648,6.702157905714413e-07,0.37499987446152766,True
63.6,17.17203761285685,5.100969656255127,19.06978318062619,-1.0362164391762601e-07,5.658568613675641e-09,0.30000000324077103,0.3,0.009000000194840006,-6.136293239110246e-07,0.3749998946977612,True
63.650000000000006,17.182644216127553,5.111576256649182,19.084783180531513,-1.0565574015951307e-07,-1.229197577057306e-08,0.3000000032408363,0.3,0.009000000194544923,1.3620706720175139e-06,0.37499989069354306,True
63.7,17.193250818473324,5.122182857968171,19.099783180436845,-1.0638178546566387e-07,-1.7892939241370698e-08,0.300000003240852,0.3,0.009000000193859768,-9.124662536306129e-07,0.37499988830401154,True
63.75,17.20385742127056,5.132789458835689,19.114783180342165,-1.0774630196173163e-07,-2.8828129550184656e-08,0.30000000324075393,0.3,0.00900000019373038,1.6631347866094629e-06,0.37499988369174364,True
63.800000000000004,17.214464023806723,5.143396059964272,19.129783180247486,-1.0874161121613987e-07,-3.438933782184961e-08,0.30000000324063536,0.3,0.009000000194853666,2.708204999308851e-07,0.3749998810447555,True
63.85,17.2250706241932,5.15400266324254,19.144783180152807,-1.0669680759416421e-07,-1.882892675109105e-08,0.30000000324070425,0.3,0.00900000019517973,-9.055314764957944e-07,0.3749998877110012,True
63.900000000000006,17.23567722894422,5.164609262156275,19.15978318005813,-1.1082439101209619e-07,-4.911910178595491e-08,0.30000000324082654,0.3,0.009000000194706044,8.50328797120427e-07,0.37499987458723594,True
63.95,17.246283833088675,5.175215861676578,19.17478317996346,-1.140941619516701e-07,-6.906507776793802e-08,0.30000000324086906,0.3,0.009000000194239372,-6.575782793873227e-07,0.37499986539351027,True
64.0,17.25689043690512,5.185822461524891,19.189783179868787,-1.1690005472665872e-07,-8.458509948017222e-08,0.30000000324083376,0.3,0.00900000019328911,2.6050287638364733e-06,0.37499985797817115,True
64.05,17.26749703794713,5.196429064147633,19.20478317977411,-1.1578230842869103e-07,-6.878379965602477e-08,0.30000000324064124,0.3,0.009000000194515027,3.283403185653583e-07,0.3749998637889034,True
64.10000000000001,17.278103636910796,5.207035668848711,19.219783179679425,-1.1172534527984536e-07,-3.538389381496643e-08,0.30000000324065396,0.3,0.009000000194932174,3.7757771618213744e-07,0.37499987776563837,True
64.15,17.28871023951557,5.2176422699086835,19.234783179584745,-1.1281768373605231e-07,-4.174389667266354e-08,0.3000000032407357,0.3,0.009000000195176973,8.967120099767342e-07,0.374999874784379,True
64.2,17.299316841201875,5.228248871887132,19.249783179490073,-1.1261110856659555e-07,-3.795848846355199e-08,0.30000000324085724,0.3,0.009000000194411207,-5.527798678060743e-07,0.37499987611522045,True
64.25,17.309923444424037,5.238855472329729,19.2647831793954,-1.1457655722600408e-07,-5.077992448754288e-08,0.3000000032408506,0.3,0.009000000193789418,1.7112132453360462e-06,0.3749998703418054,True
64.3,17.320530046465237,5.249462073953284,19.279783179300725,-1.1487187592777919e-07,-4.906254724712511e-08,0.30000000324074083,0.3,0.009000000194056529,-4.856035698392686e-07,0.3749998705565477,True
64.35000000000001,17.33113664822918,5.26006867585409,19.294783179206046,-1.1477509795199518e-07,-4.6146075849407004e-08,0.3000000032406765,0.3,0.009000000194764681,5.469900754195275e-07,0.3749998715195177,True
64.4,17.34174325211399,5.270675275634028,19.309783179111367,-1.1767768267292243e-07,-6.401093977093097e-08,0.30000000324073023,0.3,0.009000000195144983,5.218473588258444e-07,0.3749998633110685,True
64.45,17.35234985438105,5.281281877031724,19.32478317901669,-1.1829241533215935e-07,-6.389284645802462e-08,0.3000000032408465,0.3,0.009000000194552826,3.314955983860833e-07,0.3749998627314095,True
64.5,17.362956457021077,5.291888478056457,19.339783178922023,-1.194346023398186e-07,-6.762132054305425e-08,0.30000000324086346,0.3,0.009000000195364516,3.1525924653530757e-06,0.37499986048186573,True
64.55,17.373563055163608,5.302495083578692,19.354783178827354,-1.1421636049827441e-07,-2.4391103803367287e-08,0.30000000324101483,0.3,0.009000000193761055,6.200975702594191e-07,0.3749998785394817,True
64.60000000000001,17.384169652170527,5.313101690236539,19.36978317873269,-1.0739212509192321e-07,2.3990646136340388e-08,0.30000000324089876,0.3,0.009000000194403585,4.332989147446504e-07,0.37499988548265306,True
64.65,17.394776253526278,5.3237082925455494,19.384783178638017,-1.0671806870970704e-07,2.383311914488928e-08,0.30000000324089043,0.3,0.00900000019480465,3.852166149510769e-07,0.37499988620349495,True
64.7,17.405382855301642,5.334314894434947,19.399783178543352,-1.0663743505262016e-07,1.9482976898466123e-08,0.30000000324094866,0.3,0.009000000194312982,-9.299512658763734e-07,0.37499988757612085,True
64.75,17.4159894594835,5.344921493917853,19.41478317844868,-1.0996009612675728e-07,-9.201124417934636e-09,0.3000000032409248,0.3,0.009000000194133658,1.2583700283738833e-06,0.37499988730716993,True
64.8,17.426596062542753,5.355528094523365,19.429783178354015,-1.1169515444307442e-07,-2.2299473600995153e-08,0.30000000324087145,0.3,0.00900000019414469,-1.8092754616031376e-07,0.3749998816819019,True
64.85000000000001,17.437202664307623,5.366134696423254,19.444783178259343,-1.1159967901599412e-07,-2.20277804885427e-08,0.30000000324082043,0.3,0.009000000194572371,2.782978149356353e-07,0.3749998818580702,True
64.9,17.447809267855174,5.37674129654046,19.45978317816467,-1.140252991657114e-07,-3.9250335648333134e-08,0.30000000324084086,0.3,0.009000000194808962,2.74461718710038e-07,0.37499987431735127,True
64.95,17.458415870768963,5.387347897291431,19.47478317807,-1.1555464334005479e-07,-4.8344211411865956e-08,0.3000000032409003,0.3,0.00900000019456224,9.072492353329206e-08,0.374999870087126,True
65.0,17.469022474103802,5.397954497621356,19.48978317797533,-1.1767943754291019e-07,-6.078625547356609e-08,0.30000000324091824,0.3,0.009000000194496777,2.583040222653531e-06,0.3749998642670448,True
65.05,17.47962907359023,5.40856110179969,19.50478317788066,-1.1436176247682757e-07,-3.202026910287259e-08,0.3000000032409252,0.3,0.009000000193705312,-7.04859341910492e-09,0.3749998761282176,True
65.10000000000001,17.49023567278333,5.419167706271351,19.51978317778599,-1.1062925516634699e-07,-4.999536007410654e-09,0.3000000032408008,0.3,0.009000000194230326,1.1140024797468828e-06,0.3749998878858827,True
65.15,17.500842274393534,5.429774308325903,19.534783177691317,-1.103150539270694e-07,-4.201065606501686e-09,0.3000000032407647,0.3,0.009000000194706302,3.546907496110455e-07,0.3749998884372296,True
65.2,17.511448875299003,5.440380911085188,19.54978317759664,-1.0900420635386701e-07,3.054437036631441e-09,0.3000000032408079,0.3,0.009000000194718135,-1.2921352226835149e-08,0.3749998900886259,True
65.25,17.522055478124102,5.450987511924846,19.56478317750197,-1.1040812463420392e-07,-9.805603884416314e-09,0.30000000324085263,0.3,0.009000000194752236,1.6599431776553945e-06,0.37499988667961104,True
65.3,17.532662078851775,5.461594114861935,19.5797831774073,-1.0884583366215019e-07,6.330568291801342e-10,0.30000000324090254,0.3,0.00900000019382835,-6.836745776254058e-07,0.37499989096614844,True
65.35000000000001,17.543268680523013,5.472200716855454,19.594783177312625,-1.0861794605765927e-07,-9.011996704444414e-10,0.30000000324079873,0.3,0.009000000193598468,1.8552549605673398e-06,0.3749998911143976,True
65.4,17.553875282020694,5.482807319022523,19.60978317721795,-1.0814461657573105e-07,1.0508510728257647e-09,0.30000000324065784,0.3,0.009000000194490456,-7.756079701451359e-08,0.3749998915432806,True
65.45,17.564481882289353,5.49341392241861,19.624783177123266,-1.0593318971774395e-07,1.382200753852203e-08,0.3000000032406663,0.3,0.00900000019470836,8.17739282394876e-07,0.37499988996167405,True
65.5,17.575088484338593,5.504020524034117,19.639783177028587,-1.0623988656554873e-07,8.07355227117057e-09,0.3000000032407108,0.3,0.009000000195928887,1.382769535849748e-06,0.3749998913622684,True
65.55,17.58569508386712,5.514627128170348,19.65478317693391,-1.0298174626531444e-07,2.8391932804794354e-08,0.30000000324095727,0.3,0.009000000194341908,6.371814771159003e-07,0.37499988858584976,True
65.60000000000001,17.5963016834567,5.525233732245532,19.669783176839246,-9.980994723349415e-08,4.5487363986573826e-08,0.3000000032409381,0.3,0.009000000194257108,1.77244153826915e-06,0.37499988668030576,True
65.65,17.606908282238194,5.5358403371288025,19.684783176744578,-9.549533882058529e-08,6.953842424106682e-08,0.3000000032409051,0.3,0.009000000194108073,-1.0544994492811932e-07,0.37499988385174954,True
65.7,17.61751488197709,5.546446941054666,19.69978317664991,-9.253470654782925e-08,8.033354448322426e-08,0.3000000032408477,0.3,0.009000000194632062,-4.028139961497139e-07,0.37499988360623115,True
65.75,17.62812148548143,5.557053541215086,19.714783176555237,-9.489921430279571e-08,5.2300443864616846e-08,0.3000000032408777,0.3,0.009000000194659352,1.7756665065318394e-07,0.37499988956755403,True
65.8,17.638728088812485,5.567660141548794,19.729783176460565,-9.701865825858887e-08,2.9319177641262684e-08,0.30000000324091197,0.3,0.009000000194339487,-5.089835828719975e-07,0.374999894273546,True
65.85000000000001,17.649334692534254,5.578266741491789,19.7447831763659,-9.96906541767379e-08,4.442788692493593e-09,0.3000000032408929,0.3,0.009000000193872799,1.3656174145323955e-06,0.37499989898983754,True
65.9,17.659941294508837,5.588873343181966,19.759783176271227,-9.989176105062222e-08,7.730565076968787e-10,0.30000000324079656,0.3,0.009000000193968434,-6.667629140448553e-07,0.3749998998786412,True
65.95,17.670547896676865,5.5994799446786905,19.774783176176552,-1.0036644523076649e-07,-5.713030160059418e-09,0.3000000032407171,0.3,0.009000000194248556,1.1021066496247523e-06,0.37499989793678484,True
66.0,17.68115449949761,5.610086545522696,19.789783176081873,-1.0176420937670231e-07,-1.6902772959070944e-08,0.3000000032406848,0.3,0.009000000195751048,1.0293759603784527e-06,0.37499989321566707,True
66.05,17.691761099392462,5.620693149292598,19.804783175987197,-9.902413490002434e-08,2.183492608942572e-09,0.30000000324090204,0.3,0.009000000194363844,-2.2471142584397499e-07,0.3749999003273678,True
66.10000000000001,17.70236770138379,5.631299750966034,19.819783175892532,-9.92489200242596e-08,-2.413889310659556e-09,0.30000000324088705,0.3,0.009000000194125357,1.3296829428996558e-06,0.37499990003415484,True
66.15,17.712974302983735,5.641906353030849,19.83478317579786,-9.892020673440485e-08,-1.6508040490137432e-09,0.3000000032408327,0.3,0.009000000194283549,1.1404346272982028e-07,0.37499990058950444,True
66.2,17.723580903891715,5.652512955787624,19.849783175703188,-9.761291071034402e-08,5.159041860380853e-09,0.3000000032408051,0.3,0.009000000194372576,1.135871805354273e-06,0.3749999008548539,True
66.25,17.73418750513932,5.663119558204774,19.864783175608512,-9.678591978620823e-08,8.509366988818101e-09,0.30000000324079257,0.3,0.009000000195206005,7.44746613200466e-07,0.3749999006867982,True
66.3,17.744794105196302,5.673726161812554,19.879783175513843,-9.427512402716093e-08,2.3117717184994998e-08,0.30000000324091836,0.3,0.009000000194518225,-5.293697350132453e-07,0.374999898858914,True
66.35000000000001,17.755400708002544,5.684332762671078,19.894783175419175,-9.565236832073575e-08,8.001575069194189e-09,0.30000000324092885,0.3,0.009000000194089083,1.9627105226121487e-06,0.3749999019711639,True
66.4,17.76600730894343,5.694939365394953,19.909783175324502,-9.439160544089145e-08,1.4626038158382926e-08,0.30000000324086806,0.3,0.009000000193760275,-4.6039380789534824e-07,0.37499990126446126,True
66.45,17.776613909537506,5.705545968465634,19.92478317522983,-9.26403814750624e-08,2.2481718708888817e-08,0.3000000032407533,0.3,0.009000000194115308,1.3471635353718504e-06,0.37499990068254807,True
66.5,17.787220511265573,5.716152570402316,19.939783175135155,-9.249286878764244e-08,1.9349911006827373e-08,0.3000000032406986,0.3,0.009000000194570246,-5.5448829057760696e-08,0.37499990176020764,True
66.55,17.79782711221256,5.7267591731200795,19.954783175040475,-9.124073890417296e-08,2.3446354413536593e-08,0.30000000324071985,0.3,0.009000000194797011,3.526435805208562e-07,0.37499990179569387,True
66.60000000000001,17.808433714924327,5.737365774073062,19.969783174945796,-9.248438779866024e-08,9.790657951036508e-09,0.3000000032407785,0.3,0.009000000194552148,-8.247841705310046e-07,0.37499990460778676,True
66.65,17.81904031908551,5.747972373576633,19.98478317485112,-9.577781751943858e-08,-1.7597642454347806e-08,0.300000003240796,0.3,0.00900000019451297,4.1456018463887365e-07,0.3749998989956827,True
66.7,17.82964692350443,5.758578972822466,19.999783174756445,-9.943574420450038e-08,-4.388073404637538e-08,0.30000000324080683,0.3,0.009000000194628061,7.429467464363917e-07,0.3749998875316779,True
66.75,17.840253525413008,5.769185574578645,20.014783174661773,-9.954350594153097e-08,-4.217989391097632e-08,0.30000000324083664,0.3,0.009000000194530122,1.0196698185927773e-06,0.3749998879290657,True
66.8,17.850860126236473,5.779792177419939,20.0297831745671,-9.811668568699741e-08,-2.9677871937749956e-08,0.3000000032408499,0.3,0.009000000194390834,2.766763654026643e-07,0.3749998930689864,True
66.85000000000001,17.86146672771614,5.79039877960503,20.04478317447243,-9.761787486053868e-08,-2.549875688373504e-08,0.3000000032408399,0.3,0.009000000194479593,3.560412226818411e-07,0.3749998948089944,True
66.9,17.872073330345913,5.801005380640017,20.059783174377756,-9.874555986621257e-08,-3.3165384660804875e-08,0.30000000324084475,0.3,0.009000000194486671,4.527985429486974e-08,0.374999891404321,True
66.95,17.88267993345212,5.811611981198568,20.074783174283084,-1.0054702304494022e-07,-4.496243055651661e-08,0.30000000324085074,0.3,0.00900000019442649,9.559307288980304e-07,0.3749998860991352,True
67.0,17.893286535665744,5.822218582649703,20.089783174188412,-1.0108618464199278e-07,-4.605147363445639e-08,0.3000000032408467,0.3,0.009000000194615143,7.682807851381521e-07,0.37499988523652783,True
67.05,17.903893136583243,5.832825185396965,20.104783174093743,-9.979234682245084e-08,-3.42349801840669e-08,0.30000000324087395,0.3,0.009000000194594984,1.733664147730785e-06,0.3749998900398641,True
67.10000000000001,17.9144997360424,5.843431789602567,20.11978317399907,-9.643610337717605e-08,-8.535977480406132e-09,0.3000000032408976,0.3,0.009000000194945257,1.73208974332374e-06,0.3749999010287113,True
67.15,17.92510633350145,5.854038395808283,20.134783173904403,-9.025127744799515e-08,3.4366975043553794e-08,0.3000000032409791,0.3,0.009000000194647534,1.3255895232328649e-06,0.374999899541731,True
67.2,17.935712931211185,5.864645001763318,20.14978317380974,-8.442097023150416e-08,6.998581247863456e-08,0.3000000032410104,0.3,0.009000000194468153,1.563755963112214e-06,0.3749998947932438,True
67.25,17.94631952885986,5.875251607779413,20.164783173715076,-7.850431106997059e-08,1.0259989891014952e-07,0.3000000032410116,0.3,0.009000000194471468,1.0477395069253302e-06,0.3749998910235196,True
67.3,17.956926126628034,5.885858213676007,20.17978317362041,-7.275664849620887e-08,1.302543740644424e-07,0.3000000032410134,0.3,0.009000000193863293,-8.581121746320855e-07,0.3749998885578035,True
67.35000000000001,17.967532728323324,5.896464815645484,20.194783173525746,-7.256276783829902e-08,1.1467860361324966e-07,0.3000000032409143,0.3,0.009000000194362964,-1.8494063784180445e-07,0.3749998933776877,True
67.4,17.97813933243563,5.907071415197938,20.209783173431077,-7.578707266849136e-08,7.709954374934824e-08,0.30000000324089904,0.3,0.009000000194445234,8.644411671976446e-07,0.3749999013143632,True
67.45,17.988745933925422,5.9176780173729115,20.22478317333641,-7.530257543292298e-08,7.026798953813085e-08,0.3000000032408976,0.3,0.009000000194570226,7.799089397585312e-07,0.374999903827832,True
67.5,17.999352533753036,5.928284621210059,20.23978317324174,-7.246740862050336e-08,8.06589601776153e-08,0.3000000032409169,0.3,0.009000000194441537,1.1126841205649713e-06,0.3749999035768806,True
67.55,18.009959133046515,5.938891225581345,20.254783173147068,-6.887685588136035e-08,9.54810572828535e-08,0.3000000032409147,0.3,0.009000000194580473,1.6102316892207877e-06,0.3749999027652707,True
67.60000000000001,18.020565730725995,5.94949783156663,20.269783173052403,-6.300376490144426e-08,1.251243809674563e-07,0.3000000032409355,0.3,0.009000000194630757,1.6986475029202857e-06,0.37499989983429494,True
67.65,18.031172327046416,5.960104438910972,20.284783172957734,-5.520867538400558e-08,1.6522712664723826e-07,0.3000000032409645,0.3,0.009000000194047434,1.4672661853511545e-07,0.3749998957188697,True
67.7,18.041778925466584,5.970711044155569,20.299783172863066,-5.0383074728085274e-08,1.7920636763424372e-07,0.30000000324089643,0.3,0.009000000194358176,-7.42317004698211e-08,0.3749998963926361,True
67.75,18.052385526902064,5.981317646384851,20.314783172768397,-4.982177108158601e-08,1.6153978843469474e-07,0.30000000324088055,0.3,0.009000000194360536,-7.562733006017488e-07,0.3749999022009134,True
67.8,18.06299213010033,5.991924246851348,20.32978317267373,-5.175342507091384e-08,1.2775469826475927e-07,0.30000000324086523,0.3,0.009000000194317206,2.2780736492290465e-07,0.3749999103034306,True
67.85000000000001,18.0735987331777,6.002530847438739,20.344783172579056,-5.351410541204566e-08,9.93609928778838e-08,0.3000000032408429,0.3,0.009000000194511104,2.036182221499523e-07,0.3749999169756803,True
67.9,18.08420533483429,6.0131374494469085,20.359783172484388,-5.326550200765489e-08,8.810131124636911e-08,0.30000000324085296,0.3,0.009000000194489637,1.1766474335333906e-07,0.37499992056840903,True
67.95,18.09481193680229,6.023744051143667,20.374783172389716,-5.345729948933317e-08,7.487558839613939e-08,0.30000000324085935,0.3,0.009000000194454778,5.425997053771856e-07,0.3749999243046511,True
68.0,18.105418538329833,6.034350653280884,20.389783172295044,-5.302619356184086e-08,6.770067095818177e-08,0.3000000032408599,0.3,0.009000000194838417,6.927761078378164e-08,0.37499992686670747,True
68.05,18.11602513999033,6.044957255285149,20.404783172200375,-5.278311374271968e-08,5.966204519314289e-08,0.3000000032409241,0.3,0.009000000194116326,1.9346895733415805e-06,0.374999929497259,True
68.10000000000001,18.126631739358775,6.055563859581468,20.419783172105706,-4.929857929871983e-08,7.647216571093905e-08,0.30000000324086784,0.3,0.00900000019470074,3.772444194055513e-07,0.3749999279891879,True
68.15,18.137238337898662,6.0661704647063415,20.434783172011034,-4.464229113317419e-08,9.877948092817945e-08,0.3000000032409091,0.3,0.009000000194412846,1.1467119894791927e-07,0.3749999260202036,True
68.2,18.147844939447392,6.076777066822374,20.449783171916366,-4.424114885016341e-08,8.859954381268408e-08,0.30000000324090215,0.3,0.00900000019436244,5.249747189668245e-08,0.3749999294447871,True
68.25,18.158451541682215,6.087383668252312,20.464783171821697,-4.4810287908511086e-08,7.262288714837695e-08,0.30000000324088694,0.3,0.009000000194375492,1.577595464688101e-07,0.37499993362071493,True
68.3,18.169058144015914,6.097990269583376,20.47978317172703,-4.551925626104425e-08,5.741535580305879e-08,0.30000000324087406,0.3,0.009000000194413185,1.7187693078453557e-09,0.3749999374283833,True
68.35000000000001,18.179664746592074,6.108596870671977,20.494783171632356,-4.6571121501888266e-08,4.130142672309489e-08,0.30000000324086756,0.3,0.009000000194450748,1.3817406292318083e-07,0.37499994116235486,True
68.4,18.190271349382865,6.119203471545948,20.509783171537688,-4.7926517016844995e-08,2.4837897516505336e-08,0.30000000324086734,0.3,0.00900000019448385,1.6104029413117113e-06,0.37499994469662745,True
68.45,18.200877949557942,6.129810075035629,20.524783171443016,-4.5582737644960735e-08,3.7089313953408976e-08,0.3000000032408726,0.3,0.00900000019456517,5.984587061917615e-07,0.3749999434017362,True
68.5,18.211484548714242,6.140416679544088,20.539783171348343,-4.1798190561992625e-08,5.75567921101694e-08,0.3000000032408913,0.3,0.009000000194397114,3.922186748439459e-07,0.3749999411074424,True
68.55,18.22209114982379,6.151023282099302,20.554783171253675,-4.07759511041757e-08,5.627973176380863e-08,0.300000003240882,0.3,0.009000000194303744,-4.915108896078574e-07,0.37499994250896873,True
68.60000000000001,18.23269775284466,6.16162988274319,20.569783171159003,-4.2456730068122116e-08,3.5546759424853747e-08,0.30000000324085724,0.3,0.009000000194410279,2.2949497122813944e-07,0.37499994698588246,True
68.65,18.24330435642259,6.172236482830019,20.58478317106433,-4.492531171573092e-08,1.1909175756663615e-08,0.3000000032408504,0.3,0.00900000019433411,-9.854046973350849e-07,0.37499995153766313,True
68.7,18.25391096105977,6.1828430818576,20.59978317096966,-4.889189722491247e-08,-2.05443918543935e-08,0.30000000324083104,0.3,0.009000000194561795,2.8839116043000075e-07,0.3749999450064184,True
68.75,18.264517566016,6.193449680566129,20.614783170874986,-5.3309688996463746e-08,-5.19466649695488e-08,0.3000000032408496,0.3,0.009000000194541318,1.665263590154295e-06,0.3749999312621517,True
68.8,18.275124166641405,6.204056283605485,20.629783170780318,-5.1602766131411895e-08,-3.603461928847196e-08,0.30000000324086457,0.3,0.009000000194658755,6.276668062957679e-07,0.37499993769495205,True
68.85000000000001,18.28573076642447,6.214662887487181,20.64478317068565,-4.87045996731061e-08,-1.4066517395328049e-08,0.30000000324089887,0.3,0.009000000194370389,-3.702795379151703e-07,0.37499994711764467,True
68.9,18.296337369559854,6.225269488016561,20.65978317059098,-5.0547320485389126e-08,-2.8432775800446567e-08,0.300000003240885,0.3,0.009000000194232239,9.500261493519364e-07,0.37499994100814515,True
68.95,18.30694397235317,6.235876088888004,20.67478317049631,-5.19062914148928e-08,-3.70449333431111e-08,0.30000000324084836,0.3,0.009000000194488362,6.949041945729083e-07,0.3749999370913635,True
69.0,18.317550573312605,6.246482691593329,20.689783170401636,-5.06717610118112e-08,-2.6643605544052207e-08,0.3000000032408546,0.3,0.009000000194601622,1.2837931663592445e-06,0.3749999414150882,True
69.05,18.328157173600673,6.257089294970023,20.704783170306968,-4.848777057748417e-08,-1.0284550322481323e-08,0.3000000032408795,0.3,0.009000000194459536,9.458415482318488e-07,0.374999948457718,True
69.10000000000001,18.338763773244143,6.267695898991315,20.719783170212295,-4.539218194949738e-08,1.0553726226270044e-08,0.3000000032408806,0.3,0.009000000194664053,3.852204466829855e-07,0.3749999514733614,True
69.15,18.34937037424172,6.2783025016585,20.734783170117627,-4.421159175881539e-08,1.5352517035438495e-08,0.30000000324091564,0.3,0.00900000019437894,5.611248209699077e-07,0.37499995122871066,True
69.2,18.359976975889026,6.288909103675955,20.74978317002296,-4.394985672913713e-08,1.3284130351287615e-08,0.30000000324090303,0.3,0.009000000194330364,3.416012955896534e-07,0.37499995210475656,True
69.25,18.370583577622597,6.2995157056071465,20.764783169928286,-4.381011913957262e-08,1.0437143593833298e-08,0.3000000032408825,0.3,0.009000000194385722,5.252468387006239e-07,0.3749999530900492,True
69.3,18.38119017946226,6.310122307432247,20.77978316983362,-4.3820415189100993e-08,6.949736341965718e-09,0.30000000324087134,0.3,0.009000000194413105,9.165645066319748e-09,0.3749999541155131,True
69.35000000000001,18.391796781902162,6.320728908657102,20.79478316973895,-4.467958361052774e-08,-2.4716334534602424e-09,0.30000000324086484,0.3,0.009000000194405526,5.305951825056551e-07,0.3749999545863413,True
69.4,18.402403384465316,6.331335509758708,20.809783169644277,-4.571305490419979e-08,-1.1797535504065593e-08,0.3000000032408571,0.3,0.009000000194480566,3.2414933085598614e-07,0.3749999507830771,True
69.45,18.413009986549813,6.341942111338971,20.824783169549605,-4.6069600303456746e-08,-1.5500991934480624e-08,0.30000000324086196,0.3,0.009000000194542297,2.3762253368210926e-08,0.3749999493266051,True
69.5,18.423616589563032,6.352548711990514,20.839783169454936,-4.773955944625194e-08,-2.8251395001177574e-08,0.300000003240877,0.3,0.009000000194387528,6.299441686447536e-07,0.3749999438697763,True
69.55,18.434223192201667,6.363155313016639,20.854783169360264,-4.8879776929930996e-08,-3.5543373022584035e-08,0.30000000324086623,0.3,0.009000000194492038,2.7788580113497404e-07,0.37499994056384134,True
69.60000000000001,18.44482979443996,6.373761914443104,20.869783169265595,-4.945382409730452e-08,-3.829925621090525e-08,0.3000000032408729,0.3,0.009000000194414685,4.6493498432635374e-07,0.3749999391712969,True
69.65,18.45543639701504,6.384368515532789,20.884783169170923,-5.050415692790888e-08,-4.4000546539635366e-08,0.3000000032408666,0.3,0.00900000019439037,1.1682225178401733e-07,0.3749999364276809,True
69.7,18.466042999917292,6.394975116295297,20.899783169076255,-5.20171865855326e-08,-5.257681445769435e-08,0.3000000032408564,0.3,0.009000000194615387,-4.836381831242352e-07,0.37499993236749973,True
69.75,18.476649604572742,6.405581715304607,20.914783168981582,-5.600960828014024e-08,-7.808507407336407e-08,0.3000000032408836,0.3,0.009000000193294128,3.1438480310484077e-06,0.3749999207991251,True
69.8,18.487256204302337,6.416188319239768,20.929783168886907,-5.303582616902425e-08,-4.956104926456817e-08,0.3000000032406914,0.3,0.009000000194240266,3.9155541612255914e-07,0.3749999322445423,True
69.85000000000001,18.49786280198708,6.426794925219771,20.944783168792227,-4.717018873202795e-08,-5.4148551198451855e-09,0.30000000324065806,0.3,0.009000000194945589,-1.7169844508537653e-07,0.37499995122159924,True
69.9,18.50846940511049,6.4374015257611115,20.959783168697548,-4.899598771582825e-08,-2.045102776015995e-08,0.300000003240742,0.3,0.009000000194989338,8.097567968734443e-07,0.37499994493005706,True
69.95,18.51907600770578,6.448008126830575,20.974783168602876,-5.0074913186179224e-08,-2.8022323128595875e-08,0.30000000324083237,0.3,0.009000000194459037,-2.65080253535307e-07,0.3749999416024569,True
70.0,18.529682610480915,6.458614727720199,20.989783168508204,-5.140816788532052e-08,-3.72604799236953e-08,0.30000000324083387,0.3,0.009000000194537124,-9.192200127526542e-07,0.3749999375254697,True
70.05,18.540289216411598,6.469221325454275,21.00478316841353,-5.7204046136820195e-08,-7.736080087639152e-08,0.3000000032408483,0.3,0.009000000194535472,-6.942228069518551e-07,0.3749999198197964,True
70.10000000000001,18.55089582355096,6.479827921979672,21.01978316831886,-6.470925076212864e-08,-1.2512129865527302e-07,0.30000000324086235,0.3,0.009000000194362253,1.7755591128776692e-07,0.37499989812972456,True
70.15,18.561502429286165,6.490434519909226,21.034783168224187,-7.022868032227983e-08,-1.533043917367749e-07,0.3000000032408475,0.3,0.009000000194598403,4.4085941773995035e-07,0.3749998842399168,True
70.2,18.572109033302507,6.5010411195576445,21.049783168129515,-7.33172688724915e-08,-1.6122631429915657e-07,0.300000003240872,0.3,0.009000000194482072,1.6678498595045473e-06,0.37499987879851737,True
70.25,18.582715634809254,6.511647721715657,21.064783168034847,-7.285675385717399e-08,-1.4254655178458367e-07,0.30000000324087694,0.3,0.009000000195365192,1.5535072705769835e-06,0.37499988480692154,True
70.3,18.593322234116464,6.522254326073216,21.07978316794018,-6.928561876548603e-08,-1.0400607131089146e-07,0.30000000324102827,0.3,0.009000000194282886,1.1307404975721124e-06,0.37499989982457876,True
70.35000000000001,18.60392883395087,6.532860929903579,21.09478316784552,-6.646005024228484e-08,-7.50529706161629e-08,0.3000000032409986,0.3,0.00900000019430006,3.525002766414423e-07,0.37499991124921783,True
70.4,18.614535435581633,6.543467531937586,21.109783167750855,-6.617491455460241e-08,-6.753779491219802e-08,0.3000000032409721,0.3,0.009000000194154523,1.0404259653544008e-06,0.37499991376636066,True
70.45,18.62514203733797,6.554074133846017,21.124783167656187,-6.606736574455181e-08,-6.163472976439266e-08,0.3000000032409217,0.3,0.009000000194342286,7.212651030040596e-07,0.37499991562711976,True
70.5,18.635748638350613,6.564680736498136,21.139783167561518,-6.490808296460813e-08,-4.914922779875042e-08,0.3000000032409029,0.3,0.00900000019434642,2.2255091928807423e-06,0.3749999204945965,True
70.55,18.646355237201735,6.5752873413117765,21.15478316746685,-6.069194572641204e-08,-1.55100394749752e-08,0.30000000324088505,0.3,0.00900000019403855,-3.849946362416532e-07,0.37499993470157256,True
70.60000000000001,18.65696183751406,6.58589394466421,21.169783167372177,-5.854226495249219e-08,-1.6175415451513686e-09,0.3000000032408163,0.3,0.009000000194997344,3.992452526527375e-07,0.37499994097732514,True
70.65,18.667568441001738,6.596500544841293,21.18478316727751,-6.088320875983873e-08,-2.0323779104103327e-08,0.30000000324090725,0.3,0.009000000194362073,-1.5989948916419683e-07,0.37499993308062884,True
70.7,18.6781750442491,6.607107145258692,21.199783167182837,-6.28842960059114e-08,-3.5012077570506506e-08,0.30000000324089193,0.3,0.00900000019436905,1.987046000088772e-07,0.374999926717117,True
70.75,18.68878164803432,6.6177137451382375,21.214783167088168,-6.564602145200025e-08,-5.328001839721708e-08,0.30000000324087794,0.3,0.0090000001944201,8.221785243212881e-07,0.3749999185298133,True
70.8,18.699388250292465,6.628320346544853,21.2297831669935,-6.624814626879398e-08,-5.401790748038593e-08,0.30000000324087256,0.3,0.009000000194474271,4.4776663151564846e-07,0.3749999177085354,True
70.85000000000001,18.709994852088414,6.638926948413664,21.244783166898827,-6.619662338196506e-08,-5.0310049681812075e-08,0.30000000324087617,0.3,0.009000000194439008,1.1842743119644825e-06,0.374999918861292,True
70.9,18.720601453242534,6.649533550924307,21.25978316680416,-6.523741811206847e-08,-4.013879706388223e-08,0.3000000032408739,0.3,0.009000000194672862,1.836702873580301e-06,0.37499992284135925,True
70.95,18.731208051840554,6.660140155991048,21.27478316670949,-6.06633406156964e-08,-5.175090245224112e-09,0.3000000032409105,0.3,0.00900000019512458,2.2620124763638693e-06,0.37499993779965757,True
71.0,18.741814648162944,6.670746763333426,21.289783166614825,-5.287103267405759e-08,4.902619799018737e-08,0.30000000324102155,0.3,0.00900000019421175,-6.082264061490183e-07,0.3749999325681867,True
71.05,18.75242124811135,6.68135336704979,21.30478316652016,-5.020668375666194e-08,5.958560023167081e-08,0.3000000032409802,0.3,0.009000000194524994,-1.4784644952970017e-06,0.3749999320963932,True
71.10000000000001,18.763027854596892,6.691959964229019,21.319783166425495,-5.67872427199791e-08,3.3776439423149895e-09,0.3000000032409912,0.3,0.009000000194161825,-2.6778626795357365e-07,0.374999942209597,True
71.15,18.77363446114484,6.702566561345837,21.33478316633083,-6.345605783647271e-08,-4.6753470095417526e-08,0.30000000324094184,0.3,0.009000000194243019,2.912118170653401e-07,0.3749999226581617,True
71.2,18.784241065087997,6.713173161067445,21.349783166236165,-6.644114275162298e-08,-6.529593543636024e-08,0.3000000032409064,0.3,0.009000000194316715,-3.195836651794651e-07,0.3749999141659647,True
71.25,18.794847669282113,6.72377976053809,21.364783166141493,-6.978114267079983e-08,-8.476298218873522e-08,0.3000000032408836,0.3,0.009000000194281469,1.814972422292929e-06,0.37499990504425207,True
71.3,18.805454271086383,6.734386362398579,21.37978316604682,-6.974138919704127e-08,-7.703096549516175e-08,0.3000000032408552,0.3,0.009000000194262302,-1.0199242926600175e-07,0.37499990738041444,True
71.35000000000001,18.816060872297676,6.744992964852045,21.39478316595215,-6.88630392925079e-08,-6.541495423117992e-08,0.3000000032408238,0.3,0.00900000019449887,-1.2781692335640816e-06,0.3749999117087196,True
71.4,18.82666747885537,6.755599561959108,21.409783165857476,-7.554564421704769e-08,-1.0901139302355035e-07,0.30000000324083204,0.3,0.00900000019442097,-8.627277430061994e-08,0.3749998920779728,True
71.45,18.83727408592252,6.766206158556716,21.424783165762804,-8.294873002884347e-08,-1.5232723660218994e-07,0.30000000324082726,0.3,0.009000000194150757,2.767817613967311e-06,0.3749998718100821,True
71.5,18.847880686377604,6.77681276176639,21.439783165668132,-8.100094053577892e-08,-1.2342238309148712e-07,0.3000000032407777,0.3,0.009000000194793998,3.2753391640463043e-07,0.37499988234261267,True
71.55,18.858487285630435,6.787419366178316,21.45478316557346,-7.735290985190843e-08,-8.71310973371564e-08,0.3000000032408353,0.3,0.009000000194246622,1.8858345438599117e-06,0.3749998967691547,True
71.60000000000001,18.86909388617746,6.798025969296049,21.469783165478788,-7.553514473964334e-08,-6.658317275309855e-08,0.30000000324080156,0.3,0.009000000195997108,8.582839857439338e-07,0.3749999046896532,True
71.65,18.879700485490435,6.80863257364784,21.48478316538412,-7.197216408014883e-08,-3.656138147789534e-08,0.30000000324105847,0.3,0.009000000194137228,4.668018748819769e-07,0.37499991716910575,True
71.7,18.89030708700361,6.819239175799439,21.499783165289458,-7.152073047961239e-08,-3.186926433862425e-08,0.30000000324100434,0.3,0.009000000194150303,6.249871502029006e-07,0.374999919014098,True
71.75,18.900913688895134,6.829845777572682,21.514783165194793,-7.160436617592287e-08,-3.134148607308873e-08,0.30000000324095294,0.3,0.009000000194372467,8.687536941207275e-07,0.37499991908721253,True
71.8,18.911520290076027,6.840452380056557,21.529783165100127,-7.068301960342701e-08,-2.3638884516508085e-08,0.3000000032409389,0.3,0.0090000001943092,3.29897830225789e-07,0.37499992229623175,True
71.85000000000001,18.9221268916701,6.851058982127247,21.54478316500546,-7.034599989642885e-08,-2.120361508595181e-08,0.30000000324091447,0.3,0.009000000195457495,6.832188814945097e-08,0.37499992335652643,True
71.9,18.932733494656453,6.8616655828056645,21.559783164910797,-7.197795714939098e-08,-3.305602014336273e-08,0.3000000032410807,0.3,0.00900000019430071,6.371876955541421e-07,0.3749999182044049,True
71.95,18.943340097253667,6.872272183873226,21.574783164816132,-7.30595856909188e-08,-3.9423313835662555e-08,0.3000000032410535,0.3,0.009000000195463018,5.263597109303241e-07,0.3749999152316902,True
72.0,18.953946699090483,6.882878785701188,21.589783164721478,-7.30658459747914e-08,-3.7614651393624854e-08,0.30000000324121934,0.3,0.009000000194125397,1.4100861746252677e-06,0.3749999157626026,True
72.05,18.964553299578622,6.893485388877831,21.604783164626824,-7.116478494544517e-08,-2.2009783218202014e-08,0.30000000324116166,0.3,0.009000000202744324,1.5889084636640885e-06,0.3749999222983095,True
72.10000000000001,18.97515989800815,6.9040919941131325,21.6197831645322,-6.635237746243669e-08,1.2561536033572906e-08,0.3000000032425339,0.3,0.00900000019191895,-7.56139649856799e-07,0.37499992991684633,True
72.15,18.985766499805543,6.914698595980603,21.6347831644376,-6.630282598369898e-08,8.465814271829686e-09,0.30000000324209725,0.3,0.009000000191740985,-1.3616328092460162e-08,0.37499993118282715,True
