time_s,x_m,y_m,progress_m,lateral_error_m,heading_error_rad,speed_mps,target_speed_mps,drive,steer,clearance_m,reference_valid
0.0,0.0,0.15,0.0,0.15,0.08,0.0,0.8,0.35,-0.20000017455534508,0.20166512260332825,True
0.05,0.0014558847563230898,0.15008588331262232,0.0014558847563230898,0.15008588331262232,0.07976841575479243,0.05831443590147568,0.8,0.3499999535544799,-0.27999954716055525,0.2016454904353171,True
0.1,0.005830631393201389,0.15021689342197816,0.005830631393201389,0.15021689342197816,0.07814123272208987,0.11651565833032312,0.8,0.34999997465268723,-0.39999992324060435,0.2019802055235823,True
0.15000000000000002,0.013130451087269249,0.15018436072565336,0.013130451087269249,0.15018436072565336,0.073693225126999,0.1744913501828475,0.8,0.3499999826371144,-0.4799995121238399,0.2032878208247599,True
0.2,0.023353061195217642,0.1497377217695797,0.023353061195217642,0.1497377217695797,0.06493751062152602,0.23213092120883838,0.8,0.35,-0.6000009230429895,0.20625285190261342,True
0.25,0.03648090220557977,0.14856179835423555,0.03648090220557977,0.14856179835423555,0.050288363478869696,0.2893263597441855,0.8,0.349999999354065,-0.6799998325580616,0.21166687623222483,True
0.30000000000000004,0.05246816686707898,0.14625183657373209,0.05246816686707898,0.14625183657373209,0.028015323637849438,0.34597301731453467,0.8,0.34999999664000914,-0.7812555341931072,0.22047775111127602,True
0.35000000000000003,0.07121813816597812,0.14228585811156738,0.07121813816597812,0.14228585811156738,-0.0038163806257567046,0.4019703550868072,0.8,0.35,-0.6011655362759382,0.23158158989048486,True
0.4,0.09258855558649662,0.13699057207782186,0.09258855558649662,0.13699057207782186,-0.04026648024805817,0.4572226174580521,0.8,0.349999997423938,-0.6048280540489995,0.22615483791297916,True
0.45,0.11647688135056539,0.13060334389405304,0.11647688135056539,0.13060334389405304,-0.07789108081665214,0.5116394303799452,0.8,0.3499998899421752,-0.40482715560089694,0.22166538717013834,True
0.5,0.14278635912818005,0.1229970844242554,0.14278635912818005,0.1229970844242554,-0.11583781903921334,0.5651363084509189,0.8,0.34999999914357877,-0.49816561788200625,0.2185136851096573,True
0.55,0.17143223131461466,0.11416049650450096,0.17143223131461466,0.11416049650450096,-0.15307794989729478,0.617635160802251,0.8,0.35,-0.29816574344374724,0.21701439964245622,True
0.6000000000000001,0.20232637293054104,0.10401182304539994,0.20232637293054104,0.10401182304539994,-0.1888479301694555,0.6690645310564938,0.8,0.3447542513755868,-0.2181655926425323,0.21745548426777203,True
0.65,0.23551137620320306,0.09316578206398493,0.23551137620320306,0.09316578206398493,-0.2182984942359921,0.7184957928745379,0.8,0.16841101970974925,-0.09816561730834704,0.2204798610903536,True
0.7000000000000001,0.2703070895346488,0.08206949265644811,0.2703070895346488,0.08206949265644811,-0.24007033607629935,0.7377270673342253,0.8,0.2400383187938974,-0.018165618661777325,0.2258973797266597,True
0.75,0.3063837053529777,0.07114151659277763,0.3063837053529777,0.07114151659277763,-0.25338472875486273,0.7682803099910166,0.8,0.20555839616563965,-0.04326729929563078,0.23339723232899978,True
0.8,0.34390067137563635,0.06038234503029481,0.34390067137563635,0.06038234503029481,-0.25994653532056067,0.7923891705893561,0.8,0.03413158707248106,0.15673269973496515,0.2424796112974557,True
0.8500000000000001,0.38209119340878384,0.050291709635121105,0.38209119340878384,0.050291709635121105,-0.2593179611272385,0.7876754919190952,0.8,0.07797639280996443,0.23673270041594435,0.2527305049744078,True
0.9,0.42059792488760084,0.04162198140958827,0.42059792488760084,0.04162198140958827,-0.2492655410045247,0.7902964161728724,0.8,0.14318248372132242,0.19947879492945833,0.2639736819916163,True
0.9500000000000001,0.45982841828022414,0.03428778387337941,0.45982841828022414,0.03428778387337941,-0.23225587622602928,0.8035740416712548,0.8,0.08462704040924776,0.2733141897292014,0.2757070090158576,True
1.0,0.49976899254170126,0.028399159354958587,0.49976899254170126,0.028399159354958587,-0.20933081843650905,0.806871934285588,0.8,0.0009600845752323634,0.1738103262383257,0.28761137071827236,True
1.05,0.539627538589058,0.02331716161229759,0.539627538589058,0.02331716161229759,-0.18776199045123285,0.7963231116170019,0.8,0.09245097923354081,0.21999389239139158,0.29844155832056496,True
1.1,0.5793688874722176,0.018669854498931267,0.5793688874722176,0.018669854498931267,-0.1688919556391794,0.8010989722041726,0.8,0.07887796153497795,0.16850536442330757,0.3081859109621792,True
1.1500000000000001,0.6193691434858543,0.014749436352231884,0.6193691434858543,0.014749436352231884,-0.1501994174912037,0.8035168471865314,0.8,0.005000562541021574,0.15061227712374953,0.3172162200341218,True
1.2000000000000002,0.6591802114168331,0.011073303047154884,0.6591802114168331,0.011073303047154884,-0.1349542331141965,0.7937208517099665,0.8,0.09177640154909059,0.14658488853018192,0.3251034074712677,True
1.25,0.6988979632595801,0.00784952655577283,0.6988979632595801,0.00784952655577283,-0.12081263711603324,0.7984540229461423,0.8,0.17328660068286078,0.08207417321592513,0.33226746389764417,True
1.3,0.7391742446741381,0.0046683338327843755,0.7391742446741381,0.0046683338327843755,-0.10980609704142479,0.8164670428436005,0.8,0.004056129224281561,0.18043214353831177,0.3385375818454488,True
1.35,0.7796918509715608,0.0021162931331885435,0.7796918509715608,0.0021162931331885435,-0.09709310022365736,0.8061728766483822,0.8,0.0,0.15639353162922232,0.3446810714353413,True
1.4000000000000001,0.8197632849842375,0.0006872524228336099,0.8197632849842375,0.0006872524228336099,-0.08094680737038715,0.7954845751906605,0.8,0.14178548442981317,0.03483205442354659,0.35070709226248686,True
1.4500000000000002,0.8598503680763695,-0.0009812225135541134,0.8598503680763695,-0.0009812225135541134,-0.07077720160900712,0.808396018093186,0.8,0.055026400156311495,0.23382492308680639,0.353328452135792,True
1.5,0.9002269745365318,-0.002312328471666801,0.9002269745365318,-0.002312328471666801,-0.06052562845770766,0.8066983096025269,0.8,0.02585392554264175,0.026520536407619963,0.354951422929288,True
1.55,0.9404144523167044,-0.0031600894526203063,0.9404144523167044,-0.0031600894526203063,-0.05031778511448397,0.8002481379487368,0.8,0.05464662053795516,-0.05901440714240249,0.35706004288316157,True
1.6,0.9803436584630217,-0.005046364343927705,0.9803436584630217,-0.005046364343927705,-0.04970771823006641,0.7987033056579627,0.8,0.019705551011333703,0.10916340982898252,0.35535091899742244,True
1.6500000000000001,1.020050547678999,-0.006962178101526197,1.020050547678999,-0.006962178101526197,-0.04910972611830893,0.7914521062538328,0.8,0.0960091287717034,-0.004263028332198374,0.3536088004027914,True
1.7000000000000002,1.0597318989545619,-0.008519332520184917,1.0597318989545619,-0.008519332520184917,-0.04664881719931979,0.796940798535934,0.8,0.0,0.11129365229780462,0.35276697546830965,True
1.75,1.0993012636163528,-0.009743874262177264,1.0993012636163528,-0.009743874262177264,-0.04234620775763483,0.786494308511307,0.8,0.11231761074645404,0.08775659817756377,0.35279511882813386,True
1.8,1.1388491845368842,-0.010103660131846487,1.1388491845368842,-0.010103660131846487,-0.033699577044608076,0.7947946887247096,0.8,0.09614213335733064,0.10789410448293892,0.3549604319345169,True
1.85,1.1787436108603175,-0.010040630044676653,1.1787436108603175,-0.010040630044676653,-0.024395960085143137,0.8002177478995771,0.8,0.0,0.17925520273507248,0.35775168434176935,True
1.9000000000000001,1.21851480944721,-0.008962304861303307,1.21851480944721,-0.008962304861303307,-0.010760444546554513,0.7896857388548454,0.8,0.032636188362986776,-0.01422532180275562,0.36284914140922303,True
1.9500000000000002,1.2578832768671737,-0.0075101563254277495,1.2578832768671737,-0.0075101563254277495,0.0014011338842654618,0.7847962117438466,0.8,0.09191223384502288,-0.10074490004527452,0.36707382974559377,True
2.0,1.2972470449325062,-0.007008978944822533,1.2972470449325062,-0.007008978944822533,0.004138915517671381,0.7897841658455316,0.8,0.10051765439709766,0.07350842575115983,0.3667628373184102,True
2.0500000000000003,1.3368915500135605,-0.006495233011091471,1.3368915500135605,-0.006495233011091471,0.0066355908559181855,0.796057958129979,0.8,0.05613074345980479,-0.06076477228079892,0.3665367628987177,True
2.1,1.3766607861505686,-0.005861567379023566,1.3766607861505686,-0.005861567379023566,0.008863420296932836,0.794867138743367,0.8,0.0,-0.0630993787001213,0.3665109412416738,True
2.15,1.416145932133725,-0.006138747406525511,1.416145932133725,-0.006138747406525511,0.004655787817185363,0.784474587575634,0.8,0.10982681484665424,0.00053267776724775,0.3674798433773966,True
2.2,1.455570176083488,-0.006419561087544352,1.455570176083488,-0.006419561087544352,0.0017243341753039186,0.7924177228268189,0.8,0.04525236416940375,0.009195666048552915,0.3680684977491531,True
2.25,1.495118427873072,-0.006284609178787366,1.495118427873072,-0.006284609178787366,0.0021818867273788655,0.7895325776309862,0.8,0.040722796302931574,-0.056734959292666476,0.3680676685165828,True
2.3000000000000003,1.5345060319870016,-0.006516151185453645,1.5345060319870016,-0.006516151185453645,-4.479665672419646e-05,0.7859772667919984,0.8,0.15357539987351546,0.12164418308780646,0.36847054433292503,True
2.35,1.5741839701172358,-0.006643507675006834,1.5741839701172358,-0.006643507675006834,-0.0006662130257099228,0.8010772115359106,0.8,0.11036887246091383,-0.010023180801353802,0.3681586548109803,True
2.4000000000000004,1.6144285642705827,-0.006411590196570335,1.6144285642705827,-0.006411590196570335,0.0009220390530457257,0.8086744032600613,0.8,0.0818951307072382,0.04799489332481091,0.3683146173782242,True
2.45,1.654929921386179,-0.006114188210523322,1.654929921386179,-0.006114188210523322,0.002754135883699174,0.8113875798470088,0.8,0.06399985350789408,0.11893868780522428,0.36806830854484407,True
2.5,1.6954835811995035,-0.004796692456372321,1.6954835811995035,-0.004796692456372321,0.010825160088972425,0.8110858239192831,0.8,0.10830474970213368,-0.009446910688380805,0.36699562172355726,True
2.5500000000000003,1.7361962694040785,-0.0033042369115982746,1.7361962694040785,-0.0033042369115982746,0.017510850363459795,0.8180770691764772,0.8,0.1200283526075754,-0.11041550512928601,0.366514470187038,True
2.6,1.777319967813181,-0.003016011425406982,1.777319967813181,-0.003016011425406982,0.014459925049623451,0.8268076183873397,0.8,0.0,0.09146411050704903,0.3677026083542868,True
2.6500000000000004,1.8183802550682482,-0.0029207443664604803,1.8183802550682482,-0.0029207443664604803,0.011411320495416814,0.8155689743814464,0.8,0.0,-0.11724786108807497,0.3686983055524411,True
2.7,1.858885589156046,-0.0028805408707713418,1.858885589156046,-0.0028805408707713418,0.008425715241852096,0.8046317627055081,0.8,0.09712248945203804,-0.015863670025369717,0.3696214883274994,True
2.75,1.8992539627737062,-0.0032700278583293854,1.8992539627737062,-0.0032700278583293854,0.003770094919027513,0.8099564210398471,0.8,0.07688736691536845,-0.08496755630134581,0.3706111449531872,True
2.8000000000000003,1.9397991138399338,-0.0038361611513658186,1.9397991138399338,-0.0038361611513658186,-0.0010998436819050434,0.8118119780127921,0.8,0.08659394510595468,-0.019639224954279826,0.370837260944465,True
2.85,1.980472312520898,-0.0046739928214308765,1.980472312520898,-0.0046739928214308765,-0.006165070735755799,0.8152140209600586,0.8,0.0,-0.014123696799267872,0.3684973682675462,True
2.9000000000000004,2.020956088452737,-0.005173138216463348,2.020956088452737,-0.005173138216463348,-0.007792461063882362,0.8042862636584891,0.8,0.0,-0.011754940096999249,0.36751631940365526,True
2.95,2.0609004680051757,-0.005672173210830623,2.0609004680051757,-0.005672173210830623,-0.009022992698174541,0.7936475993007012,0.8,0.08635006970375327,-0.062239681677045196,0.36665312268574296,True
3.0,2.100672181178964,-0.006547742105095857,2.100672181178964,-0.006547742105095857,-0.012529073424962716,0.7974902006185828,0.8,0.09210252015192992,-0.003734420689309135,0.36474103141949066,True
3.0500000000000003,2.140654302487397,-0.00754433021799574,2.140654302487397,-0.00754433021799574,-0.01566740359489146,0.8021780683638959,0.8,0.06072019320937692,0.1456096106504863,0.3628179826881538,True
3.1,2.1807519372682966,-0.00753265289039951,2.1807519372682966,-0.00753265289039951,-0.011249011170947096,0.8015812853350318,0.8,0.016340202454975555,0.10649110093266198,0.36413436993466514,True
3.1500000000000004,2.2206403072974177,-0.006519521938937275,2.2206403072974177,-0.006519521938937275,-0.001606891823411399,0.7937011715631491,0.8,0.020819225569131447,-0.08164716765001417,0.3680033927761913,True
3.2,2.2601502905926454,-0.005743857662555074,2.2601502905926454,-0.005743857662555074,0.003718351367838748,0.7867635898583533,0.8,0.10679802089434465,-0.1105889718807565,0.36815265865857183,True
3.25,2.2996746444492153,-0.006188673004269668,2.2996746444492153,-0.006188673004269668,-0.00038543089361935644,0.794149070091589,0.8,0.025295207634851814,-0.020998150117476126,0.3686968633079704,True
3.3000000000000003,2.339223569949256,-0.00704589377544105,2.339223569949256,-0.00704589377544105,-0.005784449989138343,0.787936104812773,0.8,0.0662416156068172,-0.03755238259875201,0.36623822539386397,True
3.35,2.3786339646518875,-0.007685483423107792,2.3786339646518875,-0.007685483423107792,-0.008531300134694539,0.7886199631021059,0.8,0.05824742863995665,0.02150199889014391,0.3647853000880586,True
3.4000000000000004,2.418046044496427,-0.00815422351986834,2.418046044496427,-0.00815422351986834,-0.009284689657668578,0.7879710742160663,0.8,0.07699013623844206,-0.02670153361692697,0.36409365107365843,True
3.45,2.457504222750677,-0.008542940697011092,2.457504222750677,-0.008542940697011092,-0.009530094474540233,0.7904220930906942,0.8,0.08318238307039923,-0.009424951563950028,0.3636323404643585,True
3.5,2.497106318939632,-0.009184168136931315,2.497106318939632,-0.009184168136931315,-0.011232403926400961,0.7938279093098786,0.8,0.06325073502384516,0.15804117802380538,0.3624877633940008,True
3.5500000000000003,2.536801324446487,-0.009078777238282012,2.536801324446487,-0.009078777238282012,-0.007396115298082149,0.7938664735062749,0.8,0.06554420855075355,0.07945018212803434,0.36372801543715627,True
3.6,2.576508324455698,-0.008147272854419288,2.576508324455698,-0.008147272854419288,0.0006490434733609323,0.7942812620159738,0.8,0.12784119457708465,-0.1024990391604081,0.36665998757611495,True
3.6500000000000004,2.6164888599852754,-0.007664989382846391,2.6164888599852754,-0.007664989382846391,0.0034427306819287554,0.8049311713039383,0.8,0.042895794991699966,0.10133882667257066,0.36631326239837503,True
3.7,2.6566428295700595,-0.007130961783740345,2.6566428295700595,-0.007130961783740345,0.006255657105965483,0.8013303505375636,0.8,0.09997857600558993,-0.03537153662870944,0.3660135659934586,True
3.75,2.696852722598122,-0.006419177949498589,2.696852722598122,-0.006419177949498589,0.009070395835158711,0.8072121750944512,0.8,0.11099337731027205,-0.007694188388092507,0.3658920933959884,True
3.8000000000000003,2.7374027146590105,-0.006262970570176804,2.7374027146590105,-0.006262970570176804,0.007708349039490341,0.8147490409413982,0.8,0.06478436340083697,-0.08599057278405939,0.36645138608391886,True
3.85,2.7781360302560913,-0.006615575182997963,2.7781360302560913,-0.006615575182997963,0.0031641599436958868,0.8144864168135454,0.8,0.012648620238389342,0.015289737220404604,0.3674452966255851,True
3.9000000000000004,2.818639253776629,-0.007049942125071879,2.818639253776629,-0.007049942125071879,-0.0003166977327530009,0.8056579986575043,0.8,0.004391332845212789,0.016866982006472693,0.3678560049184636,True
3.95,2.858672146050058,-0.0068399626835096055,2.858672146050058,-0.0068399626835096055,0.0011539729777200905,0.7957054864518462,0.8,0.0578282479575511,0.003463024019257271,0.36781739064651664,True
4.0,2.8984344909329423,-0.00664375450256216,2.8984344909329423,-0.00664375450256216,0.0021160398900934726,0.7948030897798969,0.8,0.028378122812844624,0.03429070570164081,0.3677280619705308,True
4.05,2.9380300805668913,-0.006299755237851852,2.9380300805668913,-0.006299755237851852,0.003893405397892684,0.7890802042302391,0.8,0.07346774819909899,-0.08098574657574373,0.36754485369204504,True
4.1000000000000005,2.977530644130365,-0.006339534875259097,2.977530644130365,-0.006339534875259097,0.0024138611055377654,0.7909230087440036,0.8,0.05849000295585341,0.020945162263659896,0.36794391324277176,True
4.15,3.0170603458275433,-0.006590800210053844,3.0170603458275433,-0.006590800210053844,0.00030651329173888133,0.7902542081924384,0.8,0.07908616956743708,0.01948625170717599,0.36831817121562493,True
4.2,3.056641413387198,-0.006289134563501672,3.056641413387198,-0.006289134563501672,0.002210979213586149,0.792990632980797,0.8,0.11483560386311858,-0.07606318132315783,0.368054510671763,True
4.25,3.096505727689984,-0.006580132433406629,3.096505727689984,-0.006580132433406629,-0.0004827705824904009,0.8015354894306083,0.8,0.08393019680790104,-0.0500987414556576,0.3682764992758778,True
4.3,3.1366606681748626,-0.007525389169101647,3.1366606681748626,-0.007525389169101647,-0.006516154705840135,0.8047727058990514,0.8,0.09021412335356667,-0.042024222583945815,0.3655419803364004,True
4.3500000000000005,3.176997704535501,-0.008464123944026528,3.176997704535501,-0.008464123944026528,-0.010940536612704364,0.8089575936755594,0.8,0.0,0.030972750897021794,0.36329408238762645,True
4.4,3.2171717421313795,-0.009008617904712173,3.2171717421313795,-0.009008617904712173,-0.01147690441643694,0.7981958175590709,0.8,0.061399477566786875,0.0020606866199639473,0.36259104868183134,True
4.45,3.257072007362815,-0.009219061152484161,3.257072007362815,-0.009219061152484161,-0.009908220950907208,0.7978155350533942,0.8,0.007556503884852778,-0.12069340423223235,0.3628443811268651,True
4.5,3.2967212277620463,-0.01026703098824012,3.2967212277620463,-0.01026703098824012,-0.014428497372391668,0.7885892049616952,0.8,0.036472530623430276,0.07979701225647089,0.3604608650963774,True
4.55,3.336028535180117,-0.011546758856897123,3.336028535180117,-0.011546758856897123,-0.01892377105692738,0.7843591502837103,0.8,0.10791643390368061,0.035313327393801594,0.3578555977350618,True
4.6000000000000005,3.375435695316485,-0.012036471419507406,3.375435695316485,-0.012036471419507406,-0.01716833574943672,0.791991036363765,0.8,0.09315995833829775,-0.046142296229745396,0.3578832048809093,True
4.65,3.415154147681031,-0.012771339818883043,3.415154147681031,-0.012771339818883043,-0.017684520217300784,0.7969970226209482,0.8,0.09968273264983878,0.04238150352461246,0.35699617732333355,True
4.7,3.455146091891946,-0.013533185339281764,3.455146091891946,-0.013533185339281764,-0.01785843133354168,0.802944522525573,0.8,0.0,-0.09172529028546168,0.35618307466951715,True
4.75,3.4950192706507366,-0.014322141930595222,3.4950192706507366,-0.014322141930595222,-0.01857147167397996,0.7923410902331216,0.8,0.1127726601756909,0.12872039427297935,0.3551840036416941,True
4.800000000000001,3.534833243455541,-0.015201629349181602,3.534833243455541,-0.015201629349181602,-0.019285829516740658,0.8005636832678955,0.8,0.07266640154101028,0.08008368964513893,0.35409408008354126,True
4.8500000000000005,3.574903845028987,-0.015097915965786886,3.574903845028987,-0.015097915965786886,-0.013441816544767768,0.8019741325286481,0.8,0.016045841831161384,0.08694458596935489,0.35592127722195666,True
4.9,3.614811213729174,-0.014429769463039196,3.614811213729174,-0.014429769463039196,-0.00550047125007725,0.794035294687868,0.8,0.08496783555621204,0.04175628251792502,0.3589384897575857,True
4.95,3.6546053239232728,-0.01370808239883321,3.6546053239232728,-0.01370808239883321,0.0005980338769579268,0.7976404063852155,0.8,0.06795894821120481,0.08308095142277994,0.36111432390307924,True
5.0,3.6945021880052655,-0.012795804341448716,3.6945021880052655,-0.012795804341448716,0.006530926417708283,0.798353535568335,0.8,0.1375249193424066,0.13308042406408857,0.3602671901043776,True
5.050000000000001,3.734705772639209,-0.010970663014312047,3.734705772639209,-0.010970663014312047,0.016909670998450685,0.8104885369990995,0.8,0.0883986337183992,-0.06691946729574694,0.35902527466818424,True
5.1000000000000005,3.775292020163559,-0.009026205388355036,3.775292020163559,-0.009026205388355036,0.0249529477116071,0.8142227008651379,0.8,0.032079434338099753,-0.03722338181564423,0.35860245177680683,True
5.15,3.8158493905695674,-0.008020899486226194,3.8158493905695674,-0.008020899486226194,0.02475675452013885,0.8085964802193829,0.8,0.08884673335221309,0.1330433890364183,0.3596653995779714,True
5.2,3.856359700970721,-0.006862002169472402,3.856359700970721,-0.006862002169472402,0.02599355204653714,0.812454816602364,0.8,0.0,0.016277304196178673,0.36046100887729293,True
5.25,3.8966797174407426,-0.005219831842839828,3.8966797174407426,-0.005219831842839828,0.029796054537262903,0.8016004146525766,0.8,0.00953093709538178,-0.07186678974217126,0.36098753302808817,True
5.300000000000001,3.9365266234684997,-0.004404160747941136,3.9365266234684997,-0.004404160747941136,0.02716600569620481,0.7925998442169184,0.8,0.03264885616502666,-0.014889717108923584,0.362574649569121,True
5.3500000000000005,3.9760334738332466,-0.003968247932466886,3.9760334738332466,-0.003968247932466886,0.023082355484659516,0.7876367903366975,0.8,0.04985303307041927,-0.0739350701767538,0.3642101994490772,True
5.4,4.01536741963609,-0.0036729219425853843,4.015348625414752,-0.003712233153732046,0.01380744983676169,0.785632503975849,0.8,0.14716979901729477,0.06855597904922235,0.3671989997090068,True
5.45,4.055001476056845,-0.0032949238354701145,4.054935123870409,-0.003798522188918998,-0.0016333842070002276,0.7996878753075122,0.8,0.004235526540799794,0.16583508281214385,0.3707165296637728,True
5.5,4.094712339890975,-0.0015709393981949136,4.094631502293844,-0.003064856370468987,-0.007669148879190058,0.7898663919833451,0.8,0.08593719109955648,0.07851367326348588,0.3696611047124516,True
5.550000000000001,4.134249434196333,0.0008545359755676254,4.134198234061983,-0.0021486347215326352,-0.01119977977174802,0.7937398089528872,0.8,0.08597405466460965,0.15712346141698355,0.3695329398353919,True
5.6000000000000005,4.173943786781161,0.003862331302442932,4.1739728664543545,-0.0011826620097951897,-0.013264400736040212,0.7975181521750733,0.8,0.04105576279509152,0.24675780001829303,0.3698889228526896,True
5.65,4.213530354622108,0.008537490072232869,4.213777311567576,0.0009262828919360023,-0.007245549675449173,0.793809627178762,0.8,0.12594706025191385,0.05951273391005959,0.3719250887930844,True
5.7,4.253187406264746,0.013983678303158421,4.253766237405096,0.003268891586867166,-0.001717393379600668,0.8041604252939412,0.8,0.003797426383090065,-0.03324219997840065,0.3712212271700821,True
5.75,4.29288177297853,0.01872085713118793,4.293778366945568,0.004369004592246661,-0.005820991579218379,0.7941496364156915,0.8,0.08885513913651441,0.05290016459508772,0.36890428841245276,True
5.800000000000001,4.3324595642797386,0.023095279504408067,4.3336563933526895,0.004588329329336876,-0.014389380968141352,0.7983911104592167,0.8,0.1405879393072845,0.13484142346302816,0.366151112670559,True
5.8500000000000005,4.37237211045144,0.02832394790414717,4.373972208825725,0.005084383953021169,-0.01880885870553048,0.8110288185253853,0.8,0.07812878284654635,0.1835405630856346,0.36435182455306897,True
5.9,4.41248296676231,0.03493805612777606,4.414682063940854,0.006384371889342198,-0.01691209333070877,0.8130598854232219,0.8,0.051858152888545596,0.04443094637801887,0.36361085158356976,True
5.95,4.452523569813004,0.04184093869670471,4.455393942715302,0.007428762216829496,-0.0175243039501308,0.8107169989064921,0.8,0.11995113717198869,0.04175786715848646,0.3623859792373971,True
6.0,4.49278787225629,0.04822878156524792,4.4962629356590895,0.007376867525303883,-0.025068122796606362,0.8196330243610315,0.8,0.01741579821106784,0.23647780470336424,0.36021795337405055,True
6.050000000000001,4.532972013048531,0.05524486460794548,4.537156010925054,0.007402136251701014,-0.029782468556388362,0.8114509231190664,0.8,0.0,0.14181028786092312,0.3588092112832729,True
6.1000000000000005,4.572502121144684,0.06329072989516649,4.577596254126961,0.008007350304011009,-0.029606834017396888,0.8006231498994789,0.8,0.05735412057723575,0.0018041749275213217,0.358255485862526,True
6.15,4.611748781893054,0.07112418270245544,4.6177237535858735,0.007918763586457347,-0.03422086934008589,0.7995137420725448,0.8,0.05029878628964954,0.120434708544444,0.3569928064152034,True
6.2,4.650880998464863,0.07907452853501191,4.657755209596577,0.007433929882987715,-0.039846303606617284,0.7972731304139705,0.8,0.18128055401905693,0.14883637069729935,0.3558340691846799,True
6.25,4.690220264029537,0.0882074705585575,4.6982418255153116,0.007519465829727873,-0.040358063129303734,0.8166319941045475,0.8,0.013234604231665146,0.10310808732105846,0.35559922750779777,True
6.300000000000001,4.729712342774838,0.09781210377330633,4.738987224001296,0.007480210892054056,-0.041718997915447587,0.807842699292649,0.8,0.01740526788215713,0.07588056710829548,0.35524160454980613,True
6.3500000000000005,4.768796262925315,0.10726396170794947,4.779289335552983,0.006846231627663445,-0.04657523856144966,0.799972833894987,0.8,0.1201234311107497,0.11453158746988044,0.35446147692996166,True
6.4,4.807818631225195,0.11712071847271538,4.819617188187804,0.006078843253580421,-0.05088079059397521,0.8092033671838329,0.8,0.02437045518862029,0.1293666959811093,0.35397784990774145,True
6.45,4.846715249959693,0.12773828847168806,4.860011755584187,0.005536099061160575,-0.052616870411070576,0.8024429368407826,0.8,0.04683600888739754,0.22866982055087215,0.35401689369899725,True
6.5,4.885053935324055,0.13953132785549338,4.900198536774921,0.005738573078036132,-0.048829533227989885,0.7995557655927892,0.8,0.007174529192035598,0.15048402049903264,0.3549138085234647,True
6.550000000000001,4.922837619601801,0.15208922213847745,4.940090814862785,0.0063024416597890634,-0.04404822174150719,0.7902211511913558,0.8,0.08061630092389661,0.13002590341870487,0.35574071231847837,True
6.6000000000000005,4.960446879980471,0.1645660070574385,4.979799435078059,0.006315958956520507,-0.044016997179747115,0.7932101213028776,0.8,0.08706066344033081,0.09192981185752491,0.35573628792095857,True
6.65,4.9981731584913796,0.17719741604607203,5.01966364481481,0.005911811200339619,-0.04677743472954304,0.7971810438816368,0.8,0.033678473633791804,0.016595903501227714,0.35533708979465395,True
6.7,5.035979829114198,0.18944764238803846,5.0594535636064695,0.004593723514348093,-0.05490083592115075,0.7922679264981475,0.8,0.09306945565020124,0.04799683784099687,0.3542972521293316,True
6.75,5.073829836454459,0.2015588836880508,5.099192154653048,0.0026039302212525818,-0.06509018874755607,0.7972517892329277,0.8,0.046977627707426535,0.16574872987594005,0.35334263374698444,True
6.800000000000001,5.111415368584328,0.21468575032364837,5.139001834284944,0.0011302810932956751,-0.06905842680307539,0.7945242478645258,0.8,0.12455605151685017,0.16633064182121943,0.3536736130030349,True
6.8500000000000005,5.148770045243004,0.22906996706218652,5.179033611051659,0.0003790465653219739,-0.06736941655292317,0.8046274903375996,0.8,0.07305997437494377,0.20478530856990085,0.35491092629354004,True
6.9,5.186029972537263,0.24451381672214864,5.219370026052122,0.00010480149857892347,-0.06290360328462269,0.8059952940211514,0.8,0.12106372947353222,0.2556262600480572,0.35647236890780404,True
6.95,5.223012448420111,0.2613575398379578,5.260009183378082,0.0006797480774155581,-0.05399024897308874,0.8152204835568249,0.8,0.06023882709015908,0.16373118515361684,0.35847507702460274,True
7.0,5.259890332170297,0.2788743267562164,5.300844384118368,0.001358877977790439,-0.04707781741978407,0.8141978326022995,0.8,0.0971993447475148,0.1846403200730018,0.3598026689579244,True
7.050000000000001,5.296719077642826,0.2966600379662455,5.341762552199172,0.0017459552847227224,-0.0436797323643629,0.8192796704739328,0.8,0.04520543043617039,0.10929012434972316,0.36040451499124193,True
7.1000000000000005,5.33342492924534,0.31474277443138887,5.382705717415132,0.0018958641499167359,-0.042960127497622125,0.8156762765342332,0.8,0.05525874710600846,0.1469900332315214,0.360464232825192,True
7.15,5.369879674304483,0.3329971069850334,5.423500315964617,0.0017547209371349258,-0.04409229147926213,0.8138225665569871,0.8,0.022407138203705306,0.15077966388727365,0.36027559972933465,True
7.2,5.405765884748687,0.3518874043041102,5.464079491353015,0.0018875867962384854,-0.043198617599781886,0.8066165269112067,0.8,0.06341819078006432,0.04734351463033752,0.36040302818758585,True
7.25,5.441510529209762,0.3705971650670905,5.504443812199678,0.0013816724738326858,-0.04695601115478215,0.8063460405467457,0.8,0.031075733000493752,0.06547087015507581,0.35981529533864565,True
7.300000000000001,5.477237190042553,0.3889910482143995,5.5446159982450025,6.709042529448014e-05,-0.05478565363486566,0.8007639427684589,0.8,0.1001621017679722,0.24655770716556596,0.3588572536979646,True
7.3500000000000005,5.5125031205981,0.4083130427737373,5.584815646304427,-0.0007510683286799762,-0.057099304811561946,0.8066909265690693,0.8,0.09363388395278785,0.17352891091253503,0.35750336699528423,True
7.4,5.547397195596828,0.428891041204971,5.625315000152542,-0.0008397756189824311,-0.054182733722902,0.8113871886660903,0.8,0.023871515590127165,0.3216666015878087,0.3582592658288671,True
7.45,5.581522814759407,0.4506911690161294,5.66579585067215,-3.16547224740269e-05,-0.045957832999109605,0.8044867563435298,0.8,0.027620735903305865,0.22956975701572116,0.3614556576813798,True
7.5,5.614661376742316,0.47344734541529065,5.70597422929813,0.0015671296604897148,-0.03503824283840695,0.7983855253530098,0.8,0.06308180695938809,0.05526857622818217,0.363105363416934,True
7.550000000000001,5.647665220106769,0.49601561271654904,5.745972235341283,0.002544664334634958,-0.03118849812142788,0.7982769534407135,0.8,0.023693859569248802,0.1928914409393822,0.36325464359198456,True
7.6000000000000005,5.680312479214914,0.5187770851718737,5.785802118049199,0.003349005827747006,-0.029131501919778646,0.7916929044983638,0.8,0.161730072114638,0.05970614310043764,0.36305319832764926,True
7.65,5.712924765628234,0.5419993289627438,5.825881394223124,0.004022938752343607,-0.028842087939039862,0.8079842205650368,0.8,0.04917183308454489,0.09133847789132953,0.3624641367448773,True
7.7,5.745922841590984,0.565220210071137,5.866284702838544,0.0039360497086892085,-0.03345216685910324,0.8053346847603416,0.8,2.419785961064102e-12,0.24665390737229576,0.36120044358606984,True
7.75,5.778056808105709,0.5891023745915338,5.90637507539766,0.0043509262513331,-0.03330875391821475,0.7946684503423596,0.8,0.04117380203883713,0.11456965046563251,0.3608275386713171,True
7.800000000000001,5.809453038415669,0.6133830034551964,5.946121759981062,0.004993992255067732,-0.03204954440966734,0.7910537969147969,0.8,0.1164825871787046,0.03894827435275163,0.3605531153691707,True
7.8500000000000005,5.841246756623804,0.6373036023164766,5.985970912626498,0.0045828526890650916,-0.03806192338534986,0.7999202723050619,0.8,0.03651154500974119,0.12361133718525752,0.3592060187771313,True
7.9,5.872941534496845,0.6615323838479747,6.025917674420173,0.003945797647323887,-0.04365294564332267,0.7954013876784025,0.8,0.15659949524703853,0.2530506546189866,0.35821247453797883,True
7.95,5.903850812799505,0.6872572473515738,6.066185091422145,0.004432114385461779,-0.04035562409641036,0.8107512005875719,0.8,0.06602487536701801,0.20003568061562424,0.35868729045439407,True
8.0,5.934236700030681,0.7142292432682258,6.106864986777775,0.005668761797432032,-0.033287184104075274,0.8107994004132242,0.8,0.08520833374075738,0.0316018620770424,0.3595160160465882,True
8.05,5.9646911553745765,0.7411799169139064,6.14760882877998,0.006293350416551934,-0.03229173727572443,0.8140006823657943,0.8,0.09949676110585196,0.1535588150577158,0.3591828369155513,True
8.1,5.99516507541445,0.768412409768872,6.188564932360215,0.006562703007273294,-0.03357440085436725,0.819465547155054,0.8,0.01656858514224449,0.13215619013531785,0.3585380191379405,True
8.15,6.025074243892181,0.7961712754081173,6.229460950106787,0.007043812447002539,-0.033285970395605,0.8111486329827287,0.8,0.0,0.15754587641749812,0.35814132061965875,True
8.200000000000001,6.0542407759719215,0.8240206053184994,6.269883491273073,0.007544237295362529,-0.03281401619065283,0.8003288718254191,0.8,0.05581036470589532,0.1020818968688249,0.3577790402161697,True
8.25,6.082930834779272,0.8519166388463009,6.310001882868983,0.007866482100164007,-0.03378831066302146,0.7989733125009871,0.8,0.026682006383586594,0.12517572665361298,0.35717164529084516,True
8.3,6.111317966867145,0.8798419397639319,6.349927247635911,0.00788807736074439,-0.036307214457556025,0.7928625311680922,0.8,0.07169963741481603,0.17103900892169074,0.3564134282062726,True
8.35,6.1389817812567555,0.9083471373757924,6.389754794899981,0.008302361823246805,-0.03553056715181979,0.7943159845383359,0.8,0.020198231794939642,0.1178248120526199,0.356226172917237,True
8.4,6.166161318370781,0.9371197059737179,6.4294456138417075,0.008724358289961782,-0.035105264782905876,0.7872602649347147,0.8,0.06487277814998345,0.24035385877371615,0.3559285352727767,True
8.450000000000001,6.192629305097383,0.9663435552139814,6.468987240639263,0.00945125353363605,-0.03245810694881046,0.7877364722889819,0.8,0.10067136421716152,0.046253930852066735,0.3559762210565274,True
8.5,6.218699225739094,0.996155774821743,6.50871160510691,0.010348192000361689,-0.02980992982581887,0.7940888944218091,0.8,0.09860798671199013,0.1489069835063503,0.355855105422874,True
8.55,6.244886168475301,1.0262410270570184,6.548736170104933,0.010813088365892634,-0.03045340307131783,0.7999360198240097,0.8,0.08100560646549884,0.12059385301055633,0.3552016075052916,True
8.6,6.270798957587968,1.0568482942460025,6.5889852227523225,0.011293514351522212,-0.03097214500243506,0.8027344739899254,0.8,0.11706418074224241,0.0421748832426197,0.3545691790129338,True
8.65,6.297070676857315,1.0874971969330016,6.629502609246246,0.010986673462821561,-0.03665520663902788,0.8113887374880703,0.8,0.11980597700666021,0.14251630651306274,0.35321313373982355,True
8.700000000000001,6.323304889098621,1.1187556229234503,6.6704559165838395,0.010547539432732742,-0.041328411463196435,0.8202628814581988,0.8,0.04719087211959913,0.157262166542062,0.3522881534488226,True
8.75,6.3486712946282,1.150935059972432,6.711577012325817,0.010803117449494797,-0.040383608591484814,0.8169594788955353,0.8,0.05838201254602602,0.17611579215074497,0.35230812394403205,True
8.8,6.37329775397461,1.1835514958471984,6.752594348967605,0.011350238442135823,-0.037771415354008187,0.8155848918278159,0.8,0.06717247466392415,-0.0037242209336563396,0.35252347533738987,True
8.85,6.397813866104797,1.2161834331929608,6.793565404696894,0.011436318145507158,-0.0391411429810089,0.8156925226134243,0.8,0.0,0.12834006002596718,0.3520374700407267,True
8.9,6.4220856602316365,1.248642186507322,6.834246642932134,0.011061536869389571,-0.042828547215290724,0.8047520192180043,0.8,0.032956928650362385,0.16398526860946497,0.35133689821374003,True
8.950000000000001,6.445284520147534,1.281409185821666,6.8745442127713545,0.011192416522718945,-0.04224881796079716,0.7995213927031535,0.8,0.051010704439672205,0.164624871621783,0.35137496070199303,True
9.0,6.467696746004219,1.3145117216562427,6.914670841432022,0.011622854010220805,-0.03992562525292598,0.797397668845666,0.8,0.09212835262500114,0.027476299454507105,0.35162200063822435,True
9.05,6.490185027688639,1.3476094319463632,6.954840027054974,0.011452516435903976,-0.04237591468637969,0.802092219366754,0.8,0.012867888226748449,0.033816699414828504,0.3510778188666941,True
9.1,6.513046041185063,1.380307147454084,6.994862664064471,0.010216505881364007,-0.05103854399311148,0.7936275929835187,0.8,0.12552812672427757,0.04967147240555213,0.3497943997906954,True
9.15,6.535881064889768,1.4130792042387688,7.034894485259357,0.008510339766168624,-0.060411394937837315,0.8039142759057388,0.8,0.04658679176864762,0.05788814630043863,0.3487864140671064,True
9.200000000000001,6.558544009427214,1.446193479908317,7.075077167322184,0.006596894827675866,-0.0686675084494134,0.8009473194528286,0.8,0.07005678783659665,-0.09171163645363146,0.3483194645259754,True
9.25,6.581525899508028,1.4790201796533387,7.1151153397259534,0.003726383700497308,-0.0812619040962258,0.8019184801404398,0.8,0.10076713457019837,-0.09123605906282241,0.3475778758455287,True
9.3,6.605484074974264,1.511369305839276,7.155145478904428,-0.00069990892117994,-0.09196608693209274,0.8079144180658298,0.8,0.0259579176013921,-1.9554082677066043e-05,0.34755288703242676,True
9.35,6.629428850807012,1.5437071410755303,7.19520904012799,-0.004820040621546159,-0.08299029060602149,0.801449187179602,0.8,0.15111186940411928,0.12677129628844463,0.3459903416159583,True
9.4,6.652496493883915,1.5769174991285844,7.235655988398776,-0.0071993671134916925,-0.06467945415334653,0.8157363128884076,0.8,0.06832485278210726,0.027459826362025073,0.34886559936281564,True
9.450000000000001,6.67539758538969,1.6106873946875333,7.2765429023292745,-0.0085922768591852,-0.04485732400463871,0.8160293568326836,0.8,0.024536615025248704,-0.04473138365479737,0.35321530551425084,True
9.5,6.698870399911,1.6438484021953372,7.317265447301518,-0.010241415904619898,-0.03211356463836823,0.8091145954025235,0.8,0.025866795891794758,0.03926604230921899,0.3552869441852353,True
9.55,6.722148651908394,1.6767358826772938,7.357688569101122,-0.011331536241072684,-0.018906774954409955,0.8026025928312888,0.8,0.09089362500088645,0.004068302000337441,0.3580758271069896,True
9.600000000000001,6.745082776460727,1.709801289778829,7.398082683857755,-0.011494661668311229,-0.0033682618511644558,0.8069567376978974,0.8,0.03409824453457905,0.006271347397062855,0.3625056755270365,True
9.65,6.768143500167464,1.7427532919205049,7.438455509145873,-0.011284950317905065,0.010584048098512211,0.8018555604052368,0.8,0.028338250292721027,-0.15594654854090623,0.36057864740031126,True
9.700000000000001,6.791580922382984,1.7751028541779894,7.478553490744682,-0.01119496881209666,0.01979491970503755,0.7959415875173711,0.8,0.10743824165210314,-0.033854298625714485,0.35795081309891874,True
9.75,6.815451012767379,1.8071842918708056,7.5186901065000615,-0.011077865379392404,0.027102127920808794,0.8031923367293182,0.8,0.07478904780920897,0.001262051972299511,0.35591969302196586,True
9.8,6.839083322853751,1.8397076042777962,7.559019132745258,-0.009966545843119184,0.038986251989699516,0.8048824704467091,0.8,0.061347174050003166,-0.07637050114421509,0.3535524537380701,True
9.850000000000001,6.863004500072475,1.872056074951676,7.5993554496565,-0.00865006890431355,0.04883421182917125,0.8043173493054122,0.8,2.29994027137983e-11,-0.2399604074701769,0.35200095335578646,True
9.9,6.8879051214801255,1.903333304859121,7.6394451558331,-0.008230541393564491,0.05014717701114635,0.7936778680065558,0.8,0.047806388067414135,-0.012014129582779696,0.3520391268255859,True
9.950000000000001,6.913024104666525,1.9340163160450867,7.679203438886569,-0.007827672989256004,0.05143537022895584,0.7911800088825249,0.8,0.09987896870969229,-0.09025561507597478,0.3520680703680422,True
10.0,6.938047287966159,1.9648712653380542,7.719011016739993,-0.0067143332408911675,0.05681784828065206,0.7973123105068858,0.8,0.07273371212890894,-0.09341379434928503,0.35162155627323094,True
10.05,6.9635344181742,1.9955960070936636,7.758994461295945,-0.005507094991248197,0.06140888503272701,0.7988193526338733,0.8,0.0921022731557252,0.0930210569983865,0.3515015436472448,True
10.100000000000001,6.988864684141725,2.0266336337554582,7.799063131018784,-0.0034412714995707243,0.07062697143540221,0.8034721825349553,0.8,0.07257807317280505,-0.08319596315755758,0.3509115834464719,True
10.15,7.01431311068321,2.057765004306236,7.839218779124124,-0.000863332549322169,0.08034289547990857,0.8047913154978673,0.8,0.07135386985189601,-0.2534137938375466,0.35070370983131516,True
10.200000000000001,7.040989600619636,2.0879727087997577,7.87948926906366,0.0007262390799216475,0.08094705177854034,0.8058742127930245,0.8,0.04034258258887714,-0.17844660915070676,0.35066803572417593,True
10.25,7.06856266653437,2.117304986925865,7.919721786373377,0.0016028556682281885,0.07694353610050819,0.8018285781214113,0.8,0.040101506412736125,-0.2350604767228564,0.3509372928599749,True
10.3,7.096773675636119,2.1457686372257703,7.959772269677097,0.0019519113674031537,0.07043907874350042,0.7978499948154816,0.8,0.06939909143349236,-0.2643694969167183,0.3524549537486177,True
10.350000000000001,7.125966198738709,2.1731735021324963,7.999786707304778,0.0013922047695919051,0.059743845543808405,0.7987944798331976,0.8,0.08186963779827197,-0.15653893898760868,0.35609744345960737,True
10.4,7.155534977153922,2.2002725685037614,8.03987684647744,0.000886537965826656,0.052488946357130084,0.8017651019724565,0.8,0.04102800687229709,-0.19107433569137622,0.3587035558242217,True
10.450000000000001,7.185226423859296,2.227156927074237,8.079920510544701,0.0006753263051309388,0.04881064145500058,0.7979405667542185,0.8,0.10989339472542448,-0.14885379048934622,0.3599825442263548,True
10.5,7.215379863465032,2.2536610842158393,8.120058659757303,0.00040818243982049295,0.045878646146854773,0.805542442440037,0.8,0.14832726561767215,-0.2596938281210005,0.3611021693139089,True
10.55,7.246637764536441,2.2797263639042677,8.160750805159644,-0.0003732353054408653,0.04003554199343573,0.8192625891897134,0.8,0.0,-0.1567727314996383,0.36283954932908224,True
10.600000000000001,7.278529114571378,2.305128068517779,8.201519272526065,-0.001517787599624364,0.03379911262945001,0.8082267567817062,0.8,0.0,0.012952537634727352,0.3635171790602111,True
10.65,7.309554799263055,2.3306359498765663,8.24170486429053,-0.0014811120913265684,0.03695354885994994,0.7974842878041101,0.8,0.027278789065291374,0.03451353846256756,0.3626315197051658,True
10.700000000000001,7.33961080640481,2.3566104674338777,8.281409190132814,6.010771334216535e-05,0.04913018400052571,0.7915106155539633,0.8,0.07235485611022728,-0.1712716089656814,0.360504927689244,True
10.75,7.369613421311321,2.382480591618838,8.32095999148681,0.0020758582702020112,0.0608511860080545,0.7931071063762989,0.8,0.1014515369181471,-0.1568126093783348,0.3550938487242111,True
10.8,7.400706599647803,2.4073856731575916,8.360747665538836,0.0031870458188249387,0.0635441713885806,0.7994476401498155,0.8,0.036314031122182344,-0.2342973083330584,0.35320531500276325,True
10.850000000000001,7.43288411789294,2.4310335470175306,8.400638307133246,0.003171682368837342,0.05814048336112809,0.7949086670018317,0.8,0.12675029351945405,-0.09021447491652028,0.35478153105327676,True
10.9,7.465553798742592,2.4542472478206987,8.440674133997772,0.003048795095589921,0.05381490733839589,0.8053626596704665,0.8,0.09864580024840187,-0.03262880461314843,0.3561568499876584,True
10.950000000000001,7.498058200840506,2.478277411783823,8.481030883153306,0.004227656808033865,0.05914969815843974,0.8109183956344587,0.8,0.16364741110812467,-0.2229065363592718,0.35343372906504555,True
11.0,7.531158399107862,2.5024101479577516,8.52190044089982,0.005704996761601609,0.06452489366642211,0.8270131884891329,0.8,0.007598145988700652,-0.2806614703612806,0.3504045311728478,True
11.05,7.565476666884931,2.525147053348206,8.562987619486762,0.005906173493898512,0.060066795799718964,0.8170182026757394,0.8,0.009700492958855791,-0.19070947251290477,0.3514901474216806,True
11.100000000000001,7.600064959556759,2.546612633525917,8.603616231304628,0.005450372100825069,0.05286901982641412,0.8076374606677014,0.8,0.08650347981563049,-0.08230510151861832,0.35402949803916184,True
11.15,7.634371944845757,2.5681567539255736,8.644050538451957,0.00575917191059322,0.05273518444525671,0.8111360296799108,0.8,0.06463819702608044,-0.2353952246894464,0.3537595090006841,True
11.200000000000001,7.669003092277669,2.5893285920375373,8.684559092959837,0.006128480691717202,0.05259519758003972,0.810945949268413,0.8,0.01737157009201686,-0.02443591776030577,0.35343079754519724,True
11.25,7.7037795355873175,2.60986689433968,8.724862403701643,0.0064235944797974035,0.05244737320447801,0.8029883366482806,0.8,0.016498787991448233,-0.2941004036442767,0.3531785570118299,True
11.3,7.7384504262710525,2.6297926965345457,8.764762211154157,0.006776597602960458,0.05231427446913762,0.7950973568099934,0.8,0.0,-0.15797366764586157,0.35286415891554396,True
11.350000000000001,7.773258975195015,2.6485775904188924,8.80422798711476,0.006591054295606,0.04897472659661173,0.7846988241402381,0.8,0.07345052479322924,-0.1695077553948193,0.3540191436064818,True
11.4,7.808101075548866,2.66683530712553,8.843478663937255,0.006442720489680401,0.04666385208960333,0.7866523590532722,0.8,0.08662953188603958,-0.25845201296567133,0.35483921464794965,True
11.450000000000001,7.843700905893299,2.684002777131147,8.882912147466456,0.00549442322942862,0.03952187632242499,0.790723216424829,0.8,0.16127797411820835,-0.07212417110938436,0.35786824597721045,True
11.5,7.88009725977377,2.7006733855379252,8.922861236665616,0.0042700649369053776,0.03284841778585412,0.8069656782367759,0.8,0.01284258871267762,-0.21096751992608634,0.36104314196231857,True
11.55,7.916811554081112,2.7170454925730327,8.962996102707518,0.0031733122275477057,0.028461281581218634,0.7983686108100585,0.8,0.12072412859771531,-0.057743779781150216,0.3634254526813136,True
11.600000000000001,7.953699017022199,2.733042537777719,9.003155523624542,0.0022012983017272816,0.0263836241966508,0.8077403423591346,0.8,0.03797339551657613,-0.10673259817123851,0.3650071778267088,True
11.65,7.9906001570199,2.749236000214041,9.043425103853867,0.0019419527348863818,0.029347500136938542,0.8032556987552811,0.8,0.1038127177655601,-0.05726314447470987,0.36439691671880714,True
11.700000000000001,8.027555654254543,2.7654071504666224,9.083735740294909,0.0021818287644497255,0.034905982551369286,0.8097170335770669,0.8,0.014082413603018049,-0.25726314418985535,0.3625293435393116,True
11.75,8.064722555529748,2.7809731953722028,9.124000476580598,0.0023234429258473656,0.0380250713878727,0.8012511018282212,0.8,0.08542386757922235,-0.11762541352389914,0.36147619045904283,True
11.8,8.102129877480053,2.795662681245803,9.164158713579285,0.0021018862156541632,0.0382263492257115,0.8047414705031013,0.8,0.09626460981094215,-0.24277991001578952,0.36163897009328383,True
11.850000000000001,8.140087270993451,2.8095603332922385,9.204551785021982,0.0014835380937793187,0.03547886507598941,0.8099221447122154,0.8,0.00775627637132121,-0.19162352029388902,0.3630601130755402,True
11.9,8.178379059977546,2.8222565255728607,9.244861202690489,0.0001658374411801964,0.029136046840072927,0.8004104236512091,0.8,0.08867646789545691,-0.12335156150381006,0.3662350339946992,True
11.950000000000001,8.216544360280857,2.8347958960375603,9.285027948125117,-0.000716711260601602,0.027408299821203685,0.8044578945508846,0.8,0.095595377503306,-0.15095263531601852,0.3661909908276981,True
12.0,8.25500049555962,2.8471358146965704,9.325424746072905,-0.001342001008136818,0.027649486850275403,0.8095360468922429,0.8,0.07155225780726389,-0.12267027475573192,0.36549492552066504,True
12.05,8.293765861334144,2.8589971995399415,9.365981991386576,-0.001972820296013398,0.027929520113185554,0.810525530404368,0.8,0.045904691980365155,-0.27511513243163865,0.36478194108911577,True
12.100000000000001,8.332783979478473,2.8698617297134454,9.406503716575502,-0.003082938597253083,0.024707739898182368,0.8072712185241794,0.8,0.0,-0.18909708628225433,0.3646177618428732,True
12.15,8.371797036444715,2.879474077050656,9.446698140520944,-0.0048483846173808225,0.018281558966572464,0.7965539670122498,0.8,0.055490775484407305,-0.058457083478183236,0.3647431826890559,True
12.200000000000001,8.410433749231654,2.889167941827263,9.486590288193721,-0.005898190547866608,0.018343947352210458,0.7952449054542473,0.8,0.1378436780567413,-0.1572561726844595,0.363674993319831,True
12.25,8.44938687084047,2.898687549684507,9.5267668521353,-0.0066659566648687215,0.019941100992544536,0.8075144235478058,0.8,0.007714221600278289,-0.14792870786887086,0.3624367809899841,True
12.3,8.488632998018197,2.907321522128472,9.567032274700367,-0.007826451652364392,0.01871468554913097,0.7980594527165451,0.8,0.10055989465142996,-0.1566575299511289,0.36163750051467836,True
12.350000000000001,8.527917285794603,2.9153736041431912,9.607228608226228,-0.009023269355603755,0.017524939887282376,0.8041232347158686,0.8,0.11598995182723046,-0.10817656999841245,0.36079128464728916,True
12.4,8.567609444863349,2.923186083822675,9.647799413403927,-0.01000276120835432,0.018267034901352286,0.8125639607845424,0.8,0.11164182272254543,-0.08001061452790947,0.35959308584991323,True
12.450000000000001,8.607664916859369,2.9311247057206753,9.688771744674934,-0.010382985033560225,0.022768936931615358,0.8200642450300532,0.8,0.0347591592110976,-0.055337920475329094,0.3578876251101162,True
12.5,8.647759620483043,2.939090835259879,9.729790614661493,-0.01018564231952907,0.029851560296107808,0.8147222010655779,0.8,0.012324334585545648,-0.17751950663481667,0.35600545156540314,True
12.55,8.687660996861727,2.9462236006089957,9.770463111722503,-0.0102178501102943,0.03323263442731722,0.8058341750585264,0.8,0.1605243901482372,-0.03183788214074326,0.3549828932796074,True
12.600000000000001,8.727817078769114,2.952914226843817,9.811311905151868,-0.010177150214119208,0.03663566870864715,0.8215519925929093,0.8,0.038928642259108276,-0.21634171977269115,0.3540283663810808,True
12.65,8.76829749805054,2.9592991034487697,9.85243015296762,-0.009931230482159097,0.04004884004412564,0.8168554485800821,0.8,0.03153717521117922,-0.2043606355650781,0.3532776743397721,True
12.700000000000001,8.80877366560021,2.964116101688038,9.893325891878133,-0.010677874406419024,0.03614437506896931,0.8110697016646238,0.8,0.10639778130834757,-0.14201562312133897,0.35367122551663155,True
12.75,8.84934263031396,2.96828708247732,9.934251721921516,-0.011521219839303045,0.032898015458697916,0.8177478324360009,0.8,0.0,-0.1420654488073097,0.35377746827729684,True
12.8,8.889801110770563,2.972245840505157,9.975060852005742,-0.012007927603713803,0.03271494900601904,0.8067524973510274,0.8,0.023972859802544287,-0.21537178502796617,0.35334435140707743,True
12.850000000000001,8.929929955337995,2.9750981849074956,10.015447081685771,-0.013014269747476633,0.028978663478498257,0.7999915378898446,0.8,0.012403840118747277,-0.09179256272338866,0.3534327532523449,True
12.9,8.969706709299695,2.9773793559467383,10.055457032931113,-0.01402183362513193,0.026550513544662216,0.7915056450813931,0.8,0.09436472291049676,-0.024710416851719604,0.3531376457961931,True
12.950000000000001,9.00930724312963,2.9804113595107915,10.095357346835577,-0.013737604994618551,0.03322679946683406,0.7967224708381503,0.8,0.061499563627792145,-0.036046583452990194,0.35146484618954194,True
13.0,9.04899337105564,2.9837904414515712,10.135346043602084,-0.012582844196613615,0.043676196476424824,0.7963972896875671,0.8,0.14213410069758325,-0.03672564747751496,0.34956865593758935,True
13.05,9.089013172117419,2.9869903529023247,10.17562497463793,-0.011088786197150022,0.05362497368722858,0.8093419735727219,0.8,0.0,0.06827416919507304,0.34817191301495753,True
13.100000000000001,9.12903457632039,2.99074121234,10.21587042026615,-0.008505751304223357,0.06829996946852142,0.7985700361029225,0.8,0.05070846733851018,-0.09292614057084748,0.3465163674002673,True
13.15,9.16872467928052,2.9945768242401787,10.255708105566768,-0.005297568724422731,0.0828416925961499,0.7964215747792519,0.8,0.0742945191053289,-0.1499982838513318,0.3455552571184718,True
13.200000000000001,9.20852941511942,2.9970226965867823,10.29554952344585,-0.003002808558803436,0.07963184701370701,0.7982086945926042,0.8,0.024035432026916912,-0.08981290146876823,0.3487676382212961,True
13.25,9.248265993984369,2.99870572247728,10.335270735807045,-0.0017466810255475189,0.05564386015063367,0.7916826127686638,0.8,0.07693657125194177,0.08027120605432435,0.3569290844038894,True
13.3,9.287846191220892,3.000997215454745,10.374880564512962,-0.00040420617175471445,0.03868334696044971,0.7940282350759084,0.8,0.12549743269789018,0.023945232087396878,0.36320321833555125,True
13.350000000000001,9.327692779013177,3.0040040690531487,10.414816490709974,0.0011178059087107739,0.026995878142049873,0.8042993405282022,0.8,0.10036489318409998,0.01389848683721189,0.3659109379335912,True
13.4,9.36793368769578,3.0071413407002465,10.455187311888785,0.002215540316388107,0.01535611666200598,0.8101660110328022,0.8,0.0921156402524644,0.03379963328494266,0.36823861013417436,True
13.450000000000001,9.408418644649737,3.0104351104550418,10.49583514382704,0.0029088993582408835,0.004113448180383838,0.81451997307105,0.8,0.03234375581201479,0.1626506257094906,0.37087046750445707,True
13.5,9.44879546837652,3.0146737956797702,10.536466224376252,0.00400251649873162,-0.0013254733396730334,0.8089292821985471,0.8,0.15650702935673508,-0.06738418211331519,0.37060392783961327,True
13.55,9.48936635397562,3.019331727888021,10.577354044484684,0.0049444741651892745,-0.006811967103480852,0.8239036209375896,0.8,0.05225373954810541,0.13886069301814094,0.36803528742151703,True
13.600000000000001,9.530209957628662,3.0242938214283677,10.618565478514402,0.005601642867026405,-0.012332407142894283,0.8213343625910439,0.8,0.0,-0.04731662216814899,0.36574523044989027,True
13.65,9.57066476478566,3.029614104168808,10.659445638608025,0.006097585674223902,-0.01779727213529017,0.8102430220064372,0.8,0.0,0.05412836907628341,0.3636366994450114,True
13.700000000000001,9.610603629401167,3.034566711316219,10.699768748791534,0.005744804925469507,-0.02702819456507992,0.7994472461434933,0.8,0.049030469696232225,0.0845490368707774,0.36127445354384297,True
13.75,9.650151390303138,3.040006325769717,10.73976182233155,0.005391949850838727,-0.033766853080747915,0.7969997808786415,0.8,0.05941438551258752,0.13470151862589455,0.3596524562260209,True
13.8,9.689512532150705,3.04626761397263,10.779689595922402,0.005348276509891068,-0.03665664614379971,0.7963243763976768,0.8,0.11398384680613552,0.016159474027831532,0.35885111004135406,True
13.850000000000001,9.729039122728022,3.052658923167733,10.81979537276972,0.004872727831392748,-0.04194885771989179,0.8046415450831429,0.8,0.03594306166294211,0.10840105003198303,0.3577820806191885,True
13.9,9.768634860859724,3.059140091982935,10.859966408307592,0.003937110492172138,-0.048502683430107496,0.7999049339773322,0.8,6.345744024348489e-14,0.12255777945490323,0.35681024303784986,True
13.950000000000001,9.80770986494753,3.0664718984030377,10.899768721602879,0.0034037134326487728,-0.05082181954712522,0.7893811033350572,0.8,0.06694141206371924,0.09250717042210391,0.35667009680680306,True
14.0,9.846480709063858,3.0740835517556677,10.939313487874209,0.002682266042922224,-0.05387304948786087,0.7901425646541664,0.8,0.15237294784322641,0.19572182657349096,0.356506526984196,True
14.05,9.885471732054118,3.0826325057280672,10.979262376510256,0.0023019093963923105,-0.0535852429565194,0.804935735664441,0.8,0.0553332249785926,0.12165765644876789,0.356970306799275,True
14.100000000000001,9.924612381706549,3.092051153338519,11.019550691206655,0.0021974678932232474,-0.051901074105343975,0.8033801957158129,0.8,0.12352544033692209,0.11423499128741127,0.3575631524182355,True
14.15,9.963927574047604,3.101524143706649,11.06001166865197,0.0015603113311223739,-0.054011950972368244,0.8130797896518432,0.8,0.0148248191538631,0.08175705639177451,0.357588224093031,True
14.200000000000001,10.003222109980932,3.111172126644678,11.100475297335986,0.0005521282629408734,-0.05804562395832543,0.8046466761170252,0.8,0.05764628844804696,0.1622839457074874,0.3574285224289273,True
14.25,10.042121649425683,3.121438513697389,11.140699849614329,-0.0002966046191479636,-0.059739705299818785,0.8034791724223406,0.8,0.07900446025220387,0.14676471234489408,0.3571942401690024,True
14.3,10.080807375025785,3.1326635327681016,11.180972694584602,-0.0007053059631131607,-0.05829454125355202,0.8058549475554051,0.8,0.16302125405586773,0.07154169145474079,0.35720335025687266,True
14.350000000000001,10.119930262040551,3.143964613199217,11.22166642936952,-0.0017166986029319188,-0.061269583004548156,0.8219827410746622,0.8,2.502331313013494e-11,0.24884852063363364,0.3553321675145576,True
14.4,10.159015095694846,3.1558380210724755,11.262472595096401,-0.0027256585166868315,-0.06303266763774651,0.8108740005342701,0.8,0.0,0.0638049735860289,0.3538142709414103,True
14.450000000000001,10.19741655676755,3.1680708607825294,11.30272008424642,-0.003723020903425556,-0.0647467035428223,0.8000615158484025,0.8,0.034331956250467824,-0.0014802559749541421,0.3523225579208278,True
14.5,10.235652958948476,3.1794129772792252,11.342471541446482,-0.006039249239860919,-0.07466698404423083,0.7951804425625344,0.8,0.08215062033725022,0.1985195654902902,0.34715354217840333,True
14.55,10.273770746240734,3.1910043638829277,11.382133433591386,-0.008607180269587553,-0.08327972456761001,0.7982922034483279,0.8,0.11471776238172984,0.22792641415815193,0.34212054126868513,True
14.600000000000001,10.31168872903938,3.204257686302444,11.422149437591038,-0.010082348628609898,-0.08235463538841081,0.8066781911984928,0.8,0.06398861376097108,0.293137251207308,0.3409096169917115,True
14.65,10.349153370247832,3.2195069354666987,11.462463517305821,-0.010075124863162581,-0.07188827617164395,0.8064998730775006,0.8,0.042548934827392595,0.27240430719741937,0.3439152984526568,True
14.700000000000001,10.385951212692609,3.236171120708285,11.502717715752645,-0.009048122841188727,-0.05777490082331144,0.8028005325103826,0.8,0.009040766367692594,0.18050072605501724,0.34901083922574205,True
14.75,10.42228736459053,3.2529325219327854,11.542611255352794,-0.00828621917300034,-0.04931441424067917,0.7936878526901777,0.8,0.015200876106119724,0.09262184249217169,0.3522252991911567,True
14.8,10.458365228636774,3.269074973243734,11.582025135040174,-0.00850993048805085,-0.04955702358347602,0.7858264278690861,0.8,0.020284760112410483,0.2907081941470124,0.35193111951610445,True
14.850000000000001,10.493888952997963,3.2855494303037047,11.621070710998026,-0.008714228906103086,-0.04923747246246657,0.7790046421093977,0.8,0.06474077288471802,0.05445100052778078,0.35181963969789065,True
14.9,10.529027822125911,3.3024859544449763,11.65996446912045,-0.008843324536790355,-0.048913366465356156,0.779671930040203,0.8,0.07766580164514744,0.24657489618668701,0.35178470024893077,True
14.950000000000001,10.56404015472163,3.319871499281825,11.698939484272252,-0.009020588914722807,-0.048583424233954446,0.7824484787089232,0.8,0.1109044354777185,0.10155399372229801,0.35170330257786875,True
15.0,10.599010152563189,3.337959366867511,11.73819237498132,-0.009064539176697271,-0.047840332289227794,0.7906213705071168,0.8,0.09575792255929565,0.2219170109739562,0.35187531767660496,True
15.05,10.634023015446274,3.3566980610997508,11.777784934869956,-0.009072319072905354,-0.046648646709251666,0.7960904374516642,0.8,0.057786478552349196,0.24435546708364508,0.3522140385022727,True
15.100000000000001,10.668380057514746,3.3769451475282497,11.817536236898368,-0.00796778396214501,-0.038569762755759296,0.7951710979500632,0.8,0.12827504067254408,0.16487060011300825,0.3556728016064909,True
15.15,10.70261654408738,3.39784622146672,11.857532536699408,-0.006765311697341666,-0.03224213025990135,0.8058689392382486,0.8,1.7337759125708777e-11,0.19902003046072342,0.3587254012007399,True
15.200000000000001,10.736615839929817,3.4190896065882836,11.897525547544037,-0.00568214955123676,-0.028124760038312657,0.7951886421297758,0.8,0.14669535954291946,0.22901118108504573,0.36101533226197446,True
15.25,10.770063640899158,3.441380589024078,11.937619290208746,-0.003952226783494699,-0.02086232301756763,0.8089153327472643,0.8,0.05038686316062494,0.07580223978474983,0.3648793140287304,True
15.3,10.80352377462121,3.464109397336926,11.977996647727938,-0.002396203328534018,-0.01699040665507734,0.8064408854398382,0.8,0.04426172238598473,0.02406738480226454,0.3675759303592974,True
15.350000000000001,10.837247867458835,3.4860798137092948,12.018215105011073,-0.0021639019424505705,-0.02281330780939861,0.8030247789543082,0.8,0.03442806505590993,0.1612634917493021,0.36609365986979514,True
15.4,10.870665003291391,3.5081338628037986,12.058224599898026,-0.0022305612449261924,-0.028614247995843667,0.7980816253737987,0.8,0.06448913388183342,0.1588687333605374,0.36432333672806727,True
15.450000000000001,10.903291501976618,3.5311845580489627,12.098141818415947,-0.0015616968117226162,-0.028189484577309187,0.7982124944563349,0.8,0.14049607117427293,-0.008602121872907275,0.3651167972101989,True
15.5,10.93612034540014,3.5544763638487527,12.138374265406568,-0.0013452495505587414,-0.031158781839269012,0.8108398222905089,0.8,0.04550117364873108,0.1632592569232872,0.3644627640469711,True
15.55,10.968925950691306,3.578193248461064,12.178837478526708,-0.0013118774962965045,-0.034135800348983225,0.8075107930314963,0.8,0.05207300097663576,0.23186914149399387,0.3636245798712983,True
15.600000000000001,11.000629557619781,3.6032280824321723,12.219206611711687,-0.00010873155973439063,-0.028691537759145343,0.8053509048776253,0.8,0.0,0.08407845137174878,0.36642249755987405,True
15.65,11.031691077838314,3.6285375988702775,12.259261123923622,0.0011610406782143613,-0.024590671191884628,0.7946842436464547,0.8,0.01795100964217162,0.07658970327114045,0.3665740579357416,True
15.700000000000001,11.062650167560173,3.6531802309996873,12.298846826818815,0.0014376990236523279,-0.027947935170744787,0.7872492920432791,0.8,0.07915710476018237,0.17110585301517264,0.3653116595271181,True
15.75,11.093133666452559,3.6782404264644897,12.33832880430988,0.001816491034519952,-0.029440480536230162,0.7900754961002971,0.8,0.13846402720382492,0.1532965954724809,0.36449511675351043,True
15.8,11.123248096295455,3.7043696049001227,12.378218775413586,0.002731972753582579,-0.027284285182897272,0.8025828792567083,0.8,0.1757990082945925,0.07442503256804414,0.3642121240464132,True
15.850000000000001,11.153969432787774,3.7309374057852303,12.41887288056298,0.0030529757323351026,-0.02981798902583488,0.8208990733830723,0.8,3.3220576836191787e-12,0.23285051670797435,0.36314795920234494,True
15.9,11.184465084185003,3.7580365716974384,12.459712121603467,0.0033708600568482638,-0.03132509112942461,0.80981940672292,0.8,0.03756814583115454,0.11619650759056663,0.36238843315763664,True
15.950000000000001,11.21410734276281,3.7855133518757524,12.50017562475466,0.003987298568021699,-0.030783499353146393,0.8052129730751587,0.8,0.09590769570947057,0.15147209154736505,0.3619306678416092,True
16.0,11.24350357319212,3.8132617481970565,12.54065446478044,0.004424957910093161,-0.031361367020600994,0.8103224330087841,0.8,0.10257323847913445,0.1039727713337065,0.36132370875860453,True
16.05,11.272781888418004,3.841535771184988,12.581417615135479,0.004777693233138214,-0.03254655900708214,0.8163917208685658,0.8,0.03123670816233873,0.09744028775597131,0.36062388426949205,True
16.1,11.301991709494583,3.8698688589538226,12.62217564391306,0.004667519888783432,-0.03636323862217117,0.8105689772842883,0.8,0.0,0.16839209807903752,0.35961761188441416,True
16.150000000000002,11.330322202661714,3.8985178303065973,12.662530749020478,0.004852786454644095,-0.03703792579822551,0.7997645714530316,0.8,0.043435725125791184,0.13111251210931577,0.35923519264819276,True
16.2,11.357844525374643,3.9274726784116476,12.702544524506068,0.005291148957683192,-0.036085662041207445,0.7963886049042707,0.8,0.13045423359752234,0.23926299747078872,0.3590751123687056,True
16.25,11.384782226668815,3.9572579884785766,12.742771466563903,0.006190689568379477,-0.032073513676832754,0.8074127404002798,0.8,0.08731488674078351,0.08337656976124291,0.3593493988870529,True
16.3,11.41138996410455,3.9878306360504037,12.783377085738937,0.007325319589753255,-0.02804369270085294,0.8110507160340716,0.8,0.0018427309089438485,0.3167358281184457,0.3593959451764771,True
16.35,11.437394668139756,4.018685939088825,12.823817926475407,0.008550347129092403,-0.024041141174116043,0.8005365928593468,0.8,0.0,0.12478940526683203,0.35934624352486966,True
16.400000000000002,11.462476898864482,4.049624847315656,12.863744524651075,0.009985172417723273,-0.020074477450051864,0.7899962445070716,0.8,0.07753840580946056,0.024830672394205455,0.3590782939064995,True
16.45,11.487989204602778,4.079879942219363,12.903453504512179,0.010121129648282145,-0.02566165748867877,0.792484799871571,0.8,0.09506839251019462,0.17434716361539554,0.35729934982028566,True
16.5,11.513439845880974,4.110439411348592,12.943356702555445,0.009973412398791064,-0.0312679978971635,0.7977917672969843,0.8,0.10174935257179789,0.17965127218259283,0.3558026058858839,True
16.55,11.537998434868019,4.142131744943054,12.983583017653844,0.01069975418742806,-0.029788291305259618,0.8040582185336943,0.8,0.07180704034161249,0.021835780767387396,0.355509886434083,True
16.6,11.56244917367275,4.174125536836238,13.02399505907201,0.011157980466508576,-0.030796172894886124,0.8052350493528635,0.8,0.08969240052313093,0.010917674740950553,0.3547562724545946,True
16.650000000000002,11.58755040395898,4.205741406708016,13.064500583051098,0.010326616512970548,-0.03994759649325075,0.8093218710710425,0.8,0.0033485900657963794,0.1563682478047464,0.35291182753319655,True
16.7,11.612283677906836,4.237452599838852,13.104835951108567,0.009304043757756812,-0.04756576721481598,0.7991011669271073,0.8,0.07453639655523861,0.11626915086549788,0.351715629579856,True
16.75,11.63607899106137,4.269635579791512,13.144978300672484,0.00877928002311974,-0.05010384554497727,0.8008576734308352,0.8,0.09798931916636651,0.11057799243010691,0.3515029700893886,True
16.8,11.659629932964139,4.3022247120351915,13.185295644405894,0.008150894605713539,-0.052667311105684456,0.8064248624979897,0.8,0.02961193655959139,0.2029089176663612,0.3513874697804667,True
16.85,11.682336149688991,4.3354249907166045,13.225626743254722,0.008024369865742953,-0.05104639483791773,0.8005999499074135,0.8,0.08947021604159701,0.07178162172259915,0.3519842572112446,True
16.900000000000002,11.704512937993341,4.368933809064577,13.265917123790066,0.00796924019638887,-0.04979653599043488,0.8047729537520542,0.8,0.027013261910863083,0.17382381341187514,0.3524022490420979,True
16.95,11.72638798553193,4.402565092325401,13.306141083329106,0.0076950439792825166,-0.04995363820609377,0.7985642705986297,0.8,0.008292851107009334,0.042348357700500806,0.3526308229521403,True
17.0,11.74773987367298,4.436070301673449,13.345968689339365,0.007263247104711389,-0.05147799214766613,0.7894395127186958,0.8,0.05071510911771718,-0.10299064024100485,0.3526201283246816,True
17.05,11.76973843194482,4.4687875953348115,13.385430583847425,0.005345593493423455,-0.06239328732957239,0.7875303279243708,0.8,0.11451213908893387,0.05353541043053408,0.35137884971727995,True
17.1,11.79192323240493,4.5015821854095055,13.424995367852343,0.002787268986614787,-0.07414027411760904,0.7961647047152897,0.8,0.09142699308838277,-0.055241663460326634,0.3505566283567506,True
17.150000000000002,11.814326076144248,4.534628271948416,13.464814581401878,0.0001760409819407178,-0.060535791554148566,0.8007763158320951,0.8,0.07799020081503535,-0.06442514194035864,0.3570847743578951,True
17.2,11.837542281094759,4.567326591022235,13.504825110465356,-0.002780916963755511,-0.05249380710431084,0.8030567047935622,0.8,0.057691792535344705,-0.08467317744486018,0.3568077670515588,True
17.25,11.861175596269442,4.5997662089792755,13.544911690816688,-0.005694563325769403,-0.046258962310979035,0.8019386925443049,0.8,0.11184426854485673,-0.09543913063222402,0.3557051436839395,True
17.3,11.88532805289729,4.632038327379433,13.585212416650194,-0.008599055691547857,-0.04147693643935879,0.8097556874518835,0.8,0.05060642210137036,-0.020318941405397806,0.35419333152144983,True
17.35,11.909479375247257,4.664465889224566,13.62571313053057,-0.010875228167388335,-0.03355276255122108,0.8072950110019544,0.8,0.06841675201740988,0.04361031516171796,0.3542318261690597,True
17.400000000000002,11.932954459816942,4.697319046109132,13.666234191217377,-0.011807540794122539,-0.01892605447385864,0.8078285038581549,0.8,0.0779582281918326,-0.14231322666789437,0.35759414314580995,True
17.45,11.95660270293084,4.730128590230819,13.70683812765015,-0.01236083243590181,-0.006008880241488046,0.8099168261733942,0.8,0.10033140373877492,-0.013674601840642356,0.36085679753022065,True
17.5,11.980765056671258,4.762807967168083,13.747648792863451,-0.0128585516805766,0.004207468440999729,0.8156283441751082,0.8,0.0,-0.1026021018079334,0.36089294030218333,True
17.55,12.005197386742982,4.7951244273457,13.788337165876396,-0.013237254128156073,0.012168819776544826,0.8046895507592381,0.8,0.1237006348500253,-0.0428226901372971,0.3581579504913329,True
17.6,12.030004216799513,4.827123902131258,13.82900666008733,-0.013556629365524282,0.01871718286648516,0.8143831197926873,0.8,0.05799722853234644,-0.07647324811327025,0.355906587070277,True
17.650000000000002,12.054984858956368,4.859245223175433,13.86988184550117,-0.013387281125904905,0.026562418011486955,0.8130143125217341,0.8,0.0,0.10468731143923554,0.35376870342836897,True
17.7,12.079609278873786,4.891247335718275,13.910425678079495,-0.012463338663487677,0.03752050256322603,0.8021450556867256,0.8,0.07308013623975043,-0.1892628324415903,0.35148366296190914,True
17.75,12.104119539251476,4.9230407571651105,13.950702978760717,-0.011041016614538948,0.048413848802351,0.8035818279965216,0.8,0.06567238605876241,-0.0120667584375518,0.34973215194267854,True
17.8,12.12898224621526,4.954614514615867,13.990999028028558,-0.009490818401384538,0.05760948229630458,0.8037624003759605,0.8,0.036885750215774844,-0.22396762728451472,0.3486159989719451,True
17.85,12.154072330128866,4.98587055551629,14.031159102950191,-0.007782635986356961,0.0650732568665624,0.7992040121888477,0.8,0.11384399350495866,-0.1626618496444761,0.34816880845701076,True
17.900000000000002,12.180282902372756,5.016355125603264,14.071451203517551,-0.006886706274374918,0.06531529499513343,0.8074222267234586,0.8,0.08428972759129243,-0.17503622819479508,0.3489949765983682,True
17.95,12.207453074391132,5.046398202853544,14.112046300908371,-0.006453439628830654,0.062495217820326965,0.8105624999130072,0.8,0.02949860387117877,-0.1494258447148684,0.35024158433387664,True
18.0,12.234996448128692,5.075996850695759,14.152560650761007,-0.00604933046130212,0.0603224183860831,0.8046093273779996,0.8,0.0035627099827188276,-0.2329744806608876,0.3512731302748705,True
18.05,12.26301356398232,5.104614035368396,14.192691056638887,-0.0061262903394275064,0.05537082151137018,0.7945481316172813,0.8,0.026235820050839336,-0.22707159601435067,0.3526285491886797,True
18.1,12.291701999132567,5.13202688880699,14.23244861148498,-0.006996627611371304,0.0467186009299112,0.7884795004957692,0.8,0.1448071645239882,-0.1498045005606793,0.3542693842621095,True
18.150000000000002,12.32069919298609,5.1593423595219186,14.272378073957025,-0.007625082953460061,0.0420680314825852,0.8020719176167463,0.8,0.1506039962266505,-0.10484261149479913,0.35499498771963955,True
18.2,12.35004632246336,5.187242326169646,14.312973595994016,-0.0075349405103206065,0.043303315050423175,0.8162589653261009,0.8,0.022804868604322476,-0.06457485326129843,0.3547251742669282,True
18.25,12.379414535060107,5.215343212438616,14.35371030708063,-0.006762415094970494,0.04867479885652881,0.8090533119406338,0.8,0.09230862183060909,-0.1595723920056267,0.3539349254310069,True
18.3,12.409215424725437,5.242897778632004,14.394380698959644,-0.006134203001028448,0.05137458990415167,0.8134687122406921,0.8,0.03649946545337003,-0.15256139781148922,0.35377917788791285,True
18.35,12.439778565768343,5.269623068138518,14.435063642953027,-0.006081817298676599,0.049797047465972466,0.8085894181841224,0.8,0.09071592126841653,-0.03383872213679534,0.354289523402296,True
18.400000000000002,12.470210399801053,5.296431640133291,14.475690360000357,-0.005330785862789037,0.05342260840162094,0.8127552995454974,0.8,0.0,-0.1495915587642629,0.35398857649560256,True
18.45,12.500718991731961,5.322891241464253,14.516128211696426,-0.004349961379013711,0.05717690987712909,0.8018929208751697,0.8,0.04822632545272596,-0.11710022746546139,0.3538820168288035,True
18.5,12.531568789892036,5.34845287870004,14.556241765771567,-0.003740997446764464,0.05779634446503701,0.7992488927073639,0.8,0.09183552791385718,-0.02862589223107956,0.35431176129441644,True
18.55,12.562211188837441,5.374301830336888,14.596342999663134,-0.0022424350837240287,0.06420692855061316,0.8038465322095031,0.8,0.08426864913381985,-0.22622304435670804,0.35395877643703405,True
18.6,12.593199652192986,5.400042614452527,14.636609051192018,-0.0005029557558328782,0.07007583867448941,0.8070782704086679,0.8,0.03947775666530701,-0.19678881550327185,0.35400833809336996,True
18.650000000000002,12.625166673163173,5.4245815674559825,14.676904068353041,0.00022859049242604623,0.0678354242173902,0.8028585558661367,0.8,0.004511882199791218,-0.09434827489466474,0.3549272291376966,True
18.7,12.657118086442035,5.448545312466269,14.716827035817744,0.0010407796299742298,0.06712608409253995,0.7929994706059215,0.8,0.039681179998814,-0.18353863507223564,0.35431925571600187,True
18.75,12.689026790198731,5.471982542715519,14.756387698634226,0.001974746275666791,0.06706271450364332,0.7891827820421616,0.8,0.09943731623401174,-0.2570306229892706,0.35340353642235933,True
18.8,12.722006271874694,5.494095833867305,14.796069704524088,0.0017344875453482308,0.05930167956426702,0.7952945591216919,0.8,0.03491970029880267,-0.19927217143277431,0.3558829634855911,True
18.85,12.755565625323559,5.515403400768949,14.835797689249073,0.00102784927786312,0.05077557816072287,0.790634866387571,0.8,0.09394927541861915,-0.07514945496364932,0.35905938343819443,True
18.900000000000002,12.788937328137433,5.53691976595552,14.875490354415454,0.0011244445498462716,0.0498488990354673,0.7958060949966652,0.8,0.08097291415450167,-0.15622375592413806,0.35923183813619675,True
18.95,12.822576374449643,5.558367059334786,14.91536515438487,0.001547625601823713,0.05097592741363854,0.7987077548024888,0.8,0.07756025492808977,-0.15174229182039892,0.3584814539429253,True
19.0,12.856807972265015,5.57913562867245,14.955383482278737,0.0016145544592196894,0.049587174866329464,0.8009719265282799,0.8,0.1455735709365155,-0.07354665424725985,0.3588177383708553,True
19.05,12.891362647962316,5.60008830627349,14.995764480475604,0.0022134176107851504,0.05219924398967324,0.8143610446414319,0.8,0.06452997248097213,-0.24828556457893117,0.3574607052755737,True
19.1,12.926480265897048,5.620740151413821,15.036466141113642,0.0028185748335740066,0.05375217401209942,0.8140669836394422,0.8,0.0,-0.17924779795002527,0.3564052535570138,True
19.150000000000002,12.962024762775398,5.640135639591275,15.07692110211039,0.002668162594465697,0.0501549197552742,0.8031697507158184,0.8,0.0944367523086703,-0.16752195990970342,0.35759925743895793,True
19.200000000000003,12.997744116907354,5.658887367912682,15.117228744140121,0.002412442607060131,0.046865100878246135,0.8080915344395434,0.8,0.019615840678993402,-0.2817777213079554,0.3588109629685394,True
19.25,13.034016933129317,5.676467522922173,15.157499355454796,0.001403554926703604,0.03926032369993626,0.800578630787812,0.8,0.05658657711441587,-0.07572245679388635,0.3620354476264248,True
19.3,13.070483832126818,5.693133294902261,15.197561203901653,2.9435169290565045e-05,0.03169108186500991,0.7993441607619094,0.8,0.06621742831583585,-0.21998957081068818,0.3656226539689443,True
19.35,13.107088920396505,5.709384374513739,15.23759972199817,-0.0012431624935923455,0.026455886530106058,0.7997261022283043,0.8,0.03389695781473445,-0.06275773145606273,0.3659440978280064,True
19.400000000000002,13.14375295616864,5.725177893325959,15.277528010967409,-0.0024217592722357143,0.023528065951129547,0.794782281443151,0.8,0.046803441383972536,-0.020207261527478947,0.36562564635361333,True
19.450000000000003,13.179872152313614,5.741611005790788,15.317240776164514,-0.0022637020673573227,0.030134290103888073,0.792090644831248,0.8,0.16825857792278726,-0.12883215401148515,0.3638445186589587,True
19.5,13.216411216572533,5.758007500335151,15.357314461313754,-0.0017788275579130308,0.03677416793305355,0.8094451386178557,0.8,0.036973537695577416,-0.08527924161578328,0.3623862177813177,True
19.55,13.253564665521603,5.773813121194559,15.397712085706525,-0.0015391513621941927,0.040348468880549215,0.804750861082799,0.8,0.14106464693083678,0.0010858403925377257,0.36158234076571405,True
19.6,13.29069524462858,5.790127189813421,15.438261421798181,-0.0002745939608441565,0.04980964579623226,0.8172979758266695,0.8,0.03843591700381595,-0.11520585913442512,0.3600930880729514,True
19.650000000000002,13.328087351926191,5.8063308430392615,15.478974470780386,0.0013414949945244792,0.05863673442807721,0.812634716157632,0.8,2.297639929137374e-12,-0.20460433855216736,0.35646820289667325,True
19.700000000000003,13.365787304865192,5.820856941691654,15.519352175586011,0.0018279887631889062,0.05772994770301898,0.801775538881807,0.8,0.034050929775540556,-0.1298465429483036,0.3562439777828561,True
19.75,13.403428689630296,5.834444085792553,15.559345236905333,0.0019907539048980632,0.05533119794770075,0.7968032283314016,0.8,0.0,-0.18530296960899062,0.3567755617883376,True
19.8,13.440860873113474,5.847444971507743,15.59894298908616,0.0021971436888301187,0.053614800005470635,0.7863603209715463,0.8,0.03227228788592382,-0.16581182388629773,0.35706650460784667,True
19.85,13.478218856760531,5.859504197639449,15.638171350784011,0.0020520771801849714,0.05020794916677929,0.7814968786864492,0.8,0.09441820835899568,-0.07856935038520908,0.35819994544107153,True
19.900000000000002,13.515533841075046,5.871651662142106,15.677381450292133,0.0025172634937793478,0.05183954836337612,0.7869823628237985,0.8,0.07856361777298013,-0.14070143730881404,0.3572612066452738,True
19.950000000000003,13.55310664874321,5.883644746788723,15.716776887259151,0.003274866833771086,0.05465668080687941,0.7897178662447591,0.8,0.08270687276264999,-0.22405689500366283,0.3556868431306719,True
20.0,13.591281024856,5.8943007258104485,15.75636845605268,0.0031009260012855155,0.050550470051391516,0.7930638111128542,0.8,0.09205914622752794,-0.12461742644310259,0.35705165306655795,True
20.05,13.62981430663402,5.904402088015733,15.796163790123611,0.002822449391500268,0.047204917133525426,0.7978606859724375,0.8,0.05658935495487639,-0.3440568950104794,0.35830213954543955,True
20.1,13.66858066998882,5.913939452936096,15.836049671358607,0.002468851193927155,0.04382099338299461,0.7966980715555588,0.8,0.09842764731168335,-0.06555511767662395,0.3596404769867674,True
20.150000000000002,13.707631194278324,5.922792381731768,15.876058355463794,0.0019148444575524854,0.040434291838463865,0.8024470222225908,0.8,0.0762105734559203,-0.19088220635258177,0.3611816122372196,True
20.200000000000003,13.746935823396445,5.9313221291148945,15.916253250140489,0.0015246210432636896,0.03866815729294515,0.8043906328388428,0.8,0.06398244193548897,-0.1564756061693787,0.36208723800598486,True
20.25,13.786473916316048,5.939003131544202,15.95650865080852,0.0007948958553460506,0.03535787306639615,0.8042719004792376,0.8,0.04538707472452129,-0.260353825515741,0.363784131848398,True
20.3,13.826150370480237,5.945574555881445,15.99670283651796,-0.0005100645980938071,0.028851651756658714,0.8010982001200098,0.8,0.07994048311664777,-0.22074322954407552,0.3659742061080353,True
20.35,13.8660397796811,5.9508387695069125,16.036904910832153,-0.002600474449395082,0.01919746741624903,0.8036908340479961,0.8,0.04416052960717144,-0.28206526845853463,0.3667212611531516,True
20.400000000000002,13.906047482909338,5.9550215438433005,16.077096909414685,-0.005238217502922414,0.008281663319484767,0.8003307515637034,0.8,0.0027364656817034385,-0.08206526845983537,0.36730644320458605,True
20.450000000000003,13.945773844394234,5.958437777084838,16.11695897632397,-0.00805353720119209,-0.0006615107332896553,0.790245886670794,0.8,0.0638214816958241,-0.05739435295837236,0.36675002147512703,True
20.5,13.985127612116683,5.962405388287871,16.15659400623084,-0.009742713775488911,7.804526927060462e-05,0.7904716705077102,0.8,0.08772264815485303,0.026356312959632696,0.36523410716025273,True
20.55,14.024451930764585,5.9673189608965895,16.196354377695855,-0.009967011907766858,0.010309219644996648,0.794622991929173,0.8,0.05862063577619309,-0.012916762288470385,0.3619778465345225,True
20.6,14.063804167304346,5.972655946986077,16.236188226251933,-0.00924828922854718,0.023824490954332447,0.7938792268239159,0.8,0.08506058783329408,-0.08863310955381398,0.35871198004429666,True
20.650000000000002,14.10332589827098,5.977265302287992,16.27609459012066,-0.008743196163019528,0.0323120528297694,0.7975036792489406,0.8,0.08420572484057515,-0.07386376749197764,0.3567270426116853,True
20.700000000000003,14.143101411233186,5.9812373542269475,16.316180752228526,-0.008365279307754929,0.037936801725047445,0.8008924577949609,0.8,0.10247630538143834,-0.13280454196887942,0.35546013229041845,True
20.75,14.183181979411946,5.984624463370166,16.35651371678032,-0.008058258805457177,0.041466560827523244,0.8071966157972618,0.8,0.008712468382208254,-0.006532838505166361,0.35473715354321256,True
20.8,14.223192884573963,5.987854950502806,16.396752528111335,-0.007363049613661777,0.04694696059488704,0.7979142079529257,0.8,0.18352900803066133,-0.12090380979270404,0.35383655015522064,True
20.85,14.26347724863769,5.990932608908074,16.437232592837596,-0.006294217657272652,0.05302313930679184,0.8176257724981654,0.8,0.05788528698671049,-0.12307403152271133,0.35314096266650685,True
20.900000000000002,14.30429676644237,5.9930455399918765,16.478183765336446,-0.005660848929613466,0.05477855780200463,0.8161516226628022,0.8,0.10025657399413179,0.007867262181518642,0.3532655509281826,True
20.950000000000003,14.345188626625982,5.995371679088083,16.519185795166493,-0.004257789142626337,0.06131860449027021,0.8216835651865553,0.8,0.0,-0.11200820668958099,0.35277692029039975,True
21.0,14.385944587936406,5.997545077671213,16.560005467593502,-0.002448175570471981,0.06836671326563509,0.8105828550323457,0.8,0.009511441846715275,0.004704153699905997,0.3525547361490274,True
21.05,14.426205087446627,5.999445660577053,16.60027067735141,-0.0005543394229468035,0.06452450689015951,0.8013422716305901,0.8,0.010728528721724452,-0.09055238703602315,0.3555553000275897,True
21.1,14.466012730547401,6.001302669058935,16.640078320452186,0.0013026690589352796,0.0596640361546011,0.7925454443728988,0.8,0.04900840175635198,0.0012191749127792829,0.35621004506222553,True
21.150000000000002,14.50555102802459,6.002995409559908,16.679616617929376,0.002995409559908069,0.05545180262186249,0.7902748027973988,0.8,0.03728520321297361,-0.111047390285017,0.355735976114504,True
21.200000000000003,14.544935522775512,6.004517230140905,16.719001112680296,0.004517230140905326,0.05087586603343325,0.7861347712494882,0.8,0.024022552259443927,-0.1176458223742149,0.3555408924166011,True
21.25,14.584105796576646,6.004983690717293,16.75817138648143,0.004983690717293321,0.040769303032677034,0.7799199648235563,0.8,0.1787568237061536,-0.059307000933593146,0.35801504944375095,True
21.3,14.623603175395537,6.0053135432622815,16.797668765300322,0.005313543262281506,0.03245156211112564,0.7993194708602551,0.8,0.06693535653226892,-0.13986864190941017,0.3601158475742452,True
21.35,14.66360022288622,6.00519323907104,16.837665812791005,0.005193239071039635,0.022952898932118913,0.799820135788622,0.8,0.05857238197036507,-0.09961395148961931,0.36302327428184034,True
21.400000000000002,14.703588991372047,6.004361468974186,16.877654581276833,0.004361468974185989,0.011527401969764893,0.7989322130894068,0.8,0.04184614558487954,-0.12810879303643866,0.3672232734333324,True
21.450000000000003,14.743452552742905,6.003184776043506,16.91751814264769,0.003184776043505977,0.0006985342923699051,0.7953166426968183,0.8,0.1479480296672427,-0.07256727564213009,0.37160778978541587,True
21.5,14.783562403726357,6.0017362092716,16.957627993631142,0.0017362092716002309,-0.008894980126386343,0.8092459597419377,0.8,0.02327469315681902,-0.08340741123156202,0.3706269614770379,True
21.55,14.823834624163503,6.00024241433279,16.997900214068288,0.00024241433279037494,-0.016381523277593884,0.8023042009977512,0.8,0.07687540242917167,-0.04139072326773945,0.36990926262441914,True
21.6,14.86397836243209,5.998663255933924,17.038043952336874,-0.0013367440660756458,-0.022351197014057925,0.8043609192513596,0.8,0.08999949807489356,0.018024554967080164,0.3670567253306142,True
21.650000000000002,14.904286465906297,5.99757268970398,17.07835205581108,-0.0024273102960199466,-0.023470228083897822,0.8085214380847573,0.8,0.08416187585479154,-0.016358835036136186,0.3656370985567917,True
21.700000000000003,14.944779519601216,5.996645384102821,17.118845109506,-0.003354615897179336,-0.023391042080682007,0.8116114226748701,0.8,0.06387029090712348,0.16287846894433908,0.36473307284210876,True
21.75,14.985350787458042,5.996158667944373,17.159416377362827,-0.003841332055626978,-0.020140539786027502,0.8112823897109539,0.8,0.09304681112029865,0.016113142003430593,0.3652026837535196,True
21.8,15.026032587249345,5.996097214307181,17.200098177154132,-0.0039027856928193216,-0.01531138035250977,0.8157596156374841,0.8,0.04482533758817103,0.09709503702653437,0.3665645641361302,True
21.85,15.066736352104131,5.996283052473105,17.240801942008915,-0.003716947526894998,-0.00982606720840446,0.8121881486147405,0.8,0.05260064787766941,-0.010906293713528201,0.3683707918999909,True
21.900000000000002,15.107294129807595,5.996610391941911,17.28135971971238,-0.0033896080580886334,-0.005273966860625949,0.8099906173000582,0.8,0.0,0.019773345667997457,0.37004576946201917,True
21.950000000000003,15.147522729754401,5.996513412209915,17.321588319659185,-0.0034865877900847053,-0.004468889473646526,0.7992015217487803,0.8,0.05671211140298225,-0.018226489034958052,0.37018740463776056,True
22.0,15.187452933774072,5.996358214477778,17.361518523678857,-0.003641785522222385,-0.004394989587314066,0.7980239035232842,0.8,0.07406119914497172,-0.028642205788315667,0.3700541140164597,True
22.05,15.22739476821731,5.9958473218486175,17.401460358122094,-0.004152678151382538,-0.006623305685888591,0.7997305842941407,0.8,0.07072572269948887,-0.030069325249786897,0.36888295619333356,True
22.1,15.267404994394864,5.9951577143353525,17.44147058429965,-0.004842285664647505,-0.00941954302303363,0.8008438103650427,0.8,0.033571231520407356,0.06072763994108238,0.367365696874122,True
22.150000000000002,15.307320836557317,5.994973727653065,17.4813864264621,-0.005026272346935201,-0.007967164582224361,0.7958170854338029,0.8,0.06653447359804124,0.043541456831026434,0.3676114720162583,True
22.200000000000003,15.3471278873414,5.9954126390037485,17.521193477246186,-0.004587360996251455,-0.003025580043627029,0.796343732779862,0.8,0.0254643085155478,0.08637021381469837,0.3695146152347468,True
22.25,15.386788226341132,5.996210646179898,17.560853816245917,-0.00378935382010237,0.003108903917066823,0.7901013931835462,0.8,0.09866286181053692,-0.008765645930354036,0.370287907283662,True
22.3,15.42643989106024,5.996919193256797,17.600505480965026,-0.0030808067432026576,0.006768150262152167,0.7960618328925587,0.8,0.06584491349290623,-0.024504647933470007,0.3699119309558033,True
22.35,15.466253696163383,5.99695412654603,17.64031928606817,-0.003045873453969783,0.005191654467064576,0.796468655376282,0.8,0.10679297664843386,-0.11997770749345706,0.3704138966719143,True
22.400000000000002,15.50625754398753,5.996144125651622,17.680323133892315,-0.0038558743483783076,-0.0017035633569303793,0.8035994172229497,0.8,0.006736632858530758,-0.07028445406998565,0.3706383489623024,True
22.450000000000003,15.546190160048083,5.994682552916844,17.72025574995287,-0.005317447083156068,-0.010769472782466642,0.7940867873911742,0.8,0.00993788709634875,0.12971533607343697,0.36649133010500684,True
22.5,15.58566902264894,5.993935676229008,17.759734612553725,-0.006064323770991642,-0.0126855368381755,0.7853492578366268,0.8,0.08602830261612367,0.11362911308955682,0.3651782303791241,True
22.55,15.62504329139081,5.994430926417504,17.799108881295595,-0.005569073582496031,-0.005957312833216713,0.7893549997883964,0.8,0.035007184044863686,0.05437383983885341,0.36766383306338624,True
22.6,15.664400217983982,5.995410491683204,17.838465807888767,-0.004589508316795943,0.0019261183298102348,0.7848640697497397,0.8,0.023486239432881216,0.10484211763797877,0.369838666763633,True
22.650000000000002,15.703479839958815,5.996593774868805,17.877545429863602,-0.0034062251311945957,0.009339002480001145,0.7785937418115156,0.8,0.18114707052947102,-0.012720982640679002,0.36882558247162217,True
22.700000000000003,15.742896061618074,5.997771456934917,17.91696165152286,-0.002228543065083244,0.014471336449668014,0.798420836775741,0.8,0.03951247890935936,-0.09921249261782483,0.36848670851681004,True
22.75,15.782720497349127,5.997729079155492,17.95678608725391,-0.0022709208445084172,0.010191464934168327,0.7944348402697743,0.8,0.061524522068503056,0.05570509311969557,0.3697087580339675,True
22.8,15.82243912176512,5.997453685925671,17.996504711669907,-0.002546314074328926,0.00591875705894181,0.7941736222506222,0.8,0.0940541098753939,0.1701770203073236,0.37069801481660547,True
22.85,15.862268636996118,5.998449482495524,18.036334226900905,-0.001550517504475657,0.011129295878300582,0.7992695501876285,0.8,0.027263835895033436,0.15300555106210942,0.3701518911011822,True
22.900000000000002,15.902047037741854,6.000738795132877,18.076112627646637,0.0007387951328770015,0.023385646592564435,0.7932467092189912,0.8,0.04440334152160713,-0.04699382039584293,0.36735047985561375,True
22.950000000000003,15.941579712947428,6.003172657435467,18.115645302852215,0.00317265743546713,0.033119462101035425,0.7902003279021267,0.8,0.07420116390754375,-0.1269946711376853,0.3620612103991621,True
23.0,15.981114118057977,6.004556244203976,18.155179707962763,0.004556244203976156,0.03340060812517488,0.7921346381364489,0.8,0.0651084641616711,-0.10635198403015236,0.36059533809313676,True
23.05,16.020740836824043,6.0047992064186095,18.194806426728828,0.004799206418609536,0.026160970031691304,0.7925229441596422,0.8,0.028634522458640628,0.02790091909328417,0.36247464405558166,True
23.1,16.06023204145297,6.004995942341807,18.234297631357755,0.004995942341807336,0.020853522821098744,0.7869015546771169,0.8,0.061794128229354005,-0.08163938713769205,0.36383818861768596,True
23.150000000000002,16.09957938886876,6.005214317140647,18.273644978773547,0.005214317140646685,0.016730896276778373,0.7868806175583354,0.8,0.11555758155327665,-0.004070438725059876,0.3648343332608015,True
23.200000000000003,16.139148821772757,6.005240300267413,18.313214411677542,0.005240300267413289,0.012699392026337063,0.7957038711492652,0.8,0.0209460424236549,0.006670278212373513,0.36599816120474393,True
23.25,16.178755639733435,6.005758451562603,18.35282122963822,0.005758451562602573,0.01282114466584399,0.7887350215589689,0.8,0.1264765687580634,-0.0009951759336165001,0.3654440465137868,True
23.3,16.21845400793087,6.006310442934057,18.392519597835655,0.0063104429340565815,0.013088413372857486,0.7993058695003316,0.8,0.0,-0.15308237331186597,0.36481311578619124,True
23.35,16.25815955595163,6.006130524198676,18.432225145856414,0.006130524198676213,0.00827524063362457,0.7887976924237124,0.8,0.19306821061610716,-0.06403257883702243,0.3664160373350075,True
23.400000000000002,16.29814393410143,6.005255713794139,18.472209524006214,0.005255713794139361,0.0004201072126782216,0.8103189185750026,0.8,0.07933430064971371,-0.004083663151438266,0.3696195253979946,True
23.450000000000003,16.338715721007265,6.004752329163617,18.51278131091205,0.0047523291636171194,-0.002868725967552064,0.8125671611351462,0.8,0.0,0.01991932214798579,0.3693961747415765,True
23.5,16.379071529166783,6.004744138279,18.553137119071568,0.004744138279000332,-0.002110853047693661,0.8017097771882179,0.8,0.05514160407992031,0.08578428464609325,0.36962921731258175,True
23.55,16.419118977609227,6.005404887576341,18.59318456751401,0.005404887576340833,0.002929620750970446,0.8002078798710812,0.8,0.02017920358996425,-0.11421579420424002,0.36872555272222335,True
23.6,16.458945553545295,6.006069842971914,18.63301114345008,0.006069842971913708,0.006331472793482038,0.7929951984742496,0.8,0.010684542115148195,-0.19222135618408068,0.3670522276355148,True
23.650000000000002,16.49838194231554,6.005436107307309,18.672447532220325,0.005436107307309257,0.0003048834702776724,0.7844088331480965,0.8,0.10603060616877219,0.03918009444064419,0.3694733481130417,True
23.700000000000003,16.537783717985352,6.0045035096741355,18.711849307890137,0.004503509674135486,-0.005718386788810662,0.7917292254879957,0.8,0.06140842930060515,0.028887883732409452,0.368800182446772,True
23.75,16.577364752070167,6.004368664028787,18.751430341974952,0.004368664028786995,-0.005027377588915707,0.791519490412562,0.8,0.10692874265464337,0.09717073262404005,0.3691397907715057,True
23.8,16.61712500731542,6.005054858044504,18.791190597220204,0.005054858044504229,0.000948020247982094,0.7988024315260496,0.8,0.1047348776218116,0.05199881974594501,0.3696636361554156,True
23.85,16.657229339640246,6.006190819909131,18.83129492954503,0.006190819909130951,0.008073672661685639,0.8055332266985741,0.8,0.0,-0.13256192278800769,0.3664153993506768,True
23.900000000000002,16.697236184858962,6.006576120240487,18.871301774763747,0.006576120240486816,0.008274617811720302,0.7948617673093004,0.8,0.058463431226190125,-0.03503871342815995,0.3659706256207508,True
23.950000000000003,16.736962270863586,6.006304410367483,18.91102786076837,0.006304410367483193,0.004347656809921779,0.7940859057419554,0.8,0.05254109514884366,0.04668731788641379,0.3674055210084954,True
24.0,16.776622468146023,6.006534623803238,18.950688058050808,0.006534623803237771,0.004896161626222995,0.792356191027726,0.8,0.06790130220109139,-0.03180961712186748,0.36701272027564136,True
24.05,16.816260235026423,6.006859633958365,18.990325824931208,0.006859633958365308,0.005597463824006427,0.7931980980642964,0.8,0.10203594086502023,0.01310683291225286,0.36647988618704364,True
24.1,16.85608184379814,6.006934181850742,19.030147433702925,0.006934181850741794,0.004713886533010411,0.7996323657568852,0.8,0.026725913680681865,0.11581559998591932,0.36666718782669316,True
24.150000000000002,16.89590264469647,6.007999377041487,19.069968234601255,0.007999377041486788,0.010697645034146287,0.7935115442948883,0.8,0.07934603724092158,0.10037782834171796,0.3638306353899933,True
24.200000000000003,16.935619657242192,6.009965295219372,19.109685247146977,0.00996529521937184,0.020817666980594104,0.7962057121507184,0.8,0.10823423420302183,-0.07714090914096039,0.3588793892353473,True
24.25,16.97558885250793,6.011557944936799,19.149654442412714,0.011557944936798847,0.02561067715982453,0.8035804233587718,0.8,0.12454937477784217,-0.14126453563808833,0.35587750736459,True
24.3,17.016018489339086,6.011896868693029,19.19008407924387,0.01189686869302875,0.020821541199066755,0.8134430663166904,0.8,0.0,-0.07583244227234402,0.356946675449905,True
24.35,17.056430360838426,6.011444161822633,19.23049595074321,0.011444161822632637,0.012370372822224607,0.8025624190801414,0.8,0.014463772630698554,-0.061705167159125746,0.3598914951622369,True
24.400000000000002,17.096358381814976,6.010939491953577,19.27042397171976,0.010939491953577019,0.005828747117202478,0.7943479279681127,0.8,0.14419473548125397,0.041951097919710446,0.36233150334225955,True
24.450000000000003,17.136411034730305,6.010973410150509,19.31047662463509,0.010973410150509011,0.004725516427094525,0.8076855473743563,0.8,0.0661413376273919,-0.029192675064027337,0.36262451234803184,True
24.5,17.176798147446586,6.011252667619051,19.35086373735137,0.011252667619051415,0.005162927594732393,0.807834490479607,0.8,0.0726597998453258,0.025544037528536765,0.3622156156827303,True
24.55,17.217220105611013,6.011416999261223,19.391285695515798,0.011416999261222749,0.0049879945224013105,0.8090513817339021,0.8,0.0,-0.019931509702009104,0.3621031275110137,True
24.6,17.257401573031572,6.011673539044367,19.431467162936357,0.01167353904436741,0.00526119160715988,0.798287126700376,0.8,0.09187937631457334,-0.0736290543255068,0.361765624261586,True
24.650000000000002,17.297433702954287,6.011222935979406,19.47149929285907,0.011222935979406046,0.0007991148568356095,0.8029173194934515,0.8,0.05088539648807775,0.009314483903951485,0.3635397668449063,True
24.700000000000003,17.33752310807078,6.010761455160034,19.511588697975565,0.010761455160033684,-0.002272755395852444,0.8006836118360003,0.8,0.008768038769196768,0.002094017320852193,0.36356385990694373,True
24.75,17.377328798590863,6.010755435625221,19.55139438849565,0.010755435625220855,-0.0017317514743145253,0.791581585492306,0.8,0.18734509422491563,-0.040055491698223755,0.3637304218791351,True
24.8,17.41742207599689,6.01042269699166,19.591487665901674,0.010422696991660096,-0.0035518899253199586,0.8120883079896287,0.8,0.04205662523285222,0.06693124713532671,0.36352318241293025,True
24.85,17.45792789035094,6.010391721666655,19.631993480255726,0.010391721666654696,-0.002596642912915194,0.8081596156149966,0.8,0.07963220134864613,-0.09487584131021096,0.36383749766426976,True
24.900000000000002,17.498395209575765,6.010464642379651,19.67246079948055,0.010464642379650613,-0.0016407510161381242,0.8105143922096696,0.8,0.08581344756190339,0.1339544052827189,0.364048223041154,True
24.950000000000003,17.539004051939123,6.010512257010669,19.71306964184391,0.010512257010669046,-0.0006758911296634147,0.8138227859027732,0.8,0.0,0.016872882423347654,0.36428703189090494,True
25.0,17.579421052683358,6.011062191769238,19.753486642588143,0.011062191769237728,0.0030248597673803086,0.8029320460081676,0.8,0.0,-0.08822732197378638,0.36303999811045307,True
25.05,17.61930187024505,6.010737884122984,19.793367460149835,0.010737884122984376,-0.00011126794915792454,0.7923289410593541,0.8,0.036456014888738154,0.13687300922785,0.3642290700699687,True
25.1,17.658808753632435,6.010228807043633,19.83287434353722,0.010228807043633381,-0.0032328044387683725,0.7879991804358875,0.8,0.09834375645415286,-0.19814659375860588,0.3638117048989292,True
25.150000000000002,17.69835609395427,6.00965748143349,19.872421683859056,0.009657481433490211,-0.006359270693217008,0.7939619079792629,0.8,0.05761095915637503,-0.03418044721307517,0.36345635541227794,True
25.200000000000003,17.738023241755652,6.008548161049555,19.912088831660437,0.008548161049555247,-0.011902920740243447,0.7930693347516113,0.8,0.11759096198712483,-0.11552892973436947,0.36292560983239464,True
25.25,17.77788358062857,6.007017157769839,19.951949170533354,0.007017157769839244,-0.01902553800922041,0.8020652924237242,0.8,0.0,-0.05849564660970509,0.3623552208377782,True
25.3,17.81768465756927,6.004985173711546,19.991750247474055,0.004985173711546054,-0.027295776729109086,0.7914849160928439,0.8,0.06274896544381868,-0.07334463566630611,0.36195555056576656,True
25.35,17.857216184326695,6.00296685435784,20.03128177423148,0.002966854357840276,-0.03351031504315072,0.7915020438587681,0.8,0.04709258142981482,0.005354157331745057,0.362152621918845,True
25.400000000000002,17.896686964599283,6.001133303769185,20.070752554504068,0.00113330376918519,-0.036710911039002536,0.7889434135992722,0.8,0.1286909029609189,0.09659434206176944,0.36305022572544193,True
25.450000000000003,17.93640604458818,6.000380411631706,20.110471634492963,0.0003804116317063233,-0.03187746247472278,0.7998730191833714,0.8,0.07625582808189119,-0.0034110202147571798,0.36521709079593584,True
25.5,17.976451050382522,5.999811067861417,20.150516640287307,-0.0001889321385828424,-0.02743456597094494,0.8018919852470882,0.8,0.08755415125468857,0.051162471128574506,0.3667110618566502,True
25.55,18.016635235206284,5.999038785051867,20.19070082511107,-0.0009612149481332821,-0.02514788496507863,0.8057157504083158,0.8,0.02078354378207435,0.14470738011855197,0.36661017436112986,True
25.6,18.05675486500999,5.999423775426546,20.230820454914774,-0.000576224573453743,-0.015784485306817597,0.7984576489989864,0.8,0.0,0.06681976095074027,0.3697515495070681,True
25.650000000000002,18.096426466402047,6.00034307365726,20.270492056306832,0.0003430736572598292,-0.005767247887391669,0.7879716162755046,0.8,0.09437010789122752,-0.07554643818671641,0.3729461420315209,True
25.700000000000003,18.135959035200457,6.000385580955371,20.310024625105243,0.0003855809553705569,-0.004189164751534474,0.7932814491688194,0.8,0.09555788668859828,-0.011201799119540227,0.37337133756969454,True
25.75,18.175755821724863,5.999892798119963,20.349821411629648,-0.00010720188003698894,-0.006290274346618323,0.7986480770250013,0.8,0.10288529802116145,-0.0028168591898365242,0.37302707192289086,True
25.8,18.21584822622437,5.999536301022445,20.389913816129155,-0.00046369897755482725,-0.006958660599939941,0.8050787705188897,0.8,0.03695917858356609,-0.06348390203497875,0.37247262192631114,True
25.85,18.25598223068502,5.998795032051391,20.430047820589806,-0.0012049679486088039,-0.010124145717016492,0.8004977282840054,0.8,0.0638075322981532,-0.024097876585926162,0.3707946182304078,True
25.900000000000002,18.29599609492644,5.997742943943318,20.470061684831226,-0.0022570560566821385,-0.014297560452091802,0.8004529732006151,0.8,0.0846682694558643,0.006673127599021338,0.36850948920878346,True
25.950000000000003,18.336097696706158,5.99703340262888,20.510163286610943,-0.002966597371120372,-0.015128288963479475,0.8038401486040895,0.8,0.05202726438902061,0.058578091494503305,0.3675547759881135,True
26.0,18.37623935215118,5.996883509507024,20.550304942055966,-0.0031164904929763537,-0.012011476667081557,0.8017698787660807,0.8,0.09420538785202005,0.017806167952566596,0.36832520383275297,True
26.05,18.416454347334913,5.996969446390634,20.590519937239698,-0.0030305536093662155,-0.008356959131510619,0.8066906760662634,0.8,0.08018111916764545,0.028665842260837064,0.369491823316107,True
26.1,18.456852304895197,5.996968414710842,20.630917894799982,-0.00303158528915759,-0.0061224764423859004,0.8091747822897138,0.8,0.0,-0.03439679442399115,0.3701523933551914,True
26.150000000000002,18.49703976034317,5.9967018844898,20.671105350247956,-0.0032981155101996507,-0.006389937818669282,0.7984072652205997,0.8,0.06347166528994327,-0.03875096148392226,0.3698066378205492,True
26.200000000000003,18.536953936424794,5.995920016476536,20.71101952632958,-0.004079983523464392,-0.009865749152387165,0.7983622418456544,0.8,0.10537689276166394,0.11404764697146362,0.36799601977461904,True
26.25,18.577043256831555,5.995656923658519,20.75110884673634,-0.004343076341481122,-0.008785123588327276,0.8052102316789296,0.8,0.035476398564105165,0.07680639785315192,0.36805259913348837,True
26.3,18.617186594597346,5.996302963294696,20.79125218450213,-0.003697036705304413,-0.0021850748477257364,0.8003818623111651,0.8,0.08552940993554285,-0.11125699243327145,0.3706542949907291,True
26.35,18.65729461679933,5.996636040617097,20.831360206704115,-0.0033639593829031256,0.00037189687168705287,0.8039125341574948,0.8,0.03450030179953922,0.17555395047793973,0.371525595892957,True
26.400000000000002,18.697365222142277,5.9970072637095155,20.871430812047063,-0.0029927362904844657,0.0029251237275106537,0.7989578719538752,0.8,0.05471806306145575,0.0349356836558817,0.37113903797276915,True
26.450000000000003,18.737270808551074,5.997944344517266,20.91133639845586,-0.002055655482734231,0.008236554412857384,0.797458693413751,0.8,0.022552093491288814,0.0022675646620506397,0.37050235554371636,True
26.5,18.77697036735417,5.998548837015067,20.951035957258956,-0.0014511629849334184,0.009996646353099041,0.7907082307609776,0.8,0.11313018032851502,0.032051892290208314,0.3705861282547951,True
26.55,18.81671025236735,5.99918369933155,20.990775842272136,-0.000816300668449621,0.011622385110132437,0.7990323643700603,0.8,0.1091515233134526,0.006312415047753977,0.37074037106052904,True
26.6,18.856842681956156,5.999936795847669,21.03090827186094,-6.320415233140864e-05,0.013453096958429389,0.806483425859898,0.8,0.053670413996351335,0.008413171442178811,0.3709526580165107,True
26.650000000000002,18.897114778987234,6.000585311780055,21.07118036889202,0.0005853117800551644,0.014158802779394155,0.804613464076327,0.8,0.06161292497713843,-0.046083519928996244,0.3702221935674906,True
26.700000000000003,18.93733190962617,6.000897976666342,21.111397499530955,0.0008979766663417266,0.012355750678222716,0.8040991640176534,0.8,0.0,-0.03057830653280948,0.37044200016718104,True
26.75,18.97727272716468,6.000832429733717,21.151338317069467,0.0008324297337169995,0.008709478519929422,0.7934654160692608,0.8,0.08230435948884061,0.08499141144891906,0.37158562875682977,True
26.8,19.017021970884613,6.001427005969217,21.1910875607894,0.0014270059692167436,0.010551194353064477,0.796647364605223,0.8,0.04031289651913904,-0.01068792156655179,0.3704463053691317,True
26.85,19.05675116788925,6.002293789148161,21.230816757794035,0.0022937891481609185,0.013332894425740335,0.7928394321045145,0.8,0.06030025775513444,-0.04218407322428786,0.36875756874312204,True
26.900000000000002,19.096383521140208,6.002453401474832,21.270449111044993,0.0024534014748320843,0.01083897450656964,0.7924184881655019,0.8,0.06548369340272163,-0.09123466618967416,0.36933482876824375,True
