time_s,x_m,y_m,progress_m,lateral_error_m,heading_error_rad,speed_mps,target_speed_mps,drive,steer,clearance_m,reference_valid
0.0,0.0,0.15,0.0,0.15,0.08,0.0,0.8,0.35,-0.13696483373207954,0.20166512260332825,True
0.05,0.0014558847563230898,0.15008588331262232,0.0014558847563230898,0.15008588331262232,0.07976841575479243,0.05831443590147568,0.8,0.35,-0.27999994401113787,0.2016454904353171,True
0.1,0.005830631586738995,0.1502168934269292,0.005830631586738995,0.1502168934269292,0.07814123264494366,0.11651566605872463,0.8,0.3499999945593601,-0.3999999729507194,0.201980205540721,True
0.15000000000000002,0.01313045175065597,0.15018436072703417,0.01313045175065597,0.15018436072703417,0.07369322476402126,0.17449136118306174,0.8,0.34999998406809,-0.4799991134176962,0.20328782092755027,True
0.2,0.023353062415504083,0.14973772174102404,0.023353062415504083,0.14973772174102404,0.06493750978448315,0.23213093237239535,0.8,0.3499999783958111,-0.5999999192632901,0.20625285217245712,True
0.25,0.03648090389379896,0.14856179827025526,0.03648090389379896,0.14856179827025526,0.050288362124608,0.2893263672266011,0.8,0.34999997934929644,-0.6799998833754201,0.21166687670940296,True
0.30000000000000004,0.05246816884267527,0.14625183642367606,0.05246816884267527,0.14625183642367606,0.02801532188348253,0.3459730214021155,0.8,0.34999999204056537,-0.733551556699932,0.2204777517760317,True
0.35000000000000003,0.07121814031851474,0.1422858578869935,0.07121814031851474,0.1422858578869935,-0.003816382691630576,0.40197035836204525,0.8,0.3499999702362573,-0.648532816035492,0.23158158950248414,True
0.4,0.0925793754592456,0.13676440785836835,0.0925793754592456,0.13676440785836835,-0.041891142183213964,0.45722261576220274,0.8,0.34999999528082587,-0.549493673537437,0.2259072247066905,True
0.45,0.1164601683494989,0.1303716020816689,0.1164601683494989,0.1303716020816689,-0.07918013279952732,0.511639428357001,0.8,0.34999999839319407,-0.4561775711343028,0.22152810219210206,True
0.5,0.1428258910821335,0.1233083118445489,0.1428258910821335,0.1233083118445489,-0.11314707642668717,0.565136324375219,0.8,0.34999999931159653,-0.3608385683187343,0.21895795125923984,True
0.55,0.17165284501713757,0.11562093489401816,0.17165284501713757,0.11562093489401816,-0.14288930830597435,0.6176351764433912,0.8,0.34999999971042584,-0.26891456252278173,0.2183591204960856,True
0.6000000000000001,0.2029330893621952,0.10742401768541524,0.2029330893621952,0.10742401768541524,-0.167464623647939,0.6690645463179922,0.8,0.3499999999561086,-0.18395675762337824,0.2198198198971117,True
0.65,0.2366641856393969,0.09884209632282281,0.2366641856393969,0.09884209632282281,-0.1863366541723724,0.7193599430512088,0.8,0.27440583932949103,-0.1121653023300743,0.22329943245955947,True
0.7000000000000001,0.2725347886731767,0.09006415358609957,0.2725347886731767,0.09006415358609957,-0.19937152246304027,0.7560207506810948,0.8,0.18807238018154807,-0.053486078874244176,0.22859009847170642,True
0.75,0.30988341131414376,0.08133454911840896,0.30988341131414376,0.08133454911840896,-0.20692914713085897,0.7775648100494192,0.8,0.133182084336014,-0.005028878947241177,0.2353118512022489,True
0.8,0.34813782542232186,0.07286675055529221,0.34813782542232186,0.07286675055529221,-0.20965236316137878,0.7895285221338211,0.8,0.10151695353453856,0.034365876343189196,0.2430587273077149,True
0.8500000000000001,0.3869492532470231,0.06481114169728805,0.3869492532470231,0.06481114169728805,-0.20826591023150573,0.7959733475532679,0.8,0.08372918750144845,0.06545194966800838,0.2514812043966021,True
0.9,0.4261155610052574,0.057260346560138696,0.4261155610052574,0.057260346560138696,-0.20352486113407045,0.7993239431150737,0.8,0.07385477162132652,0.08908082573750851,0.2602891889682649,True
0.9500000000000001,0.46551812947875626,0.050264016475904325,0.46551812947875626,0.050264016475904325,-0.19615817121891083,0.80096248480151,0.8,0.06843846231012096,0.10622397801402847,0.26924707902258316,True
1.0,0.5050848055965472,0.04384221748123475,0.5050848055965472,0.04384221748123475,-0.186827869222919,0.8016670960462026,0.8,0.06552385929121385,0.11785874393974435,0.278167342664035,True
1.05,0.5447695402434583,0.03799510210494949,0.5447695402434583,0.03799510210494949,-0.17611021325383022,0.8018737960949212,0.8,0.06400892636457896,0.12490367221628101,0.28690353643400224,True
1.1,0.5845413256166162,0.03270935280343684,0.5845413256166162,0.03270935280343684,-0.16449283428335698,0.8018259003524726,0.8,0.0632729829425652,0.12819031756008728,0.2953436021448216,True
1.1500000000000001,0.6243781928089912,0.027962566085016443,0.6243781928089912,0.027962566085016443,-0.1523794913345282,0.801658235064599,0.8,0.06296601118313594,0.12845408537463116,0.303404074989547,True
1.2000000000000002,0.6642639249695647,0.023726339593986654,0.6642639249695647,0.023726339593986654,-0.14009799841006626,0.8014445062502978,0.8,0.06289037700981734,0.12633459507570088,0.3110252452397316,True
1.25,0.7041862128008394,0.019968509336997297,0.7041862128008394,0.019968509336997297,-0.12790920232517364,0.8012239727409747,0.8,0.06293448568339834,0.12238081231536999,0.31816711550802346,True
1.3,0.7441355711224016,0.016654802116450852,0.7441355711224016,0.016654802116450852,-0.11601599044786039,0.8010165053347099,0.8,0.06303551743581917,0.11705847823833034,0.3248059817659601,True
1.35,0.7841046576674421,0.013750067617333965,0.7841046576674421,0.013750067617333965,-0.10457182354616987,0.800831119976803,0.8,0.06315843526985203,0.11075847014387485,0.33093150568150165,True
1.4000000000000001,0.8240878083019159,0.01121919793246191,0.8240878083019159,0.01121919793246191,-0.0936885491801809,0.8006708332274896,0.8,0.06328410556046835,0.10380531267472282,0.33654418704650624,True
1.4500000000000002,0.8640806940794352,0.009027809019718138,0.8640806940794352,0.009027809019718138,-0.0834433942408253,0.8005354358477137,0.8,0.06340253267832516,0.09646538285011749,0.3416531749219083,True
1.5,0.9040800526125047,0.007142737861562671,0.9040800526125047,0.007142737861562671,-0.07388511916040394,0.8004230805627587,0.8,0.06350897507761635,0.08895457680792206,0.3462743746052543,True
1.55,0.9440834698988674,0.005532395506674106,0.9440834698988674,0.005532395506674106,-0.06503936518801604,0.8003311892139748,0.8,0.06360169415576655,0.08144531447126997,0.3504288180577332,True
1.6,0.9840892002481022,0.004167006805967792,0.9840892002481022,0.004167006805967792,-0.05691325300505001,0.8002569657927595,0.8,0.06368063627140201,0.07407284513801296,0.3541412710961596,True
1.6500000000000001,1.0240960173189058,0.003018760844840941,1.0240960173189058,0.003018760844840941,-0.049499304055553126,0.8001976792204968,0.8,0.06374665404175939,0.06694086297192436,0.357439053640846,True
1.7000000000000002,1.0641030916680931,0.002061891058140801,1.0641030916680931,0.002061891058140801,-0.04277875956786452,0.8001508106324541,0.8,0.06380104363867828,0.06012646780707342,0.3603510511070682,True
1.75,1.1041098912333613,0.0012727002120024708,1.1041098912333613,0.0012727002120024708,-0.03672437034308831,0.8001141207018574,0.8,0.06384527018226042,0.05368452001179007,0.3629068963239919,True
1.8,1.1441161016190007,0.0006295425095337037,1.1441161016190007,0.0006295425095337037,-0.031302725422227576,0.8000856700413705,0.8,0.06388080697022544,0.0476514432801021,0.36513630253310403,True
1.85,1.1841215632998068,0.0001127727906930924,1.1841215632998068,0.0001127727906930924,-0.02647618137172738,0.8000638126358515,0.8,0.06390904463244602,0.04204852951231959,0.36706852920648697,True
1.9000000000000001,1.2241262230636285,-0.0002953290161588748,1.2241262230636285,-0.0002953290161588748,-0.022204447185936196,0.8000471745137143,0.8,0.06393124370724859,0.0368847975696001,0.36814130563980063,True
1.9500000000000002,1.2641300972346081,-0.000610651493073027,1.2641300972346081,-0.000610651493073027,-0.018445873293283004,0.800034625184631,0.8,0.06394851426606321,0.03215945410222063,0.3689324998432063,True
2.0,1.3041332444678655,-0.0008473578768945821,1.3041332444678655,-0.0008473578768945821,-0.015158487170333919,0.8000252464808936,0.8,0.06396181223761152,0.02786400061142655,0.3696651048039753,True
2.0500000000000003,1.344135746174045,-0.0010180002337890205,1.344135746174045,-0.0010180002337890205,-0.012300812725740067,0.8000183016161609,0.8,0.06397194576258212,0.023984026902907865,0.37033820727251043,True
2.1,1.384137692905305,-0.0011336379789885773,1.384137692905305,-0.0011336379789885773,-0.009832505918297077,0.8000132061047927,0.8,0.06397958721926829,0.020500727325846485,0.3709521971542998,True
2.15,1.4241391753000905,-0.001203957760365868,1.4241391753000905,-0.001203957760365868,-0.007714834967090052,0.8000095014249955,0.8,0.06398528805596174,0.017392172727428653,0.37150847888255173,True
2.2,1.46414027843235,-0.0012373923239749477,1.46414027843235,-0.0012373923239749477,-0.005911029923886626,0.8000068318148813,0.8,0.06398949456174773,0.014634367933695573,0.3720092257728109,True
2.25,1.5041410786350637,-0.0012412364917921733,1.5041410786350637,-0.0012412364917921733,-0.0043865232318812284,0.8000049242731329,0.8,0.06399256338137702,0.012202121714093348,0.3724571728835171,True
2.3000000000000003,1.5441416420644472,-0.0012217588188692611,1.5441416420644472,-0.0012217588188692611,-0.0031091001218351714,0.8000035716377426,0.8,0.06399477604800223,0.01006975359714742,0.3728554440886106,True
2.35,1.584142024438908,-0.001184307868629034,1.584142024438908,-0.001184307868629034,-0.002048975239762478,0.8000026185002286,0.8,0.06399635212763208,0.00821165951935745,0.3732074093045999,True
2.4000000000000004,1.624142271526513,-0.0011334123588136484,1.624142271526513,-0.0011334123588136484,-0.001178809713640711,0.80000194965235,0.8,0.06399746079176565,0.006602756083582278,0.37351656808683054,True
2.45,1.6641424200683992,-0.0010728746933018319,1.6641424200683992,-0.0010728746933018319,-0.00047368091526948773,0.8000014807401509,0.8,0.06399823078296038,0.0052188211572041475,0.3737864561034744,True
2.5,1.7041424989159975,-0.0010058576124988203,1.7041424989159975,-0.0010058576124988203,8.898456974039165e-05,0.8000011508029273,0.8,0.0639987588346959,0.004036746634735823,0.37396771446521404,True
2.5500000000000003,1.7441425302302531,-0.0009349638725943968,1.7441425302302531,-0.0009349638725943968,0.000529505806719227,0.8000009163933008,0.8,0.06399911666559,0.0030347174192755138,0.3739077904336834,True
2.6,1.7841425306443863,-0.0008623090065932396,1.7841425306443863,-0.0008623090065932396,0.0008660626395752503,0.8000007470023179,0.8,0.0639993566993892,0.0021923290356385783,0.3738805173006363,True
2.6500000000000004,1.8241425123311799,-0.000789587332174768,1.8241425123311799,-0.000789587332174768,0.0011148247382377623,0.8000006215456701,0.8,0.06399951667454357,0.0014906547724232774,0.37387938746628224,True
2.7,1.8641424839440643,-0.0007181314573198794,1.8641424839440643,-0.0007181314573198794,0.0012900893074814293,0.8000005257004865,0.8,0.06399962330657173,0.0009122718584752856,0.3738988161452782,True
2.75,1.9041424514208138,-0.0006489655980804355,1.9041424514208138,-0.0006489655980804355,0.0014044231506477789,0.8000004499145356,0.8,0.06399969515749446,0.00044125490878637756,0.3739340441385505,True
2.8000000000000003,1.9441424186515346,-0.0005828530673435562,1.9441424186515346,-0.0005828530673435562,0.0014688056118615485,0.8000003879397309,0.8,0.06399974485269426,6.314372267907639e-05,0.3739810466596346,True
2.85,1.9841423880205251,-0.0005203383220861813,1.9841423880205251,-0.0005203383220861813,0.001492769639050937,0.8000003357688222,0.8,0.0639997807692459,-0.00023510852099754126,0.37403644853232276,True
2.9000000000000004,2.0241423608358935,-0.000461783972213135,2.0241423608358935,-0.000461783972213135,0.0014845388276037267,0.8000002908777345,0.8,0.06399981840539337,-0.0004622079485776808,0.3740974458988835,True
2.95,2.0641423376742707,-0.00040738244971018307,2.0641423376742707,-0.00040738244971018307,0.0014513013260832478,0.8000002533577164,0.8,0.0639998951668429,-0.0006169460667414742,0.3741617128499548,True
3.0,2.104142318695684,-0.0003570960542180015,2.104142318695684,-0.0003570960542180015,0.0013998883934087253,0.8000002294495098,0.8,0.0640000039619449,-0.0007100597158824518,0.3742272597091847,True
3.0500000000000003,2.1441423039584935,-0.0003106789836983687,2.1441423039584935,-0.0003106789836983687,0.001336677739153412,0.8000002240633146,0.8,0.06400016242849217,-0.0007619800031956318,0.3742924395151861,True
3.1,2.184142293817036,-0.00026785275698700017,2.184142293817036,-0.00026785275698700017,0.0012665634809445677,0.8000002448809057,0.8,0.06400040414019542,-0.0007872924066912671,0.37435607825117384,True
3.1500000000000004,2.224142289285074,-0.00022839833426049704,2.224142289285074,-0.00022839833426049704,0.001192772949147103,0.8000003049035866,0.8,0.06400076700405198,-0.0007980214347656935,0.37441743710303893,True
3.2,2.264142292313405,-0.00019216092287647002,2.264142292313405,-0.00019216092287647002,0.0011172668395694658,0.80000042302488,0.8,0.06400130921482036,-0.0008218830733327488,0.37447608891262374,True
3.25,2.3041423062879915,-0.000159189852358179,2.3041423062879915,-0.000159189852358179,0.0010401142011194628,0.8000006272120851,0.8,0.06400206591293156,-0.0008624229531771566,0.3745319639004493,True
3.3000000000000003,2.3441423363311444,-0.0001297655439231134,2.3441423363311444,-0.0001297655439231134,0.0009598960277149623,0.8000009504758991,0.8,0.06400306520448541,-0.000940435939130866,0.3745852029671453,True
3.35,2.38414238942686,-0.00010439581433109648,2.38414238942686,-0.00010439581433109648,0.000874034699545528,0.8000014295808068,0.8,0.06400431989218289,-0.001065450634119602,0.3746360636589934,True
3.4000000000000004,2.424142474518064,-8.391455923627377e-05,2.424142474518064,-8.391455923627377e-05,0.0007785091872560324,0.8000021024294396,0.8,0.06400584318464092,-0.001234060591785295,0.3746849061152873,True
3.45,2.4641426023079602,-6.936492088818528e-05,2.4641426023079602,-6.936492088818528e-05,0.0006690070244792349,0.8000030080993793,0.8,0.06400754099200096,-0.0014654765466153253,0.3747319679808121,True
3.5,2.5041427847433186,-6.206972009584949e-05,2.5041427847433186,-6.206972009584949e-05,0.0005404634261257689,0.8000041691654893,0.8,0.0640094163897529,-0.001747655214666437,0.37477743090645355,True
3.5500000000000003,2.5441430343187474,-6.361616016417218e-05,2.5441430343187474,-6.361616016417218e-05,0.00038747238782594354,0.8000056081143715,0.8,0.064011336480422,-0.002084242051298112,0.37482131392695917,True
3.6,2.5841433631286437,-7.574196649618368e-05,2.5841433631286437,-7.574196649618368e-05,0.00020502758173353584,0.8000073249840141,0.8,0.06401320637585241,-0.0024719023471085825,0.3748633674694249,True
3.6500000000000004,2.6241437815659974,-0.00010038960699365519,2.6241437815659974,-0.00010038960699365519,-1.1892183455506754e-05,0.8000093042056725,0.8,0.06401560946407317,0.0011320131543362546,0.37489607842335915,True
3.7,2.6641443045800033,-0.00011171033866341537,2.6641443045800033,-0.00011171033866341537,-7.571686318144367e-05,0.8000116265665883,0.8,0.06402005025191959,-0.004042545889259035,0.3748658021113084,True
3.75,2.7041449580623405,-0.00013416252617210007,2.7041449580623405,-0.00013416252617210007,-0.00021430587860924466,0.8000146181653041,0.8,0.06401597713550805,-0.00466731991920334,0.3748021914988062,True
3.8000000000000003,2.744145718457869,-0.00020556266524927668,2.744145718457869,-0.00020556266524927668,-0.0006289496230994806,0.8000168611598196,0.8,0.06401609701142744,-1.985071796169303e-06,0.37460766403260665,True
3.85,2.784146582919034,-0.0002659928194467807,2.784146582919034,-0.0002659928194467807,-0.0008512587117309474,0.8000190648456639,0.8,0.06402410777905664,-0.006244744527610932,0.37448122866378797,True
3.9000000000000004,2.8241475655583637,-0.00034326754369145434,2.8241475655583637,-0.00034326754369145434,-0.0011486567873983486,0.8000225280247609,0.8,0.064012571983563,-0.0012665248604073914,0.37431566392873794,True
3.95,2.8641486286877598,-0.000445149248973675,2.8641486286877598,-0.000445149248973675,-0.0015062494961500582,0.8000240028472957,0.8,0.06402486319560025,-0.007880956922102712,0.3741076366190238,True
4.0,2.90414976024293,-0.0005694953814144386,2.90414976024293,-0.0005694953814144386,-0.0019417310020754823,0.8000274603216779,0.8,0.06401670347098458,-0.008207739960310677,0.37385404651823717,True
4.05,2.944150840249635,-0.000763481107372453,2.944150840249635,-0.000763481107372453,-0.0027076339474500044,0.8000294848312984,0.8,0.06403458614435772,-0.009183626125222794,0.37343281079765034,True
4.1000000000000005,2.984151901627108,-0.0009973245913977762,2.984151901627108,-0.0009973245913977762,-0.0035355523632958786,0.8000343971211485,0.8,0.0640327386559707,-0.008937429280223308,0.3729533998016911,True
4.15,3.024152965960777,-0.001269955028207837,3.024152965960777,-0.001269955028207837,-0.004398211951566086,0.8000388762970295,0.8,0.06403253621470771,-0.008586697125992322,0.37242498924846673,True
4.2,3.0641540227221697,-0.0015728083290053206,3.0641540227221697,-0.0015728083290053206,-0.005232459681992464,0.8000432043068152,0.8,0.06401425145153929,-0.002485414143367697,0.37187486939742553,True
4.25,3.1041552154414376,-0.0018641736210178398,3.1041552154414376,-0.0018641736210178398,-0.005759569367880152,0.8000444112379534,0.8,0.06403094112455222,-0.003125601548841383,0.371427317018407,True
4.3,3.1441566330861357,-0.0021349709467341745,3.1441566330861357,-0.0021349709467341745,-0.006026714340286014,0.8000483312572447,0.8,0.06403592741016378,-0.003872391160928786,0.3710773758031206,True
4.3500000000000005,3.1841581278120774,-0.002426457756345259,3.1841581278120774,-0.002426457756345259,-0.0063598852936827596,0.8000529681821283,0.8,0.0640424934060961,-0.004320589843544939,0.37068719704534747,True
4.4,3.224159720499721,-0.002740015162460135,3.224159720499721,-0.002740015162460135,-0.0067499441459737,0.800058562951218,0.8,0.06405135595874074,-0.004473459502145966,0.3702581142476549,True
4.45,3.2641614687819485,-0.0030736210387156617,3.2641614687819485,-0.0030736210387156617,-0.007168619351528166,0.8000654680574478,0.8,0.06398999731977721,-0.0024269390765742204,0.36980052905429384,True
4.5,3.3041632591544206,-0.0034109715747429378,3.3041632591544206,-0.0034109715747429378,-0.007497149986887435,0.8000621001662285,0.8,0.06401324062804857,-0.002125596683777969,0.36936590867527386,True
4.55,3.3441650024234963,-0.003743921089012992,3.3441650024234963,-0.003743921089012992,-0.007713912611009261,0.8000626435904332,0.8,0.064039056313107,-0.001557080589908831,0.3689687885960932,True
4.6000000000000005,3.384166855076193,-0.004079333438640473,3.384166855076193,-0.004079333438640473,-0.00788926729244741,0.8000674184617215,0.8,0.06406267399070938,-0.0006075035050610715,0.3685814684949974,True
4.65,3.4241690685789417,-0.004410899652968511,3.4241690685789417,-0.004410899652968511,-0.007992355741700761,0.8000759519300602,0.8,0.06408563826668963,0.0006779527184587267,0.368219388301226,True
4.7,3.464171892733714,-0.004730528350453205,3.464171892733714,-0.004730528350453205,-0.007989047171913349,0.8000880376185588,0.8,0.06410885652164443,0.0023819103526814185,0.36790073891290775,True
4.75,3.5041755803588948,-0.005028531820686885,3.5041755803588948,-0.005028531820686885,-0.007843425524818148,0.8001036238091633,0.8,0.06413348465946747,0.004414573412399162,0.36764583962125547,True
4.800000000000001,3.5441803869117545,-0.005293781718058534,3.5441803869117545,-0.005293781718058534,-0.007519911923487815,0.8001228502444001,0.8,0.06415945269030915,0.006826846083689335,0.36747635979074067,True
4.8500000000000005,3.584186560894501,-0.005514050843755044,3.584186560894501,-0.005514050843755044,-0.006984772830137324,0.8001458414720342,0.8,0.06418667251783572,0.009609367259662402,0.3674145376719147,True
4.9,3.624194332013294,-0.005675440345866267,3.624194332013294,-0.005675440345866267,-0.006202288468412011,0.8001727042654403,0.8,0.06421541746768797,0.012691998973915037,0.36748489605547985,True
4.95,3.6642038866964906,-0.005763175137544556,3.6642038866964906,-0.005763175137544556,-0.0051405128646384145,0.8002035875303791,0.8,0.06422519476211752,0.01636882382836686,0.3677117508164952,True
5.0,3.7042152697284743,-0.0057596926240802825,3.7042152697284743,-0.0057596926240802825,-0.0037568245127692565,0.800235265929028,0.8,0.0,0.0,0.3681254152273682,False
5.050000000000001,3.7439626933090886,-0.005786046433809004,3.7439626933090886,-0.005786046433809004,-0.0029809073346669743,0.789702798789311,0.8,0.0,0.0,0.3683291807615614,False
5.1000000000000005,3.783190070551213,-0.005902986823497122,3.783190070551213,-0.005902986823497122,-0.0029809526386213635,0.779443980585669,0.8,0.0,0.0,0.3682122269335396,False
5.15,3.8219111298871282,-0.006018419664767684,3.8219111298871282,-0.006018419664767684,-0.0029809979425757527,0.7694482833829762,0.8,0.0,0.0,0.3680967806539356,False
5.2,3.8601387752908276,-0.006132383378868163,3.8601387752908276,-0.006132383378868163,-0.002981043246530142,0.7597057124549302,0.8,0.0,0.0,0.3679828035015019,False
5.25,3.8978854236326166,-0.0062449149367074476,3.8978854236326166,-0.0062449149367074476,-0.002981088550484531,0.7502067729493136,0.8,0.0,0.0,0.36787025850532973,False
5.300000000000001,3.9351630288912487,-0.006356049930946852,3.9351630288912487,-0.006356049930946852,-0.0029811338544389206,0.740942439023167,0.8,0.1840709676159387,0.10246192829433773,0.36775911007275763,True
5.3500000000000005,3.9727442566389195,-0.005817912384799425,3.9727442566389195,-0.005817912384799425,0.0015166454152782194,0.7622048114595659,0.8,0.1556979664195559,0.09642587396461134,0.36873178786285365,True
5.4,4.0112497221023276,-0.004394185867186459,4.011233347047735,-0.004415247651352024,0.0067918641083361715,0.778265528228454,0.8,0.1193216740398856,0.0933283884840021,0.3685704672945671,True
5.45,4.0503836649790985,-0.0026381969612050463,4.050334803949065,-0.003060881092349917,0.0026158020907544703,0.7879310793505813,0.8,0.09586070716350956,0.09165440579104757,0.37116265422370964,True
5.5,4.0898811078113475,-0.0005481794556916149,4.089837954347105,-0.0018940672142747242,-0.0018336734945472652,0.7934871509099781,0.8,0.08216758790965217,0.09165393962575973,0.37256154221038174,True
5.550000000000001,4.129576517156708,0.0018878576405998576,4.12957760060348,-0.0009109436904880141,-0.006393529683606056,0.7966460353364527,0.8,0.07439912207879512,0.09251178744242879,0.3721927457479268,True
5.6000000000000005,4.1693724914986845,0.004683755325114295,4.169457014398398,-0.00010107271233961332,-0.010932015147929339,0.7984444714087792,0.8,0.07002227342471275,0.09406775641741362,0.3716596526941,True
5.65,4.2092119737697065,0.007851105454596424,4.20942022595596,0.0005459401587930842,-0.01536755637870089,0.7994758324659834,0.8,0.06756041733376537,0.09616558543165563,0.36990483506281396,True
5.7,4.249060639418674,0.011402436845511323,4.249434635591798,0.0010424150047428694,-0.01963628872597564,0.8000751849509314,0.8,0.06617303812278022,0.09875821399773269,0.36815008023781925,True
5.75,4.288896730320788,0.01535135711396561,4.2894809714732185,0.001402187309627042,-0.02368562959182391,0.8004305919620882,0.8,0.06538747541097736,0.1017449090772644,0.36659889985823035,True
5.800000000000001,4.328705271440034,0.019712543403290265,4.329547599679798,0.0016403685648128867,-0.027471060246504864,0.800647446244732,0.8,0.06493859791479002,0.10501544167168096,0.3652489159327772,True
5.8500000000000005,4.368474868544948,0.0245009128173403,4.369627303559391,0.0017724324904794123,-0.03095871086818776,0.8007847663372093,0.8,0.06467623694593777,0.10851231954412584,0.36409419690820455,True
5.9,4.408195888808414,0.02973145022093351,4.409715466041832,0.0018140248732521093,-0.034123106151487975,0.8008753211234417,0.8,0.0645178576314432,0.11213061381001528,0.36312614633018464,True
5.95,4.447859459442779,0.03541890772429532,4.449809036189199,0.001780670449376987,-0.03694679183032423,0.800937443150975,0.8,0.06441673061031289,0.11578526213543885,0.36233393561301386,True
6.0,4.487456967023665,0.04157723456158792,4.489905928116375,0.0016872154886555595,-0.03942157427776885,0.8009812971016546,0.8,0.06434720581790498,0.11940486358338002,0.3617047254634631,True
6.050000000000001,4.526979783461202,0.04821943047907695,4.530004675987541,0.001547695430511117,-0.04154690498321828,0.8010125615329112,0.8,0.06429572244377263,0.12290637309038975,0.36122429198923356,True
6.1000000000000005,4.5664191690739475,0.05535724906322352,4.570104225685582,0.0013750475027843772,-0.043329732228375106,0.8010345352164648,0.8,0.06425524261399883,0.12619045939972404,0.36087737172499074,True
6.15,4.605766312398436,0.06300068997428189,4.610203795589353,0.0011806035827459681,-0.04478585103535809,0.8010492725794995,0.8,0.0642216231146926,0.12923051035365918,0.3606477846359769,True
6.2,4.645012357811433,0.0711580260790034,4.650302800218278,0.0009741164953402566,-0.045937199912205046,0.8010580925354516,0.8,0.06419621353383288,0.13188374911978082,0.3605191990046014,True
6.25,4.6841485664583855,0.07983531400874883,4.690400787994207,0.0007632547100511082,-0.046813951907718865,0.8010625012086869,0.8,0.06417848461673871,0.13413696961359092,0.3604750260837898,True
6.300000000000001,4.723166492869737,0.08903610642651406,4.730497402290694,0.0005532900053012213,-0.0474538176253472,0.8010638780006707,0.8,0.06416565595892193,0.1359972820963914,0.36049893025525964,True
6.3500000000000005,4.762057933113873,0.09876228507323925,4.770592381048791,0.0003479248527439384,-0.047894890130250896,0.8010631086998932,0.8,0.06415643353705058,0.13752866339368333,0.36057607320158364,True
6.4,4.800814873576878,0.1090146026569411,4.810685545423084,0.0001498321761543201,-0.048171847303850324,0.8010608429389646,0.8,0.06414972252996493,0.13877344968647154,0.3606936667295467,True
6.45,4.839429435640082,0.11979310212392406,4.85077679342274,-3.8925079465830425e-05,-0.04831435025052627,0.801057533177731,0.8,0.06414486666046423,0.13976942113034552,0.3607631587078599,True
6.5,4.877893894176474,0.1310971302694684,4.890866079104698,-0.0002168863901176622,-0.04834818021302947,0.8010535120219257,0.8,0.06414140893457193,0.14055154411015133,0.360575365932145,True
6.550000000000001,4.9162006755646575,0.1429254417892719,4.930953400566877,-0.0003830937198942935,-0.04829567831612969,0.8010490281555721,0.8,0.06413908240618275,0.1411498836242032,0.36042441646359913,True
6.6000000000000005,4.954342355033981,0.15527628764790588,4.9710387903786275,-0.0005370069755988436,-0.048175964823228945,0.801044279807788,0.8,0.06413760981233389,0.14159341347526921,0.3603052952306184,True
6.65,4.992311650514383,0.16814749858840652,5.01112230792815,-0.000678423539862809,-0.04800546387291093,0.8010394143855669,0.8,0.06413684348026723,0.1419057603576525,0.3602134343591997,True
6.7,5.030101415453849,0.1815365559033067,5.0512040329210945,-0.0008074099864217529,-0.04779794399458048,0.8010345511255021,0.8,0.06413663430144495,0.1421095153395698,0.36014476852440547,True
6.75,5.067704632447133,0.19544064720733545,5.0912840598179105,-0.0009242485417515843,-0.047565063220598,0.8010297815999674,0.8,0.06413687202160226,0.14222386609544804,0.36009562946151896,True
6.800000000000001,5.105114402466491,0.20985672521285126,5.131362493621522,-0.0010293794594589457,-0.04731634411614427,0.8010251768360914,0.8,0.064137435462361,0.1422652251426921,0.36006281063407464,True
6.8500000000000005,5.142323938127105,0.22478154439076312,5.171439445637594,-0.0011233656703176558,-0.04705970998477754,0.8010207860605284,0.8,0.06413984631874743,0.14225884791038215,0.36004344671991195,True
6.9,5.179326535254913,0.24021176925756144,5.211515040297284,-0.0012067831625392229,-0.04680101084190341,0.8010169074629496,0.8,0.06414755865935523,0.1422403173877837,0.3600352612284902,True
6.95,5.21611550990296,0.2561441897721293,5.251589442599066,-0.0012800003911300776,-0.046543180557180756,0.8010143994373082,0.8,0.06415935098124531,0.14221494796762743,0.36003703256874225,True
7.0,5.25268419705048,0.2725757078707368,5.291662863814963,-0.0013431937778824602,-0.04628716657072501,0.801013896871647,0.8,0.06417541965597752,0.14222879981932277,0.36004830861210435,True
7.050000000000001,5.28902588158298,0.2895034561266427,5.331735561686001,-0.0013962147207743265,-0.046031426072105364,0.8010160502222586,0.8,0.06419527263045254,0.14229085005633507,0.3600696866173864,True
7.1000000000000005,5.325133716301001,0.30692492977367,5.371807845684206,-0.0014384384745017482,-0.045771839319680756,0.8010214118837738,0.8,0.06421791931498244,0.14240903864023333,0.36010299001375745,True
7.15,5.361000764511191,0.3248378049026391,5.411880063272817,-0.0014689488778951345,-0.04550340245413925,0.8010303567818463,0.8,0.06424238138559733,0.1426206295876245,0.3601505915265497,True
7.2,5.396619879428855,0.34324013683940197,5.451952603969105,-0.001486308167503665,-0.04521898408810637,0.8010430890648491,0.8,0.06426861281474029,0.14290218073061492,0.3602160054580613,True
7.25,5.431983722118693,0.3621302419424301,5.492025892662378,-0.0014886707911474688,-0.044910751399141524,0.801059799928476,0.8,0.06429450193034324,0.143281711579108,0.3603033592810406,True
7.300000000000001,5.467084768224698,0.3815066127450951,5.532100380428522,-0.0014738606648873232,-0.044570678332137244,0.8010803282369662,0.8,0.06431978421762953,0.14374622548900395,0.36041716878087193,True
7.3500000000000005,5.501915231693654,0.4013680051019042,5.572176543407397,-0.0014392561072194702,-0.04419004406225663,0.8011044735908934,0.8,0.06434385355354143,0.14427863848515632,0.3605625995106273,True
7.4,5.53646718974272,0.421713145056956,5.612254869117993,-0.001382103552958906,-0.04376161088064012,0.8011319411796699,0.8,0.06436392305313027,0.14488923618404714,0.36074451937221436,True
7.45,5.570732519380178,0.44254080518826266,5.652335850408952,-0.0012994153475425413,-0.04327832600882864,0.80116198561891,0.8,0.06438112922126817,0.1455432344654631,0.3609679790393362,True
7.5,5.60470294412143,0.4638496868557371,5.692419976865793,-0.001188089696100502,-0.04273450628742714,0.8011940680691612,0.8,0.06439217267354241,0.14623695365579809,0.36123774723836677,True
7.550000000000001,5.638370115509281,0.4856382580213261,5.732507721414841,-0.001045085452720954,-0.042126158430527805,0.8012271212650267,0.8,0.06439708279371427,0.1469510847315,0.3615580425932734,True
7.6000000000000005,5.671725584074777,0.507904790133501,5.772599531856234,-0.0008673685269241609,-0.04145065426707362,0.8012601108961583,0.8,0.06439575616986341,0.14766124811714768,0.36193268160135494,True
7.65,5.704760913337926,0.530647184475219,5.8126958246049325,-0.0006521123224068682,-0.040707254735308784,0.8012920129035188,0.8,0.06438527430244806,0.14835194620392042,0.3623647250129441,True
7.7,5.737467721665501,0.5538629164328561,5.852796971616612,-0.0003967596689407984,-0.03989722939011675,0.8013213502428677,0.8,0.06436793621852087,0.1490101271611353,0.36285638020731964,True
7.75,5.769837697961679,0.5775490455524649,5.892903299783461,-9.901567099419171e-05,-0.03902325124520823,0.8013470629057086,0.8,0.06434114977571585,0.1496020214511482,0.3634091838368617,True
7.800000000000001,5.801862725493185,0.6017020699660844,5.933015083597687,0.00024296938457138737,-0.03809022159689468,0.8013676925273352,0.8,0.06430624186115902,0.15012187170494354,0.3635376382575314,True
7.8500000000000005,5.833534939375194,0.626317892726209,5.973132538780484,0.000630546214531025,-0.037105039212747326,0.801382037414085,0.8,0.06426434688293454,0.15055157115226156,0.36343782482731257,True
7.9,5.864846736840304,0.6513918849886464,6.013255834552595,0.0010646172681355516,-0.036075720427033886,0.8013891141228353,0.8,0.06421425463042997,0.15084977918469425,0.36330454996815,True
7.95,5.895790989210179,0.6769186578797126,6.053385081759972,0.0015453318621094908,-0.03501311949051311,0.8013877661088804,0.8,0.06415931579139823,0.15103756871552687,0.36313450830033844,True
8.0,5.926361003115462,0.7028922108371064,6.093520346081421,0.0020722307972721823,-0.03392908965076624,0.8013774183702462,0.8,0.06409897898206471,0.15104388760930348,0.3629247049089895,True
8.05,5.956550692840034,0.729305800886231,6.133661650356076,0.002644038566366751,-0.03283803346956837,0.801357420375358,0.8,0.06403568570431832,0.15087996466332254,0.362672208187405,True
8.1,5.986354772244675,0.7561518083352716,6.173808972326395,0.0032584381604965646,-0.031757016147299755,0.8013275402555978,0.8,0.06397141939111264,0.15053114826548464,0.3623743397680756,True
8.15,6.015768602367675,0.783422048309217,6.213962269391798,0.003912405450561918,-0.03070338613299939,0.8012878784259465,0.8,0.06390688856519978,0.14992366371401983,0.3620290355209195,True
8.200000000000001,6.0447886385105,0.8111073443019304,6.254121464334039,0.0046015900467310696,-0.029698817922468868,0.8012386491452632,0.8,0.06384501894129063,0.14911322398524876,0.36163427980776663,True
8.25,6.0734123075436885,0.8391978114236559,6.294286461598251,0.005320602263080041,-0.028765661302189383,0.8011805421488475,0.8,0.0637868606806638,0.147985956899323,0.3611888873949288,True
8.3,6.101638216080048,0.8676827467085096,6.334457146385107,0.006062782893954713,-0.027929166153393692,0.8011144016581849,0.8,0.06373440800025548,0.1465731434243758,0.3606920823406612,True
8.35,6.129466475947313,0.8965504145571561,6.374633373136049,0.006819813194811385,-0.027218413459086377,0.8010413775696343,0.8,0.0636891278473648,0.14486462141166126,0.36014361588427535,True
8.4,6.156898306811631,0.9257886076603157,6.414814980768306,0.0075823810773651195,-0.026661590209421715,0.8009628306885522,0.8,0.06365235906804906,0.14275432341173389,0.35954448962064234,True
8.450000000000001,6.183936739282774,0.955384034946287,6.4550017572925835,0.008339236186429108,-0.02629225460028317,0.8008803061135163,0.8,0.06362498502912792,0.14034481758064846,0.35889606652436523,True
8.5,6.210586315183668,0.9853227683083992,6.4951934358774235,0.009077699977173049,-0.026144060284955195,0.8007954534854875,0.8,0.06361667317435167,0.13773391066642668,0.35820111570167157,True
8.55,6.2368520068829865,1.0155914025024306,6.535389747545671,0.009785228028141895,-0.026240966724286774,0.8007114688977873,0.8,0.06360796468312577,0.13443029670699683,0.35746513355193704,True
8.6,6.262741938358706,1.046174468241822,6.575590247804646,0.010445637196499286,-0.02662577012824063,0.8006282640236072,0.8,0.0636109387726509,0.13072069488107374,0.35669174900652534,True
8.65,6.288267338822297,1.0770546947732242,6.615794241852994,0.011039300891600838,-0.027350854776703737,0.8005477394471312,0.8,0.06362631854442961,0.12650123786429768,0.3558852594023641,True
8.700000000000001,6.313440532186388,1.1082150369853254,6.656000848620343,0.011545977892369556,-0.028459673566357813,0.8004718646459521,0.8,0.06365288060822685,0.1219158411935209,0.35505325868366205,True
8.75,6.338275586328174,1.1396380957299796,6.696208907870596,0.011943920794399921,-0.02999364344132427,0.8004023560704148,0.8,0.06369054299963472,0.11678227838160654,0.3542055246444563,True
8.8,6.36278854743351,1.171305954096623,6.736416891246862,0.012209573379448231,-0.03199561876422962,0.8003408715424517,0.8,0.06373788021601383,0.11119825557666234,0.35335332613255005,True
8.85,6.386997910447804,1.203199835576947,6.776622789116476,0.012316975421774439,-0.03451241184524889,0.8002887908464038,0.8,0.0637940609285029,0.10516302357550983,0.35250930975481143,True
8.9,6.410923622864371,1.2353009503196817,6.816824042784381,0.012239057215573838,-0.03758578392097445,0.8002473207722338,0.8,0.06385778114806821,0.09855912754151269,0.35168887588422015,True
8.950000000000001,6.434588137433975,1.2675896374906621,6.85701738067052,0.011946275070683274,-0.041262842022381174,0.8002174219325853,0.8,0.06392769933351711,0.09156318237034068,0.35090853696205526,True
9.0,6.458015667297848,1.300045957084394,6.897198715767539,0.011407560622091547,-0.04558766319747787,0.8001998090601639,0.8,0.06400211589288667,0.08398822829770877,0.3501874598401553,True
9.05,6.481232297305932,1.3326495558506557,6.937362995378892,0.010590155766678367,-0.05060416396268519,0.8001948985823879,0.8,0.06407924669090986,0.07596368845080066,0.3495468359190511,True
9.1,6.504266415965748,1.3653792904115785,6.977504011065082,0.009459054560648546,-0.05635891384116299,0.8002028025546218,0.8,0.06415776424102276,0.06750193936091564,0.3490096757381064,True
9.15,6.52714749202979,1.398214064742138,7.017614305812136,0.007978504612248083,-0.0628910268105567,0.8002234117577812,0.8,0.06423461977101783,0.05851229785293651,0.3486022948078577,True
9.200000000000001,6.549907092675053,1.431131963803193,7.057684927198174,0.006110707411750581,-0.07024300784802673,0.8002561184182105,0.8,0.06430936293406445,0.04919200029884729,0.34835252419735196,True
9.25,6.572577970074548,1.464110804875361,7.097705307612361,0.0038169228477558303,-0.07845159175829286,0.8003002566627185,0.8,0.06437824512022736,0.03938982370466007,0.3482913162539617,True
9.3,6.595194022487557,1.497128011205767,7.137663088718853,0.0010574815349535624,-0.08755096010075525,0.8003545615943847,0.8,0.06444016362205798,0.029257159062575554,0.348451856918542,True
9.35,6.617790595305893,1.5301602353426589,7.177591139447038,-0.001776955914672326,-0.07359141803724202,0.8004176202100647,0.8,0.06449458024841065,0.018849062903461018,0.351724444071745,True
9.4,6.640403085851992,1.563184171333645,7.217586808964482,-0.004102675716648912,-0.057968146047161495,0.8004879681424402,0.8,0.06453961061001523,0.008136041876602097,0.35390038574555205,True
9.450000000000001,6.663067620825925,1.5961758914242403,7.257637983707569,-0.005956341466164362,-0.043332322489922914,0.800563869618723,0.8,0.06457683748305164,-0.002683692628104236,0.35629532320148244,True
9.5,6.685820173956588,1.6291112805532497,7.29773228982465,-0.007380262907768003,-0.029707913176262313,0.8006438948366794,0.8,0.06460192220317347,-0.013696534267288724,0.35885294061291645,True
9.55,6.708696424283966,1.6619659381439562,7.337859191014003,-0.008416900897137404,-0.01711270604684645,0.8007259380668537,0.8,0.06461556806388684,-0.024755432777007345,0.3615191758135181,True
9.600000000000001,6.731731936147333,1.6947148575501891,7.378009848316602,-0.009109148431995822,-0.005561406589626228,0.8008080646835436,0.8,0.06461788589439861,-0.03578364701040001,0.36424105539809287,True
9.65,6.754960939145742,1.7273331059434114,7.418177007234956,-0.009498903354981771,0.004942320924684163,0.8008884092413254,0.8,0.06460659175255969,-0.04677223475526097,0.36403475996160695,True
9.700000000000001,6.778416720696531,1.7597953867300764,7.458354812872225,-0.00962761411465168,0.014399230254058648,0.8009647798250424,0.8,0.06458501853727765,-0.057556846214188585,0.36110892067146233,True
9.75,6.802130961092863,1.7920763734668537,7.498538650954984,-0.009535528918317028,0.022818756919763872,0.8010355904245173,0.8,0.06455156845919124,-0.068115976934029,0.358720430468911,True
9.8,6.826133252979588,1.8241509536595728,7.538724968154019,-0.009261158222532668,0.030219238893902545,0.8010990340795856,0.8,0.06450879655166308,-0.07834127753550069,0.3568221645861995,True
9.850000000000001,6.850451151693182,1.8559941252782084,7.578911105372435,-0.008841380643730044,0.036625647752814294,0.801153771690985,0.8,0.06445899591171123,-0.08812519952832272,0.3553670643048039,True
9.9,6.875109416096671,1.8875815355931815,7.619095126473377,-0.008310524259632593,0.04207345330893608,0.8011988766194151,0.8,0.06440325324125121,-0.09739221776108972,0.35430796606001047,True
9.950000000000001,6.90012984916972,1.9188896367084303,7.659275663318143,-0.0077001637470689105,0.046607174187485834,0.8012336254108539,0.8,0.06434466762206642,-0.10606464862009901,0.3535982561450053,True
10.0,6.9255312091547125,1.949895836552437,7.6994517867139844,-0.007038979641190999,0.05027882455269661,0.8012578233939871,0.8,0.06428664880600635,-0.11397978661925434,0.35319246449431163,True
10.05,6.951328533073659,1.9805791683790275,7.739622865682174,-0.006351836872824044,0.053152267960321464,0.8012718418283236,0.8,0.06423053485882306,-0.12111848866400672,0.35304590276140213,True
10.100000000000001,6.977533124527095,2.010920517384157,7.779788470392473,-0.005659656861487856,0.05530028110094187,0.801276262267213,0.8,0.06418227246590018,-0.127330614372652,0.3531156134261395,True
10.15,7.0041525266317475,2.040902917784976,7.819948305763006,-0.004979228252894244,0.056804103830360386,0.8012726289412136,0.8,0.06414751620270873,-0.13246958142600343,0.3533606392253107,True
10.200000000000001,7.0311896736261215,2.070512616862619,7.860102115805111,-0.004321888757201646,0.05775946884191163,0.8012633753374748,0.8,0.0641234200365655,-0.13667244609795803,0.35374153759218907,True
10.25,7.058644167014334,2.0997383860534184,7.900249720074588,-0.003694948242326383,0.058262657932805044,0.8012504027439593,0.8,0.0641063015112058,-0.14002523899919367,0.354222929114695,True
10.3,7.086513741524511,2.1285704854407554,7.9403910543996,-0.003103473247132365,0.058399735798907,0.8012349567166935,0.8,0.06409460861872028,-0.14266212225475663,0.35477476014893367,True
10.350000000000001,7.1147946134649835,2.1570004855606384,7.980526145426806,-0.0025506634338113105,0.05824586118220765,0.8012179947376115,0.8,0.0640869843293523,-0.14468576366879277,0.3553720718548006,True
10.4,7.143481961707838,2.1850209384648287,8.020655108858723,-0.0020384244790839336,0.05786527269676622,0.8012002258743295,0.8,0.06408251380842042,-0.14618967720918014,0.3559943947947452,True
10.450000000000001,7.172570080647592,2.2126253099241158,8.060778127845028,-0.0015675216634867771,0.05731267824017727,0.8011821900520294,0.8,0.06408052764361978,-0.14725543564848337,0.3566251703648752,True
10.5,7.202052580140244,2.239807853201692,8.100895440065157,-0.0011378064785596605,0.05663442680197961,0.8011643028745367,0.8,0.06408049309653564,-0.1479552785494892,0.3572511716883479,True
10.55,7.2319225448925435,2.2665635026389475,8.141007325436366,-0.0007483995262701084,0.05586933933620152,0.8011468813790367,0.8,0.06408196436521697,-0.14835488248450526,0.35786207333214426,True
10.600000000000001,7.2621726842517145,2.2928877593625634,8.181114096204896,-0.0003978716592514287,0.055049703302156305,0.8011301609319221,0.8,0.06408456502688295,-0.1485102217375631,0.3584499796562761,True
10.65,7.292795451767251,2.318776591434529,8.221216087497051,-8.439349128561141e-05,0.05420193201478373,0.8011143087916356,0.8,0.06408801135356477,-0.14846911659433723,0.35900908442089297,True
10.700000000000001,7.3237831277518515,2.344226360700389,8.261313647748576,0.00019415986268240566,0.053347482946823455,0.8010994411483914,0.8,0.06409202876136567,-0.14827464163467352,0.3591469818848818,True
10.75,7.355127897692332,2.369233744555085,8.301407131272633,0.00044010296018795936,0.0525033599559126,0.8010856259738621,0.8,0.06409703837536154,-0.14796637789930484,0.3591458104272087,True
10.8,7.386821933824776,2.3937956474943647,8.341496895801447,0.0006558244176997894,0.05168245045807174,0.801072998708861,0.8,0.06410713258116517,-0.14760299536848404,0.35916822532069176,True
10.850000000000001,7.418857581232079,2.4179090005914876,8.381583327242518,0.0008435194769066181,0.05089312305122451,0.8010623642654227,0.8,0.06412164619622256,-0.14720775480967302,0.3592095940971905,True
10.9,7.451227413114973,2.441570684892148,8.421666851584297,0.0010051017986218952,0.05013953536627858,0.8010543969523916,0.8,0.06414008866213305,-0.14682313595462504,0.3592667852592544,True
10.950000000000001,7.483924226057338,2.4647774926348256,8.461747926362097,0.001142181055480211,0.04942301550843298,0.8010496726359646,0.8,0.06416237482244437,-0.14648851415873637,0.3593377919466655,True
11.0,7.516941174700036,2.487525906443074,8.501827047839509,0.0012558102418586345,0.04874063028745368,0.8010487380061467,0.8,0.06418753793689208,-0.14620417622210582,0.35942240219131644,True
11.05,7.550271657875249,2.509812184699626,8.54190473869868,0.0013466252232433736,0.048087643139279816,0.8010519663582695,0.8,0.06421433313764725,-0.14602150577960413,0.35952134696394855,True
11.100000000000001,7.583909369300236,2.5316322283474313,8.58198154614005,0.0014147089846688148,0.047456818652289456,0.8010595164189834,0.8,0.06424262745428176,-0.14592845501276155,0.35963663876946966,True
11.15,7.61784829163454,2.552981519259071,8.622058040458523,0.0014595453442226534,0.04683902025702236,0.8010715208619376,0.8,0.06427106393497038,-0.14593851474148578,0.35977144499033253,True
11.200000000000001,7.652082533520053,2.573855289088112,8.66213480137519,0.001480249520078989,0.04622504193869214,0.8010878856948703,0.8,0.0642983380932434,-0.1460639260566128,0.35992932507263914,True
11.25,7.686606405804686,2.5942483445210778,8.702212419904486,0.0014753785997667192,0.04560449777402209,0.801108304858806,0.8,0.06432485471090987,-0.1462767203992958,0.3601147431053121,True
11.3,7.721414261634391,2.614155255494823,8.74229148811569,0.0014431734243494818,0.044967764973369954,0.801132546922802,0.8,0.06434746497856932,-0.14659322394031404,0.3603322608725373,True
11.350000000000001,7.756500457115257,2.6335703681058362,8.782372591232363,0.0013815863676368857,0.04430561088395336,0.8011598686896781,0.8,0.06436685110160352,-0.14698497951300085,0.360586618488073,True
11.4,7.791859329621875,2.6524877944065035,8.822456302242259,0.001288278932256184,0.043609696272643994,0.8011896587345932,0.8,0.06438126403197207,-0.1474369804147919,0.3608825902879898,True
11.450000000000001,7.82748504437491,2.670901644835979,8.862543170039627,0.0011608941467326688,0.04287349403368379,0.8012210340882492,0.8,0.06438879057473867,-0.14794105657267054,0.36122444466389025,True
11.5,7.863371613712429,2.6888059701181892,8.902633711317524,0.0009969900769183776,0.04209173178589409,0.801252820400063,0.8,0.06439077619439144,-0.1484681890800443,0.36161617246366423,True
11.55,7.899512825778323,2.7061948886529525,8.942728406080786,0.0007941790914310045,0.04126101033337415,0.8012840955427672,0.8,0.06438364062305321,-0.14900090003928848,0.36206116704520924,True
11.600000000000001,7.935902171064335,2.7230627270235117,8.982827685359549,0.0005502792661577316,0.040380019002869194,0.8013133728805676,0.8,0.0643690595621364,-0.14952461404772885,0.36256200925172166,True
11.65,7.972532856373059,2.7394040149801,9.022931927027914,0.00026329634094820017,0.039449198762490256,0.8013394805517314,0.8,0.06434606369870868,-0.15001115980685123,0.36312058265545977,True
11.700000000000001,8.00939776043803,2.755213622810041,9.063041455548767,-6.844024570671504e-05,0.03847078189037201,0.8013611181760488,0.8,0.06431389482036193,-0.15044006410554137,0.3636010443542156,True
11.75,8.046489391418035,2.7704868966776295,9.103156531488093,-0.00044614350098439197,0.037449676387291964,0.8013768949627491,0.8,0.06427501511736464,-0.15080770648002723,0.3635215469336739,True
11.8,8.083799955185421,2.785219605347378,9.143277362956233,-0.0008706513141813678,0.036391740267389394,0.8013858617230526,0.8,0.0642275226126368,-0.15106051545171345,0.3634061506444257,True
11.850000000000001,8.121321275147483,2.7994082039383366,9.183404098397883,-0.0013421575080392394,0.035305679099930876,0.8013867814960782,0.8,0.06417434594803899,-0.15121275130376433,0.363252131663919,True
11.9,8.159044829767813,2.813049873204548,9.223536830344589,-0.001860193916938634,0.034202119665818875,0.8013789315750001,0.8,0.06411606798262623,-0.15122018761920614,0.36305686131329085,True
11.950000000000001,8.196961819496972,2.8261425128327766,9.263675609878746,-0.002423663576253129,0.03309303240077233,0.8013617041568633,0.8,0.06405366174937849,-0.15105174362770582,0.36281794022451624,True
12.0,8.23506306617026,2.838685147192974,9.303820437110891,-0.0030304265307426644,0.0319941582765742,0.8013346674732691,0.8,0.06399003454748028,-0.15073221032458614,0.3625329006840706,True
12.05,8.273339211220813,2.8506776256491344,9.343971285315089,-0.0036776480841491876,0.030921483900088476,0.8012978792507452,0.8,0.06392553116842763,-0.15016001883596478,0.3621998884796064,True
12.100000000000001,8.311780617829836,2.8621210826965213,9.384128094288545,-0.004361328719213517,0.029894641728872018,0.801251452368186,0.8,0.06386297117755861,-0.1493836318142041,0.3618171365370628,True
12.15,8.350377435838968,2.873018019535324,9.424290775171826,-0.00507624200978101,0.02893587540805015,0.8011959603976827,0.8,0.06380377262163,-0.14833749834895052,0.3613833288627665,True
12.200000000000001,8.389119766528804,2.8833720862325216,9.464459225736514,-0.005816184248771136,0.02806816770171272,0.8011321949628128,0.8,0.06374957449622817,-0.14698163601158137,0.3608979001252434,True
12.25,8.427997524964859,2.8931887865993224,9.504633310173546,-0.006573249939615551,0.027319623880312786,0.8010611963280737,0.8,0.06370216262707035,-0.14536868833043182,0.36036047576565233,True
12.3,8.467000728174035,2.902474876068097,9.544812875434365,-0.007338477981119363,0.026717569557635767,0.8009842709974343,0.8,0.06366282441801273,-0.1433548061463689,0.3597719595076906,True
12.350000000000001,8.506119397605595,2.9112389836111183,9.584997726499655,-0.008101211559793908,0.02629379485293798,0.8009029027356919,0.8,0.0636326871989731,-0.1410265388088864,0.3591336389157319,True
12.4,8.545343646221138,2.919491679431293,9.625187610090304,-0.00884903859354513,0.026082726198500106,0.8008187215843403,0.8,0.0636212548439425,-0.13855482831607185,0.3584477869160335,True
12.450000000000001,8.58466432955968,2.927243297307225,9.665382287012255,-0.009570042117000088,0.026106102291918176,0.800734877647005,0.8,0.06360932772297893,-0.13534675056230563,0.35771991929593594,True
12.5,8.624072037227407,2.934507999396365,9.705581350457312,-0.01024859420574215,0.026406235764976,0.8006512804401191,0.8,0.06360893150582457,-0.1317801115727905,0.3569532432213146,True
12.55,8.66355729777277,2.9413036488268447,9.745784154080308,-0.010865509331218243,0.027035301267999745,0.8005698196363014,0.8,0.06362106319538625,-0.12769280332714966,0.3561516632288381,True
12.600000000000001,8.703111428174104,2.947648659700341,9.785989890073814,-0.011401280865965648,0.028035138535496856,0.800492499129828,0.8,0.06364452272685958,-0.12321957363545001,0.3553224935109286,True
12.65,8.74272620711646,2.9535635680390833,9.826197480656134,-0.011834455192730575,0.0294485579371152,0.8004210727128604,0.8,0.0636790762360148,-0.11825842963329188,0.3544747843722014,True
12.700000000000001,8.782394024400034,2.959070463792342,9.866405514989932,-0.012142198727497708,0.03131668677615482,0.8003572095804996,0.8,0.0637237422868359,-0.11278769637902959,0.35361955645707976,True
12.75,8.822107707499868,2.964194134147797,9.906612125850963,-0.012299126140654546,0.03368619433159209,0.8003023736211469,0.8,0.06377737993616997,-0.10691991833819471,0.3527688819835325,True
12.8,8.861860777104654,2.9689607522106627,9.946814924577952,-0.012278622555738864,0.03659934645895177,0.800257802593981,0.8,0.06383907493908952,-0.10046255430315491,0.35193750829949194,True
12.850000000000001,8.901647298239185,2.9733987756211406,9.98701085796473,-0.01205192432711146,0.040101681166885395,0.8002245513651506,0.8,0.06390723264964787,-0.09358701635967012,0.3511415639138886,True
12.9,8.941461899839828,2.9775388691645848,10.027196076940863,-0.011588195297166155,0.04423955134050584,0.8002033848157466,0.8,0.06398055524139483,-0.08619019843701106,0.35039924455929355,True
12.950000000000001,8.98129986305668,2.9814130801322647,10.067365827423659,-0.010855358071234647,0.04905561440285639,0.8001948342808278,0.8,0.0640569163498077,-0.07827536589016333,0.34973134039769826,True
13.0,9.021156923199703,2.9850560279882083,10.107514241036228,-0.009818900534239911,0.05459702210208607,0.8001990674189551,0.8,0.06413537486189029,-0.06997585411609746,0.34916009446674545,True
13.05,9.06102940342019,2.988503383423287,10.147634241507452,-0.008443419469139976,0.0609037117907711,0.8002160926996376,0.8,0.06421279683543515,-0.06111726052578438,0.34871111572408475,True
13.100000000000001,9.100914024366062,2.9917927424978807,10.18771732923081,-0.006691760453468221,0.06801728487115741,0.8002454029371064,0.8,0.06428825339850891,-0.05189755741310703,0.3484117140757126,True
13.15,9.140807835953888,2.994963447853706,10.227753403107432,-0.0045252285280157145,0.0759777651928611,0.8002863515021506,0.8,0.06435916188307271,-0.04223914955894839,0.3482916944658456,True
13.200000000000001,9.180708198455894,2.998055635910655,10.267730648809373,-0.001904583198812107,0.08481882680454134,0.8003378839924075,0.8,0.0644229274473719,-0.03217959427256475,0.3483837896787081,True
13.25,9.220612546521298,3.0011112882928206,10.30765351720046,0.0010115388803195503,0.07826914586968606,0.800398546957772,0.8,0.06447993317207013,-0.021876067761093042,0.3511489351360181,True
13.3,9.260518401510629,3.0041726156697677,10.347630584903289,0.0034812428589708756,0.06236858328023,0.8004669881631226,0.8,0.0645275305991616,-0.011229449486664664,0.35325033067548184,True
13.350000000000001,9.300423173616435,3.007282556437255,10.387667093349984,0.005466642134573265,0.047446134821759585,0.8005414553523744,0.8,0.06456710169816787,-0.0004399837095213644,0.3555878117988984,True
13.4,9.34032403282691,3.0104845330972845,10.42775010273634,0.007010173123348943,0.03352922207548541,0.8006204696453835,0.8,0.06459597497410359,0.010516551907464382,0.3581037701241768,True
13.450000000000001,9.380217827798523,3.013821553378671,10.467868567125869,0.00815413313182667,0.020636413162431783,0.8007021517094823,0.8,0.0646125639923649,0.02158247440821318,0.36074390257048716,True
13.5,9.420100855348274,3.0173369977732554,10.508013167363544,0.008941430375155863,0.008784262276435265,0.8007844107739415,0.8,0.06461876772523874,0.03260592602249042,0.3634544999537922,True
13.55,9.45996882943822,3.021073282569635,10.548176212112871,0.009414213771314935,-0.0020210242001473255,0.8008655234364673,0.8,0.06461104513452678,0.04362382599414057,0.3649857977334505,True
13.600000000000001,9.49981672859288,3.0250720429265603,10.588351459201126,0.00961403830718117,-0.011779068663285708,0.8009432293331344,0.8,0.06459235137439552,0.0544737263710172,0.3618963307507108,True
13.65,9.539638692071177,3.029373943849433,10.628533953858689,0.00958166787480218,-0.020495773259752145,0.8010158136782585,0.8,0.06456233387316913,0.06510293979441746,0.35935776751908505,True
13.700000000000001,9.57942802660902,3.034017675028212,10.668719854616477,0.009356066339275163,-0.028187595163172596,0.8010815489151178,0.8,0.0645218449106993,0.07543669679125914,0.3573229819591176,True
13.75,9.619177120430548,3.0390401894067955,10.708906261195208,0.008974645516051878,-0.03487728864969879,0.8011388932162401,0.8,0.06447410915086323,0.08535487512577537,0.3557449185677706,True
13.8,9.658877496843399,3.0444759510346806,10.74909104627521,0.008472521672308877,-0.040597235247878394,0.8011868757616183,0.8,0.06441975860402734,0.09477808969112762,0.35457640554100434,True
13.850000000000001,9.698519884497706,3.050356471623956,10.789272691973835,0.0078820635644592,-0.04538952958874792,0.8012246553025966,0.8,0.06436164715716752,0.10363617645027473,0.3537706154938961,True
13.9,9.738094277643967,3.056710270246962,10.829450156504677,0.00723286558065676,-0.04930372019415324,0.8012518821546336,0.8,0.06430321793364699,0.11177834284073085,0.3532817591674273,True
13.950000000000001,9.777590143830318,3.063562074067672,10.869622735491657,0.0065509509974192364,-0.052400152195787586,0.8012687821405896,0.8,0.06424650883045799,0.11913816752364288,0.35306489657043355,True
14.0,9.816996649351152,3.070932353105151,10.909789945594817,0.005858302353800047,-0.054749872799635946,0.801275910308084,0.8,0.06419468457778739,0.12565431809143507,0.35307640791165773,True
14.05,9.856302821373948,3.0788375695009065,10.949951465761876,0.005173102635603575,-0.05643031408691815,0.8012743275614109,0.8,0.06415629485981202,0.13109157499524937,0.3532749585592191,True
14.100000000000001,9.89549803882602,3.0872887836146954,10.990107033178857,0.00450829560893983,-0.05753340195262577,0.8012664729330553,0.8,0.06412932923139153,0.13553895937371868,0.3536205329856461,True
14.15,9.934572280145163,3.0962920473399635,11.030256428088393,0.0038719370203212397,-0.0581583306089526,0.8012543905320432,0.8,0.0641107153238169,0.13913907306850093,0.3540761143810844,True
14.200000000000001,9.973515865144048,3.105850961756113,11.070399559046834,0.0032697541838841073,-0.058393367367672616,0.8012395653066196,0.8,0.06409756368927833,0.14197169516556774,0.35461032095176204,True
14.25,10.012319469889075,3.11596710552459,11.110536435764862,0.002705561045269112,-0.058316213809148365,0.801222967865178,0.8,0.06408884926546715,0.1441618263916111,0.3551968272273627,True
14.3,10.050974153671401,3.126640315533443,11.150667144732374,0.0021815238284333773,-0.05799485263632498,0.8012053746510372,0.8,0.06408353251755405,0.14580618486438907,0.35581381255849953,True
14.350000000000001,10.089471306169926,3.137869237776417,11.190791850550987,0.0016987050511037623,-0.05748667689436585,0.8011873706807896,0.8,0.06408088264285479,0.14698981544259612,0.35644364223324876,True
14.4,10.127802659712053,3.1496514706703067,11.230910776192422,0.0012571950614451398,-0.05684025581321594,0.8011694053647198,0.8,0.06408033952375021,0.14778813862976936,0.3570722092481632,True
14.450000000000001,10.165960277107766,3.161983769510968,11.27102419061064,0.0008563078424047137,-0.056096581856721506,0.8011518241525138,0.8,0.06408140459129792,0.14826831159197604,0.3576883691045979,True
14.5,10.203936530858721,3.174862232792185,11.311132397970532,0.000494760881391859,-0.05528971284317003,0.8011348813960397,0.8,0.0640837147107362,0.14848848234765805,0.3582835703723054,True
14.55,10.241724079238534,3.188282457346518,11.351235727637599,0.00017082556675864866,-0.05444765759907855,0.8011187650241516,0.8,0.06408695449228266,0.14849933489138997,0.35885144731337565,True
14.600000000000001,10.279315841704527,3.2022396637345376,11.391334525001438,-0.00011755081898224935,-0.05359322658310955,0.8011036061455823,0.8,0.06409082806909816,0.14834499602571583,0.3591523510974575,True
14.65,10.3167049711482,3.21672880606765,11.43142914347045,-0.0003726369103398642,-0.052744557989268026,0.8010894837571669,0.8,0.06409522001015713,0.14806349257787477,0.35914332569552354,True
14.700000000000001,10.353884825906178,3.2317446635177025,11.471519937982269,-0.0005968261748413683,-0.051915937035505455,0.801076455791746,0.8,0.0641036915300161,0.14771260625117102,0.3591594821879196,True
14.75,10.390848894739598,3.247282086127861,11.511607284217238,-0.0007923856818413675,-0.05111695210737632,0.8010651643385542,0.8,0.06411713404059721,0.14732502926515187,0.35919576354719596,True
14.8,10.427590739874871,3.263336151992851,11.551691598142533,-0.0009612951316730867,-0.0503527767535849,0.8010563811729758,0.8,0.06413430719921226,0.1469291320149052,0.359248677921258,True
14.850000000000001,10.464103989435838,3.2799021193385816,11.591773326737657,-0.0011052939780339592,-0.04962574159879768,0.8010506537491712,0.8,0.06415562403316008,0.14658096389672623,0.35931579766981375,True
14.9,10.500382206552128,3.2969756798669345,11.631852955015464,-0.0012256021019514166,-0.04893400011856975,0.8010485830257529,0.8,0.06418006181121147,0.1462782825616704,0.35939642795525995,True
14.950000000000001,10.536418866363842,3.314552916377959,11.671931000098766,-0.0013229533466832925,-0.048273158541202454,0.8010505859287534,0.8,0.064206464648267,0.1460644070256505,0.3594911015484191,True
15.0,10.572207327627464,3.3326302676423127,11.712008001341069,-0.0013976182588790347,-0.047636864800933876,0.8010568783006082,0.8,0.06423427774139974,0.14594810390610305,0.35960138589693214,True
15.05,10.60774072046595,3.351204682687642,11.752084523863227,-0.0014492181335911106,-0.0470161899993114,0.8010675790513183,0.8,0.06426300445060831,0.14592241703673578,0.3597302496037379,True
15.100000000000001,10.643012027569716,3.370273355397262,11.792161144293491,-0.0014769991650578015,-0.04640217685229725,0.8010827222760751,0.8,0.06429053615137867,0.14601883921011105,0.3598810478733173,True
15.15,10.678013987743482,3.3898338456276953,11.832238450979416,-0.001479679734021632,-0.045784715303855805,0.801101994379363,0.8,0.06431751008447766,0.14620524290940803,0.36005800224761214,True
15.200000000000001,10.712739113458793,3.4098839681019717,11.872317037517435,-0.0014555547923020468,-0.04515358052888835,0.8011251948230252,0.8,0.06434134163518127,0.14649293381357045,0.3602657945706224,True
15.25,10.747179753196678,3.4304216131490795,11.912397491070166,-0.0014026797516466015,-0.04449982705899469,0.8011517032767039,0.8,0.06436150000209959,0.14686685532543847,0.3605089773655766,True
15.3,10.781328020768173,3.4514448250412615,11.952480389019534,-0.0013187632048267926,-0.04381434215219215,0.801180828452145,0.8,0.0643778869827043,0.14730069606417015,0.3607925020768112,True
15.350000000000001,10.815175925153872,3.4729515379098035,11.9925662882603,-0.0012014552840491197,-0.04309037852776565,0.8012118811201012,0.8,0.06438720246193338,0.14779317363141997,0.3611206932298349,True
15.4,10.848715358131043,3.4949395717108196,12.032655715771384,-0.0010483386902782965,-0.04232223828225945,0.801243647469394,0.8,0.06439105191551772,0.1483156604947387,0.36149764015268737,True
15.450000000000001,10.881938120643602,3.5174065772851812,12.072749163203902,-0.0008569826878671249,-0.0415058642585725,0.8012752097124686,0.8,0.06438654114224836,0.14884856849593248,0.36192697034602883,True
15.5,10.914836035327653,3.5403498571165546,12.112847076378975,-0.0006251476909312746,-0.04063942901626971,0.8013051982684639,0.8,0.06437384223948989,0.14937565872686243,0.3624114724804901,True
15.55,10.947400956324046,3.563766361374107,12.152949847075337,-0.0003507865794632959,-0.03972286013231896,0.8013323079605749,0.8,0.06435382580469018,0.149877527179174,0.3629532324573247,True
15.600000000000001,10.979624828199613,3.587652638823442,12.193057817113148,-3.2111353331710534e-05,-0.0387578303968632,0.8013554111987463,0.8,0.06432392602979566,0.15032233773709452,0.36355356856979504,True
15.65,11.011499805323965,3.6120046905116316,12.233171266104865,0.00033222541538320864,-0.037748515035901375,0.801372988149412,0.8,0.0642871171372934,0.1507127970854121,0.36354817684671337,True
15.700000000000001,11.043018255978335,3.636818023101666,12.273290416506057,0.0007431777945299521,-0.03670040329187707,0.8013840481913312,0.8,0.06424194561202212,0.1510001445373627,0.3634434221979985,True
15.75,11.074172885516209,3.6620875422419665,12.313415434794653,0.0012011528110456838,-0.03562135297411728,0.8013873877782202,0.8,0.06419005701669848,0.15117806936369824,0.3633008392404595,True
15.8,11.104956884101663,3.6878074252481294,12.353546425836335,0.0017058240838245665,-0.034521847026435896,0.8013821057230032,0.8,0.0641335398323384,0.15123874889272268,0.3631177012144658,True
15.850000000000001,11.135363851238822,3.713971323000682,12.393683454810152,0.0022563399634111204,-0.0334130072286033,0.8013676680642675,0.8,0.06407187281517106,0.15111638317314904,0.3628916136218514,True
15.9,11.165388110737474,3.740572039224558,12.433826536530441,0.002850877291914262,-0.0323094670791475,0.8013434691822173,0.8,0.06400853494823029,0.15084981107817624,0.3626201186082577,True
15.950000000000001,11.195024674382713,3.7676016937659087,12.473975649962643,0.003486789728884502,-0.031227287209907306,0.801309491556593,0.8,0.06394408826131097,0.15034966413902004,0.36230115473918156,True
16.0,11.224269390354072,3.795051656957062,12.514130745486703,0.004160458633260403,-0.030184906981668758,0.8012658105325547,0.8,0.0638807210764208,0.14962446567335994,0.3619329265111153,True
16.05,11.253119255174461,3.822912308244066,12.55429173826766,0.004866901140569266,-0.029204542273901457,0.8012128593252124,0.8,0.06382045736610611,0.14867699315731106,0.36151388552448527,True
16.1,11.281572109336198,3.8511735207382314,12.594458533454029,0.005600326487773688,-0.02830801734107502,0.8011513925523881,0.8,0.06376455856763397,0.14740017521673898,0.3610433958433929,True
16.150000000000002,11.309627215463347,3.879824132142912,12.634631005412684,0.006353345366324235,-0.027522043790530026,0.8010823523544977,0.8,0.06371505285371674,0.14587487088679765,0.36052097795438537,True
16.2,11.337285134662123,3.9088522287539185,12.674809004955609,0.007117249321735308,-0.02687455454531329,0.8010069895523989,0.8,0.06367324894427441,0.14397460535340142,0.35994710612317543,True
16.25,11.364547820794657,3.938245171832003,12.714992352543893,0.00788194961781658,-0.026395569306299826,0.8009267371979006,0.8,0.06364043627262929,0.14172361948574203,0.3593230194470646,True
16.3,11.391419106387621,3.967989237901842,12.755180809429092,0.008635363407820947,-0.026120155117167476,0.8008432026114484,0.8,0.06361740129362398,0.13913999456104573,0.35865047160413643,True
16.35,11.417904102857156,3.9980703462885643,12.795374080743292,0.009364333130967302,-0.026080960556055244,0.8007580800852935,0.8,0.06361359454832387,0.13634181791005703,0.3579330108403156,True
16.400000000000002,11.4440086977945,4.02847463571194,12.835571843337503,0.010055367240214646,-0.026304156693229275,0.8006745735244983,0.8,0.06360948053195896,0.13290223364599493,0.3571764408922238,True
16.45,11.469741574210078,4.059186574007492,12.875773594104407,0.01069185559147958,-0.02683060003994675,0.8005925896046391,0.8,0.06361737271476982,0.12895389563501897,0.35638540211652703,True
16.5,11.49511491125235,4.090188514384068,12.915978545200073,0.011253236087854137,-0.02771522620841227,0.8005140625767948,0.8,0.06363722469324147,0.12456848571205986,0.3555644007805705,True
16.55,11.52014202701227,4.121463031931774,12.956185692898623,0.011718287618875568,-0.029002706926836597,0.8004408681518477,0.8,0.06366828055658025,0.11977678509321141,0.3547216845947021,True
16.6,11.544837615266458,4.15299269117612,12.996393734840682,0.012064778015914095,-0.030732853655214946,0.8003747083715135,0.8,0.06371006372486156,0.11442770534841974,0.3538680283608487,True
16.650000000000002,11.56921879224795,4.184759177892549,13.03660094665763,0.012268087365148596,-0.03295079968597758,0.8003171621331129,0.8,0.06376107850308546,0.10869004275014627,0.3530151495291326,True
16.7,11.59330463169706,4.21674374187021,13.07680509823439,0.01230183455972972,-0.03570066756646184,0.8002695208322133,0.8,0.06382060554115301,0.10238984453515937,0.3521769695145965,True
16.75,11.617116089340316,4.248927264700579,13.117003345219679,0.012137968475130498,-0.039026494804155765,0.8002329236129508,0.8,0.0638869555829201,0.09561212611229084,0.35136928424759617,True
16.8,11.640676626505055,4.281289767193905,13.157192072199765,0.01174596882895568,-0.04297620298838522,0.8002082018580662,0.8,0.0639590360164978,0.08839726632404353,0.3506094444473642,True
16.85,11.664011017323471,4.313811324208292,13.19736681039618,0.01109434933853233,-0.04759151638150417,0.8001959854073862,0.8,0.06403468169302766,0.08060623006797152,0.34991783823189754,True
16.900000000000002,11.687146379578989,4.3464712110976444,13.237522033369359,0.01014932950912456,-0.05291823610432955,0.8001965314570323,0.8,0.064112759211452,0.07243524567909587,0.3493162690908627,True
16.95,11.710111522274355,4.37924834580477,13.27765102520297,0.00887563788050295,-0.058999217198746796,0.8002099040375734,0.8,0.06419069537707221,0.06372435833743784,0.34882925232444384,True
17.0,11.732936754243344,4.412121332545844,13.317745722244773,0.0072367173452317305,-0.06587497559244793,0.8002357422888673,0.8,0.06426661592982193,0.054584654723887835,0.34848368362464327,True
17.05,11.755654438348929,4.4450679466056595,13.3577964836635,0.005194012050372867,-0.0735879014980576,0.800273386577932,0.8,0.06433944880582068,0.04508095178179327,0.3483083972030566,True
17.1,11.778297607624985,4.478066006366378,13.39779202027509,0.002708644173664387,-0.08217143583859365,0.8003220182828273,0.8,0.06440528000198413,0.035111538338599445,0.34833566601900323,True
17.150000000000002,11.800900846322882,4.511092576744092,13.437721539732458,-0.00020446370094492076,-0.08303212591445443,0.8003801965749056,0.8,0.0644644853702562,0.02488961413042119,0.35059396983670466,True
17.2,11.823499528410272,4.544124346353864,13.4776788034948,-0.0028215651251496244,-0.0668550918288433,0.8004465803189165,0.8,0.06451473661457174,0.014325552367366965,0.3526165068487994,True
17.25,11.846129337858525,4.577137783574717,13.517699602578569,-0.004942214297594508,-0.051646865637590356,0.8005194807193047,0.8,0.0645563220934824,0.0035555874458468245,0.35489216032297055,True
17.3,11.868826595145649,4.610108722832709,13.557770426606082,-0.006608873826925231,-0.03743823978770222,0.8005973008242694,0.8,0.06458903367466116,-0.0073338943894362355,0.3573621573805018,True
17.35,11.891626991108216,4.643013062367886,13.597879708443259,-0.0078637182045144,-0.02424854466339632,0.8006784514653761,0.8,0.06460891821366556,-0.01839048657341271,0.35997191747237645,True
17.400000000000002,11.91456622451655,4.675826120503423,13.638017643427732,-0.008749466551804776,-0.012094890543141501,0.800760735154594,0.8,0.06461841118872641,-0.029421466020767794,0.36266758132459076,True
17.45,11.937679326074013,4.70852292144363,13.678176084291005,-0.00930862054563858,-0.0009872191103725836,0.8008424128117236,0.8,0.06461457325209775,-0.04045486777013179,0.36539823633880025,True
17.5,11.961000117444168,4.741078404468574,13.718348388067328,-0.00958286782185586,0.009072878493327385,0.8009213077570276,0.8,0.06459860025293887,-0.05137038197232569,0.3627276690196779,True
17.55,11.984561402588078,4.773467133705132,13.758529244873944,-0.009613383775070946,0.018088374381353356,0.8009954973407469,0.8,0.06457227955116854,-0.06205983446632983,0.36003511075875416,True
17.6,12.00839391252142,4.805663929613287,13.79871451133766,-0.009439594888637805,0.026073629471067505,0.8010634035501714,0.8,0.06453440007878153,-0.07249282101129761,0.3578599017804579,True
17.650000000000002,12.032526408319166,4.837643711119906,13.838901032294077,-0.009099353764035973,0.033049611012554325,0.8011232908178118,0.8,0.06448866203651134,-0.08254086652324957,0.3561549596697167,True
17.7,12.056985348201849,4.869381687106419,13.879086476110025,-0.00862856512371844,0.03904532688671114,0.8011740778944496,0.8,0.064435961217731,-0.0921145083303799,0.3548731905989609,True
17.75,12.081794238440043,4.900853839814605,13.919269163963056,-0.008060391383620242,0.044100406091829636,0.8012148593945996,0.8,0.06437860768892106,-0.10114334999683869,0.3539675662992881,True
17.8,12.10697363949181,4.932036977229587,13.959447928866688,-0.007425245733322948,0.048262320361991295,0.8012451337516698,0.8,0.06431991505603732,-0.10951060826265432,0.35339195898561876,True
17.85,12.132540801465744,4.9629091208910445,13.999621983925383,-0.006750289291278197,0.05158780690377807,0.8012649576114527,0.8,0.06426264105373074,-0.11709419538157297,0.35310122152385215,True
17.900000000000002,12.15850912594503,4.993450103415157,14.039790790673923,-0.006058662456274106,0.05414522464965832,0.801274839691357,0.8,0.06420836645961184,-0.12388389404992842,0.3530512490181959,True
17.95,12.184888469856421,5.02364156375132,14.079953990444354,-0.0053697461004644466,0.056009660958694425,0.8012755352917761,0.8,0.06416608952666765,-0.12962898726949076,0.35320009710372907,True
18.0,12.21168443134974,5.0534678383205875,14.12011131035385,-0.00469806196886627,0.057268903679602134,0.8012692596698505,0.8,0.06413618285378983,-0.13434920927651797,0.3535072964601413,True
18.05,12.238898182771367,5.0829165023682314,14.160262509475249,-0.004052807474333864,0.05802213491716778,0.8012582309748387,0.8,0.06411550404958875,-0.13818603243768637,0.35393463741890546,True
18.1,12.266528506936197,5.111976967893639,14.200407461374397,-0.0034403147144309153,0.0583609108126163,0.801244092092377,0.8,0.06410084397786872,-0.14122325966841834,0.3544491468917803,True
18.150000000000002,12.294572507622137,5.14064002580114,14.240546147136799,-0.002864884886358737,0.05836632145576681,0.8012279148293024,0.8,0.06409096405619814,-0.14358834012457833,0.3550230119456467,True
18.2,12.323025894232588,5.168897710915009,14.28067863000197,-0.002329087514011999,0.05810925984802629,0.8012105390442434,0.8,0.0640847682805274,-0.14538111867942902,0.3556331569007187,True
18.25,12.35188343986963,5.196742982238374,14.320805055381577,-0.0018343094330861218,0.05764960633664651,0.8011926022104725,0.8,0.06408143905924492,-0.14668914063728788,0.3562608997649832,True
18.3,12.381139122869769,5.224169657575688,14.360925630757324,-0.0013808978203703457,0.05703865953603926,0.8011745905388167,0.8,0.0640802963479267,-0.14759253602458455,0.35689108744187115,True
18.35,12.410786315566567,5.251172288482262,14.4010406132162,-0.0009683775432978222,0.056319291499903,0.8011568655861648,0.8,0.06408095518893717,-0.14815798117877144,0.3575118230313363,True
18.400000000000002,12.440817933685814,5.27774605557749,14.441150297897686,-0.0005956254941628242,0.055527536664716326,0.8011397160715287,0.8,0.06408293643348435,-0.14844795971476865,0.35811382682738524,True
18.45,12.471226562823365,5.303886671181763,14.481255007646826,-0.00026102322322860475,0.054693076985275146,0.8011233443053536,0.8,0.06408595514666428,-0.14851371368235267,0.3586901418497706,True
18.5,12.502004568942544,5.329590284110043,14.521355083994521,3.740318502313468e-05,0.05384016072439613,0.8011079004075445,0.8,0.06408966109028454,-0.14840343385184943,0.3591609223394894,True
18.55,12.533144184512537,5.354853398130693,14.561450878838231,0.00030186975536038743,0.052988230447930995,0.8010934729431417,0.8,0.06409384279025651,-0.1481550919647535,0.35914343275032345,True
18.6,12.564637579097184,5.379672797357713,14.601542747233912,0.000534736599849242,0.05215256311455441,0.8010801133657087,0.8,0.06409949818588434,-0.14781034574414825,0.3591529273252566,True
18.650000000000002,12.596476940100022,5.404045458072227,14.64163104818294,0.0007383930849365432,0.05134458396746366,0.8010680358967179,0.8,0.06410787315513372,-0.1474064487848086,0.35918369526414207,True
18.7,12.628654575449131,5.427968430142627,14.681716154613426,0.0009151060327568754,0.05057189830800857,0.8010576540131978,0.8,0.06411814246321257,-0.14696762133753333,0.3592312523480134,True
18.75,12.661162925027398,5.451438804530807,14.721798450761003,0.001066991855864006,0.04983913430590824,0.8010492345802488,0.8,0.06413031432399459,-0.14653222751252945,0.35929212653905196,True
18.8,12.69399462204796,5.474453605676331,14.761878330605313,0.0011958979821614694,0.04914795132250627,0.8010430387841121,0.8,0.06414390778105776,-0.14611396785709113,0.3593639759852261,True
18.85,12.727142511575762,5.497009730407271,14.801956196110797,0.0013033463122091823,0.048497430664485086,0.8010392418321042,0.8,0.06415827282804713,-0.1457320564974907,0.3594455336222731,True
18.900000000000002,12.76059960176808,5.519103970451875,14.842032449114036,0.0013905826008972929,0.047885062622659014,0.8010379074154745,0.8,0.06417290736035924,-0.14541035228344826,0.359536272069395,True
18.95,12.794359126246608,5.540732884723321,14.882107493462875,0.0014584379679451747,0.04730625806209965,0.8010390149712087,0.8,0.06418774337296111,-0.1451432370144851,0.3596366847059048,True
19.0,12.828414472509294,5.561892855572355,14.922181729848383,0.0015074167439501679,0.046755489084504886,0.8010425332939212,0.8,0.0642016838576012,-0.14495303124576583,0.3597478667380474,True
19.05,12.862759165566713,5.5825800710822415,14.96225555350218,0.0015376909764035322,0.046226722533321385,0.8010482515845716,0.8,0.06421484580076259,-0.144831725131695,0.35987139472031343,True
19.1,12.897386866918126,5.602790485108507,15.002329354592003,0.0015490669473420741,0.0457128213157435,0.8010559838370248,0.8,0.06422678638466699,-0.14477791988851146,0.36000953421850573,True
19.150000000000002,12.932291272571723,5.622519941483752,15.04240351296923,0.0015411433993798888,0.04520734539757865,0.8010654761184373,0.8,0.06423656221495216,-0.1447967332480774,0.3601645576293919,True
19.200000000000003,12.96746613942893,5.6417641006839565,15.082478399448153,0.0015132334850658476,0.04470362141178186,0.8010763260335344,0.8,0.0642447633850362,-0.1448708759346556,0.36033909272379316,True
19.25,13.00290522020985,5.66051852020649,15.122554373397497,0.0014644648985247745,0.04419556956171411,0.8010882388357664,0.8,0.06424993153338596,-0.14499817670535928,0.36053578176171575,True
19.3,13.038602208501887,5.67877872893854,15.162631778600907,0.0013938690721962297,0.04367805644892697,0.8011006877000318,0.8,0.06425251187631845,-0.1451661565206464,0.3607570893285589,True
19.35,13.074550734601504,5.696540221714904,15.202710942506053,0.0013003754954967065,0.043146663967834786,0.801113232902951,0.8,0.06425218844844163,-0.14536053217319492,0.3610053750543763,True
19.400000000000002,13.110744306182387,5.71379856725239,15.242792174373779,0.0011829318049003592,0.04259821422259791,0.80112539434374,0.8,0.06424805610385036,-0.14557001936904962,0.36128262036898406,True
19.450000000000003,13.147176286369463,5.730549450876682,15.282875760695507,0.0010405485455539081,0.042030892386271335,0.8011365557117341,0.8,0.06424103587237683,-0.14578478111022705,0.3615903475365691,True
19.5,13.183839891808853,5.746788695605281,15.322961966506034,0.0008723157342185548,0.04144373392837747,0.8011462684110905,0.8,0.06422982487260731,-0.145982241484495,0.36192975212618894,True
19.55,13.220728146086545,5.762512375667528,15.363051030236498,0.0006775222301483678,0.04083752820807529,0.801153881395355,0.8,0.06421517379405414,-0.14615769242422896,0.36230131980046043,True
19.6,13.257833876086842,5.7777168568863555,15.403143160983117,0.00045569090868859683,0.04021415436882103,0.8011588842348986,0.8,0.06419711536529997,-0.14629273759117234,0.3627049841572546,True
19.650000000000002,13.295149725063109,5.792398818545103,15.443238541609913,0.00020659079805555644,0.03957685514376863,0.8011607853349091,0.8,0.0641752478843359,-0.1463675769887373,0.36314003419361607,True
19.700000000000003,13.33266810453,5.806555408796484,15.483337320682809,-6.960335640115878e-05,0.038930489404427504,0.8011590399917169,0.8,0.06415071016630065,-0.14638670135760484,0.36346567366231664,True
19.75,13.370381254711818,5.8201841785754755,15.523439618097983,-0.00037239681271646497,0.03828090210230989,0.8011533051461461,0.8,0.06412296419771539,-0.14630955843167975,0.36335252993714373,True
19.8,13.40828120848201,5.833283239908254,15.563545519906336,-0.0007008153105976365,0.037635388890800425,0.8011431582955243,0.8,0.0640930105833929,-0.14614621310691883,0.36321262868605364,True
19.85,13.446359801820138,5.845851333879057,15.603655075896071,-0.0010533455734671616,0.03700296190013585,0.8011283526277204,0.8,0.06406126263366389,-0.14587641836390317,0.3630448489315961,True
19.900000000000002,13.484608751600595,5.85788773417903,15.643768306707855,-0.0014280518124316207,0.03639294868844545,0.8011087158020761,0.8,0.06402807361449353,-0.14547206953218736,0.36284839697870647,True
19.950000000000003,13.523019584317126,5.869392545257722,15.68388519194953,-0.0018222692528736158,0.03581713152074273,0.8010841381095035,0.8,0.0639943945088017,-0.14495757155246286,0.36262248760657856,True
20.0,13.561583752538159,5.8803665113089805,15.724005678521596,-0.002232819647034735,0.03528734898030034,0.8010546691207153,0.8,0.06396067963237917,-0.14427069995012234,0.3623668293227163,True
20.05,13.600292607170028,5.8908112257357335,15.764129672917194,-0.002655799670592767,0.034817318730196944,0.801020431804565,0.8,0.06392765274535592,-0.14344011573395496,0.3620813034952327,True
20.1,13.639137416874291,5.900729234491523,15.804257035519168,-0.0030864832062786783,0.03442224935982596,0.8009816649054634,0.8,0.0638959978333504,-0.14244266038552714,0.3617661759431856,True
20.150000000000002,13.678109494544705,5.910123786255117,15.844387586869189,-0.0035195906619117996,0.03411724813799444,0.800938713350539,0.8,0.06386637143560743,-0.1412437506946926,0.3614222943791777,True
20.200000000000003,13.717200112001207,5.918999283607153,15.884521087163481,-0.003948824700450157,0.03391989273123047,0.8008920209381082,0.8,0.06383911115684905,-0.13988824852761936,0.361050801926649,True
20.25,13.756400649989448,5.927360941956569,15.924657240373527,-0.004367230482723081,0.03384754065022258,0.8008420752813268,0.8,0.06381516259305575,-0.13829590198655348,0.36065356599198956,True
20.3,13.79570257900186,5.935215029874924,15.964795677322854,-0.0047669491593397,0.03391893231364032,0.8007895066470946,0.8,0.06379778757780954,-0.13664771871526699,0.3602329584763898,True
20.35,13.835097700707268,5.942568085686506,16.004935984772114,-0.005140025401717954,0.03414809679657559,0.8007354651346001,0.8,0.06377971072682619,-0.1346253754235065,0.35979283451717003,True
20.400000000000002,13.874577857574462,5.94942817739254,16.045077628744128,-0.005477105192558121,0.03455553546779211,0.8006798740164797,0.8,0.06376634531370362,-0.13234777534892714,0.35933656602134234,True
20.450000000000003,13.914134802069016,5.955805905282621,16.085219890039706,-0.0057664196548562,0.03517120743794702,0.8006235488573396,0.8,0.06375707772616947,-0.12989019379062247,0.3588671906078061,True
20.5,13.953760829431582,5.96171180712828,16.125361946950296,-0.00599644126380874,0.036015672944970906,0.8005671828225998,0.8,0.06375262911469179,-0.12715917201845375,0.3583902779919652,True
20.55,13.99344854995963,5.967157459578606,16.165502810463593,-0.006154747590567635,0.03711038733341898,0.8005115694255872,0.8,0.06375211649205,-0.12422188754582163,0.3579120609542781,True
20.6,14.033190890603464,5.972155665980344,16.205641286804482,-0.00622782594381124,0.038477851766186344,0.8004573360699127,0.8,0.06375554344515989,-0.12105429353398081,0.35743959444959894,True
20.650000000000002,14.072981212015181,5.976719915093533,16.2457759616194,-0.006201615944538981,0.04013833379388618,0.80040509423646,0.8,0.06376280780452959,-0.11762646258004643,0.3569811789897165,True
20.700000000000003,14.112813227603535,5.980865015469972,16.28590514048267,-0.006060861115680745,0.04211471683262327,0.8003554225136659,0.8,0.06377285768488643,-0.1140182490509478,0.3565456018481228,True
20.75,14.152681116443926,5.984606472724067,16.326026830449223,-0.005789732690881456,0.04442721014009143,0.8003087112736843,0.8,0.06378612081556229,-0.11013581335178106,0.3561430668680212,True
20.8,14.192579492437435,5.98796075413502,16.36613868763401,-0.005371556414851642,0.04709654102539362,0.8002654109716096,0.8,0.0638013791644448,-0.10606266576756032,0.3557845459381924,True
20.85,14.23250340466872,5.990945389381146,16.406237965742516,-0.004788707467896132,0.05014396067983802,0.8002257598979806,0.8,0.06381841719734345,-0.1017806940027232,0.3554818946487314,True
20.900000000000002,14.272448406379258,5.9935783410765,16.446321496051517,-0.004023239696886825,0.05358713835826536,0.8001899546382217,0.8,0.06383677990834648,-0.09727131881458614,0.3552484270623406,True
20.950000000000003,14.312410480987994,5.995878641379357,16.48638560908291,-0.003056244198238331,0.057445479393007426,0.8001581117856792,0.8,0.06385548900435414,-0.09262487808318998,0.35509802277686053,True
21.0,14.352386098822958,5.997865700649646,16.52642611871886,-0.0018685433198893675,0.06173487340737338,0.800130183984421,0.8,0.06387457329660672,-0.08776149420600973,0.35504596761761315,True
21.05,14.3923721761663,5.999559516948008,16.566437766071083,-0.0004404830519924019,0.06644762952221824,0.800106129874847,0.8,0.06389305265036525,-0.08277151033896331,0.3551149442973207,True
21.1,14.432366051780384,6.000980756924078,16.60643164168517,0.0009807569240782854,0.058317091522872636,0.8000857479991179,0.8,0.06391073165510042,-0.07765441517054232,0.35692137750525776,True
21.150000000000002,14.472365503164763,6.002150070162624,16.64643109306955,0.002150070162623585,0.050669923801670784,0.8000688100714123,0.8,0.06392719297075997,-0.07240857832617012,0.3579678319426042,True
21.200000000000003,14.512368681192047,6.003088608206381,16.686434271096832,0.003088608206381238,0.04351805444701928,0.8000550251827152,0.8,0.0639420020066554,-0.06712349746613094,0.35910895393689246,True
21.25,14.55237410843121,6.003817401089269,16.726439698335994,0.00381740108926909,0.03686922307158445,0.8000440386100396,0.8,0.0639550939214295,-0.06175258147147751,0.3603198694228038,True
21.3,14.592380632684579,6.004357440516117,16.766446222589366,0.00435744051611664,0.030729135077379576,0.8000354943047007,0.8,0.06396616832500235,-0.05637642090293273,0.3615764554746005,True
21.35,14.632387386762671,6.004729744642541,16.806452976667458,0.004729744642540723,0.025101891875345395,0.8000289961867223,0.8,0.06397530212476316,-0.051015307215307816,0.3628551558719002,True
21.400000000000002,14.672393765717326,6.004954747836218,16.84645935562211,0.004954747836218409,0.01998680366081232,0.8000241712491855,0.8,0.06398245938833758,-0.045682970785289614,0.36413453287419195,True
21.450000000000003,14.712399375216574,6.005052609997979,16.88646496512136,0.005052609997979296,0.015381583334655245,0.8000206503923016,0.8,0.06398782866968315,-0.04045343664378878,0.3653940266663142,True
21.5,14.752404001162274,6.005042784146207,16.92646959106706,0.005042784146207069,0.011279786735435348,0.800018105240057,0.8,0.06399156171049539,-0.03533178947794588,0.36661514224870584,True
21.55,14.792407570891504,6.004943871746332,16.96647316079629,0.004943871746331929,0.007671227093593646,0.800016241013983,0.8,0.06399391624039974,-0.03037244868379276,0.36778147411758444,True
21.6,14.83241011618442,6.0047736528141495,17.006475706089205,0.004773652814149543,0.004542910205663012,0.800014813080068,0.8,0.0639952080896148,-0.02562422982467113,0.3688783973705746,True
21.650000000000002,14.87241174368538,6.004548639792791,17.046477333590165,0.004548639792790965,0.0018769507848382793,0.8000136351845758,0.8,0.06399569628007687,-0.02112285637667992,0.3698941263353763,True
21.700000000000003,14.91241260423777,6.004284015264018,17.086478194142558,0.004284015264017782,-0.00034853762284204086,0.8000125685748133,0.8,0.06399570120962261,-0.016906872466126044,0.37061247665649855,True
21.75,14.952412868347983,6.003993551514233,17.12647845825277,0.003993551514232863,-0.0021589555426071837,0.8000115308432555,0.8,0.06399545941900678,-0.013056159599035961,0.3703655305056869,True
21.8,14.992412705808922,6.003689162723903,17.16647829571371,0.0036891627239032942,-0.0035853226127131378,0.8000104806533538,0.8,0.0639952673681282,-0.009580249493883884,0.3702468021492381,True
21.85,15.032412270058767,6.003380854698952,17.206477859963552,0.00338085469895244,-0.004662899166225397,0.8000094265133065,0.8,0.06399518818412987,-0.006560652209038472,0.370235628178993,True
21.900000000000002,15.072411688066914,6.003076588461867,17.2464772779717,0.0030765884618668693,-0.005431267032800643,0.8000083870895668,0.8,0.06399536192939195,-0.00406191896925625,0.3703121768218442,True
21.950000000000003,15.112411052166522,6.002781680803917,17.286476642071307,0.0027816808039169416,-0.005936951856439618,0.8000074035926154,0.8,0.06399567587945085,-0.0020243795793156633,0.3704572578090396,True
22.0,15.152410423117576,6.002499513667972,17.32647601302236,0.0024995136679724084,-0.006226705647558097,0.8000064976093829,0.8,0.06399602288913832,-0.00038657450672942767,0.37065358993864006,True
22.05,15.192409838946737,6.002232475307529,17.366475428851523,0.0022324753075286807,-0.006341511239416556,0.80000567253723,0.8,0.0639963633465222,0.0009074131566052345,0.37088662189232413,True
22.1,15.232409320713874,6.001982165958176,17.40647491061866,0.0019821659581760187,-0.006316762730168176,0.8000049251693852,0.8,0.06399668793655475,0.0019077750659854701,0.3711442618222472,True
22.150000000000002,15.27240887733657,6.001749539766615,17.446474467241355,0.0017495397666147383,-0.0061828027706377735,0.8000042508514771,0.8,0.06399699754273203,0.002659274058942357,0.37141656869284423,True
22.200000000000003,15.312408509504944,6.001535025970351,17.48647409940973,0.0015350259703508229,-0.005965453942858634,0.80000364519692,0.8,0.06399729468311702,0.0032015952966311092,0.3716954688754302,True
22.25,15.352408212714893,6.001338633531604,17.526473802619677,0.0013386335316036835,-0.005686519053120512,0.8000031043486936,0.8,0.06399758059243305,0.003569714938096505,0.37197450043750735,True
22.3,15.392407979520401,6.001160040984849,17.566473569425185,0.001160040984848898,-0.005364247035377167,0.8000026247543439,0.8,0.06399785479733519,0.0037942749785799712,0.37224858372863273,True
22.35,15.432407801135916,6.000998673037579,17.6064733910407,0.0009986730375786124,-0.005013763410280004,0.8000022028770523,0.8,0.06399811561434145,0.003901956221222916,0.37251381657897753,True
22.400000000000002,15.472407668522102,6.00085376536933,17.646473258426887,0.0008537653693299063,-0.004647465131992336,0.8000018349961995,0.8,0.06399836084006652,0.003915843103990027,0.3727672923861169,True
22.450000000000003,15.512407573076343,6.000724418979616,17.68647316298113,0.0007244189796162814,-0.004275380315478067,0.8000015171266963,0.8,0.06399858833451375,0.003855775556472415,0.37300693936312856,True
22.5,15.55240750703158,6.000609645336624,17.726473096936367,0.0006096453366239984,-0.003905493854749757,0.8000012450363675,0.8,0.06399879640905876,0.003738684306234354,0.3732313792411588,True
22.55,15.592407463647925,6.000508403477875,17.76647305355271,0.0005084034778750635,-0.003544040337660928,0.8000010143266878,0.8,0.06399898402530375,0.0035789071079725203,0.37343980375832597,True
22.6,15.632407437263414,6.000419630113837,17.8064730271682,0.000419630113836611,-0.003195765951635305,0.800000820544098,0.8,0.06399915084623274,0.0033884842495120015,0.3736318673210708,True
22.650000000000002,15.672407423254398,6.000342263687421,17.846473013159184,0.0003422636874210738,-0.00286416127300769,0.800000659296805,0.8,0.06399929718761685,0.0031774324148327385,0.3738075942909299,True
22.700000000000003,15.71240741794279,6.000275263247936,17.886473007847577,0.00027526324793569756,-0.002551666955098589,0.8000005263605158,0.8,0.06399942391192237,0.002953996572694467,0.37396729942633333,True
22.75,15.752407418476627,6.000217622908167,17.926473008381414,0.00021762290816695895,-0.002259854390204053,0.800000417763942,0.8,0.06399953229718647,0.002724880029486926,0.3741115200929498,True
22.8,15.79240742270206,6.0001683825687495,17.966473012606848,0.0001683825687495144,-0.001989583430324642,0.8000003298504884,0.8,0.06399962390331947,0.002495453151509415,0.3742409589448462,True
22.85,15.832407429038474,6.000126635515051,18.00647301894326,0.00012663551505109893,-0.0017411392211605123,0.8000002593163293,0.8,0.06399970044983015,0.002269941541067465,0.3743564358703578,True
22.900000000000002,15.872407436363748,6.000091533418862,18.046473026268533,9.153341886225519e-05,-0.0015143501427393753,0.8000002032273748,0.8,0.06399976371245934,0.0020515946556337165,0.3744588480891422,True
22.950000000000003,15.912407443913304,6.000062289210182,18.086473033818088,6.228921018180955e-05,-0.0013086887657392068,0.8000001590187885,0.8,0.0639998154415338,0.0018428360023473953,0.3745491373789679,True
23.0,15.952407451194292,6.000038178223312,18.126473041099075,3.8178223311646775e-05,-0.0011233576316286057,0.8000001244810923,0.8,0.06399985730183806,0.0016453961318041036,0.3746282635010306,True
23.05,15.992407457914732,6.000018537966162,18.166473047819515,1.8537966162135433e-05,-0.0009573615525898302,0.8000000977367455,0.8,0.06399989083195302,0.0014604297048257007,0.37469718297997,True
23.1,16.032407463926546,6.000002766811884,18.20647305383133,2.7668118836032818e-06,-0.0008095680082750816,0.8000000772106554,0.8,0.06399991742011135,0.001288617921845781,0.3747568324784432,True
23.150000000000002,16.07240746918088,5.999990321867393,18.246473059085666,-9.678132607326972e-06,-0.0006787570943956328,0.8000000615974905,0.8,0.06399993829330082,0.0011302575936529644,0.3747887598202848,True
23.200000000000003,16.112407473693956,5.999980716233754,18.28647306359874,-1.9283766246047662e-05,-0.0005636623558513385,0.800000049828064,0.8,0.06399995451645304,0.0009853381004506971,0.3748133283801335,True
23.25,16.152407477521642,5.999973515838346,18.326473067426427,-2.648416165396128e-05,-0.00046300371685195255,0.8000000410364668,0.8,0.06399996699884668,0.0008536074386536482,0.3748360171376315,True
23.3,16.192407480741096,5.9999683359879645,18.36647307064588,-3.1664012035470535e-05,-0.0003755136040079084,0.800000034529119,0.8,0.06399997650531232,0.0007346284956840987,0.37485681726334935,True
23.35,16.232407483437967,5.9999648377651305,18.406473073342752,-3.516223486954573e-05,-0.00029995724697999315,0.8000000297564793,0.8,0.06399998367026506,0.0006278266258711935,0.37487575608751017,True
23.400000000000002,16.27240748569789,5.999962724366506,18.446473075602675,-3.727563349364971e-05,-0.00023514803590793615,0.8000000262878053,0.8,0.06399998901305404,0.0005325295284473148,0.3748928888563977,True
23.450000000000003,16.312407487601156,5.999961737462206,18.48647307750594,-3.826253779415367e-05,-0.0001799587161026629,0.8000000237891036,0.8,0.0639999929534921,0.00044800035365659733,0.3749082917478831,True
23.5,16.352407489219754,5.999961653637516,18.52647307912454,-3.83463624835656e-05,-0.0001333291087567844,0.8000000220042138,0.8,0.063999995826799,0.00037346488743557636,0.3749220560033737,True
23.55,16.392407490616026,5.999962280963885,18.56647308052081,-3.771903611493599e-05,-9.427096186571485e-05,0.8000000207388478,0.8,0.06399999789743524,0.0003081335902817069,0.3749342830436908,True
23.6,16.432407491842433,5.9999634557336385,18.606473081747218,-3.654426636146013e-05,-6.1870458150316e-05,0.8000000198473242,0.8,0.06399999937154928,0.0002512191930579769,0.37494508044682673,True
23.650000000000002,16.472407492942033,5.9999650393825625,18.646473082846818,-3.4960617437462815e-05,-3.528883640252666e-05,0.8000000192216992,0.8,0.06400000040790195,0.00020195048247200828,0.37495455867598454,True
23.700000000000003,16.512407493949365,5.99996691561588,18.68647308385415,-3.3084384120307675e-05,-1.376151910744628e-05,0.8000000187829798,0.8,0.06400000112725295,0.0001595828425540127,0.3749628284565411,True
23.75,16.552407494891526,5.999968987746167,18.72647308479631,-3.1012253833395675e-05,3.4039178787053857e-06,0.8000000184741123,0.8,0.06400000162029296,0.00012340605588175932,0.3749679767832808,True
23.8,16.592407495789317,5.999971176246057,18.766473085694102,-2.8823753942752717e-05,1.6830648749475127e-05,0.8000000182544599,0.8,0.06400000195422338,9.274981016956108e-05,0.3749661775610833,True
23.85,16.632407496658328,5.999973416514104,18.806473086563113,-2.658348589612558e-05,2.7076134611242596e-05,0.8000000180955069,0.8,0.06400000217813526,6.698730185311495e-05,0.37496537494794513,True
23.900000000000002,16.67240749750996,5.999975656848624,18.846473087414743,-2.434315137556098e-05,3.463609398385518e-05,0.8000000179775622,0.8,0.06400000232734313,4.553727903869963e-05,0.374965370003692,True
23.950000000000003,16.7124074983523,5.999977856621717,18.886473088257084,-2.214337828299051e-05,3.994874207183647e-05,0.8000000178872604,0.8,0.06400000242682638,2.7864821069330536e-05,0.37496599194506874,True
24.0,16.752407499190895,5.999979984643675,18.92647308909568,-2.0015356325231437e-05,4.3399164384512135e-05,0.8000000178156963,0.8,0.06400000249392546,1.348111116007599e-05,0.3749670952095746,True
24.05,16.79240750002937,5.999982017706651,18.966473089934155,-1.7982293348595135e-05,4.532371663927052e-05,0.8000000177570508,0.8,0.06400000254042311,1.942421989054329e-06,0.3749685566912041,True
24.1,16.832407500869934,5.9999839392955945,19.00647309077472,-1.6060704405518322e-05,4.6014365555545155e-05,0.8000000177075955,0.8,0.06400000257412387,-7.1514988407065645e-06,0.3749702731613619,True
24.150000000000002,16.8724075017138,5.999985738453975,19.046473091618584,-1.426154602501839e-05,4.572290451061111e-05,0.8000000176649843,0.8,0.06400000260004945,-1.4159485598668624e-05,0.3749721588820015,True
24.200000000000003,16.91240750256147,5.999987408791727,19.086473092466257,-1.2591208273349253e-05,4.4664994439872684e-05,0.8000000176277582,0.8,0.06400000262130856,-1.9401321507900817e-05,0.37497414341306756,True
24.25,16.95240750341301,5.999988947622906,19.126473093317795,-1.1052377094422638e-05,4.302399416083307e-05,0.800000017595008,0.8,0.0640000026397369,-2.316030667930901e-05,0.37497616961233526,True
24.3,16.992407504268186,5.999990355220925,19.16647309417297,-9.644779074946541e-06,4.095455579077986e-05,0.8000000175661505,0.8,0.0640000026563449,-2.5685937367709446e-05,0.3749781918226883,True
24.35,17.032407505126617,5.999991634179676,19.206473095031402,-8.365820323597006e-06,3.858597039874419e-05,0.8000000175407836,0.8,0.06400000267163759,-2.7196624109023642e-05,0.3749801742395256,True
24.400000000000002,17.072407505987847,5.999992788869439,19.246473095892632,-7.211130561124435e-06,3.602525674211618e-05,0.8000000175185994,0.8,0.0640000026858229,-2.7882391148451724e-05,0.37498208944930245,True
24.450000000000003,17.112407506851408,5.999993824977134,19.286473096756193,-6.175022866372615e-06,3.335999212774047e-05,0.8000000174993319,0.8,0.0640000026989529,-2.7907512213363645e-05,0.3749839171290291,True
24.5,17.152407507716855,5.999994749121192,19.32647309762164,-5.250878808205073e-06,3.066088931802941e-05,0.8000000174827309,0.8,0.06400000271101185,-2.741304849811096e-05,0.37498564289582137,True
24.55,17.19240750858379,5.999995568532034,19.366473098488576,-4.431467965915203e-06,2.798412716678202e-05,0.80000001746855,0.8,0.06400000272196986,-2.6519263791959418e-05,0.3749872572952111,True
24.6,17.23240750945187,5.999996290789902,19.406473099356656,-3.709210098179483e-06,2.537344548738438e-05,0.8000000174565444,0.8,0.06400000273180577,-2.5327899294733627e-05,0.37498875491683115,True
24.650000000000002,17.272407510320807,5.999996923612505,19.446473100225592,-3.0763874949713e-06,2.286201668021441e-05,0.8000000174464723,0.8,0.06400000274052313,-2.3924296928200374e-05,0.3749901336262186,True
24.700000000000003,17.31240751119036,5.999997474685665,19.486473101095147,-2.5253143354220242e-06,2.047410800968571e-05,0.800000017438099,0.8,0.06400000274815223,-2.237936509888723e-05,0.3749913939017855,True
24.75,17.352407512060346,5.999997951530812,19.52647310196513,-2.048469188054014e-06,1.822654924181064e-05,0.8000000174312007,0.8,0.06400000275474604,-2.0751385039693822e-05,0.3749925382664504,True
24.8,17.392407512930617,5.9999983614038515,19.566473102835403,-1.6385961485454459e-06,1.613002073000817e-05,0.8000000174255685,0.8,0.06400000276037755,-1.9087659124310706e-05,0.37499357080395596,True
24.85,17.432407513801067,5.999998711220502,19.606473103705852,-1.2887794982319178e-06,1.419017705966539e-05,0.8000000174210106,0.8,0.0640000027651319,-1.7426005130748452e-05,0.37499449675050023,True
24.900000000000002,17.472407514671616,5.999999007503794,19.6464731045764,-9.924962061091946e-07,1.2408621106334798e-05,0.8000000174173546,0.8,0.06400000276910127,-1.5796102345658257e-05,0.3749953221529488,True
24.950000000000003,17.51240751554221,5.9999992563499385,19.686473105446996,-7.436500615298769e-07,1.078374289273478e-05,0.8000000174144476,0.8,0.06400000277237948,-1.4220696877729098e-05,0.3749960535855674,True
25.0,17.55240751641281,5.99999946340924,19.726473106317595,-5.36590760269462e-07,9.311436998547748e-06,0.8000000174121562,0.8,0.06400000277505907,-1.2716674456767635e-05,0.37499669791787016,True
25.05,17.59240751728339,5.999999633879181,19.766473107188176,-3.661208189953413e-07,7.985711532315337e-06,0.8000000174103659,0.8,0.06400000277722674,-1.1296009666775001e-05,0.3749972621268417,True
25.1,17.63240751815394,5.999999772507202,19.806473108058725,-2.2749279793288224e-07,6.799200854825747e-06,0.8000000174089791,0.8,0.06400000277896307,-9.96660088396265e-06,0.37499775314743755,True
25.150000000000002,17.67240751902445,5.99999988360104,19.846473108929235,-1.163989598040871e-07,5.7435933761537255e-06,0.8000000174079144,0.8,0.06400000278034071,-8.733000258185252e-06,0.3749981777558693,True
25.200000000000003,17.71240751989492,5.999999971044824,19.886473109799706,-2.8955176034628494e-08,4.809984862707289e-06,0.8000000174071042,0.8,0.06400000278142219,-7.597047972132099e-06,0.37499854248076575,True
25.25,17.75240752076535,6.000000038319403,19.926473110670134,3.83194027619993e-08,3.989166806571145e-06,0.8000000174064933,0.8,0.06400000278226343,-6.558419818314767e-06,0.37499877689905026,True
25.3,17.79240752163574,6.000000088525631,19.966473111540527,8.852563126993118e-08,3.2718585395783257e-06,0.8000000174060368,0.8,0.06400000278291193,-5.6150967112709145e-06,0.37499893973305154,True
25.35,17.832407522506102,6.000000124409552,20.006473112410887,1.24409551993665e-07,2.6488909340484745e-06,0.8000000174056989,0.8,0.06400000278340573,-4.763764337824366e-06,0.3749990888702791,True
25.400000000000002,17.872407523376438,6.000000148388621,20.046473113281223,1.483886213904384e-07,2.1113487314887154e-06,0.8000000174054512,0.8,0.06400000278377882,-4.000150706196736e-06,0.374999224541084,True
25.450000000000003,17.91240752424675,6.000000162578268,20.086473114151534,1.625782681813348e-07,1.6506777806857579e-06,0.8000000174052714,0.8,0.06400000278405765,-3.319308718314569e-06,0.37499934717060124,True
25.5,17.952407525117042,6.000000168818244,20.126473115021827,1.6881824382863897e-07,1.258762758086863e-06,0.8000000174051421,0.8,0.06400000278426334,-2.715850479385211e-06,0.37499945732931605,True
25.55,17.99240752598732,6.000000168698322,20.166473115892106,1.6869832197841106e-07,9.279802846602027e-07,0.8000000174050501,0.8,0.0640000027844143,-2.1841393873934737e-06,0.37499955569158727,True
25.6,18.03240752685759,6.000000163583027,20.206473116762375,1.6358302712404793e-07,6.512317462064021e-07,0.8000000174049854,0.8,0.0640000027845234,-1.7184455961545964e-06,0.3749996430011707,True
25.650000000000002,18.072407527727847,6.0000001546351465,20.246473117632632,1.5463514646540943e-07,4.2195957020705893e-07,0.8000000174049403,0.8,0.06400000278460093,-1.313069852704939e-06,0.3749997200428723,True
25.700000000000003,18.112407528598098,6.000000142837868,20.286473118502883,1.4283786775592944e-07,2.3415020800295575e-07,0.8000000174049091,0.8,0.06400000278465677,-9.624402777040616e-07,0.3749997876195239,True
25.75,18.152407529468345,6.000000129015424,20.32647311937313,1.2901542412180333e-07,8.232661558967186e-08,0.8000000174048879,0.8,0.06400000278469507,-6.611860734215533e-07,0.3749998465335715,True
25.8,18.19240753033859,6.000000113852203,20.366473120243374,1.138522032206879e-07,-3.8467380815310404e-08,0.8000000174048736,0.8,0.06400000278472119,-4.041918220680021e-07,0.3749998747229848,True
25.85,18.232407531208832,6.000000097910298,20.406473121113617,9.791029764727455e-08,-1.3268881229210676e-07,0.8000000174048639,0.8,0.06400000278473995,-1.8663552003114523e-07,0.3749998626811262,True
25.900000000000002,18.27240753207907,6.00000008164551,20.446473121983857,8.164550990841235e-08,-2.0432168975794242e-07,0.8000000174048576,0.8,0.06400000278475239,-4.01313153033811e-09,0.37499985767095084,True
25.950000000000003,18.31240753294931,6.000000065421859,20.486473122854097,6.542185904123698e-08,-2.5690610568335304e-07,0.8000000174048535,0.8,0.06400000278476049,1.4784786613429417e-07,0.3749998582770317,True
26.0,18.35240753381955,6.000000049524641,20.526473123724337,4.9524641276832426e-08,-2.935691493119956e-07,0.8000000174048508,0.8,0.06400000278476559,2.727838599380001e-07,0.37499986328532675,True
26.05,18.39240753468979,6.000000034172123,20.566473124594577,3.41721229091263e-08,-3.1705668667016236e-07,0.800000017404849,0.8,0.06400000278476925,3.7429754917824767e-07,0.3749998716620474,True
26.1,18.43240753556003,6.000000019525941,20.606473125464817,1.9525940864184577e-08,-3.2976524408687157e-07,0.8000000174048479,0.8,0.06400000278477133,4.555659314843213e-07,0.37499988253378846,True
26.150000000000002,18.47240753643027,6.0000000057003025,20.646473126335056,5.700302452282813e-09,-3.3377339505402316e-07,0.8000000174048473,0.8,0.06400000278477304,5.194524798826428e-07,0.37499989516900617,True
26.200000000000003,18.51240753730051,5.999999992770077,20.686473127205296,-7.229923326690368e-09,-3.3087218732641017e-07,0.8000000174048468,0.8,0.06400000278477379,5.685223838969103e-07,0.3749998945010439,True
26.25,18.55240753817075,5.9999999807778615,20.726473128075536,-1.922213854754773e-08,-3.2259426492007846e-07,0.8000000174048465,0.8,0.06400000278477408,6.050599521748719e-07,0.37499988496737124,True
26.3,18.59240753904099,5.999999969740126,20.766473128945776,-3.025987371785277e-08,-3.102414362728851e-07,0.8000000174048463,0.8,0.06400000278477516,6.310873590007438e-07,0.3749998775984257,True
26.35,18.63240753991123,5.999999959652508,20.806473129816016,-4.034749157000306e-08,-2.9491052171001734e-07,0.8000000174048463,0.8,0.06400000278477588,6.483841475172373e-07,0.3749998720640889,True
26.400000000000002,18.67240754078147,5.999999950494356,20.846473130686256,-4.950564402861346e-08,-2.775173802263701e-07,0.8000000174048464,0.8,0.06400000278477595,6.585069360886621e-07,0.3749998680716988,True
26.450000000000003,18.71240754165171,5.999999942232591,20.886473131556496,-5.776740863439045e-08,-2.5881906989699476e-07,0.8000000174048465,0.8,0.06400000278477569,6.628089525337015e-07,0.3749998653633318,True
26.5,18.752407542521954,5.999999934824973,20.92647313242674,-6.517502715297496e-08,-2.3943414043951153e-07,0.8000000174048465,0.8,0.06400000278477617,6.624590703921715e-07,0.37499986371303673,True
26.55,18.792407543392198,5.999999928222822,20.966473133296983,-7.17771779790155e-08,-2.198610898249975e-07,0.8000000174048466,0.8,0.06400000278477694,6.584601153237623e-07,0.3749998629240814,True
26.6,18.83240754426244,5.999999922373286,21.006473134167226,-7.762671394573317e-08,-2.0049504338211445e-07,0.8000000174048468,0.8,0.06400000278477687,6.516662497161773e-07,0.3749998628262607,True
26.650000000000002,18.872407545132685,5.999999917221191,21.04647313503747,-8.277880869655974e-08,-1.81642734013245e-07,0.800000017404847,0.8,0.06400000278477706,6.42799327369594e-07,0.37499986327330137,True
26.700000000000003,18.912407546002928,5.999999912710538,21.086473135907713,-8.728946188085729e-08,-1.635358764240217e-07,0.8000000174048473,0.8,0.06400000278477673,6.32464161435328e-07,0.3749998641403845,True
26.75,18.95240754687317,5.999999908785695,21.126473136777957,-9.121430544212217e-08,-1.4634303611948252e-07,0.8000000174048475,0.8,0.0640000027847767,6.211626235310087e-07,0.3749998653218142,True
26.8,18.992407547743415,5.999999905392325,21.1664731376482,-9.460767458335795e-08,-1.3018010053170176e-07,0.8000000174048477,0.8,0.0640000027847765,6.09306599969104e-07,0.3749998667288366,True
26.85,19.03240754861366,5.999999902478101,21.206473138518444,-9.752189900069652e-08,-1.1511946231604445e-07,0.8000000174048478,0.8,0.06400000278477713,5.972297936069257e-07,0.37499986828762155,True
26.900000000000002,19.072407549483902,5.999999899993213,21.246473139388687,-1.0000678685173625e-07,-1.0119802416561298e-07,0.800000017404848,0.8,0.06400000278477656,5.851984362148712e-07,0.37499986993740064,True
26.950000000000003,19.112407550354146,5.999999897890742,21.28647314025893,-1.0210925793785464e-07,-8.84241319513878e-08,0.8000000174048482,0.8,0.06400000278477637,5.73420896038132e-07,0.37499987162877535,True
