time_s,x_m,y_m,progress_m,lateral_error_m,heading_error_rad,speed_mps,target_speed_mps,drive,steer,clearance_m,reference_valid
0.0,0.0,0.15,0.0,0.15,0.08,0.0,0.8,0.35,-0.13696483373207954,0.20166512260332825,True
0.05,0.0,0.15,0.0,0.15,0.08,0.0,0.8,0.3499999972383383,-0.2800001161393619,0.20166512260332825,True
0.1,0.0,0.15,0.0,0.15,0.08,0.0,0.8,0.3499999560685147,-0.3999993956660115,0.20166512260332825,True
0.15000000000000002,0.0014558847563230898,0.15008588331262232,0.0014558847563230898,0.15008588331262232,0.07976841575479243,0.05831443590147568,0.8,0.34999998924220965,-0.47999989743687665,0.2016454904353171,True
0.2,0.005830631575231202,0.15021689342663483,0.005830631575231202,0.15021689342663483,0.07814123264953078,0.11651566559919203,0.8,0.35,-0.5999996841324708,0.20198020553970197,True
0.25,0.013130451555468495,0.15018436072866964,0.013130451555468495,0.15018436072866964,0.0736932248855913,0.17449135432717716,0.8,0.3499999979731888,-0.6799999918251992,0.20328782089102534,True
0.30000000000000004,0.02335306189853982,0.14973772175890623,0.02335306189853982,0.14973772175890623,0.06493751017887237,0.23213092642212335,0.8,0.34999997985682174,-0.7999995529793276,0.20625285204088734,True
0.35000000000000003,0.03648090316954602,0.1485617983126879,0.03648090316954602,0.1485617983126879,0.050288362745907755,0.28932636491235125,0.8,0.34999999438353624,-0.7907686137128712,0.21166687648658147,True
0.4,0.05246816808189572,0.14625183648139517,0.05246816808189572,0.14625183648139517,0.028015322553873453,0.3459730221993627,0.8,0.3499999988928664,-0.7263270295056466,0.22047775152163196,True
0.45,0.07121813954947397,0.1422858579601408,0.07121813954947397,0.1422858579601408,-0.0038163820000322417,0.4019703571317105,0.8,0.3499999704363062,-0.6447291286284198,0.2315815896344101,True
0.5,0.09254756351697688,0.13604375266289453,0.09254756351697688,0.13604375266289453,-0.047072367004690224,0.45722261854461366,0.8,0.35,-0.5396079877345686,0.22511937919227681,True
0.55,0.11623506520256532,0.12774488781538865,0.11623506520256532,0.12774488781538865,-0.09680408941784582,0.5116394316919178,0.8,0.3499999977330499,-0.41707506292575786,0.21913441297449207,True
0.6000000000000001,0.1421798438720395,0.11809586389934511,0.1421798438720395,0.11809586389934511,-0.1454972662294559,0.565136323033584,0.8,0.34999999838070645,-0.28382472932797126,0.21516451002951323,True
0.65,0.1703334515508163,0.10725100163956422,0.1703334515508163,0.10725100163956422,-0.19065698988498875,0.6176351752415422,0.8,0.35,-0.16472913502059552,0.21373131101630197,True
0.7000000000000001,0.2006874477042681,0.09535592173623492,0.2006874477042681,0.09535592173623492,-0.23053161970439345,0.6690645448156392,0.8,0.35,-0.0596079898583439,0.21508789762758226,True
0.75,0.23325017162011263,0.08252252222679002,0.23325017162011263,0.08252252222679002,-0.26419600362458234,0.7193599413237107,0.8,0.27210257693417256,0.035270871037441566,0.21925805633855355,True
0.8,0.26805967684714843,0.06893668670600694,0.26805967684714843,0.06893668670600694,-0.2907299346905984,0.768463991093199,0.8,0.15971595636198588,0.14039179861472403,0.22617342508808688,True
0.8500000000000001,0.30518492418985943,0.054868597296373244,0.30518492418985943,0.054868597296373244,-0.30920009124331577,0.8163265210295073,0.8,0.04726736418863537,0.23527087255785745,0.23568310475848614,True
0.9,0.34442052941098344,0.040793362597968966,0.34442052941098344,0.040793362597968966,-0.31858221280782906,0.8501024213804463,0.8,0.0,0.34039200555138266,0.24747011282623835,True
0.9500000000000001,0.3851446461595047,0.027412711595579356,0.3851446461595047,0.027412711595579356,-0.31803001131257064,0.8644714675779089,0.8,5.108401599954283e-10,0.406390566501078,0.26098492724989075,True
1.0,0.42659327983823075,0.01547880024068531,0.42659327983823075,0.01547880024068531,-0.3072032794047147,0.8599593865537883,0.8,1.5842088570626185e-10,0.43477250363295705,0.27556229505661717,True
1.05,0.46822105427083444,0.005618014679362635,0.46822105427083444,0.005618014679362635,-0.286164735725977,0.8478080451343921,0.8,0.0,0.43585136304046435,0.29062961563755413,True
1.1,0.509871952632508,-0.001701512011353319,0.509871952632508,-0.001701512011353319,-0.25497753090415176,0.8359953192822371,0.8,0.0,0.41541185189816543,0.30242943877506956,True
1.1500000000000001,0.5514729150604322,-0.006210384068480263,0.5514729150604322,-0.006210384068480263,-0.21464402166699853,0.824507249307263,0.8,0.010035821967947847,0.3688557547924725,0.30839719019924783,True
1.2000000000000002,0.5927727677566389,-0.008325948852052551,0.5927727677566389,-0.008325948852052551,-0.17048991010701597,0.8133306326122077,0.8,0.03357698056533732,0.3064210976395968,0.31809577311120873,True
1.25,0.6335496460831671,-0.008774247347219318,0.6335496460831671,-0.008774247347219318,-0.1279723715968567,0.8024529728923631,0.8,0.05776084435902015,0.2400708586491378,0.3293437770519327,True
1.3,0.6737625011694918,-0.008040186007305722,0.6737625011694918,-0.008040186007305722,-0.08950339238677844,0.7935130775078065,0.8,0.07811060550931087,0.17517361469651996,0.34091312811478847,True
1.35,0.713524971465979,-0.006626551708245668,0.713524971465979,-0.006626551708245668,-0.05694168641286836,0.7886789403545448,0.8,0.08964129770570398,0.11696822192259042,0.35167349737260567,True
1.4000000000000001,0.7530532967632241,-0.004901817735022907,0.7530532967632241,-0.004901817735022907,-0.03090124813320804,0.7879484806044623,0.8,0.09190980006688884,0.06803281053848202,0.36098164780345027,True
1.4500000000000002,0.7925626403753787,-0.0031155011004402214,0.7925626403753787,-0.0031155011004402214,-0.011223424405561871,0.7905843946616767,0.8,0.08638769794802265,0.029169894150377032,0.3685590845776826,True
1.5,0.8322111952225635,-0.0014405920723414949,0.8322111952225635,-0.0014405920723414949,0.0026183602018489092,0.7950483599729988,0.8,0.07640834134318064,0.0002422479423259603,0.372782184324172,True
1.55,0.8720727767395542,1.5069665294131568e-05,0.8720727767395542,1.5069665294131568e-05,0.011410189863635992,0.7997686786516305,0.8,0.06554634889514217,-0.019612398593763045,0.37160431441674996,True
1.6,0.9121414283683008,0.0011897909498431863,0.9121414283683008,0.0011897909498431863,0.01604754357855811,0.8034566752378727,0.8,0.05681161809399271,-0.03162167216042365,0.36906038805250985,True
1.6500000000000001,0.9523542991462431,0.002058540312973147,0.9523542991462431,0.002058540312973147,0.017454835627187144,0.8054061122481871,0.8,0.0519439612354218,-0.037200754547193425,0.3677766782140769,True
1.7000000000000002,0.9926235642286281,0.002626625165893302,0.9926235642286281,0.002626625165893302,0.016526415445001275,0.8055176825415922,0.8,0.051297226143452536,-0.03782659838891973,0.3674823226356914,True
1.75,1.0328662803856987,0.0029222926431106164,1.0328662803856987,0.0029222926431106164,0.014072651699540578,0.8041898694104175,0.8,0.05405693687751221,-0.03492182365556562,0.36791064502045107,True
1.8,1.073025464942736,0.002988946339897975,1.073025464942736,0.002988946339897975,0.010783119918964357,0.8020966634480242,0.8,0.05872688044657303,-0.029770042081687924,0.3688157962669115,True
1.85,1.1130790544285107,0.0028772519488905,1.1130790544285107,0.0028772519488905,0.007206203061238748,0.7999523182401297,0.8,0.06366731097410509,-0.023456057245969972,0.36998576983655823,True
1.9000000000000001,1.1530375251035712,0.0026384128737295827,1.1530375251035712,0.0026384128737295827,0.0037461056601274913,0.7983182801975282,0.8,0.06754933625021074,-0.016836138346782447,0.37124987342813864,True
1.9500000000000002,1.1929335580092006,0.0023194526141494635,1.1929335580092006,0.0023194526141494635,0.0006740879229532202,0.7974952214688806,0.8,0.0696225846378418,-0.010536722295853205,0.3724803716875523,True
2.0,1.2328083824258502,0.001960536278479633,1.2328083824258502,0.001960536278479633,-0.0018519752268543177,0.7975063147258128,0.8,0.06977385423369882,-0.004973717357094878,0.3724896417567688,True
2.0500000000000003,1.2726991235574927,0.0015939155224432059,1.2726991235574927,0.0015939155224432059,-0.0037648532388083328,0.7981555947069265,0.8,0.06840871909132637,-0.00038391348642799575,0.3722888115885692,True
2.1,1.3126301825519684,0.0012439121622613988,1.3126301825519684,0.0012439121622613988,-0.005065631660060476,0.7991288105536347,0.8,0.06622779417807022,0.0031391876507714856,0.37225320545463997,True
2.15,1.3526099135031955,0.0009274616721212349,1.3526099135031955,0.0009274616721212349,-0.005803579511059529,0.8001013231149546,0.8,0.06397895780514283,0.00561017558582678,0.3723509899790522,True
2.2,1.3926322075018729,0.0006549361500481849,1.3926322075018729,0.0006549361500481849,-0.006058767119040105,0.8008237284572965,0.8,0.06225469383410802,0.007119672129975026,0.3725479153090022,True
2.25,1.4326814275827255,0.000431121233911031,1.4326814275827255,0.000431121233911031,-0.005927490022666533,0.8011684282178869,0.8,0.06137605961532111,0.007806374298696027,0.3728106204780598,True
2.3000000000000003,1.4727386443886248,0.0002562934058052001,1.4727386443886248,0.0002562934058052001,-0.005510470299871603,0.8011341994241697,0.8,0.061373071332341766,0.007833501808148693,0.3731090030231869,True
2.35,1.5127872674548593,0.00012734801348700074,1.5127872674548593,0.00012734801348700074,-0.004903841307470394,0.800817297917346,0.8,0.06204425372682166,0.007369799693962391,0.37341771993123074,True
2.4000000000000004,1.5528167665115065,3.890723547582223e-05,1.5528167665115065,3.890723547582223e-05,-0.004192883562523162,0.8003642414487807,0.8,0.06306178995766953,0.0065751811352974445,0.3737169087606232,True
2.45,1.592823971526154,-1.5672839249375814e-05,1.592823971526154,-1.5672839249375814e-05,-0.0034483346426757685,0.7999226207422068,0.8,0.0640847667601946,0.005590914860693679,0.3739609169890836,True
2.5,1.6328121805259472,-4.34626982403033e-05,1.6328121805259472,-4.34626982403033e-05,-0.0027249135548824514,0.7996030058591652,0.8,0.06484961365230611,0.004533979709470288,0.3741477030493184,True
2.5500000000000003,1.6727888133102455,-5.13223721382968e-05,1.6727888133102455,-5.13223721382968e-05,-0.0020615648205052645,0.7994591469696477,0.8,0.06521982304968903,0.003494933138091054,0.3743366589378786,True
2.6,1.7127625505928399,-4.546731538489847e-05,1.7127625505928399,-4.546731538489847e-05,-0.0014828863656014234,0.7994873156352664,0.8,0.06519161137149414,0.002538470894600079,0.37451425302991403,True
2.6500000000000004,1.752740812010281,-3.121247924253108e-05,1.752740812010281,-3.121247924253108e-05,-0.0010012532953509218,0.7996405343058477,0.8,0.06486424191546271,0.0017058292905740764,0.37467147799847944,True
2.7,1.7927281416868641,-1.2858223346493174e-05,1.7927281416868641,-1.2858223346493174e-05,-0.0006192493818128083,0.799850609317215,0.8,0.06439077515265178,0.0010182742793951416,0.37480324868887105,True
2.75,1.8327257055780741,6.3188640500838855e-06,1.8327257055780741,6.3188640500838855e-06,-0.0003321281989595004,0.8000505175785902,0.8,0.06392639289071718,0.00048107627591007814,0.37489504595699374,True
2.8000000000000003,1.872731772368851,2.4001949742710254e-05,1.872731772368851,2.4001949742710254e-05,-0.00013011957979964652,0.8001913247155097,0.8,0.0635881093453416,8.753231714906224e-05,0.3749373535933599,True
2.85,1.9127428270322535,3.872204523680129e-05,1.9127428270322535,3.872204523680129e-05,-4.663168511991598e-07,0.800250557809892,0.8,0.06343357404912892,-0.0001772640066515341,0.374961139458672,True
2.9000000000000004,1.9527548849742764,4.9718267678517265e-05,1.9527548849742764,4.9718267678517265e-05,7.087498141347814e-05,0.8002318578877494,0.8,0.06345999538285019,-0.0003330975227010164,0.37492923217681323,True
2.95,1.9927646231303546,5.6786581422160805e-05,1.9927646231303546,5.6786581422160805e-05,9.789832061275542e-05,0.8001580148791169,0.8,0.06361881439291873,-0.0004018630849657249,0.3749141382164074,True
3.0,2.03277008004817,6.01303279548002e-05,2.03277008004817,6.01303279548002e-05,9.357753005192956e-05,0.8000606999130089,0.8,0.06383872624129282,-0.00040054690496188884,0.3749120776929574,True
3.0500000000000003,2.0727708449054774,6.0222850625324586e-05,2.0727708449054774,6.0222850625324586e-05,6.923480804599339e-05,0.7999702912704292,0.8,0.06404922327075761,-0.0002856870649123891,0.3749192147109926,True
3.1,2.1127678050317673,5.7689254600386776e-05,2.1127678050317673,5.7689254600386776e-05,3.420422008574556e-05,0.7999083816322727,0.8,0.06419851282843485,-0.00011122723084887842,0.3749321521651567,True
3.1500000000000004,2.1527626186773148,5.3244611720664365e-05,2.1527626186773148,5.3244611720664365e-05,-4.034700272450448e-06,0.7998842685849473,0.8,0.06426248399030675,-0.0001179829257686569,0.37494555708331584,True
3.2,2.192757111761521,4.807506895753284e-05,2.192757111761521,4.807506895753284e-05,-3.674409693389841e-05,0.7998954092300652,0.8,0.06424454333861394,0.00039807856262322904,0.3749410120186386,True
3.25,2.2327527710029145,4.367124397402972e-05,2.2327527710029145,4.367124397402972e-05,-5.568430690880663e-05,0.799930809559237,0.8,0.06416837388403682,5.92937318377672e-05,0.37493979071067896,True
3.3000000000000003,2.2727504410624095,3.97803911983006e-05,2.2727504410624095,3.97803911983006e-05,-6.664329733744445e-05,0.7999757993997657,0.8,0.06406709200763706,0.00011481834421979481,0.3749404268270902,True
3.35,2.3127502569794682,3.896998917076931e-05,2.3127502569794682,3.896998917076931e-05,-5.335987318450123e-05,0.8000166548096668,0.8,0.0639729867003585,-2.787868339390036e-05,0.37494518230645574,True
3.4000000000000004,2.3527517741669275,4.02448441037723e-05,2.3527517741669275,4.02448441037723e-05,-3.163751326305511e-05,0.8000439079881635,0.8,0.06390877662797759,-0.00019369868982115735,0.37495035887701694,True
3.45,2.392754217647761,4.021397971110412e-05,2.392754217647761,4.021397971110412e-05,-2.3398531013488032e-05,0.8000537867672775,0.8,0.06388495996768129,0.0013768239169080362,0.3749528366907967,True
3.5,2.432756759885458,3.994485273351461e-05,2.432756759885458,3.994485273351461e-05,-1.9309186438769748e-05,0.8000479286491747,0.8,0.06389965195628274,0.001343720589656217,0.37495432034219733,True
3.5500000000000003,2.472758747860069,3.761434797279669e-05,2.472758747860069,3.761434797279669e-05,-2.9905987146943837e-05,0.8000316644497145,0.8,0.06393924518131397,0.0013291290042748867,0.3749535036297439,True
3.6,2.5127598350555376,4.447253138922248e-05,2.5127598350555376,4.447253138922248e-05,2.6362631327514415e-05,0.8000119112637224,0.8,0.06398950699072634,0.0013106671680674586,0.37494769781054416,True
3.6500000000000004,2.552760006571684,6.52138031555419e-05,2.552760006571684,6.52138031555419e-05,0.00015581161784498514,0.7999950941798946,0.8,0.06403534291748997,0.0007405316253027546,0.3748885116638605,True
3.7,2.5927595089385957,9.07816294250458e-05,2.5927595089385957,9.07816294250458e-05,0.00028298819629391463,0.7999852312866341,0.8,0.0640659846078017,2.751756244592082e-05,0.3748251758825424,True
3.75,2.6327587287741734,0.00012119830899045861,2.6327587287741734,0.00012119830899045861,0.0004085905754489855,0.7999838941873648,0.8,0.06407762908415394,-0.0008653015544641213,0.37475746072761873,True
3.8000000000000003,2.6727580699122564,0.00015255562113473443,2.6727580699122564,0.00015255562113473443,0.000506176568883588,0.7999901306368471,0.8,0.06407144450865158,-0.0018961042459648806,0.37469712595774607,True
3.85,2.7127578473231395,0.00017857827981711402,2.7127578473231395,0.00017857827981711402,0.0005426861073304695,0.8000012424381556,0.8,0.06405203535815043,-0.007778396873327856,0.3746602623609798,True
3.9000000000000004,2.7527582263590147,0.0001945001682500254,2.7527582263590147,0.0001945001682500254,0.0005027579411046421,0.8000139769379455,0.8,0.06402320483792347,-0.0038135510890184594,0.37465619652737875,True
3.95,2.792759214617002,0.00019495076087679887,2.792759214617002,0.00019495076087679887,0.0003712626767383207,0.8000253591931014,0.8,0.06400950768756053,-0.010535659841327472,0.3746947928414134,True
4.0,2.8327606881448446,0.00014166091399193603,2.8327606881448446,0.00014166091399193603,-8.931211832404948e-05,0.8000332498172672,0.8,0.063985242804501,-0.005348640670878088,0.374831813885442,True
4.05,2.87276239419724,5.294787023825847e-05,2.87276239419724,5.294787023825847e-05,-0.0006411648896433726,0.8000361912153844,0.8,0.06400496324895891,-0.012671802306643935,0.37475665186385987,True
4.1000000000000005,2.912764112328629,-7.439979640566447e-05,2.912764112328629,-7.439979640566447e-05,-0.0013242749959395557,0.8000368025217178,0.8,0.06400676123131004,-0.012633724402037206,0.374532400251259,True
4.15,2.9527656354457137,-0.00024395984370295925,2.9527656354457137,-0.00024395984370295925,-0.0020804593754493446,0.8000334070423027,0.8,0.06402332242341852,-0.012798757073263322,0.3741384146868831,True
4.2,2.9927668985150726,-0.0004552544201186182,2.9927668985150726,-0.0004552544201186182,-0.0029383321657455125,0.8000333442188057,0.8,0.06403336358624216,-0.012664748397981818,0.3736726017942745,True
4.25,3.032767755388091,-0.0007559156948025749,3.032767755388091,-0.0007559156948025749,-0.0041430117020791035,0.8000335787518537,0.8,0.06404214949905908,-0.011599575311028107,0.3730146861323544,True
4.3,3.0727682964385887,-0.0011056198997813921,3.0727682964385887,-0.0011056198997813921,-0.005353737550552408,0.8000365308325084,0.8,0.06404725952301923,-0.010341080926498528,0.37230611904587574,True
4.3500000000000005,3.112768569861285,-0.0015040749061185858,3.112768569861285,-0.0015040749061185858,-0.00656594600884069,0.8000410566372692,0.8,0.06405053493547773,-0.008848558227603989,0.37154854760938516,True
4.4,3.1527686551358656,-0.0019426394675335261,3.1527686551358656,-0.0019426394675335261,-0.007721072842522485,0.800046908308719,0.8,0.06405332825068799,-0.007171894968264443,0.3707679505994532,True
4.45,3.1927686639434474,-0.0024106600945054952,3.1927686639434474,-0.0024106600945054952,-0.008765586255406767,0.800053446403522,0.8,0.06399921664226631,-0.0037483278249694136,0.3699907963143194,True
4.5,3.2327686906280553,-0.0029006336582854857,3.2327686906280553,-0.0029006336582854857,-0.009679142465959677,0.8000603511290578,0.8,0.0639729466482199,0.002509323233145174,0.3692305612323411,True
4.55,3.2727688449697987,-0.003404280964559217,3.2727688449697987,-0.003404280964559217,-0.010441834518252832,0.8000675335478792,0.8,0.06397629436012174,0.0038453461526076634,0.3685013649709634,True
4.6000000000000005,3.3127691365185594,-0.0039020888234266313,3.3127691365185594,-0.0039020888234266313,-0.010961731975276993,0.80006562754609,0.8,0.06399926028519898,0.005291379020306017,0.36784985187658914,True
4.65,3.3527697388614555,-0.004351541774425276,3.3527697388614555,-0.004351541774425276,-0.011020762816883906,0.8000594512378512,0.8,0.06404053551098464,0.006139288011974001,0.3673829489258235,True
4.7,3.3927706403344797,-0.004746847843643706,3.3927706403344797,-0.004746847843643706,-0.01071830848183869,0.8000539880442603,0.8,0.06408656498295634,0.006733013658612657,0.3670770555531437,True
4.75,3.432771693168897,-0.0051099594006820985,3.432771693168897,-0.0051099594006820985,-0.010283419805853735,0.800052445686266,0.8,0.06413229227481593,0.007408275482069814,0.366842527982829,True
4.800000000000001,3.472773159343851,-0.0054388880329049,3.472773159343851,-0.0054388880329049,-0.00973932937785531,0.8000577322022934,0.8,0.06417095687811634,0.00842855245254407,0.36667450523240863,True
4.8500000000000005,3.5127753460800344,-0.00573554363749303,3.5127753460800344,-0.00573554363749303,-0.009126604081833273,0.8000704497838179,0.8,0.0642015853648704,0.009872678772269682,0.36655909847516926,True
4.9,3.55277860132117,-0.005998537686627344,3.55277860132117,-0.005998537686627344,-0.008453454781029778,0.8000903531688591,0.8,0.06422439727395932,0.011931546222405748,0.3664952824253389,True
4.95,3.592783260686354,-0.006222449985192234,3.592783260686354,-0.006222449985192234,-0.0076995654389148205,0.800116091679665,0.8,0.06424259656853003,0.014595857359161305,0.3664945068623827,True
5.0,3.6327895963846393,-0.006398509810058595,3.6327895963846393,-0.006398509810058595,-0.0068283197141569725,0.8001461900781791,0.8,0.06425960668386585,0.017859148433682085,0.366576409105016,True
5.050000000000001,3.6727977982972693,-0.006514562477837782,3.6727977982972693,-0.006514562477837782,-0.005790252806153483,0.8001792480461313,0.8,0.06427774013266767,0.021765940073579616,0.3667678374815198,True
5.1000000000000005,3.712807964749842,-0.00655509311677598,3.712807964749842,-0.00655509311677598,-0.004527242704766246,0.8002144290462253,0.8,0.06429929163379032,0.026166105676619755,0.3671016013862292,True
5.15,3.752820092578013,-0.006502372121088622,3.752820092578013,-0.006502372121088622,-0.002981901552962346,0.8002514815816687,0.8,0.06432335722794676,0.03110088447294958,0.3676125601632807,True
5.2,3.792834063546813,-0.00633610914831733,3.792834063546813,-0.00633610914831733,-0.001095006535037494,0.800290541092209,0.8,0.064349061076062,0.03644546595659441,0.36833874891571733,True
5.25,3.8328496119176805,-0.00603434041257577,3.8328496119176805,-0.00603434041257577,0.0011876661037071988,0.8003321168417414,0.8,0.06432165765995078,0.04571804806485811,0.36861301099696175,True
5.300000000000001,3.872866276331196,-0.005573774134870418,3.872866276331196,-0.005573774134870418,0.003915192332452039,0.8003765560104615,0.8,0.06432986828775678,0.05180654953528198,0.3682643747575918,True
5.3500000000000005,3.9128833321749537,-0.004929699469699006,3.9128833321749537,-0.004929699469699006,0.0071327129999478635,0.8004240525837549,0.8,0.06434177194955433,0.05819170963712674,0.36795508244307146,True
5.4,3.9528992335835147,-0.0040521633564500874,3.9528992335835147,-0.0040521633564500874,0.011047193103579753,0.8004657918236258,0.8,0.06436601469808959,0.06428260916587913,0.3676745144796569,True
5.45,3.992911787826233,-0.002905581658498098,3.992911787826233,-0.002905581658498098,0.015694412779836613,0.8005077824381035,0.8,0.06439221753548242,0.06995661945095218,0.3674487634448367,True
5.5,4.032918856303947,-0.0014826370705599138,4.0329014074152845,-0.0016631509442228615,0.009969872092726317,0.8005506251164671,0.8,0.06441673462494354,0.07549965070443693,0.37038205844332905,True
5.550000000000001,4.0729177509794985,0.00024071398582539163,4.072909375598749,-0.0006453926507509737,0.0024722931965858556,0.8005963266791055,0.8,0.06443250784935407,0.08093311141754725,0.3736207190322774,True
5.6000000000000005,4.112905473075718,0.0022831859842810673,4.112938214626337,0.00015771366509925624,-0.004470026353533101,0.8006451341354511,0.8,0.06443868160815164,0.08624338818059984,0.3735159417479447,True
5.65,4.152878585457685,0.004663170012980788,4.152983972428064,0.000764332872752101,-0.010881592589189928,0.800696688373387,0.8,0.06443288496348881,0.09153421612019264,0.37101129840065294,True
5.7,4.19283308027617,0.007400295190277475,4.19304317998217,0.0011939725824156335,-0.016772396933072073,0.8007494789319913,0.8,0.06441712024978963,0.09677554027140275,0.36884244074995437,True
5.75,4.2327643669856885,0.010513755357425103,4.2331127997141795,0.001465815194795207,-0.0221522056919905,0.8008018944111422,0.8,0.0643939319828228,0.10195209223786186,0.3669861865523574,True
5.800000000000001,4.272667211876634,0.014022858141790552,4.273190193754821,0.0015992762587086781,-0.027026638022992225,0.8008519759259349,0.8,0.06436519890500217,0.10708460476921937,0.36542043907674226,True
5.8500000000000005,4.312535694285884,0.017947141359394993,4.31327310797279,0.001614132248925207,-0.03139792749921457,0.8008981455078359,0.8,0.06433454445516502,0.11209525291022518,0.3641238246865852,True
5.9,4.352363249400698,0.02230558570557178,4.353359645631954,0.0015297426106665737,-0.03527058832437843,0.8009392852482459,0.8,0.0643028465751258,0.11697366211957594,0.36307480727944325,True
5.95,4.392142656364465,0.027116873470641407,4.3934482608942265,0.0013653195256426137,-0.038649035577721036,0.8009746156901345,0.8,0.06427160978564621,0.12166235079084338,0.36225212205052815,True
6.0,4.4318660859806736,0.03239897101906714,4.433537735135139,0.001139519179167044,-0.04154051111518468,0.8010039738483938,0.8,0.0642414561797502,0.12609780646524524,0.3616343323873414,True
6.050000000000001,4.47152516861694,0.0381687251898649,4.473627142339431,0.000870045316031405,-0.043956641485526304,0.8010273454383375,0.8,0.06421220570547895,0.13023118470968414,0.36119977811392573,True
6.1000000000000005,4.511111030941643,0.044441863750005785,4.513715820595994,0.0005736577299035906,-0.04591238901624353,0.8010449640025258,0.8,0.0641841693654045,0.1340111718641412,0.3609268764573953,True
6.15,4.550614409436375,0.051232454027123155,4.553803320023956,0.00026563374990336633,-0.04742868299212122,0.8010571592520811,0.8,0.06415825237544041,0.137364293449334,0.36079389410128426,True
6.2,4.590025745351583,0.058552717872739225,4.593889359207223,-4.041534635664772e-05,-0.04853188546562012,0.8010642226073397,0.8,0.06413447943472526,0.1402256752650942,0.3606984524158864,True
6.25,4.629335287646453,0.06641290505033022,4.633973786695771,-0.0003326728768408419,-0.04925335138659498,0.8010664889629121,0.8,0.06411516414247997,0.1425463121451353,0.3601965831100086,True
6.300000000000001,4.668533257052579,0.07482093084489809,4.6740565389570685,-0.0006014901030155867,-0.04963047559847983,0.8010644332644761,0.8,0.06410371887602259,0.14422259803139145,0.3598182266333996,True
6.3500000000000005,4.707610037625512,0.08378203955142793,4.7141376009059615,-0.0008397421707158455,-0.04970742973470597,0.8010585220056161,0.8,0.06410032834188034,0.14530162855617995,0.3595576249561109,True
6.4,4.746556352163304,0.09329873532217732,4.754216988436554,-0.0010429235575809906,-0.049533939801225724,0.8010495898842275,0.8,0.06410392288655738,0.14584363137318015,0.3594048310132111,True
6.45,4.785363543334264,0.10337034356726947,4.794294728274863,-0.0012096330853248296,-0.049167176225520054,0.8010390108067272,0.8,0.06411215692292266,0.14593417458012894,0.3593446560668466,True
6.5,4.824023695130892,0.11399339157537425,4.8343708700162935,-0.0013412325171860136,-0.04866704286846782,0.801028152855001,0.8,0.06412237022093081,0.14567421326546526,0.35935836164165985,True
6.550000000000001,4.862529515306908,0.12516275751551642,4.874445517113523,-0.001440709984350034,-0.04808834069424206,0.8010181721478912,0.8,0.06413226248853549,0.14516215501563187,0.3594270594598984,True
6.6000000000000005,4.900874281016745,0.13687216999321797,4.914518814238414,-0.0015121924051516664,-0.04747877566945602,0.8010098085857968,0.8,0.0641402634298965,0.1444902429310733,0.35953277169278997,True
6.65,4.939051713424982,0.14911479153597812,4.954590932689399,-0.0015603596005438068,-0.04687713365293095,0.8010033450711965,0.8,0.06414570074286406,0.14373790348853446,0.3596595466387158,True
6.7,4.977055843000689,0.16188367057852515,4.994662051369614,-0.001589981938008029,-0.04631254004950558,0.8009986787451887,0.8,0.0641487163339195,0.14297092892651186,0.3597941394007116,True
6.75,5.014880887286837,0.17517205109140568,5.034732338683591,-0.0016055963959109788,-0.04580488337709937,0.8009954512069033,0.8,0.06414998318221281,0.1422374843451554,0.35992621735655084,True
6.800000000000001,5.052521142688498,0.18897358843785592,5.074801940882134,-0.0016112743502024024,-0.045365825311519836,0.8009932029310003,0.8,0.06415034689205376,0.1415730938795504,0.3600483032219156,True
6.8500000000000005,5.089970899925908,0.20328247232411698,5.114870977531316,-0.0016104831064932424,-0.04499996189369725,0.80099150983747,0.8,0.06415059381853332,0.14099796282214352,0.3601555793601806,True
6.9,5.127224387176287,0.2180934669718554,5.154939542819466,-0.0016060330345862976,-0.04470636414719765,0.8009900696985085,0.8,0.06415154890998684,0.14052445016643855,0.3602454947173562,True
6.95,5.164275735131469,0.23340189803769387,5.195007710780539,-0.0016000808231198366,-0.04448012861649753,0.8009887273182187,0.8,0.06415745516198221,0.14017820811330192,0.36031731143065115,True
7.0,5.201118959678906,0.24920360309772102,5.235075541941064,-0.0015941718544657507,-0.04431360669083673,0.8009874609146043,0.8,0.06416982375671325,0.13995833178576744,0.3603717048493398,True
7.050000000000001,5.2377479579290815,0.26549486253598,5.275143090746339,-0.0015893047142094222,-0.044197610253137336,0.8009863849516907,0.8,0.06418933732477408,0.13987581707902785,0.3604103477228072,True
7.1000000000000005,5.27415646152574,0.28227248651329834,5.3152104354657705,-0.001585835189526086,-0.04412111228656967,0.8009863086867058,0.8,0.06421580099790368,0.13995240466369563,0.3604360928692556,True
7.15,5.31033802796833,0.2995338025260126,5.355277706652811,-0.0015834873012524,-0.04407187897253673,0.800988268587085,0.8,0.06424733460485543,0.14016645401267283,0.36045277754842997,True
7.2,5.34628604440083,0.3172765815717638,5.395345098453671,-0.0015814253709185192,-0.04403720339243101,0.8009933860792837,0.8,0.06428123246213166,0.14054885876813827,0.36046493724351447,True
7.25,5.381993622031204,0.335499197023183,5.435412884368751,-0.0015780683498850983,-0.044002811971500244,0.801002720994717,0.8,0.0643153079921959,0.1410774495897507,0.3604783094440558,True
7.300000000000001,5.417453617735901,0.35420046092165963,5.475481407852199,-0.001571248433018774,-0.04395447064372998,0.8010169960233162,0.8,0.0643473198317425,0.1417415085352724,0.36049920719047474,True
7.3500000000000005,5.4526585722078,0.3733796336626496,5.515551071295811,-0.00155817472641388,-0.043877458935642544,0.8010364698284087,0.8,0.06437488166063524,0.14254711683619772,0.36053470870229676,True
7.4,5.487600640597197,0.3930364399389339,5.555622324653858,-0.0015353853305578999,-0.04375666022397578,0.8010610346423708,0.8,0.06439813018596188,0.14344671758807093,0.3605926794611999,True
7.45,5.522271690393438,0.41317076612685527,5.595695640583942,-0.0014990562374026955,-0.04357851432355586,0.8010902169088693,0.8,0.06441467444797767,0.14444140350019968,0.36068089535823206,True
7.5,5.556663204465438,0.43378276186095804,5.635771507908736,-0.001444859639866658,-0.04332974902325615,0.8011231630803413,0.8,0.06442509743839449,0.14549090203595272,0.3608075546954468,True
7.550000000000001,5.590766379802123,0.45487259264078006,5.675850417360969,-0.001368220462097321,-0.042999160315303264,0.8011590645714742,0.8,0.06442895637102387,0.1465615023448763,0.36098050410938176,True
7.6000000000000005,5.624572190511055,0.47644029294506435,5.715932851019973,-0.0012644663963019781,-0.04257761823382267,0.8011967408745844,0.8,0.06442447430439717,0.14763373490771875,0.3612070876303941,True
7.65,5.658071389332793,0.49848574707096777,5.756019278862851,-0.0011288359100934096,-0.042058076489723484,0.8012351384634655,0.8,0.06441312244330677,0.148665713703389,0.3614941364539439,True
7.7,5.691254695481212,0.5210083857289215,5.796110148178375,-0.0009568255164177536,-0.04143689710697263,0.801273158752014,0.8,0.06439198014597074,0.1496299797825116,0.361847235731808,True
7.75,5.724112806684695,0.5440071892382674,5.836205877170782,-0.0007441838129906119,-0.04071320932318134,0.8013094398713049,0.8,0.06436211428401685,0.1505039849720653,0.3622709167682706,True
7.800000000000001,5.756636504233985,0.5674805628847132,5.876306849303306,-0.0004870637866557431,-0.03988889044342048,0.8013428978064743,0.8,0.06432332621021325,0.15125710811872928,0.3627685092140474,True
7.8500000000000005,5.788816785428721,0.5914261849545672,5.916413400824532,-0.00018221352538048242,-0.03896949340045408,0.8013719967935593,0.8,0.06427473274636661,0.15186287964917658,0.36334167794525374,True
7.9,5.820644891871108,0.6158410268208081,5.956525814314359,0.00017303304220293245,-0.03796260203373425,0.8013954170191288,0.8,0.0642190986401742,0.1523202417296197,0.36364484374133355,True
7.95,5.852112419448589,0.6407212776279142,5.99664431796088,0.0005806388380157255,-0.03687875906417071,0.8014118408031842,0.8,0.06415553042468969,0.15257905753191367,0.36355384535329593,True
8.0,5.883211440419779,0.6660622551042751,6.036769075777334,0.001041726469525786,-0.03573106212738552,0.8014198399647842,0.8,0.06408719125562068,0.15264975826096044,0.3634281918443927,True
8.05,5.913934498701962,0.6918585190006353,6.0769001982108435,0.001556676935268288,-0.03453402883223411,0.8014184786704158,0.8,0.06401572651893252,0.15251002099085595,0.36326328508926764,True
8.1,5.944274784612968,0.718103744009471,6.117037740935617,0.002124925687295988,-0.033304558433829956,0.8014066988182814,0.8,0.06394265751110977,0.1521167603927083,0.3630547671391679,True
8.15,5.974226224848579,0.7447907249278347,6.157181710338276,0.002744912215279784,-0.032061668241527785,0.8013839904045521,0.8,0.06387131519367323,0.15150830573474244,0.3627986450520272,True
8.200000000000001,6.003783445873787,0.7719115524435356,6.197332084699709,0.003414238154962634,-0.030824720248379567,0.8013501274508871,0.8,0.0638026453782019,0.1505898920669315,0.36249165015331064,True
8.25,6.032942097475603,0.7994573416657553,6.237488808915278,0.004129247975265673,-0.029616358480421105,0.8013051400973624,0.8,0.06373950564936515,0.14939853581543758,0.3621307959150266,True
8.3,6.061698732804539,0.827418517021934,6.27765181677009,0.004885316882337926,-0.02845950333027758,0.8012496054582554,0.8,0.06368335499615362,0.1479000084513098,0.361713969627811,True
8.35,6.090051074141056,0.8557846354877989,6.317821030222701,0.005676533517400226,-0.027379660098167835,0.8011842409339066,0.8,0.06363571694830841,0.1460248073295107,0.36123957332002726,True
8.4,6.117998212713291,0.88454431154887,6.357996358642541,0.006495498774565333,-0.026405029671105473,0.8011102149205153,0.8,0.06359800499135616,0.14384396523584417,0.3607066927569996,True
8.450000000000001,6.14554039470027,0.9136855874303512,6.398177712756656,0.007333728364215037,-0.025563866521015277,0.8010289049118416,0.8,0.06357115882903748,0.1412123420834167,0.36011547244278896,True
8.5,6.172679614905058,0.9431954385422286,6.438364978249371,0.008180868926484086,-0.024889078357868136,0.8009419026107811,0.8,0.06355590893097886,0.13819917281412294,0.35946655260603344,True
8.55,6.199419312619907,0.9730602309856634,6.478558018365261,0.00902521910710273,-0.02441366436717929,0.8008509901999237,0.8,0.06356097877792481,0.135014512006895,0.35876189267671965,True
8.6,6.22576472259222,1.0032654918590933,6.518756644453964,0.009853298525852094,-0.02417393881624108,0.8007580574220411,0.8,0.06356977463673058,0.13105025043088553,0.35800426282817266,True
8.65,6.2517231364598524,1.0337957960113724,6.558960580993165,0.010649559678365523,-0.024209844295882244,0.8006650643569977,0.8,0.06359022694676304,0.12670644562866168,0.35719744943566645,True
8.700000000000001,6.277302122414473,1.0646365387848622,6.599169522997157,0.011398875098903381,-0.024547691264998006,0.800575354142549,0.8,0.06361921467514013,0.12175760639191865,0.3563488527163351,True
8.75,6.302512543048069,1.095771178292112,6.639382959610728,0.012082428125451551,-0.02523275856571061,0.8004894528518041,0.8,0.06365846589384466,0.11631832478989637,0.3554640289426349,True
8.8,6.327368603295695,1.1271813903328274,6.6796000754175235,0.012677760883129262,-0.026320356270321144,0.8004091770006032,0.8,0.06370749718819811,0.11037111625671953,0.3545492909151039,True
8.85,6.351885690025777,1.1588490900321322,6.7198197647892695,0.013161709729913325,-0.027856903689353674,0.800335782026578,0.8,0.06376630266890537,0.1038425893634454,0.35361435718837064,True
8.9,6.37608193080828,1.1907551253387112,6.760040487045092,0.013508352865900268,-0.02989397642317826,0.8002707745708689,0.8,0.06383347810379036,0.09689154845902163,0.35267030741214456,True
8.950000000000001,6.3999770822093485,1.222880263963998,6.800260211562522,0.013690479649042192,-0.032478304216347786,0.8002155421646443,0.8,0.06390775759010996,0.08933005694042286,0.35173108147092214,True
9.0,6.423593456547158,1.2552044531220097,6.840476270398694,0.013678392566623346,-0.03566057139299672,0.8001714349037375,0.8,0.06398687144589496,0.08131494551531562,0.3508121336974944,True
9.05,6.446955111136499,1.2877074706754512,6.880685259501212,0.013440939492791655,-0.03948696991304568,0.8001395364563527,0.8,0.06406880856577574,0.0728037248519298,0.3499319165040925,True
9.1,6.47008819887736,1.3203686110626744,6.920882878452973,0.012945043535902626,-0.04400476850716639,0.8001206938187426,0.8,0.06415081372271127,0.06374726079166952,0.3491107644878481,True
9.15,6.493021171105781,1.3531664906086607,6.96106375197791,0.012155431212019533,-0.04926236717097865,0.8001153584469233,0.8,0.06423137275763875,0.054322399748318734,0.3483712058245314,True
9.200000000000001,6.515783794365377,1.3860797009161026,7.001221305078669,0.011035826279191929,-0.05530212279836022,0.8001236391772492,0.8,0.06430742269730705,0.044353482605685966,0.34773891058501083,True
9.25,6.538408177607433,1.419085946374386,7.041347511943059,0.009547639387100515,-0.06217040554272568,0.8001451888447857,0.8,0.0643777373183665,0.03402800338079458,0.3472411373032255,True
9.3,6.560927632437175,1.452162755629855,7.081432769662088,0.007651344906539964,-0.06990696881129023,0.8001794203779327,0.8,0.06444039507352292,0.02332517709804936,0.34690850427026876,True
9.35,6.5833770049869536,1.4852870892623615,7.1214656779862215,0.005306033690478912,-0.07855078390159687,0.8002252583743155,0.8,0.06449286486655939,0.012237576105578608,0.3467738084092315,True
9.4,6.60579273227177,1.5184351427969294,7.161398768706356,0.0026005359217012693,-0.07492443790299685,0.800281454022122,0.8,0.06453494476603545,0.0009586674091707441,0.35051841029732844,True
9.450000000000001,6.628211680907957,1.551582976227218,7.2013303383839755,0.00028844334353732645,-0.05888238752269259,0.8003464753048722,0.8,0.06456442689601409,-0.010605862538541275,0.35745022476510185,True
9.5,6.650672021796128,1.5847057028603282,7.241316965620097,-0.0015397314662997739,-0.04385982131017019,0.8004184142101255,0.8,0.06458355724882069,-0.022241360428194835,0.36055828861115724,True
9.55,6.673211963305889,1.6177781570951837,7.281345909999514,-0.002928752729497181,-0.02988839425588041,0.8004953796984656,0.8,0.06459199818242156,-0.03391453725936523,0.363251543857542,True
9.600000000000001,6.69586976070177,1.6507746708022386,7.321406400130415,-0.003923945280345103,-0.016994503786728066,0.8005751673679983,0.8,0.06458876719154932,-0.045588111176618575,0.3660469804371823,True
9.65,6.718683505105665,1.683669014615544,7.361489516608053,-0.0045709992768720505,-0.00519835087070708,0.8006560002190771,0.8,0.06457583531357784,-0.057071822395708335,0.36888678639242733,True
9.700000000000001,6.741689961827632,1.716435006301608,7.401588057585897,-0.004914625511432841,0.005491960119665573,0.8007360925081013,0.8,0.06455058951446024,-0.06839190842355719,0.3684561556293974,True
9.75,6.764925200665994,1.749045888906153,7.441696341483572,-0.004999396968466298,0.015072101905981738,0.8008135439410913,0.8,0.06451508250528706,-0.0793823375911869,0.36553855599395096,True
9.8,6.788423508372773,1.7814749222293316,7.4818100288594085,-0.00486850096773025,0.02354879281951794,0.8008868284547186,0.8,0.06446967649561258,-0.08996309235372593,0.36317281146259467,True
9.850000000000001,6.812217238841441,1.81369535372591,7.521925916721974,-0.004563628206936692,0.030936866496271035,0.8009540304702603,0.8,0.0644153009311459,-0.10006540229892652,0.36130940137268164,True
9.9,6.836336738369567,1.8456803656196554,7.56204175065401,-0.004124948568810372,0.03725810581094957,0.8010136225043499,0.8,0.06435545572307061,-0.10955476573465664,0.35989870435705507,True
9.950000000000001,6.8608093799381304,1.8774037176808434,7.602156018405128,-0.003589967754690472,0.04254625988564065,0.80106417693192,0.8,0.06429192581513077,-0.11834578198572414,0.35889072448331605,True
10.0,6.885659743468776,1.9088396212763565,7.642267788795483,-0.0029937700768375985,0.04684228533441148,0.8011044566478445,0.8,0.06422822725309306,-0.12635818556078754,0.3582362707036574,True
10.05,6.910909080648086,1.9399631967292157,7.682376551411631,-0.00236834394739816,0.05019732035045266,0.8011338327874825,0.8,0.0641681415012307,-0.13345274409044186,0.35788676478383696,True
10.100000000000001,6.936574903908561,1.9707509208396903,7.722482076064585,-0.0017420140755566053,0.052673076675012975,0.8011519866474442,0.8,0.06411498857413073,-0.13955255862477958,0.3577946782528332,True
10.15,6.96267103332955,2.001180790882775,7.762584320639451,-0.0011394071404901604,0.05433965726320633,0.8011591862006799,0.8,0.06407086624362016,-0.14458188578021028,0.3579141604451722,True
10.200000000000001,6.98920714667465,2.0312329472442356,7.802683336451251,-0.000580738834000922,0.05527789516528869,0.8011563142754564,0.8,0.0640442291127844,-0.14830968518843096,0.3582010152836363,True
10.25,7.016188577358037,2.0608901859263002,7.842779205972661,-8.13547544949692e-05,0.05557929015173413,0.8011447764510948,0.8,0.06403555486154483,-0.1507914311052078,0.3586131096943614,True
10.3,7.0436165365870735,2.090138170795699,7.882872022928959,0.00034822181774530714,0.05534308594179205,0.8011262862634002,0.8,0.06404258647698684,-0.1521436010344104,0.3584146507347624,True
10.350000000000001,7.071487295357373,2.118966622358692,7.922961832223072,0.0007036797096918064,0.05468333948711491,0.801103902537127,0.8,0.06405993653295425,-0.15252968040204648,0.3582503065439715,True
10.4,7.099792639659143,2.1473694957374647,7.963048662633737,0.000986704338387085,0.05372303115859456,0.8010806820470127,0.8,0.06408176896623356,-0.15215285246626506,0.35824557132124757,True
10.450000000000001,7.1285217995208265,2.1753436836034026,8.003132628017955,0.0012026970786222502,0.0525768558248334,0.8010592298288212,0.8,0.06410287849770957,-0.15121622646597108,0.3583619006199178,True
10.5,7.157662413175419,2.202888350907522,8.043213931830245,0.001359639119926441,0.05134604568082746,0.8010411962584366,0.8,0.06411987703624918,-0.14991055129001538,0.3585620250498084,True
10.55,7.187201449495718,2.2300041465404434,8.083292849586314,0.0014669027910138729,0.050114364142409,0.8010272284267316,0.8,0.064131351603,-0.1484058176996899,0.3588122930764461,True
10.600000000000001,7.217125940309695,2.2566924638464365,8.123369696340454,0.001534231153275366,0.04894568705663005,0.8010171003144145,0.8,0.0641376376851248,-0.1468421936262128,0.35908440350531656,True
10.65,7.247423440232744,2.282954882743408,8.163444787165345,0.0015710343304563739,0.04788495742789933,0.8010100346519773,0.8,0.06414023086195751,-0.1453267188107921,0.35935585091745104,True
10.700000000000001,7.278082335382863,2.3087927220827753,8.203518408780866,0.0015858654341674543,0.04695967550182023,0.8010050422711799,0.8,0.06414103476808758,-0.14393815686192732,0.35961003676772985,True
10.75,7.309092006091261,2.334206726917586,8.243590804919405,0.0015860903351836023,0.046182295924186545,0.8010012152414271,0.8,0.06414173847142637,-0.14272360811161963,0.35983591948512905,True
10.8,7.3404428577025715,2.359196899801395,8.283662173902677,0.0015777489269926054,0.04555333927023131,0.8009979155187928,0.8,0.06414336987607822,-0.14170894186957075,0.360027259706317,True
10.850000000000001,7.372126279461483,2.38376242396386,8.323732676367822,0.0015655297803079749,0.04506442386220044,0.8009948349442458,0.8,0.06414913314222202,-0.1409175418661201,0.36018176962605575,True
10.9,7.404134539726259,2.4079016739703496,8.363802446431178,0.0015528500974924275,0.04470098366431974,0.8009919512641819,0.8,0.06416173098716485,-0.14035498565436338,0.3603002440054849,True
10.950000000000001,7.436460643465275,2.4316122869584262,8.40387160162286,0.0015420041076656065,0.044444881171844856,0.8009894118618711,0.8,0.06418115631605095,-0.14000767168278433,0.36038565045704574,True
11.0,7.469098272556849,2.454891161871046,8.443940267400702,0.0015342022591473732,0.04427584501381687,0.8009878871982182,0.8,0.06420749993409289,-0.1398961355641187,0.3604426696502467,True
11.05,7.502041729277046,2.4777344738546283,8.4840086098511,0.0015296200855937276,0.04417208266458339,0.8009884745626807,0.8,0.06423886764002075,-0.13998673263043912,0.3604774656998536,True
11.100000000000001,7.5352857742750885,2.5001378181227762,8.524076848384116,0.0015276130053794787,0.04411211913782098,0.800992241168338,0.8,0.06427276327041063,-0.1402812486084162,0.3604969338424593,True
11.15,7.568825637596197,2.5220961205670513,8.564145270354283,0.0015266394515733236,0.04407425179841751,0.8010002410442143,0.8,0.06430670284471525,-0.1407691335346826,0.3605089344211393,True
11.200000000000001,7.602656913678745,2.543603691585927,8.604214229732197,0.0015243659970732488,0.044037398035600146,0.8010131889238981,0.8,0.06433908655483947,-0.1414086962631138,0.3605219399354822,True
11.25,7.6367754044236635,2.5646543524586836,8.644284130867325,0.001517858888621684,0.04398200315890344,0.8010313701826001,0.8,0.06436714743513441,-0.14221045290553838,0.3605445787514243,True
11.3,7.671177142635563,2.585241306927721,8.684355422951718,0.0015034609636659412,0.043888990197063944,0.8010546541501478,0.8,0.06439103162386872,-0.14312254534218685,0.36058606421080847,True
11.350000000000001,7.705858166762847,2.6053573941646904,8.724428577903174,0.0014771211179288193,0.04374174171098344,0.8010826504825543,0.8,0.06440923071880682,-0.1441274439150413,0.3606552886745012,True
11.4,7.74081450102195,2.6249950529302355,8.764504081459094,0.0014343677125215437,0.04352520724953546,0.8011145240508757,0.8,0.06442107952777795,-0.1452002700478719,0.3607611109604386,True
11.450000000000001,7.776042074724312,2.6441463965698793,8.804582425205314,0.0013704066306363155,0.04322639692008623,0.8011494857540395,0.8,0.06442741413449186,-0.14629281569859504,0.3609121156020505,True
11.5,7.811536542026062,2.662803485035667,8.844664093178409,0.0012804382533233574,0.04283549886225979,0.8011865192009174,0.8,0.06442555550555222,-0.14738890341451027,0.36111597129200074,True
11.55,7.847293311436888,2.680958264302775,8.884749560781584,0.001159580924368976,0.04234487941228038,0.8012245253785981,0.8,0.0644167686024343,-0.1484492742962329,0.3613797993017636,True
11.600000000000001,7.883307397426579,2.698602840969545,8.924839286260678,0.0010031735796370788,0.04175044692290303,0.8012625717355122,0.8,0.06439915287280142,-0.1494429768964832,0.3617094736571096,True
11.65,7.919573380906744,2.715729581364863,8.964933701554896,0.0008068721647967909,0.04105117754812665,0.8012993097010804,0.8,0.0643720147189425,-0.15034607148270399,0.36210966235404574,True
11.700000000000001,7.95608540231278,2.732331166332316,9.005033206500176,0.0005666920171758671,0.04024880714633011,0.8013336342874857,0.8,0.0643365881670223,-0.15113634474684481,0.36258387372135703,True
11.75,7.992837079555594,2.7484008145269705,9.045138158087642,0.0002792351024451068,0.039348370138993005,0.8013641570732164,0.8,0.06429079154071396,-0.15177896214578823,0.36313407031881123,True
11.8,8.029821521636432,2.763932326163281,9.085248859507416,-5.828538646072222e-05,0.03835764446444384,0.8013894121747369,0.8,0.06423732429619095,-0.1522743706410234,0.36364423311265487,True
11.850000000000001,8.067031349089593,2.7789201474449183,9.12536556098014,-0.0004480031571084789,0.03728667038698663,0.8014081753093818,0.8,0.06417615354444259,-0.1525869386152181,0.3635673050348203,True
11.9,8.104458663065937,2.793359546632916,9.165488449668015,-0.0008912325796766618,0.036148160277873154,0.8014189121265523,0.8,0.06410892331964446,-0.1527013578083868,0.36345676096959023,True
11.950000000000001,8.142095112424146,2.807246606406767,9.205617653089591,-0.0013885080163483071,0.03495664007660204,0.8014205726851896,0.8,0.06403855639951521,-0.15262838094324443,0.3633078493273322,True
12.0,8.179931932628172,2.8205782985782646,9.245753246739284,-0.0019395336026694823,0.03372824413629777,0.8014121293171159,0.8,0.06396559976410514,-0.15229968205237582,0.3631161699627863,True
12.05,8.21795993036643,2.833352698413312,9.285895251628691,-0.002542980645306193,0.03248153227006234,0.801392851818189,0.8,0.06389364833835146,-0.15175532647242787,0.36287763535192613,True
12.100000000000001,8.25616964813495,2.8455687895051107,9.32604365779886,-0.003196728295910306,0.031235414685650165,0.8013625098982159,0.8,0.06382401828393512,-0.15093356565558513,0.3625888352128489,True
12.15,8.294551305649513,2.8572268269929864,9.366198422119421,-0.0038974997719598424,0.030011528641668225,0.8013209692666348,0.8,0.06375891559073889,-0.14981584330776154,0.3622467032182043,True
12.200000000000001,8.333094901877033,2.868328320434124,9.406359481021962,-0.004640907271484557,0.028832809499994116,0.8012686903560915,0.8,0.06370052817095344,-0.14843177042169112,0.3618488893352175,True
12.25,8.371790321004426,2.878875993804953,9.446526764269244,-0.005421515756143113,0.02772327901479371,0.8012063378709277,0.8,0.0636499798203066,-0.14666359106351312,0.3613937582462095,True
12.3,8.410627258971788,2.8888742938945335,9.486700184576804,-0.006232326295533655,0.02671074946265084,0.801134921739313,0.8,0.06360902446740073,-0.14458643856133963,0.3608801132673307,True
12.350000000000001,8.449595477005719,2.898328912663632,9.526879656602619,-0.007065294082573035,0.02582251240003314,0.8010557850414297,0.8,0.06357854298938964,-0.14210507210467271,0.36030794484074424,True
12.4,8.488684704151913,2.9072474094963985,9.567065076613815,-0.00791068868564508,0.025090002148030532,0.8009704202299078,0.8,0.06355953976525515,-0.13919996130353873,0.3596777046717839,True
12.450000000000001,8.527884758669634,2.9156391654911746,9.607256315120525,-0.008757153376162046,0.024546643017330977,0.8008805688372065,0.8,0.06356071523142853,-0.13618079758051208,0.35899088245872446,True
12.5,8.56718569291583,2.9235151886980475,9.647453206104226,-0.009591911078525882,0.024226868760897968,0.8007880713460471,0.8,0.06356554690635194,-0.13236293768354926,0.35825009478517933,True
12.55,8.606577690025162,2.9308888979042624,9.687655502626825,-0.010399958355275568,0.024170263630412442,0.8006948849142937,0.8,0.06358231239901778,-0.1281565226974958,0.35745868310653134,True
12.600000000000001,8.646051771495303,2.9377735199910453,9.727862942136902,-0.011166737323787493,0.02440261281477646,0.8006043460364397,0.8,0.06360761638709812,-0.12339666143575184,0.3566236220782869,True
12.65,8.685598946200612,2.944185856216891,9.768075078636194,-0.011874253270767451,0.024967323885052822,0.800516986028059,0.8,0.06364369609618856,-0.11808575574079444,0.3557501803500967,True
12.700000000000001,8.725210231756975,2.9501469294154736,9.808291173199729,-0.012500426550924142,0.025921100466265334,0.800434683599749,0.8,0.06368965227595351,-0.11233511824633655,0.3548438603115498,True
12.75,8.764877519368142,2.9556782353749638,9.848510233038741,-0.013022915831473995,0.02730841042748797,0.800358709630606,0.8,0.06374592734445599,-0.10596939063453918,0.3539141007462351,True
12.8,8.804593082760743,2.960804418619462,9.888730855429433,-0.013416378360465393,0.029181420127235402,0.8002906695298688,0.8,0.06381095066189625,-0.09916827433694608,0.35297118829254104,True
12.850000000000001,8.844349940790972,2.9655515558260164,9.928951182735748,-0.013654205797071474,0.031586530351206614,0.8002319786049056,0.8,0.06388359022083459,-0.09180592306311025,0.35202850618374804,True
12.9,8.884141714213522,2.969948072463299,9.969168769123751,-0.013707582919408939,0.034572806730951644,0.800184087726375,0.8,0.06396155809490196,-0.08391453880833454,0.35110103639913226,True
12.950000000000001,8.923962670680213,2.974024554902008,10.009380459216718,-0.013545671170599502,0.038188885853572496,0.8001481513182854,0.8,0.06404294020773646,-0.07560042150813084,0.3502061247596626,True
13.0,8.963807785701917,2.977813154699486,10.049582266615507,-0.013136203725664418,0.042480377925343565,0.8001251072945114,0.8,0.06412503635034557,-0.0666943185139141,0.3493636877725925,True
13.05,9.003672565415581,2.9813486808662892,10.089769172189254,-0.012444384762631405,0.047497132606013175,0.8001154926398373,0.8,0.06420610032672648,-0.05740250998007546,0.348595242397147,True
13.100000000000001,9.043553181173483,2.984667060024218,10.129935013103939,-0.011434446361545884,0.05328173217755357,0.80011951543156,0.8,0.0642836646563719,-0.04760590136097021,0.3479257576404349,True
13.15,9.083446261078265,2.9878064051397457,10.170072254002532,-0.010068587232384418,0.05987933473406953,0.8001369341879594,0.8,0.06435560274400749,-0.037368632500688066,0.3473819050383389,True
13.200000000000001,9.123348848941065,2.9908066122106387,10.21017180782112,-0.008307403744564146,0.06733304188303191,0.8001672265828242,0.8,0.06442112335988831,-0.02681751828517581,0.34699304189429736,True
13.25,9.163258353385638,2.993708700401022,10.250222882242975,-0.0061105865370541515,0.07568093767987705,0.8002094781962765,0.8,0.06447685335415627,-0.01582362370893275,0.34679143005753654,True
13.3,9.203172323660137,2.9965558325758637,10.290196710449635,-0.0034523705449169303,0.08028356357332575,0.800262448886252,0.8,0.06452271759095023,-0.0046143933579519,0.34813164160903926,True
13.350000000000001,9.243088459877681,2.9993916069425763,10.330107565927976,-0.0009754572897542631,0.06392286242966848,0.8003248009745512,0.8,0.06455617516787497,0.006871437229857845,0.3553076755148431,True
13.4,9.283004367840647,3.0022609892994434,10.370078016186978,0.0010031025811047276,0.04856850766129962,0.8003946771830324,0.8,0.06457832594759255,0.01851203809987326,0.3597251233700127,True
13.450000000000001,9.322917434276231,3.0052097873217725,10.410094647391333,0.0025281120439402784,0.034256187430508844,0.8004702567205084,0.8,0.0645907225716797,0.030155349688940077,0.3623731257579471,True
13.5,9.3628247174636,3.008283772169952,10.450146073960836,0.0036446216150766327,0.02101317589450627,0.8005493488079032,0.8,0.06459097641908464,0.04185757122401618,0.3651425204991482,True
13.55,9.402722725872144,3.0115292741775503,10.490222789643967,0.004398481101443426,0.008863419985462057,0.8006300012079017,0.8,0.06458138398856153,0.053403183881475295,0.36797402761141207,True
13.600000000000001,9.442607394713567,3.01499147608524,10.530317066776608,0.004834593755781751,-0.0021825723787176343,0.8007105684283351,0.8,0.06456004255697291,0.06478632956521223,0.3695174804886566,True
13.65,9.482473875321409,3.018715092921878,10.570422754210435,0.0049975759589231785,-0.012119214747662447,0.8007890554738705,0.8,0.06452741771587006,0.07590380779089848,0.3664122849690978,True
13.700000000000001,9.522316432760592,3.022743868405318,10.610535104670483,0.004931242505566523,-0.0209488085385309,0.8008638975943528,0.8,0.06448538129818437,0.08661388893877153,0.3638748437068504,True
13.75,9.562128407278808,3.0271196494736845,10.650650571083787,0.004677679059262519,-0.02868445462760441,0.8009332583573444,0.8,0.06443343286670714,0.0968870312591195,0.3618556274881809,True
13.8,9.601902076829404,3.031882844894832,10.69076661701926,0.0042777141868623305,-0.03534472667144695,0.8009954263165591,0.8,0.06437514864461064,0.10658388255109855,0.360305157476024,True
13.850000000000001,9.641628721724611,3.0370711832002693,10.730881511388104,0.0037696899484852392,-0.04096011215376652,0.8010490430030021,0.8,0.06431245114203339,0.11560852368004071,0.3591734016132785,True
13.9,9.681298618705883,3.0427196927504205,10.770994152442658,0.003189463675365443,-0.04556950844789248,0.8010927034844365,0.8,0.0642484781622745,0.12387779081555869,0.35841083975016,True
13.950000000000001,9.720901103324465,3.0488604234031875,10.81110391361954,0.002570150793401486,-0.04922011024147017,0.8011256280425756,0.8,0.06418674779522725,0.13128883402601485,0.3579687613460763,True
14.0,9.760424767238273,3.0555215589172096,10.85121048623267,0.00194124966576733,-0.05197065232598428,0.8011473737224439,0.8,0.06413127913462663,0.13771256394950826,0.3577991852753233,True
14.05,9.799857613465141,3.062727353468773,10.891313776321006,0.0013285878224346848,-0.05388869352878964,0.8011580253171368,0.8,0.06408335820201688,0.14310477015491624,0.35785567098066234,True
14.100000000000001,9.839187306397507,3.0704977297210374,10.931413816502438,0.0007539158615665601,-0.05505103160978856,0.8011582439913006,0.8,0.06405076710486961,0.14725595990154985,0.35809355068009086,True
14.15,9.878401531347512,3.0788475893288867,10.97151068576784,0.00023419382714122736,-0.0555458656581847,0.8011493344764261,0.8,0.06403644760143393,0.15012537991603223,0.35846995035235696,True
14.200000000000001,9.917488300513508,3.0877867728601927,11.011604475354494,-0.00021848330184120817,-0.05547002776239492,0.8011327786188916,0.8,0.06403894859643988,0.15182318350596602,0.35850762411156223,True
14.25,9.956436454476744,3.0973192687564772,11.05169524657519,-0.0005977462016526754,-0.05493284638073801,0.8011112990603335,0.8,0.06405362298253298,0.15249829332671372,0.3582839562967077,True
14.3,9.995236189432983,3.1074427242928855,11.091783024044588,-0.0009035367686273032,-0.05405590981370878,0.8010880304941393,0.8,0.06407464297113644,0.1523440459690172,0.358232258698426,True
14.350000000000001,10.033879039605864,3.118150361420381,11.131867889272652,-0.00114024682451513,-0.052957663155358235,0.8010657863610625,0.8,0.06409644096507343,0.1515649087879876,0.3583139191220248,True
14.4,10.072357742828483,3.129432575413491,11.171950018512788,-0.001315151534261116,-0.051744180832610565,0.8010465417022586,0.8,0.0641150060946031,0.15035840933950573,0.35849098764979515,True
14.450000000000001,10.110666067716679,3.14127806690358,11.2120296674909,-0.001437291389462181,-0.05050502416994502,0.8010312610793608,0.8,0.06412827771760272,0.1489010643187567,0.35872848096638027,True
14.5,10.14879854978719,3.1536749198154466,11.252107142661622,-0.0015163837358170193,-0.049310491565730474,0.8010199679919698,0.8,0.06413609764919277,0.14734313577293046,0.35899627407677714,True
14.55,10.186750225791513,3.166611389009492,11.292182762757843,-0.0015620107881142492,-0.04821149505713396,0.8010120256929044,0.8,0.0641396712136496,0.14580306516909503,0.3592699651500092,True
14.600000000000001,10.224516391390797,3.1800764489872013,11.332256826042634,-0.0015830393169797312,-0.04724085737279321,0.8010064753189557,0.8,0.06414084770930872,0.14436706754545553,0.3595310993398752,True
14.65,10.262092399322755,3.1940601403995097,11.372329590609166,-0.0015872410853618626,-0.04641554857767671,0.8010023572565839,0.8,0.06414142588759392,0.14309290832831145,0.3597669163695555,True
14.700000000000001,10.299473506573975,3.208553747542582,11.412401268954188,-0.0015810852121604458,-0.045739593030088566,0.8009989354050985,0.8,0.06414268703724935,0.142013180888335,0.3599697260334046,True
14.75,10.336654776584584,3.223549823770868,11.452472032639129,-0.001569688890069605,-0.0452071113192451,0.8009957971960716,0.8,0.06414655326602468,0.1411466531957533,0.3601360802666357,True
14.8,10.373631023594157,3.2390421222573766,11.492542022804903,-0.0015568686343864382,-0.044805253954536044,0.8009928367560729,0.8,0.06415695480394815,0.14051269090286542,0.36026587130740617,True
14.850000000000001,10.410396788791191,3.255025466444454,11.532611361496347,-0.0015452567680035393,-0.04451685023823371,0.8009901617236196,0.8,0.06417410881206025,0.14009457936152928,0.3603614441499044,True
14.9,10.446946329589426,3.271495624956191,11.572680167636502,-0.0015364167028412263,-0.04432222807422709,0.8009881930138806,0.8,0.06419839484432549,0.1399093658795898,0.3604269497088334,True
14.950000000000001,10.483273586048501,3.288449298248857,11.612748591180864,-0.0015308455431951573,-0.044199903467944786,0.8009879868235937,0.8,0.0642283843507898,0.13993957841389218,0.360468139139706,True
15.0,10.519372210878597,3.3058839445880746,11.652816833442584,-0.0015281488284049599,-0.044128255667307326,0.8009906072372945,0.8,0.06426179536760293,0.1401646376574695,0.3604916990984549,True
15.05,10.555235541347184,3.323797732413054,11.692885159028183,-0.0015270749770434449,-0.044085636108838526,0.8009971527262824,0.8,0.06429589781171026,0.1405962080056589,0.360505183746949,True
15.100000000000001,10.590856546057713,3.3421895359712437,11.73295390305754,-0.0015254983038695583,-0.044050523162843414,0.8010084578778832,0.8,0.06432907660955615,0.14118671047552292,0.360516985483212,True
15.15,10.626227894206421,3.3610586500466693,11.773023453783033,-0.0015207056676966478,-0.044003101313620514,0.8010249599917756,0.8,0.06435863694756405,0.1419390052169538,0.3605355878657921,True
15.200000000000001,10.661341854442385,3.380404880783223,11.813094247284194,-0.0015092678187202902,-0.04392412812379737,0.8010466358460461,0.8,0.06438376769685773,0.1428219034930037,0.3605700242352781,True
15.25,10.696190332862916,3.4002283517286367,11.853166750745512,-0.0014872250175062551,-0.04379594244390761,0.8010731972039977,0.8,0.06440416904747745,0.14379572942308985,0.3606293990172256,True
15.3,10.730764917013435,3.4205293286310403,11.893241445655246,-0.0014502562488255305,-0.043603251122631304,0.8011039202199342,0.8,0.06441786421454339,0.1448530722162395,0.3607224902411541,True
15.350000000000001,10.765056823282192,3.4413082514364866,11.933318823354027,-0.0013936184349589518,-0.043331984450605925,0.8011379667101435,0.8,0.0644262731609307,0.14594142686990605,0.3608581447056991,True
15.4,10.79905706530603,3.4625653888260857,11.97339937060605,-0.0013125215050031427,-0.04297155916993145,0.8011744712596134,0.8,0.06442704131533308,0.1470397882198704,0.36104424477437314,True
15.450000000000001,10.832756440798343,3.4843008474189174,12.013483566161042,-0.0012021046583766586,-0.04251361593312053,0.8012122661459761,0.8,0.06442025499614437,0.14811616322739252,0.3612881005756365,True
15.5,10.866145618478752,3.5065144252946214,12.053571875538733,-0.0010575972829666843,-0.041952760472127155,0.8012504479425221,0.8,0.0644059334934417,0.1491339358454253,0.3615960735294488,True
15.55,10.899215276870496,3.5292054028790303,12.093664739837445,-0.0008745601792095164,-0.0412871644710695,0.801287749795471,0.8,0.06438155809887346,0.15006907053728066,0.3619731596917094,True
15.600000000000001,10.931956111834811,3.5523725609676533,12.133762569258439,-0.0006488647823708556,-0.04051746192068528,0.8013229524379453,0.8,0.06434909797072368,0.15089932493192773,0.36242333131229165,True
15.65,10.964358984377677,3.57601400287714,12.17386573588166,-0.00037691366876346376,-0.0396477444676424,0.8013548719179503,0.8,0.06430646489035385,0.15159060871466876,0.36294902462929396,True
15.700000000000001,10.996414994896044,3.6001270953853513,12.213974560878299,-5.5722027974248405e-05,-0.03868500460350366,0.8013819412722313,0.8,0.06425513571977065,0.1521324494089411,0.36355121854123906,True
15.75,11.028115527309625,3.6247084772640457,12.254089312282755,0.0003170724241488741,-0.037638443635981116,0.8014029587019071,0.8,0.0641966425686758,0.15251044010285222,0.3635954793236972,True
15.8,11.059452383183805,3.649753948816478,12.29421019820054,0.0007430489150691767,-0.036520018798113396,0.801416410671539,0.8,0.06413089040349051,0.15268517015255492,0.3634962640681877,True
15.850000000000001,11.09041784839717,3.6752584691832006,12.334337362572565,0.001222968189890181,-0.035343875252491275,0.8014210664394457,0.8,0.06406156435220442,0.15267983599414325,0.3633601524256786,True
15.9,11.121004709399894,3.701216246459354,12.374470898694604,0.0017568388472385715,-0.03412538857627356,0.8014159796849284,0.8,0.06398908310948617,0.1524318819195398,0.3631826646045463,True
15.950000000000001,11.151206458796478,3.727620571673798,12.414610844197657,0.0023436626905886794,-0.03288250081033873,0.8014002134027123,0.8,0.0639164709299051,0.1519517769044039,0.3629595670108843,True
16.0,11.181017267905807,3.754463980695677,12.454757197944513,0.002981578595374291,-0.031633952748535976,0.8013734613328855,0.8,0.06384604238346023,0.15123442568509435,0.3626872433174737,True
16.05,11.210432140773728,3.78173818556909,12.494909927576408,0.003667709521487954,-0.03040033404805742,0.8013354941238798,0.8,0.06377911780265508,0.15020277498459286,0.36236253874483004,True
16.1,11.239447116888378,3.8094339638234986,12.53506897159169,0.004397942689051658,-0.029204867910770597,0.8012865858040275,0.8,0.06371848121218489,0.14891835180702415,0.36198274849169143,True
16.150000000000002,11.268059105521724,3.8375414909068515,12.575234264308282,0.005167281740196105,-0.028070380178255472,0.8012273837878456,0.8,0.06366518684773934,0.14727030252769907,0.3615461535489367,True
16.2,11.29626634564173,3.866049943422992,12.615405723422487,0.005969234815215109,-0.027023640013673855,0.8011587355149518,0.8,0.06362105826363276,0.14528318539455087,0.361051360477395,True
16.25,11.324068292813832,3.894947773148185,12.65558326244647,0.006796080630288311,-0.02609218526992363,0.8010819238958331,0.8,0.06358711387243465,0.1429544965990912,0.3604979673328703,True
16.3,11.351465792327813,3.9242226517591234,12.695766785967521,0.007638694750560785,-0.02530582422954275,0.8009983713567195,0.8,0.06356438055163632,0.1401705277433369,0.35988629950842466,True
16.35,11.378461459329921,3.953861220324666,12.735956170279376,0.00848608842247706,-0.02469858825949034,0.8009097626953928,0.8,0.0635617786555022,0.13728981073711702,0.35921730096861704,True
16.400000000000002,11.405059250098924,3.9838496583404592,12.776151267274592,0.009326095283209372,-0.024303127909829025,0.8008179057682023,0.8,0.06356261854618657,0.13363627485120666,0.3584934995615036,True
16.45,11.431265174753742,4.014173099169809,12.816351859373476,0.010144432811455413,-0.024157795188457287,0.8007247296593979,0.8,0.06357574115732616,0.1295450912916288,0.3577178730392263,True
16.5,11.457085722115098,4.044817259923606,12.856557718213088,0.010926943676615881,-0.02428891318331694,0.8006335796892561,0.8,0.06359725368343468,0.12498100769171122,0.35689682852996923,True
16.55,11.482530158220142,4.075766306056027,12.89676845661328,0.011656437174669946,-0.024738081592869388,0.8005449682683192,0.8,0.0636299592903722,0.119817304163127,0.3560353482933286,True
16.6,11.507611675704352,4.1070020176901005,12.93698340619158,0.012311258321047722,-0.02556298273106261,0.8004608483394505,0.8,0.06367279032179182,0.1142315840485688,0.3551382020620315,True
16.650000000000002,11.532344098167473,4.138506874301198,12.977201675246302,0.012869777479289662,-0.02680678666902769,0.8003824812362836,0.8,0.06372632371092336,0.10805138322640445,0.35421447043571863,True
16.7,11.55674404627319,4.170262182582455,13.017421995220674,0.013307507355388158,-0.028520161174824588,0.8003115561457679,0.8,0.06378912539122793,0.10137362993520387,0.35327398707297086,True
16.75,11.580830109091108,4.2022488726010385,13.057642664270732,0.01359823145840898,-0.030750967528943903,0.8002495422480411,0.8,0.0638598866401516,0.09422605616581972,0.3523292672357189,True
16.8,11.604622853297641,4.234447508488528,13.097861443660896,0.013713988600940807,-0.033546703875216966,0.8001979649902203,0.8,0.06393660440198462,0.08648055249034957,0.35139483874606775,True
16.85,11.628145422120408,4.26683782995151,13.138075413604518,0.013624308461549595,-0.036957970217154745,0.8001580738719837,0.8,0.06401717124976847,0.07833195293590402,0.3504870315081271,True
16.900000000000002,11.651422394751208,4.299399634994621,13.178280880866907,0.013297648090813057,-0.04102929736449501,0.8001308703199612,0.8,0.06409921088577071,0.06960309037235834,0.3496252671562079,True
16.95,11.674480837362493,4.332111918233669,13.21847317886456,0.01270003618372309,-0.04580929772773001,0.80011700001514,0.8,0.06418049552162813,0.06041853500801575,0.3488304931490863,True
17.0,11.69734957730917,4.364953371595748,13.258646528878652,0.011795963997030428,-0.05134328010317002,0.8001167450763411,0.8,0.0642593709666924,0.050812644462497156,0.34812650272491075,True
17.05,11.720059159096547,4.3979023204552625,13.298793863339428,0.010548402411200967,-0.0576750858744992,0.8001299893920183,0.8,0.06433300511767773,0.04068887790331587,0.3475394354907639,True
17.1,11.742642354853114,4.430936249759205,13.338906594795791,0.008918142137892127,-0.0648504745980204,0.8001562535075639,0.8,0.06440089813431177,0.030261933207947855,0.34709752130389926,True
17.150000000000002,11.765132841780503,4.464032628774743,13.378974509893418,0.006865388802088139,-0.07290734808999999,0.8001947985076331,0.8,0.06445987515366772,0.019391625136921088,0.3468323772871631,True
17.2,11.787566183869373,4.4971680530799345,13.418985495089451,0.004348522931409183,-0.0818858608798001,0.8002444391082767,0.8,0.0645089699243567,0.00823156342563817,0.34677739295053656,True
17.25,11.809978909239348,4.530318733244574,13.45889124650855,0.0017129228622239354,-0.06906619204539166,0.8003039389698248,0.8,0.0645466701276259,-0.003150945493861778,0.35308873743738506,True
17.3,11.832408332399696,4.563460424636996,13.49884415460508,-0.00042061596465825263,-0.0533838473567938,0.8003715720953798,0.8,0.06457225625391791,-0.014771857180067531,0.3589099833896954,True
17.35,11.85489288927529,4.596567992489191,13.538847312598975,-0.002086286550778456,-0.0387339188260819,0.8004454989604859,0.8,0.06458819932108316,-0.026402296004868965,0.3615063739984553,True
17.400000000000002,11.87747069326966,4.629616194010597,13.578888708044037,-0.003328911066157598,-0.02514484267685779,0.800523679705113,0.8,0.06459224348395189,-0.03810569961086142,0.3642433719552409,True
17.45,11.900180111913196,4.662579066130958,13.618958242359442,-0.004194145068383025,-0.01264213926744473,0.8006040098122479,0.8,0.06458552131794747,-0.04972252668404253,0.367061228431084,True
17.5,11.923058725220868,4.695430445403445,13.659047636541727,-0.004727274735541062,-0.0012407237976229668,0.8006848465520259,0.8,0.06456831706331996,-0.06115067457136563,0.3699043266033172,True
17.55,11.946143048826618,4.728143967083178,13.699150252935379,-0.004972950524144938,0.009052717181944225,0.8007642194490591,0.8,0.0645389365901832,-0.07237702810433173,0.3673435511415413,True
17.6,11.969468735721344,4.7606927425960475,13.739260914345971,-0.004975511097170674,0.018236378457662017,0.8008403962001879,0.8,0.06450013111020667,-0.08321887769205957,0.3646293694707009,True
17.650000000000002,11.993069289575912,4.793050103925005,13.779375710992301,-0.00477748931610071,0.02632119881257511,0.8009117369003332,0.8,0.06445099151519611,-0.0936466109507694,0.36244931510548317,True
17.7,12.016976443863122,4.825189213722003,13.819491802043949,-0.004420145890927375,0.03332392070977319,0.80097636625773,0.8,0.06439430834122915,-0.10354261639156281,0.3607538801454268,True
17.75,12.041219510076596,4.857083440971796,13.85960722100721,-0.003942730417723388,0.03927069352742729,0.801032910895219,0.8,0.06433282913224261,-0.11279096019894527,0.35949324555454354,True
17.8,12.065824850942487,4.888706711422322,13.899720680628601,-0.003381867970797304,0.044198284465269966,0.8010798841533163,0.8,0.06426887579563388,-0.12131111259666247,0.3586175881444018,True
17.85,12.090815972586796,4.9200334613531345,13.939831420267229,-0.002771685630034723,0.04815055776097721,0.8011162975253493,0.8,0.06420601398087561,-0.12901818197754863,0.3580780008215127,True
17.900000000000002,12.116212776222087,4.951039284118086,13.979939042023688,-0.00214285510589954,0.05118279658261149,0.8011416404577362,0.8,0.06414815563763389,-0.13574953596045625,0.3578261846989744,True
17.95,12.14203144660349,4.981701179083165,14.020043392200433,-0.001522382925128397,0.05336005633831631,0.8011557977466656,0.8,0.06409774669587705,-0.14148908707844035,0.35781511365392427,True
18.0,12.168284410629518,5.011997804088365,14.060144475005698,-0.0009334505829062473,0.05475549197539886,0.8011592436557211,0.8,0.0640592208840651,-0.14606877415125857,0.35799963172718474,True
18.05,12.194979745265691,5.041910242733242,14.100242354959391,-0.00039449799713005805,0.055454532015517866,0.8011530833231242,0.8,0.06403916755784078,-0.14933827942677916,0.35833609720290793,True
18.1,12.222121294538448,5.071422281822959,14.140337120281437,8.084386335208412e-05,0.05555153865727481,0.8011387950237782,0.8,0.06403654043599281,-0.15140049453538207,0.35862165740494345,True
18.150000000000002,12.249708634081893,5.100520861849194,14.180428856748488,0.00048406010044625084,0.055149778853294085,0.8011185472453191,0.8,0.06404793714639895,-0.15238526920136267,0.35833480280178365,True
18.2,12.27773626511329,5.1291972994340265,14.220517593289909,0.0008131603901736173,0.05436830136157966,0.8010955350159532,0.8,0.06406751530945944,-0.1524746132570855,0.35823210698124536,True
18.25,12.306194865952468,5.157446737635519,14.26060338121455,0.001071391884646348,0.053328632021660494,0.801072697095065,0.8,0.0640896083029346,-0.15187342222338576,0.358275215001157,True
18.3,12.33507299688708,5.185266957321699,14.300686367959763,0.0012652007018548713,0.052141104852915565,0.8010523352485395,0.8,0.06410953246454312,-0.15078284498767422,0.35842578704582645,True
18.35,12.364357954805651,5.212657748204101,14.340766785428048,0.0014032015530668625,0.05090114646624533,0.8010357297529747,0.8,0.06412460490803412,-0.1493874619610216,0.3586475831767142,True
18.400000000000002,12.394036657412704,5.2396201056538585,14.38084492737438,0.0014950059141826517,0.04968548548014118,0.8010231952184881,0.8,0.06413411858571265,-0.14784633075580766,0.35890873434685777,True
18.45,12.424096273057785,5.266155554891654,14.420921112689507,0.0015503178375700188,0.04855109052598228,0.8010142676905372,0.8,0.06413888677546532,-0.1462892452703195,0.3591829692249294,True
18.5,12.454524627596667,5.2922656262915,14.460995648996784,0.001578289358849693,0.047536452022937103,0.8010080542115141,0.8,0.06414065859390126,-0.1448105674676316,0.35944990656873,True
18.55,12.485310450249125,5.317951463642235,14.501068808567696,0.001587078574348925,0.04666332927962602,0.8010035690708601,0.8,0.06414125022184444,-0.14348061963902825,0.3596950086204034,True
18.6,12.516443489648724,5.343213560290893,14.5411408186722,0.001583585529021554,0.04593964848295273,0.8009999862822614,0.8,0.06414222218030902,-0.1423358384122425,0.3599090175681095,True
18.650000000000002,12.547914509867807,5.368051632397945,14.5812118630076,0.0015733667591950945,0.045362219976249,0.8009967892839813,0.8,0.06414448495189655,-0.141396051068888,0.36008726005885383,True
18.7,12.579715229546766,5.39246456931004,14.62128209148495,0.0015606424758330877,0.04492021144568481,0.8009937738156748,0.8,0.06415021502783938,-0.14067325697566407,0.36022863389109505,True
18.75,12.611838203574456,5.416450465175949,14.661351631622445,0.001548400435954559,0.04459746918184093,0.8009909976440279,0.8,0.06415966540240564,-0.14015651974052296,0.36033482929043215,True
18.8,12.64427666978506,5.4400067099808345,14.701420597987898,0.0015385657892707325,0.044375192908440164,0.8009886667530564,0.8,0.0641724856805921,-0.13983490723534336,0.3604093790526258,True
18.85,12.677024468156404,5.463130016805946,14.74148911125098,0.0015320745418461042,0.04423299153253967,0.8009873396486744,0.8,0.06418788368425973,-0.13970124552849658,0.3604572754108115,True
18.900000000000002,12.710075911528687,5.485816521474706,14.781557311902146,0.0015290327990379428,0.044150541596926995,0.8009876017301482,0.8,0.0642044943562498,-0.13972143638686524,0.36048432557447374,True
18.95,12.743425649110986,5.5080618963502985,14.821625363097121,0.0015288901769035389,0.044108393569396775,0.800989965347238,0.8,0.06422067142941588,-0.13989432536130283,0.36049674155315964,True
19.0,12.77706862705131,5.529861341679912,14.861693455642435,0.0015304556961008404,0.04408826642027708,0.8009947990681647,0.8,0.06423547416108068,-0.14018943598377012,0.3605010370750735,True
19.05,12.810999944230007,5.551209724155201,14.901761800301637,0.001532092649428445,0.044073510319848075,0.8010022372506608,0.8,0.06424810341828757,-0.1405861647833333,0.36050369714490793,True
19.1,12.84521479365772,5.5721016064624544,14.941830621730986,0.001531773505085908,0.044049474251740994,0.8010121399637451,0.8,0.06425787427258355,-0.14107600636321113,0.3605110157326995,True
19.150000000000002,12.879708425608083,5.592531252938953,14.981900154764919,0.0015271015170145404,0.044002916240607814,0.801024216245326,0.8,0.06426534597190406,-0.14162652234741857,0.36052924591230984,True
19.200000000000003,12.914476010544455,5.612492803843025,15.021970634752277,0.0015155270826395421,0.04392312187189528,0.8010380513705894,0.8,0.06426985178357754,-0.14223064373456545,0.3605640580169276,True
19.25,12.949512660471651,5.631980221851058,15.062042299933912,0.0014942863410077301,0.0438006671449247,0.8010531288953054,0.8,0.06427209216072399,-0.14286346513391113,0.36062096166168267,True
19.3,12.984813352147622,5.650987405238034,15.10211539012215,0.0014605328308595943,0.04362822794532728,0.8010690379553097,0.8,0.06427198776078138,-0.14350689266420566,0.3607049387271777,True
19.35,13.020372881769125,5.669508265385854,15.142190146415338,0.0014114222893221679,0.043400332358670024,0.8010852688592066,0.8,0.0642689178532015,-0.1441481304505858,0.3608204309895117,True
19.400000000000002,13.05618586277773,5.687536739882913,15.182266813933081,0.0013441202956608847,0.04311311684962171,0.8011014405422016,0.8,0.0642635439002325,-0.14476363064156264,0.3609714036783997,True
19.450000000000003,13.092246658162773,5.705066932967527,15.22234563993403,0.0012559532923403615,0.042764738966493014,0.8011171689316898,0.8,0.06425444213226421,-0.14533959468313923,0.3611610742452383,True
19.5,13.12854939013531,5.7220931193958275,15.262426872372924,0.0011444029505392115,0.04235485428677399,0.801131977990107,0.8,0.06424198932166533,-0.14586163173978015,0.36139207018268715,True
19.55,13.165087906818165,5.7386098390649485,15.302510756663963,0.0010072012586090319,0.04188499965290987,0.8011455130097946,0.8,0.06422581681756258,-0.14631244045862912,0.36166622188475,True
19.6,13.201855756979946,5.754611983781571,15.342597528959939,0.000842415322925954,0.041358285881342216,0.8011571944772924,0.8,0.06420541518018562,-0.1466759409290357,0.3619845667828756,True
19.650000000000002,13.23884620462232,5.770094811148959,15.38268741127034,0.0006484496627810169,0.04077943457293143,0.8011665201167186,0.8,0.06418167224658462,-0.14695000901936126,0.3623473355559099,True
19.700000000000003,13.276052215815966,5.785054030484119,15.422780607283622,0.0004241262050744539,0.040154590033285587,0.8011729402618065,0.8,0.06415396512287613,-0.1471058708397436,0.36275392607327633,True
19.75,13.313466449876499,5.799485885033019,15.462877294343903,0.00016875980268481043,0.039491402338050485,0.801175835950428,0.8,0.06412338483414869,-0.14714808441525484,0.36320280266367855,True
19.8,13.351081306284737,5.813387128678103,15.502977624878802,-0.00011788409481667632,0.03879871072134211,0.8011747505474943,0.8,0.06409040190367322,-0.14706032605170108,0.3634558616085557,True
19.85,13.388888909439533,5.8267551465256355,15.543081720607272,-0.00043547390823852955,0.03808650027260418,0.8011691370099435,0.8,0.06405538374383632,-0.14682350608715272,0.3633462204524724,True
19.900000000000002,13.42688113358975,5.839587998220627,15.583189670517259,-0.0007830817875818663,0.03736617367360207,0.801158642139935,0.8,0.06401954160125142,-0.14645501667030894,0.3632090012360208,True
19.950000000000003,13.465049666018764,5.851884375200917,15.623301536063122,-0.0011592457801709393,0.03664958867867418,0.8011429994258896,0.8,0.06398306428885653,-0.14590870078158236,0.3630422031028696,True
20.0,13.503385975086704,5.863643802643706,15.66341734290879,-0.0015617680258145116,0.03595031709534058,0.801122009797589,0.8,0.06394701468856631,-0.14520573194750652,0.3628440554534369,True
20.05,13.541881413753876,5.874866496206903,15.703537088414732,-0.0019878817177747,0.0352820120040116,0.8010956786237482,0.8,0.06391196608394296,-0.14432823852623028,0.36261332781301225,True
20.1,13.58052720678791,5.885553532031118,15.743660735304784,-0.002434082314009871,0.034659651725756524,0.8010640421715208,0.8,0.06387861439526371,-0.14324631149059078,0.362349135198915,True
20.150000000000002,13.619314479131164,5.895706923291127,15.783788207444509,-0.0028960586911535675,0.034099531951945816,0.8010273105401179,0.8,0.0638475236659588,-0.14199981331365183,0.36205100947762253,True
20.200000000000003,13.658234363597543,5.905329442899207,15.823919394825197,-0.003368888205373591,0.033617656614498836,0.8009857825587261,0.8,0.06381944236974858,-0.14051717203567363,0.3617191758470888,True
20.25,13.697277940163476,5.914424989595714,15.864054136434408,-0.0038466614158558887,0.03323231943006533,0.8009398636167058,0.8,0.06379476039869068,-0.1388386060629152,0.3613541741682974,True
20.3,13.7364363745858,5.922998299432803,15.904192224280218,-0.004322789067456885,0.032961252601579394,0.8008900411675413,0.8,0.06377397077461605,-0.13694095630536218,0.3609573880496706,True
20.35,13.775700905159635,5.931055166189006,15.94433338824474,-0.004789776603680263,0.03282381211469085,0.8008369128998041,0.8,0.06376079179849335,-0.1349276124635782,0.36053063326433143,True
20.400000000000002,13.815062866533438,5.9386025687984425,15.984477281399688,-0.00523909653186516,0.03284065799502586,0.8007811248627513,0.8,0.0637483759005413,-0.13257090491897278,0.3600763819296406,True
20.450000000000003,13.854513822119891,5.945648327921717,16.024623477475437,-0.005661542266296193,0.03303165351116383,0.8007233871569481,0.8,0.06374097329266548,-0.12994116876450415,0.35959802748204783,True
20.5,13.894045697957072,5.952200675095142,16.06477148378442,-0.006047665610954138,0.033412696763762156,0.8006650026882867,0.8,0.06373674093208583,-0.12707341442534112,0.35910037883445134,True
20.55,13.933650548509572,5.958269411158776,16.104920669076925,-0.0063865841991089965,0.03400558032543591,0.800606113875931,0.8,0.06373689041339244,-0.12394496391682043,0.35858797159174804,True
20.6,13.973320500050926,5.963866576545165,16.14507020346761,-0.006665302854976036,0.034839696240073936,0.8005475583859599,0.8,0.06374143059949935,-0.120540666886703,0.35806525562317765,True
20.650000000000002,14.013048147732682,5.969004751015459,16.185219093865566,-0.00687044517550637,0.03593907751835215,0.8004898487155807,0.8,0.06374981749785094,-0.11693693294299293,0.3575386638123344,True
20.700000000000003,14.052826480921663,5.973697501749809,16.225366133269564,-0.006987787637034987,0.03732711998982871,0.8004336831340162,0.8,0.06376237934825624,-0.11304545281208278,0.3570157039695079,True
20.75,14.092648862524426,5.977959731939299,16.265509856785712,-0.00700190136038221,0.039028993314875964,0.8003797429911943,0.8,0.06377793220089964,-0.10895000640224746,0.35650462205553746,True
20.8,14.132509147725877,5.981807051014057,16.305648523216764,-0.006896782064146544,0.0410666996304348,0.8003286022435334,0.8,0.06379602057729426,-0.10463090044226218,0.35601522592425305,True
20.85,14.17240164691132,5.985256091928868,16.345780061605527,-0.00665552195913409,0.043462652437777576,0.8002808737349607,0.8,0.063815934018674,-0.10006921027806019,0.35555817793563627,True
20.900000000000002,14.212321131840174,5.988324575245546,16.38590201984043,-0.006260239900116499,0.04623932576594352,0.8002369594764849,0.8,0.06383645218482753,-0.09535452531897444,0.3551451794460375,True
20.950000000000003,14.25226290213302,5.991030719859045,16.426011537850066,-0.005692668746413818,0.04941596588967085,0.8001971760044118,0.8,0.06385747729428705,-0.09040145492651494,0.3547893519054255,True
21.0,14.29222270887415,5.993393886410749,16.46610526666838,-0.004933505212706803,0.0530135243542624,0.8001617146955815,0.8,0.06387788396976886,-0.08530552344613125,0.354504463048147,True
21.05,14.33219681367845,5.995433881931319,16.506179344750702,-0.0039631067998371645,0.05704942461381389,0.8001305612040244,0.8,0.06389748280718313,-0.08005547938083078,0.3543057631536417,True
21.1,14.372181944504149,5.997171206631172,16.546229333774104,-0.0027612447624398443,0.06154039601707658,0.8001036854939951,0.8,0.06391586776917405,-0.07464708166326939,0.35420941883200285,True
21.150000000000002,14.412175275229664,5.99862710790132,16.58624086513445,-0.0013728920986801896,0.05987618560141589,0.8000808732486381,0.8,0.06393254593587919,-0.06917548766924862,0.35607851023197457,True
21.200000000000003,14.452174441821414,5.99982292391464,16.626240031726198,-0.0001770760853601061,0.05199317347237899,0.8000618846512725,0.8,0.06394760300857175,-0.06358301737791532,0.35955682538079753,True
21.25,14.49217747403556,6.000780676956176,16.666243063940342,0.0007806769561762295,0.04461971608314922,0.8000464194258708,0.8,0.06396061567501832,-0.05796800555734399,0.3610960760227143,True
21.3,14.53218280090634,6.001522355858919,16.706248390811126,0.0015223558589188002,0.03776608409320669,0.8000341041370306,0.8,0.06397164650789114,-0.0523415995447198,0.3623529150124689,True
21.35,14.57218920157652,6.002070046454067,16.746254791481306,0.002070046454067054,0.03144077076047463,0.8000245892757288,0.8,0.06398058879242145,-0.04671587620678478,0.3636553605487054,True
21.400000000000002,14.612195766240426,6.002445933283983,16.78626135614521,0.002445933283983237,0.02565034626172669,0.8000174649138305,0.8,0.06398747236817566,-0.041181859635633505,0.36497786824228096,True
21.450000000000003,14.65220187112796,6.002671644598364,16.826267461032746,0.002671644598364331,0.02039617865575939,0.8000123422034415,0.8,0.06399246888786157,-0.03571952920525618,0.3662971096895394,True
21.5,14.692207119840658,6.00276869682474,16.866272709745445,0.0027686968247397914,0.015678554605315732,0.800008824979633,0.8,0.0639957341518301,-0.030407795943792504,0.36759032648337037,True
21.55,14.732211312687511,6.002757896899001,16.906276902592296,0.0027578968990011887,0.011492873611878694,0.8000065324106684,0.8,0.06399760403068849,-0.025282838335948996,0.36883705007434087,True
21.6,14.772214401100797,6.0026593191236595,16.946279991005582,0.002659319123659465,0.007831181283012682,0.8000051219172949,0.8,0.06399837352538193,-0.02037426962728588,0.3700186767513085,True
21.650000000000002,14.812216447460896,6.002492325829239,16.986282037365683,0.002492325829239306,0.004682747878753937,0.8000042855587814,0.8,0.06399843439283358,-0.01574698930492789,0.37111827363909455,True
21.700000000000003,14.852217592161283,6.002275004853457,17.026283182066067,0.0022750048534572187,0.0020313909723736552,0.800003778736392,0.8,0.06399811655729538,-0.011443026167734682,0.37212193035192964,True
21.75,14.892218018563153,6.002024320352254,17.066283608467938,0.002024320352253639,-0.00014217691505183806,0.8000034118049346,0.8,0.0639976223084149,-0.0074933108731898125,0.37293345436751046,True
21.8,14.932217926453198,6.00175579428986,17.106283516357983,0.0017557942898598355,-0.0018617182584405336,0.8000030645395523,0.8,0.06399749771910127,-0.00399148983598361,0.3726914923314093,True
21.85,14.972217509043697,6.001483219316131,17.14628309894848,0.0014832193161309348,-0.003156064291180006,0.8000026741397103,0.8,0.06399757351811101,-0.000963991438620055,0.37258005369135294,True
21.900000000000002,15.012216935882877,6.001218705550799,17.18628252578766,0.0012187055507988376,-0.004057501179919683,0.8000022127268043,0.8,0.06399799170748073,0.001559127083683178,0.37257724886118593,True
21.950000000000003,15.052216341686908,6.000972192092935,17.226281931591693,0.000972192092935309,-0.00460423107913594,0.8000017429652018,0.8,0.06399864452920036,0.0034493492181723057,0.37266168103964437,True
22.0,15.0922158199535,6.000751201388584,17.266281409858287,0.0007512013885841995,-0.004840161551930956,0.8000012980312634,0.8,0.06399935514709539,0.004730314336179082,0.37281274043823504,True
22.05,15.132215424019194,6.000561093138901,17.30628101392398,0.0005610931389012919,-0.004811882366753698,0.8000009335825699,0.8,0.06399992241571478,0.005456469877252634,0.37301123044867823,True
22.1,15.172215168776134,6.000404248018287,17.34628075868092,0.00040424801828731205,-0.004573528109978657,0.8000006860897946,0.8,0.06400021875073615,0.005706693523816862,0.3732387261886543,True
22.150000000000002,15.212215039455725,6.000280074464782,17.38628062936051,0.0002800744647819542,-0.004184224606756909,0.8000005619807189,0.8,0.06400021601418633,0.005580262299550209,0.3734783086850708,True
22.200000000000003,15.252215007077007,6.000186171058583,17.42628059698179,0.00018617105858265148,-0.0036993811257946523,0.8000005344327855,0.8,0.06399998412663162,0.005176985919710159,0.3737159705909393,True
22.25,15.292215038617657,6.000118876790242,17.46628062852244,0.00011887679024180642,-0.0031680612680070903,0.8000005563462179,0.8,0.06399964848418366,0.004591405119032274,0.3739408378748288,True
22.3,15.332215104063952,6.000073850542958,17.506280693968737,7.385054295827587e-05,-0.002630848773158473,0.8000005772329503,0.8,0.06399934318771298,0.003906887102872534,0.37414522085784174,True
22.35,15.372215180047831,6.000046568092334,17.546280769952617,4.6568092334275946e-05,-0.0021188507867761553,0.8000005594328937,0.8,0.06399916851646584,0.003192042978887197,0.37432441429030494,True
22.400000000000002,15.412215250786293,6.000032668780193,17.586280840691078,3.266878019303476e-05,-0.0016539231127382199,0.8000004869001115,0.8,0.0639991682808795,0.002499773608236662,0.3744762872455887,True
22.450000000000003,15.452215307495644,6.000028208488642,17.626280897400427,2.8208488641823237e-05,-0.0012494528665072573,0.8000003660656777,0.8,0.0639993278988492,0.0018675351761767466,0.3746008016773247,True
22.5,15.492215347014085,6.000029811912538,17.66628093691887,2.9811912537702767e-05,-0.0009115928213884549,0.8000002196837696,0.8,0.06399958981820668,0.0013187568754600865,0.3746994969945963,True
22.55,15.532215370168702,6.0000347417941455,17.706280960073485,3.474179414553191e-05,-0.00064071172183625,0.8000000771150472,0.8,0.06399987781820822,0.0008649321394866602,0.3747749924944571,True
22.6,15.572215380195527,6.000040904778089,17.74628097010031,4.0904778089156935e-05,-0.00043287734110916606,0.7999999645493345,0.8,0.06400012152458406,0.0005080098029484472,0.3748305423670409,True
22.650000000000002,15.612215381371406,6.000046809761663,17.78628097127619,4.6809761663269e-05,-0.00028125937074293447,0.7999998980220266,0.8,0.06400027423675088,0.0002428427320659377,0.37486966115050446,True
22.700000000000003,15.652215377942666,6.000051495307637,17.826280967847453,5.14953076367064e-05,-0.00017736524985941242,0.7999998806109861,0.8,0.06400032066022407,5.9485279011030504e-05,0.3748958291795832,True
22.75,15.692215373391372,6.000054439962127,17.866280963296155,5.443996212672886e-05,-0.00011206261378084123,0.7999999037390456,0.8,0.06400027463175442,-5.478942268588449e-05,0.37491227822652684,True
22.8,15.732215370046378,6.000055466673965,17.90628095995116,5.5466673964943425e-05,-7.637136431759328e-05,0.7999999513741715,0.8,0.06400016962851789,-0.00011382392370858244,0.37492185139539136,True
22.85,15.772215369010288,6.000054649917902,17.946280958915075,5.4649917902160894e-05,-6.202983046926222e-05,0.8000000053908078,0.8,0.06400004615303759,-0.00013128929056154684,0.37492692746294154,True
22.900000000000002,15.812215370337345,6.000052231477755,17.98628096024213,5.2231477755348976e-05,-6.185555370852202e-05,0.8000000504160077,0.8,0.06399994000205914,-0.00011976620281048262,0.3749293976619368,True
22.950000000000003,15.852215373369413,6.000048548555137,18.026280963274196,4.8548555136918026e-05,-6.993077633167343e-05,0.8000000769871439,0.8,0.06399987429357704,-9.015978101301158e-05,0.3749306823099541,True
23.0,15.8922153771266,6.000043975941651,18.066280967031386,4.397594165084229e-05,-8.164738468290074e-05,0.800000082551801,0.8,0.06399985649496466,-5.1398420996622144e-05,0.37493177520176874,True
23.05,15.93221538065883,6.000038882471343,18.106280970563617,3.888247134309353e-05,-9.364684484020474e-05,0.8000000705120068,0.8,0.06399988010912427,-1.0359654957555417e-05,0.3749333049638882,True
23.1,15.972215383292097,6.000033600863837,18.14628097319688,3.360086383707994e-05,-0.00010368854450720753,0.8000000479823467,0.8,0.06399992954171156,2.803482303397214e-05,0.3749356043104566,True
23.150000000000002,16.01221538474018,6.000028409336774,18.186280974644966,2.8409336773727034e-05,-0.00011047594491671253,0.8000000231183056,0.8,0.06399998618196996,6.060918129267895e-05,0.37493878007046116,True
23.200000000000003,16.05221538508928,6.000023522959677,18.226280974994065,2.3522959677002575e-05,-0.0001134648679490295,0.8000000027922238,0.8,0.06400003386207025,8.565607169748517e-05,0.37494277877925675,True
23.25,16.09221538469081,6.0000190925789365,18.266280974595595,1.9092578936508176e-05,-0.00011267277735818822,0.7999999911308919,0.8,0.0640000624371891,0.00010263106056995843,0.37494744439970606,True
23.3,16.132215384011253,6.000015209201284,18.30628097391604,1.5209201284172025e-05,-0.00010850257810464262,0.7999999890917064,0.8,0.06400006899883741,0.00011184917601357898,0.37495256626888257,True
23.35,16.17221538348714,6.000011911920579,18.346280973391924,1.1911920578810964e-05,-0.00010158961383758881,0.7999999949478438,0.8,0.06400005695359973,0.00011420522209981262,0.3749579166091914,True
23.400000000000002,16.212215383420656,6.000009197755879,18.38628097332544,9.197755878709302e-06,-9.267641271421795e-05,0.8000000053494615,0.8,0.06400003369437324,0.00011093167903025386,0.37496327788639194,True
23.450000000000003,16.252215383933137,6.00000703209261,18.426280973837923,7.032092610437246e-06,-8.251642259577105e-05,0.8000000165565238,0.8,0.06400000778546219,0.00010340135255139591,0.37496846095546643,True
23.5,16.292215384975,6.000005358747672,18.466280974879787,5.358747672268294e-06,-7.180550353062493e-05,0.8000000254876718,0.8,0.06399998649572951,9.297661965135123e-05,0.37497331534004935,True
23.55,16.332215386376802,6.000004108987692,18.506280976281587,4.108987692319488e-06,-6.113825712929249e-05,0.8000000303584964,0.8,0.06399997423257844,8.090315920001372e-05,0.37497773318356953,True
23.6,16.372215387919056,6.000003209100419,18.54628097782384,3.209100419176991e-06,-5.098527370353023e-05,0.8000000308400641,0.8,0.06399997207099017,6.824336740614883e-05,0.3749816484357661,True
23.650000000000002,16.41221538939885,6.000002586342841,18.586280979303634,2.5863428412264966e-06,-4.168694915851482e-05,0.8000000278075636,0.8,0.06399997824604821,5.584308143336248e-05,0.3749850327418749,True
23.700000000000003,16.452215390677036,6.000002173262899,18.62628098058182,2.17326289941866e-06,-3.3459536198827465e-05,0.8000000228380135,0.8,0.06399998926043297,4.432457392261315e-05,0.37498788932482263,True
23.75,16.492215391698476,6.000001910515934,18.66628098160326,1.9105159339005695e-06,-2.6409423380015665e-05,0.8000000176437297,0.8,0.06400000118096176,3.409882777284346e-05,0.3749902459289143,True
23.8,16.532215392486325,6.000001748376882,18.70628098239111,1.7483768823822743e-06,-2.0552167541328785e-05,0.8000000136017048,0.8,0.06400001074794012,2.539065186913202e-05,0.3749921476557577,True
23.85,16.572215393117812,6.000001647191398,18.746280983022597,1.647191398390646e-06,-1.583344365313041e-05,0.8000000114775133,0.8,0.06400001605592136,1.8271071228534272e-05,0.37499365029150544,True
23.900000000000002,16.61221539369189,6.000001577020978,18.786280983596676,1.5770209778054323e-06,-1.214974384176331e-05,0.8000000113697169,0.8,0.06400001673009574,1.2692464164901732e-05,0.3749948145143273,True
23.950000000000003,16.652215394298903,6.0000015167265826,18.826280984203688,1.5167265825510867e-06,-9.367296623881768e-06,0.8000000128381812,0.8,0.06400001366943035,8.523000378092634e-06,0.37499570119180436,True
24.0,16.69221539499949,6.000001452709246,18.866280984904275,1.4527092462301994e-06,-7.3382488625851015e-06,0.8000000151409762,0.8,0.06400000852238551,5.57796546830536e-06,0.3749963678342072,True
24.05,16.732215395816002,6.000001377491106,18.906280985720787,1.3774911060693285e-06,-5.913633428970319e-06,0.8000000174940524,0.8,0.06400000309138039,3.6464764153323468e-06,0.37499686616195127,True
24.1,16.772215396735703,6.0000012882813385,18.946280986640488,1.2882813384962333e-06,-4.953025089636003e-06,0.8000000192818396,0.8,0.06399999883519625,2.5128628892535975e-06,0.37499724067174317,True
24.150000000000002,16.812215397722206,6.000001185632652,18.98628098762699,1.1856326516124227e-06,-4.3310661029815655e-06,0.8000000201760786,0.8,0.06399999657432749,1.9725954168577164e-06,0.3749975280418882,True
24.200000000000003,16.85221539873032,6.000001072258149,19.026280988635104,1.0722581489375216e-06,-3.941229119617798e-06,0.8000000201535812,0.8,0.06399999642800257,1.8430848468751122e-06,0.3749977571977734,True
24.25,16.892215399719703,6.000000952047356,19.066280989624488,9.520473556179354e-07,-3.6972906816508556e-06,0.8000000194316864,0.8,0.063999997945569,1.9699712697174556e-06,0.3749979498581663,True
24.3,16.932215400664116,6.000000829294976,19.1062809905689,8.292949758015311e-07,-3.533028795106655e-06,0.8000000183569561,0.8,0.06400000035367039,2.229684893269943e-06,0.3749981213962522,True
24.35,16.9722154015549,6.000000708136759,19.146280991459687,7.081367590089371e-07,-3.4006482698280456e-06,0.8000000172864413,0.8,0.06400000282911118,2.529120780294928e-06,0.3749982818714276,True
24.400000000000002,17.012215402399153,6.000000592173413,19.18628099230394,5.921734134162193e-07,-3.2683926538776018e-06,0.8000000164936815,0.8,0.06400000472148805,2.8032491086667047e-06,0.37499843711463604,True
24.450000000000003,17.05221540321426,6.000000484255265,19.226280993119044,4.842552652206678e-07,-3.1177349185081466e-06,0.8000000161178287,0.8,0.0640000056801066,3.0114064483917898e-06,0.3749985897780715,True
24.5,17.092215404021072,6.00000038639637,19.266280993925857,3.8639637001125493e-07,-2.9404617281772096e-06,0.8000000161589872,0.8,0.06400000567472246,3.132903441152976e-06,0.3749987402870371,True
24.55,17.13221540483776,6.000000299786276,19.306280994742544,2.9978627580362627e-07,-2.73588694442221e-06,0.8000000165102906,0.8,0.06400000492931103,3.1624573698683325e-06,0.3749988876557695,True
24.6,17.17221540567576,6.000000224869533,19.346280995580546,2.2486953277223165e-07,-2.508355415932379e-06,0.8000000170100081,0.8,0.06400000380592746,3.105829315099147e-06,0.3749990301493019,True
24.650000000000002,17.21221540653842,6.000000161466661,19.386280996443205,1.6146666137473176e-07,-2.265132377401262e-06,0.8000000174956904,0.8,0.06400000267996854,2.9759244067134927e-06,0.3749991657893432,True
24.700000000000003,17.25221540742198,6.000000108914769,19.426280997326764,1.0891476875940498e-07,-2.0147193315101394e-06,0.800000017845999,0.8,0.06400000184081338,2.789507514715405e-06,0.37499929271384347,True
24.75,17.292215408318196,6.000000066210861,19.46628099822298,6.621086079405814e-08,-1.7655950109399247e-06,0.8000000180023331,0.8,0.06400000143747019,2.5645988269723665e-06,0.3749994094076158,True
24.8,17.332215409217483,6.000000032145579,19.506280999122268,3.21455786433944e-08,-1.5253496388297275e-06,0.8000000179693737,0.8,0.06400000147276605,2.318545959001092e-06,0.374999514825724,True
24.85,17.372215410111682,6.000000005419398,19.546281000016467,5.419398263484254e-09,-1.3001611495815108e-06,0.8000000177992708,0.8,0.06400000183637838,2.0667204584540066e-06,0.37499960843284597,True
24.900000000000002,17.412215410995824,5.999999984736957,19.58628100090061,-1.5263043273705534e-08,-1.094551712646297e-06,0.8000000175673084,0.8,0.06400000235925093,1.8217555464413346e-06,0.37499965965517296,True
24.950000000000003,17.452215411868668,5.999999968878109,19.626281001773453,-3.112189084220063e-08,-9.113599939019474e-07,0.800000017347255,0.8,0.06400000287051663,1.5932256341675642e-06,0.3749996982042429,True
25.0,17.492215412732154,5.999999956746521,19.66628100263694,-4.325347902067733e-08,-7.518672306467923e-07,0.8000000171927932,0.8,0.06400000324173379,1.3876637944252735e-06,0.3749997334419888,True
25.05,17.53221541359018,5.999999947398097,19.706281003494965,-5.2601903277604833e-08,-6.160216362681538e-07,0.8000000171283898,0.8,0.0640000034100349,1.2088179624483709e-06,0.37499976443969446,True
25.1,17.57221541444714,5.99999994005246,19.746281004351925,-5.994754026517057e-08,-5.027143433092416e-07,0.8000000171497659,0.8,0.06400000337910965,1.058057177244449e-06,0.37499979074631556,True
25.150000000000002,17.612215415306686,5.999999934091092,19.78628100521147,-6.59089076648911e-08,-4.100697698615163e-07,0.8000000172316314,0.8,0.06400000320289255,9.348533619007336e-07,0.37499981230038115,True
25.200000000000003,17.652215416170964,5.99999992904577,19.82628100607575,-7.095423004699342e-08,-3.3572295917810777e-07,0.8000000173390222,0.8,0.0640000029601254,8.372797551652712e-07,0.37499982933605813,True
25.25,17.692215417040416,5.999999924580644,19.8662810069452,-7.541935609367556e-08,-2.770653871092632e-07,0.8000000174385009,0.8,0.06400000272843807,7.624827570245794e-07,0.3749998422922287,True
25.3,17.732215417914045,5.999999920470891,19.90628100781883,-7.952910863195939e-08,-2.314484998051777e-07,0.8000000175063805,0.8,0.06400000256469418,7.070982865909047e-07,0.3749998517306903,True
25.35,17.772215418790022,5.999999916580316,19.946281008694807,-8.341968360525698e-08,-1.963405934420164e-07,0.8000000175325475,0.8,0.06400000249520146,6.675961745028806e-07,0.37499985826716253,True
25.400000000000002,17.812215419666334,5.999999912839697,19.98628100957112,-8.71603029750645e-08,-1.694375088635314e-07,0.8000000175199217,0.8,0.064000002516021,6.405463414096213e-07,0.37499986251675865,True
25.450000000000003,17.852215420541345,5.999999909227154,20.02628101044613,-9.077284612857284e-08,-1.487310478368015e-07,0.800000017480698,0.8,0.06400000260096206,6.228081181097656e-07,0.37499986505403404,True
25.5,17.892215421414132,5.999999905751308,20.066281011318917,-9.424869240604039e-08,-1.3254117767879106e-07,0.8000000174310775,0.8,0.06400000271343285,6.116495875167123e-07,0.3749998663865789,True
25.55,17.93221542228456,5.9999999024375885,20.106281012189346,-9.75624114829543e-08,-1.195191727763704e-07,0.8000000173861869,0.8,0.06400000281823391,6.048071640153502e-07,0.3749998669403951,True
25.6,17.972215423153123,5.9999998993177455,20.14628101305791,-1.0068225453352397e-07,-1.0862907442213874e-07,0.8000000173564472,0.8,0.06400000289025637,6.004972425926076e-07,0.37499986705491106,True
25.650000000000002,18.012215424020685,5.999999896422345,20.18628101392547,-1.0357765489743542e-07,-9.911445836807855e-08,0.8000000173459875,0.8,0.06400000291859691,5.97392127358e-07,0.3749998669853516,True
25.700000000000003,18.05221542488816,5.99999989377592,20.226281014792946,-1.0622408019855811e-07,-9.045668574394636e-08,0.800000017353039,0.8,0.06400000290607326,5.945716289531846e-07,0.37499986691028464,True
25.75,18.092215425756283,5.999999891394312,20.266281015661068,-1.0860568799841985e-07,-8.232976350742975e-08,0.8000000173717502,0.8,0.06400000286533145,5.914604632678817e-07,0.37499986694237264,True
25.8,18.132215426625446,5.99999988928375,20.30628101653023,-1.107162503899417e-07,-7.455579619661822e-08,0.8000000173946299,0.8,0.06400000281333701,5.877597572877176e-07,0.37499986714067846,True
25.85,18.172215427495686,5.999999887441183,20.34628101740047,-1.1255881737781692e-07,-6.706388744006857e-08,0.8000000174148478,0.8,0.06400000276602318,5.833791709196016e-07,0.37499986752320835,True
25.900000000000002,18.212215428366754,5.999999885855468,20.38628101827154,-1.1414453204849906e-07,-5.985432523893169e-08,0.8000000174278332,0.8,0.06400000273444319,5.78374240458303e-07,0.3749998680787336,True
25.950000000000003,18.252215429238248,5.999999884509037,20.426281019143033,-1.1549096257112978e-07,-5.29690073773098e-08,0.8000000174319257,0.8,0.06400000272306398,5.728919433552601e-07,0.37499986877724245,True
26.0,18.29221543010975,5.999999883379766,20.466281020014534,-1.1662023435832225e-07,-4.646835814031509e-08,0.8000000174281291,0.8,0.06400000273013967,5.671260051717672e-07,0.3749998695786634,True
26.05,18.332215430980934,5.999999882442812,20.50628102088572,-1.1755718798411863e-07,-4.0414458469878366e-08,0.8000000174192385,0.8,0.06400000274959472,5.612823920860675e-07,0.37499987043971794,True
26.1,18.372215431851632,5.999999881672289,20.546281021756418,-1.1832771118491792e-07,-3.48597496757164e-08,0.8000000174087105,0.8,0.06400000277358044,5.555545301270612e-07,0.3749998713189432,True
26.150000000000002,18.41221543272184,5.999999881042661,20.586281022626626,-1.189573390902865e-07,-2.9840455641480766e-08,0.8000000173996232,0.8,0.06400000279490003,5.50107234453956e-07,0.3749998721800456,True
26.200000000000003,18.45221543359168,5.999999880529833,20.626281023496464,-1.194701670925724e-07,-2.537377496792498e-08,0.8000000173939747,0.8,0.06400000280870023,5.450679822477332e-07,0.37499987299382176,True
26.25,18.49221543446134,5.999999880111913,20.666281024366125,-1.1988808701346443e-07,-2.1457895230701836e-08,0.8000000173924197,0.8,0.06400000281317796,5.405240336572406e-07,0.37499987373891813,True
26.3,18.53221543533101,5.999999879769685,20.706281025235796,-1.2023031459307276e-07,-1.8073951764419324e-08,0.8000000173944118,0.8,0.06400000280933783,5.365238425749541e-07,0.3749998744017218,True
26.35,18.57221543620084,5.999999879486814,20.746281026105624,-1.2051318609707096e-07,-1.518916682059351e-08,0.8000000173986211,0.8,0.06400000280008472,5.330814405331058e-07,0.37499987497563136,True
26.400000000000002,18.61221543707089,5.99999987924984,20.786281026975676,-1.2075016009305273e-07,-1.2760541177619886e-08,0.8000000174034562,0.8,0.06400000278904272,5.301825097034329e-07,0.37499987545995916,True
26.450000000000003,18.652215437941166,5.99999987904802,20.82628102784595,-1.2095197998718277e-07,-1.0738615640589661e-08,0.8000000174075323,0.8,0.06400000277945574,5.277911952428724e-07,0.3749998758586512,True
26.5,18.692215438811605,5.9999998788730515,20.86628102871639,-1.2112694847132843e-07,-9.0709567153392e-09,0.8000000174099795,0.8,0.06400000277344627,5.258569022085012e-07,0.37499987617897734,True
26.55,18.73221543968212,5.999999878718737,20.906281029586903,-1.212812632545024e-07,-7.705144535397551e-09,0.8000000174105463,0.8,0.06400000277173021,5.24320514919264e-07,0.37499987643030885,True
26.6,18.77221544055262,5.999999878580617,20.946281030457406,-1.2141938299237154e-07,-6.591147447912656e-09,0.8000000174095214,0.8,0.06400000277375621,5.231197347485371e-07,0.37499987662304624,True
26.650000000000002,18.812215441423046,5.999999878455616,20.98628103132783,-1.2154438433498171e-07,-5.683048800281819e-09,0.8000000174075351,0.8,0.06400000277814155,5.221933204953531e-07,0.37499987676775015,True
26.700000000000003,18.852215442293367,5.9999998783417015,21.026281032198153,-1.2165829854637877e-07,-4.940154153462244e-09,0.8000000174053189,0.8,0.06400000278321542,5.214842406636862e-07,0.37499987687447567,True
26.75,18.892215443163586,5.999999878237593,21.06628103306837,-1.2176240726802234e-07,-4.327548376025645e-09,0.8000000174034942,0.8,0.06400000278751794,5.209417647670262e-07,0.37499987695231085,True
26.8,18.932215444033734,5.999999878142511,21.10628103393852,-1.218574894323865e-07,-3.816196818683125e-09,0.8000000174024388,0.8,0.06400000279012405,5.205226176530262e-07,0.3749998770091001,True
26.85,18.97221544490385,5.99999987805598,21.146281034808634,-1.2194402021492579e-07,-3.3826945994660796e-09,0.8000000174022456,0.8,0.06400000279075682,5.201913717039602e-07,0.3749998770513195,True
26.900000000000002,19.012215445773975,5.9999998779776815,21.18628103567876,-1.2202231847169287e-07,-3.008766294893374e-09,0.800000017402765,0.8,0.06400000278970967,5.199202259955413e-07,0.37499987708407795,True
26.950000000000003,19.052215446644137,5.999999877907343,21.226281036548922,-1.220926568734626e-07,-2.680611139541166e-09,0.8000000174036995,0.8,0.06400000278763915,5.196883900358855e-07,0.37499987711120164,True
27.0,19.09221544751435,5.999999877844674,21.266281037419134,-1.2215532585457822e-07,-2.3881746111819105e-09,0.8000000174047134,0.8,0.06400000278531222,5.194811581978233e-07,0.3749998771353863,True
27.05,19.132215448384606,5.9999998777893255,21.30628103828939,-1.2221067446915868e-07,-2.124411859234421e-09,0.8000000174055284,0.8,0.06400000278338504,5.192888850565795e-07,0.37499987715837524,True
