time_s,x_m,y_m,progress_m,lateral_error_m,heading_error_rad,speed_mps,target_speed_mps,drive,steer,clearance_m,reference_valid
0.0,0.0,0.15,0.0,0.15,0.08,0.0,0.8,0.35,-0.13696483373207954,0.20166512260332825,True
0.05,0.0010191093622148929,0.15006015328516997,0.0010191093622148929,0.15006015328516997,0.07983789250543591,0.040819443973975036,0.8,0.3499997419247204,-0.2799993625193338,0.20165134386171138,True
0.1,0.004081286036599047,0.1501527458818016,0.004081286036599047,0.1501527458818016,0.0786989135218455,0.08155565974575484,0.8,0.3499999945573214,-0.39999997768225576,0.20188469196888148,True
0.15000000000000002,0.009190668552026068,0.15013601655327624,0.009190668552026068,0.15013601655327624,0.0755856440417316,0.12212618572210515,0.8,0.34999998466539217,-0.47999970886724047,0.20279332127776806,True
0.2,0.016346069606815696,0.14984592169770555,0.016346069606815696,0.14984592169770555,0.06945789551276492,0.1624498121781931,0.8,0.349999942410606,-0.5999999968018401,0.20484307016846096,True
0.25,0.02553795847348274,0.14908400008971573,0.02553795847348274,0.14908400008971573,0.05920689578450315,0.2024473407245566,0.8,0.349999985705531,-0.6799999285637668,0.20856085068614783,True
0.30000000000000004,0.036742767519517675,0.14760383339904246,0.036742767519517675,0.14760383339904246,0.043623409635023175,0.24204217972827502,0.8,0.3499999938498836,-0.7667149577514072,0.21456304156857883,True
0.35000000000000003,0.04991309579119244,0.14509557469731194,0.04991309579119244,0.14509557469731194,0.021356325849943125,0.28116088172807696,0.8,0.3499999985057983,-0.7318487190437203,0.2235905833746341,True
0.4,0.06496448754708156,0.14156282143550267,0.06496448754708156,0.14156282143550267,-0.00626242232319733,0.3197336747473315,0.8,0.3499999871350754,-0.6750627978474761,0.2315797024044713,True
0.45,0.08181661995135443,0.13730969783782576,0.08181661995135443,0.13730969783782576,-0.03576671648544326,0.35769491181319507,0.8,0.34999999388827874,-0.5965632823976008,0.2271497971890597,True
0.5,0.10041546266355994,0.13247339944843792,0.10041546266355994,0.13247339944843792,-0.06520441285542769,0.39498346680787594,0.8,0.3499999972356688,-0.5156610319312905,0.22344024144134383,True
0.55,0.12072047695250279,0.12711629451695824,0.12072047695250279,0.12711629451695824,-0.0934212942871286,0.43154305033301804,0.8,0.34999999852222335,-0.4354259423352663,0.22072299723466812,True
0.6000000000000001,0.14269582282177512,0.12125447069625302,0.14269582282177512,0.12125447069625302,-0.11980303753193944,0.46732246461623583,0.8,0.34999999680743044,-0.35690760739586114,0.21914505717588065,True
0.65,0.16630958341938987,0.11490968892971504,0.16630958341938987,0.11490968892971504,-0.14387143854157375,0.5022757848310772,0.8,0.34999999686162786,-0.2825006286618092,0.21879920898322203,True
0.7000000000000001,0.19153270207151302,0.10811076716210051,0.19153270207151302,0.10811076716210051,-0.1652767518639683,0.5363624717776537,0.8,0.3499999973830064,-0.21050973463287287,0.21972860589268933,True
0.75,0.21833943585891846,0.10090210650884164,0.21833943585891846,0.10090210650884164,-0.18372659952879805,0.5695474160906548,0.8,0.34999999859669884,-0.142371789562993,0.22194135225439332,True
0.8,0.24670799310373243,0.0933484623043215,0.24670799310373243,0.0933484623043215,-0.19895856376313198,0.6018009199404961,0.8,0.349999999699905,-0.08015582314151581,0.22541580094689714,True
0.8500000000000001,0.276616755800519,0.08551826720253387,0.276616755800519,0.08551826720253387,-0.21085634662122016,0.6330986197615089,0.8,0.3499999999341846,-0.022588749805820048,0.23008891255866482,True
0.9,0.30804432356720746,0.0774897347992139,0.30804432356720746,0.0774897347992139,-0.2193764601091392,0.6634213559696108,0.8,0.34999999998741727,0.02935926845994061,0.2358726406875337,True
0.9500000000000001,0.34096951447936336,0.06935382960649643,0.34096951447936336,0.06935382960649643,-0.22451637111113823,0.6927549958326789,0.8,0.3258108025388473,0.07451800458854124,0.2426608691274508,True
1.0,0.37529956030130496,0.06121548304961302,0.37529956030130496,0.06121548304961302,-0.22639786077006682,0.7183177039872726,0.8,0.26801779074071863,0.11234778525432002,0.25030713182025055,True
1.05,0.4107765131911022,0.053205822518345,0.4107765131911022,0.053205822518345,-0.22528829669146297,0.7363582655605783,0.8,0.22352541725746394,0.1436422388922808,0.2586069065816361,True
1.1,0.447088222506824,0.045452229833734044,0.447088222506824,0.045452229833734044,-0.22156095740607532,0.7486516631179503,0.8,0.19253043469840514,0.16968413614242198,0.26733676928133576,True
1.1500000000000001,0.4840031394921954,0.038052533281434736,0.4840031394921954,0.038052533281434736,-0.21559639311258114,0.7569447951918188,0.8,0.1713254130269849,0.19073636150018852,0.2763041184892854,True
1.2000000000000002,0.5213584156783795,0.03107745699605812,0.5213584156783795,0.03107745699605812,-0.2077617762760342,0.7625025262512675,0.8,0.15689508633881452,0.20707605216365993,0.28534837517529676,True
1.25,0.5590386844175618,0.024571803384977095,0.5590386844175618,0.024571803384977095,-0.19842653110864403,0.7662006407238752,0.8,0.14711146127797697,0.21908965878102843,0.29433423762853467,True
1.3,0.5969611446471252,0.01855981959618718,0.5969611446471252,0.01855981959618718,-0.18794566548176078,0.7686399843978731,0.8,0.1405065295977831,0.22723241793211693,0.3031495962456647,True
1.35,0.635065526158535,0.013050123530643913,0.635065526158535,0.013050123530643913,-0.17664624356223999,0.7702314285960101,0.8,0.1360719360835897,0.23198357033312073,0.3117035407394291,True
1.4000000000000001,0.6733073429604883,0.008039627998326141,0.6733073429604883,0.008039627998326141,-0.16482018628447892,0.7712552269664408,0.8,0.13311575700371908,0.2338173458853421,0.31992412555842864,True
1.4500000000000002,0.7116533289418263,0.0035165798553651595,0.7116533289418263,0.0035165798553651595,-0.15272171680127627,0.771901979004565,0.8,0.13116345302697927,0.2331856658320073,0.3277561011985072,True
1.5,0.7500783236546613,-0.0005370852028533804,0.7500783236546613,-0.0005370852028533804,-0.1405676305614895,0.7723008177510836,0.8,0.12988980348990953,0.2305084164961001,0.3340846011362537,True
1.55,0.7885631227882174,-0.0041439103554388205,0.7885631227882174,-0.0041439103554388205,-0.12853918441464474,0.7725387896285186,0.8,0.12907218884273855,0.22616852866369944,0.3338162155628532,True
1.6,0.8270929724972559,-0.007329486080859147,0.8270929724972559,-0.007329486080859147,-0.116784852214045,0.7726741753635421,0.8,0.12855852044058544,0.2205101219991624,0.3339156528274302,True
1.6500000000000001,0.8656564960432288,-0.010121328425029764,0.8656564960432288,-0.010121328425029764,-0.1054234820931631,0.7727456453733225,0.8,0.12824520875622886,0.2138386015793473,0.33431985253746604,True
1.7000000000000002,0.9042449134344543,-0.012547999022501474,0.9042449134344543,-0.012547999022501474,-0.094547569499312,0.7727785507925404,0.8,0.1280620115505756,0.2064219825166146,0.3349714773403122,True
1.75,0.9428514622690906,-0.0146384154765035,0.9428514622690906,-0.0146384154765035,-0.08422647247761196,0.7727892436803039,0.8,0.12796160057514347,0.19849295412859233,0.3358190076110228,True
1.8,0.9814709591269256,-0.01642131300942193,0.9814709591269256,-0.01642131300942193,-0.07450946753741053,0.7727880401045505,0.8,0.1279123689709779,0.19025135866433765,0.3368166634887223,True
1.85,1.0200994612104608,-0.01792482742561953,1.0200994612104608,-0.01792482742561953,-0.06542859081079055,0.7727812480106085,0.8,0.12789346762820683,0.18186690039000655,0.33792420360002573,True
1.9000000000000001,1.058734001230057,-0.0191761760102506,1.058734001230057,-0.0191761760102506,-0.05700123757488249,0.7727725502535276,0.8,0.12789137765452638,0.17348189061039268,0.33910663893121334,True
1.9500000000000002,1.09737237717492,-0.020201418069614105,1.09737237717492,-0.020201418069614105,-0.04923251265437664,0.7727639429763021,0.8,0.12789754365298725,0.16521397478470337,0.3403338913001449,True
2.0,1.1360129842526754,-0.02102528066624303,1.1360129842526754,-0.02102528066624303,-0.04211733616047788,0.7727563675721082,0.8,0.12790674088832546,0.15715876735827322,0.3415804188324093,True
2.0500000000000003,1.174654679980802,-0.021671037787038862,1.174654679980802,-0.021671037787038862,-0.03564231477680283,0.7727501318284689,0.8,0.12791595088775864,0.149392319931319,0.3428248259044616,True
2.1,1.2132966758271975,-0.022160433615778578,1.2132966758271975,-0.022160433615778578,-0.029787394491128202,0.7727451864300525,0.8,0.12792359043279292,0.1419734691736051,0.34404946990259233,True
2.15,1.2519384504230895,-0.02251364213681263,1.2519384504230895,-0.02251364213681263,-0.024527311143266967,0.7727413027456456,0.8,0.1279289854847177,0.13494600809225582,0.3452400742490951,True
2.2,1.2905796804695007,-0.022749256430347635,1.2905796804695007,-0.022749256430347635,-0.01983285471633714,0.7727381836718843,0.8,0.1279320154429561,0.12834068713035762,0.34638535494269423,True
2.25,1.3292201862114659,-0.02288430223056053,1.3292201862114659,-0.02288430223056053,-0.015671964372111196,0.7727355295643613,0.8,0.12793287548911436,0.12217704534037609,0.3474766652239255,True
2.3000000000000003,1.367859888908234,-0.022934271097120675,1.367859888908234,-0.022934271097120675,-0.012010670134306574,0.7727330744723035,0.8,0.12793192069302145,0.11646508123398427,0.3485076615406779,True
2.35,1.4064987781450717,-0.02291316919750843,1.4064987781450717,-0.02291316919750843,-0.008813896010680701,0.7727306031592872,0.8,0.12792956638597752,0.11120676119902219,0.3494739928463548,True
2.4000000000000004,1.4451368871625876,-0.022833578263793296,1.4451368871625876,-0.022833578263793296,-0.006046138450895831,0.7727279560774822,0.8,0.12792622698728423,0.10639737608915562,0.3503730142867538,True
2.45,1.4837742746530629,-0.022706725792708868,1.4837742746530629,-0.022706725792708868,-0.0036720332325324936,0.7727250271526185,0.8,0.1279222808393908,0.10202675844878126,0.35120352552643086,True
2.5,1.5224110117082057,-0.022542561928681842,1.5224110117082057,-0.022542561928681842,-0.0016568226118119735,0.7727217576286025,0.8,0.12791805242424845,0.09808036409386627,0.35196553354702353,True
2.5500000000000003,1.561047172807748,-0.022349840823262437,1.561047172807748,-0.022349840823262437,3.326630862782068e-05,0.7727181281102531,0.8,0.1279138057200921,0.09454022796975182,0.3526402791522424,True
2.6,1.5996828299194705,-0.02213620460070404,1.5996828299194705,-0.02213620460070404,0.0014307217442551979,0.7727141501473752,0.8,0.12790974464279245,0.09138580308075829,0.35243899912149224,True
2.6500000000000004,1.6383180489419462,-0.02190826833707973,1.6383180489419462,-0.02190826833707973,0.0025665165103350737,0.7727098581883249,0.8,0.127906017614231,0.08859469118814906,0.35232988878389215,True
2.7,1.6769528878631712,-0.021671704714634536,1.6769528878631712,-0.021671704714634536,0.0034699377455288424,0.7727053023613641,0.8,0.12790272436481673,0.08614327381267052,0.35229847837152833,True
2.75,1.7155873961322416,-0.02143132724210489,1.7155873961322416,-0.02143132724210489,0.004168469098472767,0.7727005423081069,0.8,0.12789992353877608,0.08400725196840836,0.3523317270278652,True
2.8000000000000003,1.7542216148480727,-0.0211911711371832,1.7542216148480727,-0.0211911711371832,0.00468771806227622,0.7726956421210494,0.8,0.12789764050334307,0.0821621027760845,0.35241795511364404,True
2.85,1.7928555774603516,-0.02095457115076914,1.7928555774603516,-0.02095457115076914,0.005051381777512181,0.7726906663666675,0.8,0.1278958745232798,0.0805834608149444,0.3525467696167487,True
2.9000000000000004,1.8314893107540031,-0.02072423577596615,1.8314893107540031,-0.02072423577596615,0.005281245231052381,0.7726856770803019,0.8,0.12789460535092698,0.07924743181518963,0.3527089848997538,True
2.95,1.8701228359510271,-0.020502317428599384,1.8701228359510271,-0.020502317428599384,0.0053972063612794845,0.7726807316291066,0.8,0.12789379888419647,0.07813084586291708,0.35289654067482845,True
3.0,1.9087561698143616,-0.020290478311744384,1.9087561698143616,-0.020290478311744384,0.005417323137085168,0.7726758813034924,0.8,0.12789341185555556,0.07721145694289797,0.3531024187936398,True
3.0500000000000003,1.9473893256779038,-0.020089951785748232,1.9473893256779038,-0.020089951785748232,0.0053578782067371196,0.7726711704985589,0.8,0.12789339573654682,0.07646809522937892,0.35332056017471647,True
3.1,1.98602231435756,-0.019901599158287715,1.98602231435756,-0.019901599158287715,0.005233457214505611,0.7726666363733773,0.8,0.12789369979981,0.07588077808953313,0.353545782957546,True
3.1500000000000004,2.0246551449212244,-0.019725961887670507,2.0246551449212244,-0.019725961887670507,0.005057037354177373,0.7726623088735978,0.8,0.12789427342024398,0.07543078532202831,0.3537737027680753,True
3.2,2.0632878253118143,-0.019563309258137006,2.0632878253118143,-0.019563309258137006,0.004840083168014705,0.7726582110165385,0.8,0.1278950678410609,0.07510070375259188,0.3540006558010094,True
3.25,2.101920362828865,-0.01941368163930586,2.101920362828865,-0.01941368163930586,0.004592647008724587,0.7726543593675707,0.8,0.12789603966976656,0.07487443685595745,0.3542236252672538,True
3.3000000000000003,2.140552764488311,-0.019276929535269518,2.140552764488311,-0.019276929535269518,0.004323471607992032,0.7726507648985279,0.8,0.12789817354813612,0.07473326530601694,0.3544401716711513,True
3.35,2.179185040316079,-0.019152770904722546,2.179185040316079,-0.019152770904722546,0.004039939050306179,0.7726475508498206,0.8,0.1279193955571971,0.07478577685657548,0.3546483905290129,True
3.4000000000000004,2.2178172554293356,-0.019040139026325033,2.2178172554293356,-0.019040139026325033,0.0037529426503411082,0.7726468872857033,0.8,0.12792647942584412,0.0748178508788425,0.3548461199081486,True
3.45,2.256449487369913,-0.018938089200161674,2.256449487369913,-0.018938089200161674,0.0034692516712205154,0.7726470595588251,0.8,0.1279344524973064,0.07485313358334783,0.35503229735129493,True
3.5,2.295081776842741,-0.01884660145636977,2.295081776842741,-0.01884660145636977,0.00318819254631805,0.7726481377566053,0.8,0.12794322034791003,0.07489923147335577,0.35520714224669414,True
3.5500000000000003,2.333714167234567,-0.01876549304409281,2.333714167234567,-0.01876549304409281,0.0029103129518597464,0.7726501785043477,0.8,0.12795251018355347,0.07493851709406837,0.3553706745991041,True
3.6,2.3723467041739035,-0.018694612990711092,2.3723467041739035,-0.018694612990711092,0.0026357689756012024,0.7726532050622165,0.8,0.12796182735697983,0.07494667843756524,0.35552299873457976,True
3.6500000000000004,2.4109794337019346,-0.018634050635977426,2.4109794337019346,-0.018634050635977426,0.0023630778457657442,0.7726571832002077,0.8,0.12797119396045403,0.07492568978291626,0.3556644649054137,True
3.7,2.4496124005360214,-0.01858409134278565,2.4496124005360214,-0.01858409134278565,0.002089883889613398,0.7726620825132855,0.8,0.12797995030788334,0.0748539555750141,0.3557954865696432,True
3.75,2.4882456460613174,-0.01854522162031185,2.4882456460613174,-0.01854522162031185,0.0018130646614943808,0.7726677982523834,0.8,0.1279880128566897,0.0747296765779969,0.3559165039204003,True
3.8000000000000003,2.5268792061870857,-0.018518191978637893,2.5268792061870857,-0.018518191978637893,0.0015285834569364436,0.77267422007665,0.8,0.12799536148651183,0.07455585384251373,0.35602796494688116,True
3.85,2.5655131107545963,-0.01850390303934498,2.5655131107545963,-0.01850390303934498,0.0012324504570522107,0.7726812395235461,0.8,0.12800122207299963,0.07432245367296406,0.3561301542009461,True
3.9000000000000004,2.6041473812649905,-0.01850344793168916,2.6041473812649905,-0.01850344793168916,0.0009204009367216532,0.7726886636482062,0.8,0.12800598119413964,0.07403958671680802,0.35622324597481403,True
3.95,2.6427820297267353,-0.018518089221272894,2.6427820297267353,-0.018518089221272894,0.0005881730910720819,0.772696351058076,0.8,0.12800904483360287,0.07371179496603625,0.35630724500247424,True
4.0,2.681417057984163,-0.01854916613155297,2.681417057984163,-0.01854916613155297,0.00023207764959512215,0.7727040977385179,0.8,0.12801026634964538,0.07334479552032658,0.35638191017338816,True
4.05,2.7200524556900105,-0.01859810008807269,2.7200524556900105,-0.01859810008807269,-0.00015117376941665246,0.7727116906246496,0.8,0.1280370002763669,0.07778285831524322,0.35635700273092585,True
4.1000000000000005,2.758688291453583,-0.018638976637258373,2.758688291453583,-0.018638976637258373,-0.0003753308769123486,0.7727220552246462,0.8,0.12805993799876242,0.07692240202183098,0.356249558899495,True
4.15,2.7973247032249464,-0.018666024520857655,2.7973247032249464,-0.018666024520857655,-0.00045967619729615035,0.7727346520441887,0.8,0.12803853139608945,0.07590335118274893,0.356197464859741,True
4.2,2.835961662397501,-0.018707406617688212,2.835961662397501,-0.018707406617688212,-0.0006174762202685526,0.7727443216406673,0.8,0.12802080202526958,0.07488150902975217,0.35610922678635015,True
4.25,2.874599028040088,-0.01876695490034225,2.874599028040088,-0.01876695490034225,-0.0008550396252083065,0.7727515957795237,0.8,0.12800351427374962,0.07390777034138747,0.35597914405520875,True
4.3,2.91323667221838,-0.018847496284353542,2.91323667221838,-0.018847496284353542,-0.0011705965231716292,0.7727566157866924,0.8,0.1279866420679916,0.07299071218217847,0.3558049222711696,True
4.3500000000000005,2.9518744698135073,-0.018951426820343537,2.9518744698135073,-0.018951426820343537,-0.001560052092139506,0.7727595146499223,0.8,0.12796922548158943,0.07217180356664632,0.3555853900063597,True
4.4,2.9905122958162402,-0.019080696476465726,2.9905122958162402,-0.019080696476465726,-0.002017354932259018,0.7727603104624096,0.8,0.12795172189552456,0.07145646776493307,0.3553204038725232,True
4.45,3.0291500247039314,-0.01923673479673092,3.0291500247039314,-0.01923673479673092,-0.0025346203559821977,0.7727590729755502,0.8,0.1279343028388818,0.07086154996193611,0.35501088528211544,True
4.5,3.0677875331103808,-0.019420537620504864,3.0677875331103808,-0.019420537620504864,-0.0031030928720201596,0.7727558889270792,0.8,0.12791685675221606,0.07043458685523055,0.35465844709917993,True
4.55,3.1064247020897824,-0.019632389227938307,3.1064247020897824,-0.019632389227938307,-0.00371150041154258,0.7727508289996216,0.8,0.12790029027738856,0.07015685888153037,0.3542661586318262,True
4.6000000000000005,3.1450614210579992,-0.019871951071993393,3.1450614210579992,-0.019871951071993393,-0.004347444531860633,0.7727440649532554,0.8,0.12788452732109992,0.07008514365656615,0.35383804323461265,True
4.65,3.1836975922356343,-0.020138199354528673,3.1836975922356343,-0.020138199354528673,-0.0049970395350506375,0.7727357533285412,0.8,0.12787028012604204,0.07022830754293946,0.35337924672707904,True
4.7,3.222333135727047,-0.020429173465922906,3.222333135727047,-0.020429173465922906,-0.005643834657450549,0.7727261262416086,0.8,0.12785798351258873,0.0705738247405297,0.3528966073385986,True
4.75,3.2609679931417603,-0.020742293538564303,3.2609679931417603,-0.020742293538564303,-0.006271522954799546,0.772715456771252,0.8,0.12784774670071258,0.0711999632183419,0.35239753459603096,True
4.800000000000001,3.2996021325709735,-0.021073983956412263,3.2996021325709735,-0.021073983956412263,-0.006861229266497806,0.7727040201445103,0.8,0.12784038449638344,0.07206515493092389,0.35189118920766854,True
4.8500000000000005,3.3382355523990532,-0.021419693033627327,3.3382355523990532,-0.021419693033627327,-0.0073926455275900894,0.7726921744041695,0.8,0.12783585711083634,0.07320990657607118,0.35138812692840315,True
4.9,3.376868281991782,-0.021774111905934732,3.376868281991782,-0.021774111905934732,-0.007845506667680534,0.7726802594695862,0.8,0.12783379423126467,0.07462795963509954,0.35089964349625585,True
4.95,3.4155003810209625,-0.022130935043302973,3.4155003810209625,-0.022130935043302973,-0.00819821066203008,0.7726685599985404,0.8,0.1278365716523569,0.0763477305691041,0.35043842430743677,True
5.0,3.4541319426749686,-0.022482900679161737,3.4541319426749686,-0.022482900679161737,-0.008428290914756234,0.772657621751688,0.8,0.12784245159927823,0.07842959641306606,0.35001836628453675,True
5.050000000000001,3.4927630948650106,-0.02282136270588037,3.4927630948650106,-0.02282136270588037,-0.008509811927697841,0.7726477709342542,0.8,0.1278520675428184,0.08081910676169726,0.34965577968494216,True
5.1000000000000005,3.5313939881188765,-0.023136609559608518,3.5313939881188765,-0.023136609559608518,-0.00841660682012045,0.7726393938867582,0.8,0.12786509067294943,0.08351192752643671,0.3493681151561737,True
5.15,3.5700247840449144,-0.023418279152724465,3.5700247840449144,-0.023418279152724465,-0.008124804887635237,0.7726328246813765,0.8,0.12788135428739789,0.086580223196525,0.34917280610001455,True
5.2,3.6086556480632876,-0.02365470520523836,3.6086556480632876,-0.02365470520523836,-0.007607882484769822,0.7726283656547451,0.8,0.1279009939500332,0.0899324307954769,0.34908939296851055,True
5.25,3.6472867320387756,-0.02383326961265871,3.6472867320387756,-0.02383326961265871,-0.006840069795356753,0.7726263232023161,0.8,0.12792321064975032,0.09365069893538348,0.3491381696475111,True
5.300000000000001,3.6859181547621933,-0.023940456869307906,3.6859181547621933,-0.023940456869307906,-0.005795958485623511,0.7726269006695045,0.8,0.1279479745892852,0.09770471875294673,0.3493402526633596,True
5.3500000000000005,3.724549981431934,-0.023961433227552134,3.724549981431934,-0.023961433227552134,-0.004448105409080397,0.7726302902862054,0.8,0.1279748309352812,0.102038661874619,0.3497187204229426,True
5.4,3.763182193619972,-0.023880805267944595,3.763182193619972,-0.023880805267944595,-0.002772421740070356,0.7726366249449703,0.8,0.12800276488700024,0.1067439658001868,0.3502962669249219,True
5.45,3.801814661014976,-0.023682072552687398,3.801814661014976,-0.023682072552687398,-0.0007434119539328067,0.7726459163645777,0.8,0.12799170608529437,0.11236576364906312,0.35109716865866364,True
5.5,3.8404469847814204,-0.02334409620312748,3.8404469847814204,-0.02334409620312748,0.0016893169854037648,0.7726535900908121,0.8,0.12799647475133366,0.12121488100378278,0.3511543552527949,True
5.550000000000001,3.879078397757382,-0.022827334129145494,3.879078397757382,-0.022827334129145494,0.004687862879630614,0.7726615187487016,0.8,0.12804188667379854,0.12642673267926427,0.35078174919625893,True
5.6000000000000005,3.917707951074453,-0.022110606161021406,3.917707951074453,-0.022110606161021406,0.008236343364090125,0.7726743439613073,0.8,0.12807247594837556,0.13168360629526832,0.35044746732750287,True
5.65,3.956334702187085,-0.021194838042030015,3.956334702187085,-0.021194838042030015,0.01219441140021063,0.7726901838275397,0.8,0.12810265289898434,0.13712726472598508,0.3501928053966164,True
5.7,3.9949573651507078,-0.020062863782546052,3.9949573651507078,-0.020062863782546052,0.01657126729416353,0.772708876900569,0.8,0.12812912143796623,0.14276649984690154,0.35003285762040126,True
5.75,4.0335743210986825,-0.018696243402661194,4.033365134527262,-0.01888294655002784,0.010260313964944642,0.772729890635142,0.8,0.1281505795518296,0.1485627970639142,0.3530763732392107,True
5.800000000000001,4.07218357353041,-0.017076127679433176,4.071761468037471,-0.01793950047060119,0.002720174007786118,0.7727525636575613,0.8,0.12816871157788215,0.15452376361765544,0.35625307130427714,True
5.8500000000000005,4.110782714828443,-0.015183338128435184,4.110175426467164,-0.017217819851940062,-0.004365166771271445,0.7727764524127841,0.8,0.1281846390595316,0.1605490755998736,0.3564869206499107,True
5.9,4.149368911707635,-0.012998746522574078,4.14860297320216,-0.016698943933803317,-0.010985177961646282,0.7728012585037308,0.8,0.12819713601361887,0.1666695740540993,0.35504606588730403,True
5.95,4.18793888057678,-0.010503344674567474,4.1870405844498055,-0.016363938772841237,-0.017132190543152293,0.7728265545366707,0.8,0.12820623574446316,0.17283674461708173,0.3535663935914341,True
6.0,4.226488846213501,-0.007677997829477045,4.225485225576252,-0.01619365029612378,-0.022799376392110944,0.7728519331269976,0.8,0.12821203554392224,0.1789884977699653,0.3520680083589107,True
6.050000000000001,4.265014544593195,-0.004504048422926054,4.263934315367422,-0.016169306560175557,-0.02798437641658972,0.7728770134656142,0.8,0.12821361117815194,0.18514118552818298,0.3505693605462792,True
6.1000000000000005,4.303511196427528,-0.0009631330884038703,4.302385693679308,-0.016272330628094824,-0.03268675904925897,0.7729013234088906,0.8,0.12821172271147574,0.19121927182796464,0.34908820111482597,True
6.15,4.341973498540308,0.002962699292410919,4.340837586788644,-0.01648445305732179,-0.03690852838896144,0.77292449569596,0.8,0.1282061868561393,0.19719494136755386,0.34764133291731697,True
6.2,4.3803956482750115,0.007290588201214936,4.379288561224613,-0.016788105368952765,-0.04065585221544596,0.7729461560163357,0.8,0.12819714549698338,0.20303836602580969,0.34624372456385377,True
6.25,4.418771340310356,0.012036975325192545,4.417737490996153,-0.017166298414649055,-0.043937312744812385,0.7729659604916412,0.8,0.12818538248801237,0.20869154965362574,0.3449091539628506,True
6.300000000000001,4.457093803247795,0.017217331773998073,4.456183514775212,-0.017602888194031652,-0.046765012913821395,0.7729836679905167,0.8,0.12817111527172423,0.2141135116663614,0.3436496254492646,True
6.3500000000000005,4.49535584910839,0.02284593523874357,4.494625993418627,-0.018082792530775722,-0.049155063185919265,0.7729990714131811,0.8,0.12815492144372012,0.21926876041191465,0.3424750154413533,True
6.4,4.533549914144065,0.02893584524469822,4.533064477072389,-0.01859200995347727,-0.05112666099681306,0.7730120376174765,0.8,0.12813764174876227,0.2241007517286741,0.34139332151753077,True
6.45,4.5716681323809505,0.03549869274823896,4.571498667645262,-0.019117827160331897,-0.05270275769684313,0.7730225347295628,0.8,0.1281199516393237,0.2285469696919439,0.3404102575258764,True
6.5,4.609702441912511,0.04254437125357781,4.609928377371976,-0.019649129233059226,-0.053911029662065874,0.7730306093875908,0.8,0.12810208317646796,0.232601712683531,0.33952865578886493,True
6.550000000000001,4.647644648062455,0.050081139314432664,4.648353509285709,-0.02017629862767753,-0.05478195431943635,0.7730363330220412,0.8,0.12808640849103017,0.23614737238206762,0.33874911722378476,True
6.6000000000000005,4.685486573551525,0.05811523703939613,4.686774019762736,-0.02069160972436551,-0.05535097528074681,0.7730400458259727,0.8,0.12807304894484728,0.2391666836816122,0.33806897783598333,True
6.65,4.723220224034922,0.06665058852553504,4.725189886010893,-0.021189544244239068,-0.0556588587424062,0.7730420889844192,0.8,0.1280616276974936,0.24170362515341287,0.3374818777824003,True
6.7,4.760837757172842,0.0756895727566135,4.763601127594789,-0.021666025162972738,-0.05574543981108687,0.7730427476213922,0.8,0.1280519365034056,0.24380387605518986,0.3369803247009071,True
6.75,4.798331466941498,0.08523345855644816,4.802007812553702,-0.022117986152719246,-0.05564704898916617,0.7730422722190565,0.8,0.1280437744610766,0.245512814471502,0.3365568558266814,True
6.800000000000001,4.83569380136207,0.09528255655733872,4.8404100504178995,-0.022543226469235487,-0.05539640082684777,0.7730408807713458,0.8,0.1280369656984661,0.2468720720744754,0.3362042046444337,True
6.8500000000000005,4.872917377477037,0.10583634148898383,4.878807985120742,-0.02294029549828483,-0.05502292341129694,0.7730387628799917,0.8,0.12803135530248808,0.2479219796150005,0.3359153132618005,True
6.9,4.909994991986041,0.11689356080032098,4.917201788500889,-0.02330839068632352,-0.054552697162007,0.7730360832295078,0.8,0.12802679236201134,0.2487006049607159,0.335683446993701,True
6.95,4.946919624461997,0.12845234466603145,4.955591655018392,-0.02364725324321887,-0.0540088283336137,0.773032982989904,0.8,0.12802316482125176,0.24924262121094298,0.3355021871806505,True
7.0,4.983684438436555,0.14051029776625404,4.993977796545746,-0.02395708164039262,-0.0534114300424336,0.7730295851548962,0.8,0.12802032828745924,0.2495813152986123,0.3353655213513975,True
7.050000000000001,5.02028277787376,0.15306458609362877,5.032360437800394,-0.024238449226521255,-0.05277807649072386,0.7730259915304338,0.8,0.1280182066933598,0.2497455027732642,0.335267793194825,True
7.1000000000000005,5.056708161964613,0.16611201077326743,5.070739812021685,-0.02449223425125762,-0.05212376440571708,0.7730222913572935,0.8,0.12801666789709273,0.24976330032798766,0.33520378366357384,True
7.15,5.09295427744194,0.17964907455928902,5.10911615709683,-0.02471955645691403,-0.05146129511402426,0.7730185553703129,0.8,0.1280156488885131,0.2496588993736209,0.335168664048019,True
7.2,5.12901496779548,0.19367204454526699,5.14748971230337,-0.024921716519779605,-0.05080139719522753,0.7730148444115598,0.8,0.12801505622776138,0.24945520785208836,0.33515802167417613,True
7.25,5.164884222835948,0.20817700235235298,5.185860715243741,-0.025100147566424365,-0.0501529323380554,0.7730112063230453,0.8,0.12801490357325968,0.24919552409607576,0.3351678495333162,True
7.300000000000001,5.200556118933487,0.2231600178582737,5.22422940623684,-0.025256233962587697,-0.049522078765718014,0.773007688696051,0.8,0.12801578206824943,0.2489027094148872,0.33519496561429957,True
7.3500000000000005,5.236024773862177,0.23861725407770074,5.262596031866992,-0.02539119967623755,-0.04891251144796527,0.7730044049685106,0.8,0.1280177899715206,0.2485917115558546,0.33523707352034404,True
7.4,5.271284363617511,0.2545448991355018,5.300960840810644,-0.025506179805499928,-0.04832628624465796,0.7730014755225209,0.8,0.12802048776759858,0.24831494723288752,0.3352924351951073,True
7.45,5.306329028161024,0.27093937117290373,5.339324091804807,-0.02560199722803455,-0.047762848966037,0.7729989658777863,0.8,0.128024568683539,0.2480719562127699,0.3353603830835468,True
7.5,5.34115283962287,0.2877973433649629,5.37768605510897,-0.02567912870592408,-0.04721964583010685,0.7729970184036469,0.8,0.1280297799239983,0.2478886320079704,0.3354411775721521,True
7.550000000000001,5.375749824832826,0.30511564623682363,5.416047009284117,-0.025737804352043293,-0.046692994938766,0.7729957411419168,0.8,0.12803615634211074,0.24779440728947502,0.335535654768259,True
7.6000000000000005,5.41011385689173,0.3228914649265466,5.454407251881663,-0.025777783969140572,-0.046177111532561266,0.7729952420270538,0.8,0.1280443307054053,0.24777264497811785,0.3356457340578798,True
7.65,5.4442387006039334,0.34112218679066453,5.492767095765338,-0.025798514425406333,-0.04566567233510821,0.772995697316016,0.8,0.1280536544139204,0.24785750410837987,0.3357738061927902,True
7.7,5.478117986985965,0.3598054144450102,5.5311268723053875,-0.025799106524642873,-0.045151717686709454,0.7729972023570929,0.8,0.128064403383155,0.2480391890467017,0.33592278502805745,True
7.75,5.511745154165344,0.37893903814637975,5.5694869368993745,-0.025778243179004935,-0.04462726152559143,0.7729998804595355,0.8,0.12807647287184856,0.2483045613383008,0.3360963131083377,True
7.800000000000001,5.545113548338612,0.39852099790608053,5.607847660865409,-0.025734435735415232,-0.04408528302591408,0.7730038382705842,0.8,0.1280886908475552,0.24866993178627564,0.33629792580722,True
7.8500000000000005,5.578216360383124,0.418549375594844,5.646209435519692,-0.025665911237181205,-0.043518544766172895,0.7730090442652038,0.8,0.12810117013094022,0.24910748342766806,0.3365315080855674,True
7.9,5.611046643349063,0.43902232856924195,5.684572669034266,-0.02557067684977225,-0.04292044298705743,0.7730154810240101,0.8,0.12811257145076158,0.24961120596118097,0.3368009826178804,True
7.95,5.643597386876055,0.45993793530992605,5.7229377783902695,-0.02544668811456627,-0.04228553504429622,0.7730229785197266,0.8,0.12812185341989993,0.25017120859142955,0.33710998780901735,True
8.0,5.675861480884495,0.48129424231752294,5.761305187654739,-0.025291787067031526,-0.041609189440743766,0.7730312539931653,0.8,0.12812887461997644,0.25076289658723877,0.3374620414710118,True
8.05,5.707831781536068,0.5030891443718516,5.799675321331707,-0.025103835404390658,-0.0408879059634395,0.7730400192206793,0.8,0.12813165442798694,0.2513715102364766,0.3378603141726775,True
8.1,5.739501159651032,0.5253203059203273,5.838048596744716,-0.024880803059443797,-0.040119987856122696,0.7730487702418438,0.8,0.1281300545376684,0.2519841819342351,0.3383073442305364,True
8.15,5.7708624995527655,0.5479851695211692,5.876425420285193,-0.02462075659253475,-0.03930472206203606,0.773057006375815,0.8,0.12812355295311648,0.25257644605084023,0.3388052877736471,True
8.200000000000001,5.801908761912786,0.57108087595132,5.914806183215367,-0.024321956642096545,-0.038442824380516494,0.773064186188106,0.8,0.12811101641009412,0.25312372036201247,0.3393556908375355,True
8.25,5.832633069543867,0.5946041597043239,5.953191253247012,-0.023982988724889822,-0.03753714422714183,0.7730696590825656,0.8,0.12809324372499006,0.25362667406498673,0.3399591518559417,True
8.3,5.863028687297371,0.618551414472337,5.991580977191491,-0.02360269466817887,-0.03659131151679906,0.7730728905494226,0.8,0.12806969324574974,0.25403284121511344,0.34061578422014377,True
8.35,5.893089149194952,0.6429185540217401,6.029975675458014,-0.023180356805500443,-0.03561108011542935,0.773073304359697,0.8,0.12804090343148045,0.2543418112195127,0.34132463862471907,True
8.4,5.922808352674144,0.667700938308284,6.068375638385846,-0.02271581103508829,-0.03460425147101642,0.7730704077550179,0.8,0.12799633992150833,0.25764684665826254,0.34208361070788895,True
8.450000000000001,5.952169401458636,0.6929075142518338,6.106781702222202,-0.02219144161765828,-0.03345625733107671,0.7730625211005598,0.8,0.1279554421865499,0.25735019886943067,0.34294385458894217,True
8.5,5.9811636388053815,0.7185356038902886,6.145194213233392,-0.02160373881831681,-0.03219135382305949,0.7730502531085358,0.8,0.12791495294286537,0.2567944017652453,0.3439018424099144,True
8.55,6.009797164617479,0.7445647055438911,6.183612867314744,-0.02097219622802369,-0.03096248585870298,0.7730338166391769,0.8,0.1278769039589033,0.2560301266708329,0.3448933271429507,True
8.6,6.038067028407213,0.7709865073575215,6.2220379097353575,-0.020301038417003228,-0.02978850283173773,0.773013648990545,0.8,0.12783979106277138,0.25505675143631723,0.34590854019652784,True
8.65,6.065970788368503,0.7977924586176123,6.260469581363262,-0.01959489894148441,-0.028685957718884714,0.7729899987322122,0.8,0.12780509385398986,0.2539077819647102,0.34693796676032307,True
8.700000000000001,6.093506552006211,0.8249737526329037,6.2989081082197504,-0.018858867192821944,-0.027670323450281198,0.7729632743252298,0.8,0.12777442711909448,0.2524576826306618,0.34797194526604647,True
8.75,6.120673436271566,0.8525208798473133,6.337353684106247,-0.018099136012534076,-0.02676052202029211,0.772934053531505,0.8,0.12774887501277696,0.2507594358647317,0.34899869270140826,True
8.8,6.147471688323163,0.8804236044875293,6.375806466482656,-0.017323109738692787,-0.025978443639741,0.7729030162711683,0.8,0.12773035963847568,0.24877075632964782,0.35000433791958163,True
8.85,6.173902409065746,0.9086713517160557,6.414266584455481,-0.016538943769001467,-0.025345343060518388,0.7728710366487791,0.8,0.12772007414681544,0.24640248783951335,0.350974442252292,True
8.9,6.199968176775102,0.9372526522693648,6.452734110556223,-0.015756389265044725,-0.024887820444865708,0.7728390921747448,0.8,0.12771878183789845,0.24374426270626615,0.351891401838896,True
8.950000000000001,6.2256727152082645,0.9661555858971046,6.491209060281781,-0.014986258011813428,-0.024632292162044322,0.7728082106588171,0.8,0.127728089483008,0.24064538373327848,0.35273661094892206,True
9.0,6.2510211073717565,0.9953676525287317,6.529691368540194,-0.014240679567797208,-0.02460747978720823,0.7727795648378022,0.8,0.1277478587679591,0.23714044822510416,0.35348948008295933,True
9.05,6.27602021599124,1.0248754713072727,6.568180852012584,-0.013533628059337978,-0.024846580197627754,0.7727542671785034,0.8,0.12777897084848255,0.23326030189036706,0.35412627943319785,True
9.1,6.300678011371678,1.0546654927491765,6.606677199160506,-0.012879960620725361,-0.02538025945682132,0.7727334888368508,0.8,0.12782155826341707,0.22884277784044915,0.354623169251441,True
9.15,6.325004347320678,1.0847233532496983,6.645179907444662,-0.012296441030850803,-0.02624412884330407,0.7727183717639026,0.8,0.12787491062348527,0.22402038376652972,0.35495299209481096,True
9.200000000000001,6.349010776786644,1.1150341250848306,6.683688239314927,-0.01180145080224428,-0.0274747830516191,0.7727099333473176,0.8,0.12794028489449624,0.21856346600004398,0.35508674122239386,True
9.25,6.372710784132376,1.1455821871098617,6.72220115839587,-0.011415263609838903,-0.02911257596687333,0.7727092962770186,0.8,0.12801302383146562,0.21269018022015146,0.3549924902846151,True
9.3,6.396119675407883,1.1763513687538982,6.760717255163662,-0.011159881029660364,-0.031198064648868318,0.772717007716148,0.8,0.12809580396984224,0.20639561223614905,0.35463662431587306,True
9.35,6.419253413851078,1.2073259116722925,6.799234714390342,-0.011057533059053787,-0.033763159247745866,0.7727339003934303,0.8,0.12819832142874962,0.19983930790481427,0.35398795387357185,True
9.4,6.442128699502772,1.2384903938694656,6.837751284783383,-0.01113079713008335,-0.03683357046620283,0.7727618850996854,0.8,0.1282991240588335,0.1924041841216887,0.35301689082278565,True
9.450000000000001,6.464765433595755,1.2698277525706805,6.876264054772829,-0.011405759512173853,-0.04045273452346776,0.7728003451537705,0.8,0.12842052967452353,0.18172655036361857,0.3516853173946921,True
9.5,6.487199119353152,1.3013100910041482,6.9147686332356955,-0.01192743375988917,-0.044780673604740806,0.772851241276815,0.8,0.12852747065328057,0.17363823995213856,0.3499024616409355,True
9.55,6.5094560209661845,1.3329177750746872,6.953260094535633,-0.012728442097854783,-0.04984067832210648,0.7729124466099727,0.8,0.1286349864317578,0.1651749494108035,0.3476302279089046,True
9.600000000000001,6.531547934231268,1.364642391857719,6.991733420287736,-0.013823062128804457,-0.05554358708516039,0.7729836359580169,0.8,0.12873327095495476,0.15601301621941374,0.3448817419310057,True
9.65,6.553500336540685,1.3964657436647587,7.030181866600898,-0.015242292081020306,-0.06192895190596648,0.7730633741440253,0.8,0.12882812534351137,0.14633662088578267,0.3416161867690666,True
9.700000000000001,6.5753410398201595,1.4283684990784884,7.068597372821047,-0.017019563421951656,-0.06904108584794189,0.7731509441902833,0.8,0.12891769036662756,0.1361954474106567,0.33778931911035837,True
9.75,6.597098408013042,1.4603314197081405,7.106970561375321,-0.0191885462888579,-0.07691503126919008,0.7732454434368752,0.8,0.129262824531854,0.13659053699359153,0.33335976929866606,True
9.8,6.618751103468715,1.492371108040269,7.145350065969085,-0.021716862472953118,-0.08266726321105676,0.7733758559898741,0.8,0.12946398759147282,0.12443182829451266,0.3291857893156387,True
9.850000000000001,6.640316923599071,1.5244767242510622,7.184253364676163,-0.024042047905522716,-0.06562350736932887,0.7735243429126921,0.8,0.1294221075170129,0.11087293610162541,0.3317508125101711,True
9.9,6.661881163522829,1.5565900829375652,7.223216760654383,-0.025860655353277556,-0.0495659796755773,0.7736624038512534,0.8,0.12930468119858693,0.09616217881638887,0.3345777934197002,True
9.950000000000001,6.683488481850399,1.5886807135935266,7.262225093518046,-0.027225568942418385,-0.03459978004091224,0.7737817880264993,0.8,0.12927721173993661,0.08208552698522817,0.3375751606841606,True
10.0,6.705177130591929,1.620722538300111,7.301266134419414,-0.028182244965396078,-0.0207491435251842,0.7738934979885551,0.8,0.12898465878266166,0.05865457235111332,0.34068260855429955,True
10.05,6.727023305069084,1.6526626766908392,7.340328846362262,-0.028822821169905442,-0.008359397154368176,0.7739674887207106,0.8,0.12895101875229079,0.04667969204020565,0.3436988342352203,True
10.100000000000001,6.7490672329509565,1.6844719414664353,7.379406145873455,-0.029196583184577452,0.0026490338953500947,0.7740348211319712,0.8,0.12902922495866886,0.03493530925156743,0.3450170932547022,True
10.15,6.7712931920896136,1.716159840663143,7.41849279941789,-0.02928490610175809,0.012731438715719579,0.7741085471892063,0.8,0.12905565527297042,0.023155843626596024,0.34194408920757374,True
10.200000000000001,6.793729189241653,1.7477056172678664,7.457583859069585,-0.029122421310383506,0.021893192521899363,0.7741824987894894,0.8,0.12904901483613984,0.011448981325085369,0.3394057757305746,True
10.25,6.816403328268052,1.7790872998709655,7.496675280097672,-0.028744603489367318,0.030133813397346665,0.7742528825721259,0.8,0.12901076751579602,-0.00017211557173278243,0.3373637569591482,True
10.3,6.83934252438655,1.8102825588636362,7.535763871737281,-0.028186229612150157,0.03745772308213957,0.7743162167661091,0.8,0.12885055866094824,-0.012349047468091673,0.3357791102936763,True
10.350000000000001,6.862575647059245,1.8412660450149918,7.57484710697629,-0.02748550042167717,0.04384488433639511,0.7743588119640807,0.8,0.128780803736946,-0.02332043739042516,0.3346168698206853,True
10.4,6.886126602045769,1.8720146458960418,7.613923072420668,-0.02667537124612126,0.04931944177041214,0.7743918069445914,0.8,0.1287123408750604,-0.033848017567141196,0.33383468673738703,True
10.450000000000001,6.9100127725899965,1.9025092012688858,7.652990446512147,-0.025781284185037036,0.0539448937243483,0.7744157141167595,0.8,0.12863036235566674,-0.04386970584002001,0.33338668599861704,True
10.5,6.9342524813246165,1.932728770401739,7.692048497575737,-0.02483058621830897,0.05775773257417749,0.7744293319189202,0.8,0.1285410673189572,-0.05321985826638817,0.33323334241410274,True
10.55,6.958861208286431,1.9626533681411447,7.731096765956243,-0.023847886191689725,0.06080339729456119,0.7744322138626405,0.8,0.12844954080578835,-0.06183479666402028,0.3333356246682787,True
10.600000000000001,6.98385131489049,1.992264336764217,7.770134975572577,-0.02285463087505616,0.06313661768713164,0.774424512346076,0.8,0.12836236915923127,-0.06961640413140861,0.3336553059934324,True
10.65,7.009232185661692,2.021544439411907,7.809162991479711,-0.0218691768142195,0.06481884247466174,0.7744071276955751,0.8,0.12829121968147822,-0.07633588119758439,0.33415560545189754,True
10.700000000000001,7.035009396029085,2.0504788031046766,7.848180728158278,-0.020905566047854485,0.06592442648917418,0.7743822611946026,0.8,0.12823592989599109,-0.08205628364515226,0.33480058694024883,True
10.75,7.061185130996557,2.079054902617899,7.887188148112257,-0.019973866960644394,0.06653457088810477,0.7743520119057486,0.8,0.12819348048055226,-0.08686415693723043,0.33555651793250985,True
10.8,7.087759594855178,2.10726160944034,7.9261853261888655,-0.019081865946015207,0.06672477245390518,0.7743180536276324,0.8,0.12816148456062232,-0.09084657542006569,0.3363937373911594,True
10.850000000000001,7.114731361936446,2.1350890238869327,7.9651724331679645,-0.018235443121867867,0.06656377631651744,0.7742817234276566,0.8,0.12813803664407927,-0.09408868634220305,0.33728652973001194,True
10.9,7.142097627540659,2.1625283694133968,8.004149719042296,-0.017438829444202657,0.0661135968443276,0.7742440895253384,0.8,0.12812171019961655,-0.09666962638708856,0.33821282231363303,True
10.950000000000001,7.169854421794995,2.1895719016582027,8.043117499144202,-0.01669482412563493,0.0654298027081931,0.7742060163198162,0.8,0.12811126791929894,-0.09866570451111503,0.3391538576412547,True
11.0,7.197996802468533,2.2162128192309227,8.082076142790099,-0.016004993418729428,0.06456202199631933,0.7741681937900164,0.8,0.12810570267209814,-0.10014923082592349,0.34009382970337687,True
11.05,7.226519039954704,2.2424451636339966,8.121026064411828,-0.015369869520671015,0.06355383636872447,0.7741311704636523,0.8,0.1281041644618759,-0.1011853099048417,0.3410197033194022,True
11.100000000000001,7.255414768547721,2.2682637342641816,8.15996771443474,-0.014789113550103497,0.06244344980287009,0.7740953767742488,0.8,0.12810589770643394,-0.10183587730982988,0.34192085154718,True
11.15,7.284677120773573,2.2936640048558994,8.198901570841192,-0.014261664557594943,0.06126414980495153,0.7740611403524251,0.8,0.12811025484970842,-0.10215742611401267,0.342788770609218,True
11.200000000000001,7.314298852182109,2.3186420348868593,8.237828131856634,-0.013785884797121428,0.06004440403334299,0.7740287022932306,0.8,0.12811666858313817,-0.1022018788672085,0.34361690649099585,True
11.25,7.344272444002554,2.34319439047175,8.276747908563376,-0.013359682484007762,0.05880843253084045,0.7739982296260001,0.8,0.12812462827170268,-0.10201575992462565,0.3444003685637299,True
11.3,7.37459018997828,2.3673180705478116,8.315661417868965,-0.012980619754321583,0.057576601483266265,0.7739698246122666,0.8,0.12813680046069117,-0.10165774858890754,0.3451357104464934,True
11.350000000000001,7.405244336640568,2.3910103721195695,8.354569190286197,-0.012646100772273253,0.0563649125388046,0.7739438907950753,0.8,0.12815776352866892,-0.10118816029377097,0.34582089298221497,True
11.4,7.436227262322582,2.4142687081181577,8.393471795907779,-0.012353619371831354,0.05518474552619834,0.7739213403505155,0.8,0.12818561726429853,-0.10063197965977708,0.34645511523234906,True
11.450000000000001,7.467531470781785,2.4370906057943773,8.432369842875621,-0.012100749646588454,0.05404425484235842,0.7739028333852147,0.8,0.12822109417972616,-0.10005615739102315,0.34703842358623016,True
11.5,7.499149676000378,2.4594735728554595,8.471263975268172,-0.011885297522346891,0.052947691946778286,0.7738890887896265,0.8,0.12826330966263538,-0.09948488783925404,0.3475717597527462,True
11.55,7.53107488435913,2.4814149539550643,8.510154875445194,-0.011705459162124728,0.051895796706217356,0.7738806969454285,0.8,0.1283107627848295,-0.09893952426277824,0.3480566922057823,True
11.600000000000001,7.563300283846978,2.502912022362885,8.549043245715406,-0.01155967728835718,0.050887433212714495,0.7738780540708463,0.8,0.12836199351204164,-0.09847268327970517,0.34849508780094207,True
11.65,7.595819358904635,2.5239617729498107,8.58792980973367,-0.011446873057531934,0.049918644655008955,0.7738813742662122,0.8,0.12841635630547896,-0.09807447496632495,0.3488891556634669,True
11.700000000000001,7.628625832703871,2.5445609403228575,8.626815303187449,-0.011366396129436154,0.048983777218745916,0.7738907896309096,0.8,0.12847130102082852,-0.09777701134093209,0.349241172350922,True
11.75,7.6617135913561984,2.5647060483275284,8.665700461324608,-0.011317940497642606,0.048076118524796214,0.773906135410536,0.8,0.12852540961079215,-0.09758604001126495,0.34955338130531455,True
11.8,7.695076736723461,2.5843932712012085,8.704586016676428,-0.011301689874482665,0.047187697858004696,0.773927090814425,0.8,0.12857839166494625,-0.097487109097443,0.3498279059444409,True
11.850000000000001,7.728709439146167,2.603618605854263,8.743472686547674,-0.011318094772239806,0.04631071787018681,0.773953313978989,0.8,0.12862609532863153,-0.097498919765336,0.3500665566287396,True
11.9,7.762605940540471,2.622377817225554,8.782361166314029,-0.011367923151134739,0.045437282500378706,0.7739840008683703,0.8,0.12866901788564203,-0.09760088862514865,0.3502708588995345,True
11.950000000000001,7.7967605240637985,2.6406664380116767,8.821252122545374,-0.011452248544091652,0.04455958333851939,0.7740184348563877,0.8,0.1287047436589267,-0.09778101155630045,0.35044201105730927,True
12.0,7.831167395539532,2.6584799355981867,8.860146183006044,-0.011572250483511941,0.04367111925825162,0.7740556500572099,0.8,0.12873055183185397,-0.09803405451572662,0.3505807284378336,True
12.05,7.865820687325909,2.6758136716303884,8.899043928373374,-0.011729256771644495,0.042765972489898885,0.7740944058729018,0.8,0.1287478792927906,-0.09833699574957884,0.35068741133644044,True
12.100000000000001,7.900714408030448,2.69266297959099,8.937945889485281,-0.011924656828759346,0.04183942535729568,0.7741336732285008,0.8,0.12875219700718757,-0.09867004086798649,0.3507620516115035,True
12.15,7.935842370307409,2.7090232880066067,8.9768525370228,-0.0121597650631823,0.0408885411452215,0.7741719438236029,0.8,0.12874465328680257,-0.09902169999587812,0.350804199268098,True
12.200000000000001,7.971198189398941,2.7248901250188995,9.01576427627505,-0.012435822480657853,0.03991147109213511,0.7742078980391015,0.8,0.12872494880385402,-0.09936762668617125,0.35081316199670265,True
12.25,8.00677526098966,2.74025919285202,9.054681450692843,-0.012753926157729632,0.03890793205012377,0.7742402321186271,0.8,0.128690510241254,-0.09967942118075108,0.35078793561034627,True
12.3,8.042566696683084,2.7551265205908315,9.093604330805103,-0.013114869686772543,0.037879582889287444,0.7742673973448144,0.8,0.12864459465323272,-0.09995792327400069,0.35072725262873716,True
12.350000000000001,8.078565370874568,2.76948842459811,9.132533121880185,-0.013519204262315902,0.03682938091823962,0.7742882765588209,0.8,0.12858490727135377,-0.10014935524209166,0.3506297078583706,True
12.4,8.114763870456928,2.783341681772072,9.171467962545371,-0.013967064784520304,0.03576217122997577,0.7743015324392082,0.8,0.12851360240531207,-0.1002508319903523,0.3504937590044942,True
12.450000000000001,8.151154470959385,2.796683666733812,9.210408921759647,-0.014458038570582981,0.03468525141551432,0.7743061250001577,0.8,0.12843272800293445,-0.10025113399432227,0.3503176913324455,True
12.5,8.187729250430566,2.809512203086782,9.249356018486534,-0.014991348946741805,0.03360631801117164,0.7743012881215029,0.8,0.12834171577077733,-0.10007918274025573,0.3501000331386537,True
12.55,8.224479966966202,2.8218259666556347,9.28830921152879,-0.01556543695605913,0.032536410730720895,0.7742862197421595,0.8,0.12824460238460328,-0.09977098605076497,0.3498391117162235,True
12.600000000000001,8.261398156522816,2.83362440005131,9.327268412853781,-0.01617807619995675,0.03148797119720592,0.7742606101898556,0.8,0.12814208526497703,-0.0992478287436097,0.34953350482263096,True
12.65,8.298475172621627,2.844907770299963,9.366233497309942,-0.016826330656515474,0.030475019507161583,0.7742242413310327,0.8,0.1280367668202772,-0.09849289675535995,0.3491820304153563,True
12.700000000000001,8.335702102619189,2.8556775886900647,9.405204295176468,-0.01750612761179449,0.029515543291431467,0.7741772010790422,0.8,0.12793152862779267,-0.09753000656008286,0.34878347277085275,True
12.75,8.373069996168644,2.8659361790937354,9.44418061657107,-0.01821273416355917,0.0286269989269356,0.7741199037043351,0.8,0.1278277411949739,-0.09623573051493424,0.34833742394506895,True
12.8,8.410569745067505,2.8756872402355946,9.483162238374128,-0.0189401779864529,0.02783095297783089,0.7740529045071436,0.8,0.12772849542644268,-0.09467272176003426,0.3478435029960991,True
12.850000000000001,8.448192166793644,2.884935864040712,9.52214890683136,-0.019681245315438706,0.02715123182068896,0.7739770913334202,0.8,0.12763548942001185,-0.09277069674446259,0.34730190107594483,True
12.9,8.485928168953723,2.8936882479188317,9.561140345719938,-0.020427792067966473,0.026611980492888324,0.7738935125587644,0.8,0.12755097456418454,-0.09047169863668196,0.34671364232821805,True
12.950000000000001,8.523768613321039,2.9019524415931803,9.600136229523121,-0.02116997532528218,0.026242317775950597,0.7738034343177627,0.8,0.1274762934101697,-0.08785417805096618,0.3460799895618223,True
13.0,8.561704576435448,2.909737709185432,9.639136189554437,-0.02189692230995109,0.026070486453506514,0.7737082282454686,0.8,0.12741331753116608,-0.08475263422893763,0.3454034972761554,True
13.05,8.599727287743383,2.917055024358218,9.678139783204909,-0.0225962195062069,0.026128047153996605,0.7736094280332065,0.8,0.12736798871250085,-0.08112668958912164,0.34468729813921256,True
13.100000000000001,8.637828023762053,2.9239179863360065,9.717146459327314,-0.02325298010055581,0.026454624840171522,0.7735091890966442,0.8,0.12733016783877604,-0.0771982234907094,0.3439346506400263,True
13.15,8.67599861329275,2.930340888473306,9.756155555342087,-0.02385182103974088,0.02708250867570472,0.773408424733661,0.8,0.1273059126754413,-0.07273453895452192,0.34315149570585773,True
13.200000000000001,8.714231291535846,2.9363393708189096,9.795166224255418,-0.024376177656618023,0.02804439094370279,0.7733087068364339,0.8,0.1272957044442431,-0.06785984950916438,0.34234488226040183,True
13.25,8.752518608824532,2.9419312018249295,9.834177382071058,-0.024807503428688576,0.02937686351359528,0.7732116027580682,0.8,0.12730027065238608,-0.062399865582323306,0.34152275661730197,True
13.3,8.790853563980063,2.9471359215333734,9.873187660562579,-0.02512562968247672,0.031118454805964396,0.7731187036996658,0.8,0.1273189138422542,-0.056421854573983805,0.3406941982971723,True
13.350000000000001,8.829229558435854,2.951975372002885,9.912195319683452,-0.025308221136134214,0.03331169552940508,0.7730314607602427,0.8,0.12735073081931605,-0.05030379057727355,0.33986938285859203,True
13.4,8.867640905164324,2.956470603568705,9.951198270076523,-0.025333897625051807,0.035981233321945916,0.772951166727456,0.8,0.12739660519332166,-0.04320150300994282,0.33906288863375766,True
13.450000000000001,8.906082130556552,2.960646169386945,9.990193856613903,-0.02517787623138429,0.03916994713718225,0.772879166580258,0.8,0.12745426741970325,-0.03562469198370695,0.3382875046218624,True
13.5,8.94454799908786,2.9645306911007,10.029178708533022,-0.024811411440616105,0.04293348864886096,0.7728164946714531,0.8,0.12752146553256502,-0.027445266358876987,0.33755644701464516,True
13.55,8.98303410318808,2.9681526209803195,10.068148767949724,-0.024206070268077712,0.04731221846135328,0.772763888518167,0.8,0.1275964897597332,-0.018703342451496876,0.3368873193824633,True
13.600000000000001,9.02153648223973,2.971542622767649,10.107099069367882,-0.023331328831652867,0.05234947585453821,0.7727218620984891,0.8,0.12767750593409166,-0.009511211728844369,0.3362992173522502,True
13.65,9.06005174049333,2.9747322491276225,10.146023664094571,-0.022155910451370137,0.05808227199948637,0.7726907000780413,0.8,0.12776230858488932,0.0002992925932325899,0.3358141399569958,True
13.700000000000001,9.098576877552341,2.9777548422468376,10.184915435264172,-0.020646892507022892,0.06454966886430767,0.7726704239940261,0.8,0.12784925000866337,0.010543928225037306,0.335455492238858,True
13.75,9.13710924596468,2.980645345754996,10.22376595180252,-0.018769917448703426,0.0717892016818278,0.7726608660423436,0.8,0.12793587368320422,0.021274977682613404,0.33524896618631483,True
13.8,9.175646545660602,2.9834394436161764,10.26256537436031,-0.016490084554699486,0.07983307757932044,0.7726615836728216,0.8,0.12801963561538657,0.032492678745206637,0.3352227900711356,True
13.850000000000001,9.214186630524013,2.9861745200946936,10.301136137473602,-0.013879434622900177,0.07669227719260624,0.7726718599740849,0.8,0.12805371904575405,0.04470285095696338,0.33873270745577017,True
13.9,9.252727069591096,2.9888922645148575,10.33954418932419,-0.011639164218680918,0.06077556726731656,0.7726856474038419,0.8,0.1281252171914679,0.05662758098330232,0.34555238555064544,True
13.950000000000001,9.291265672181927,2.9916324795776377,10.378001988741481,-0.009870697865370079,0.04578586512026985,0.7727070946946196,0.8,0.12819329152280953,0.06877319798358116,0.3516666495569493,True
14.0,9.32980060577941,2.99443103685906,10.416497601624041,-0.008538940810094982,0.03172437344469564,0.7727355197025629,0.8,0.12825236247784558,0.08109689159038676,0.35710339762688825,True
14.05,9.368329609315596,2.9973265778947993,10.455020593684878,-0.00760578739467991,0.018610062116006437,0.7727696275771211,0.8,0.12829971720290614,0.09363444648329715,0.3618889884699631,True
14.100000000000001,9.406850035197925,3.0003582789343834,10.493562120032834,-0.007032395446459945,0.006461242345319432,0.7728078620539327,0.8,0.12833780117508123,0.106181780370677,0.3660512381483794,True
14.15,9.445358793586973,3.0035649681714895,10.53211485170424,-0.006780102284352593,-0.004710700697030072,0.7728490056955342,0.8,0.1283622013787423,0.11879911270740473,0.36682221169929574,True
14.200000000000001,9.483852247134179,3.006984885289051,10.57067284137581,-0.00681068804601187,-0.014900321833784523,0.7728913821619043,0.8,0.1283747944728469,0.13135726640326514,0.3637779560893134,True
14.25,9.52232606673335,3.010656011828312,10.60923139006396,-0.00708605683599081,-0.024105148712918023,0.7729335934147108,0.8,0.12837701922975386,0.14373022622999373,0.3607917216762983,True
14.3,9.560775245117544,3.014614808791045,10.647786900706162,-0.0075695087104558694,-0.03233293903871397,0.7729744590670943,0.8,0.1283678819564439,0.1558911615679593,0.35789461447239723,True
14.350000000000001,9.599194008104092,3.018896395150632,10.686336724496524,-0.00822555824934526,-0.03959762415642713,0.7730127297690021,0.8,0.1283496529325604,0.16771731137036666,0.3551150059249796,True
14.4,9.637575775242604,3.0235343650367423,10.72487901656931,-0.009020109418784956,-0.04591923809003064,0.7730474633623294,0.8,0.1283234783832858,0.17910871272943676,0.3524784320337974,True
14.450000000000001,9.675913204747895,3.028560077214095,10.763412577138812,-0.009921156616203639,-0.051326675968039706,0.773077884602726,0.8,0.1282906490253827,0.18998615796585963,0.35000612853762764,True
14.5,9.714198211983328,3.0340025510244497,10.801936716826834,-0.010898874623547213,-0.05585607261946825,0.773103395369933,0.8,0.1282533503672294,0.20026415155786623,0.3477154397121735,True
14.55,9.752422028315443,3.0398882623759618,10.840451136207864,-0.011925809050777076,-0.05955021476856487,0.7731236703529123,0.8,0.12821412815418146,0.20978218449904987,0.3456198024165489,True
14.600000000000001,9.790575365836562,3.046240408414182,10.878955789688689,-0.012977604615400911,-0.062461728180170345,0.7731386879294154,0.8,0.12817384794466014,0.21850913763193755,0.3437270849859496,True
14.65,9.828648550707506,3.0530787867251847,10.917450791377977,-0.01403312104631321,-0.06465094406248609,0.7731485263655778,0.8,0.12813625816697652,0.22631185702624337,0.3420400649385933,True
14.700000000000001,9.866631683010938,3.0604197135588276,10.955936346171086,-0.01507451722637226,-0.0661849207307448,0.7731536899409147,0.8,0.12810530259987754,0.23301427802954466,0.3405565869889874,True
14.75,9.904515007253679,3.068274906067895,10.99441263565951,-0.016088394434638244,-0.06714302886479967,0.7731551151457486,0.8,0.12807940475744392,0.23869863159046148,0.33926676174147863,True
14.8,9.942289022951707,3.076652223117141,11.032879822897671,-0.01706507326653866,-0.06760857520592423,0.7731535225470343,0.8,0.1280579145807776,0.24345611686401805,0.3381560472148155,True
14.850000000000001,9.979944392199572,3.0855571754389493,11.071338115444394,-0.017997086589217032,-0.06765821134611172,0.7731495309948672,0.8,0.12804023207199092,0.24737652642970356,0.3372097449752159,True
14.9,10.017471993420738,3.0949932476171256,11.109787761429729,-0.01887887043684279,-0.0673615935075704,0.7731436672076414,0.8,0.12802581682594213,0.2505464897793467,0.3364133547708462,True
14.950000000000001,10.05486296785544,3.10496215949027,11.148229044961315,-0.019706516253710483,-0.06678152522470515,0.7731363760851883,0.8,0.1280143042903969,0.25304885559494794,0.335752742252325,True
15.0,10.092108753851305,3.1154641072887075,11.186662282744706,-0.020477543359166215,-0.06597413952600045,0.7731280439360768,0.8,0.1279734757365621,0.2572261456007788,0.3352142864740214,True
15.05,10.129197819785979,3.126510566132088,11.225088572182331,-0.021177708482302257,-0.06489986160038985,0.7731153552915795,0.8,0.12798363481578745,0.2582755802289561,0.3348237180939659,True
15.100000000000001,10.16612105230716,3.138101736302303,11.263508415369621,-0.021804146749322368,-0.06361638084571491,0.773104310387827,0.8,0.12800933672330672,0.25658886217356214,0.33456738469710956,True
15.15,10.20287771865396,3.150208835508154,11.301920722266477,-0.022383987918804173,-0.06235581356202379,0.7730966256217054,0.8,0.12799244945719399,0.25714770832547457,0.33435127137058585,True
15.200000000000001,10.239462172208064,3.162824512114632,11.340325790196434,-0.02292233291410958,-0.06113775087480238,0.7730872996522217,0.8,0.12799207238875843,0.25744920630159707,0.3341646060885738,True
15.25,10.275864168335685,3.175956667464348,11.378724800186681,-0.023408279873901573,-0.059883676931473555,0.7730782841419067,0.8,0.1279905534447039,0.25748426037175093,0.3340409575584249,True
15.3,10.31207694889805,3.1896009151866354,11.417118201457598,-0.023843576319735844,-0.058614569473020295,0.7730694366382351,0.8,0.12798985727048837,0.2572860608187732,0.3339725309172512,True
15.350000000000001,10.348094116310655,3.2037521666731874,11.455506420103289,-0.024230646260227532,-0.0573503626539828,0.7730608449255286,0.8,0.12799002285702682,0.256909107095244,0.33395114180132457,True
15.4,10.383909528974058,3.218405048696621,11.493889882151148,-0.02457216620794244,-0.05610753976363747,0.7730525979221555,0.8,0.12799144900942977,0.2564128694841016,0.33396933816587454,True
15.450000000000001,10.41951720465791,3.2335541893344364,11.532269023263378,-0.024870768518121117,-0.05489803004696109,0.7730448268150623,0.8,0.12799444625041348,0.25582184716043466,0.33402101996923783,True
15.5,10.454911309978042,3.24919422481591,11.570644283576685,-0.02512903584699337,-0.0537304873990141,0.7730376933542265,0.8,0.1279983159562755,0.25519900166945775,0.33410107855548854,True
15.55,10.490086100483595,3.265319921522649,11.609016107667438,-0.025349369901255032,-0.052610063872863655,0.7730312732065792,0.8,0.12800334291178014,0.2545744353964265,0.33420559685960594,True
15.600000000000001,10.525035831055458,3.281926344384119,11.647384948378381,-0.025533805415902944,-0.051538189278898194,0.7730256717618775,0.8,0.1280096339153632,0.253963664411855,0.33433210258546764,True
15.65,10.559754791109919,3.299008716024955,11.685751257189354,-0.025684156392359703,-0.05051454252568444,0.7730210026369324,0.8,0.12801668784857984,0.25342477190541596,0.3344788526878858,True
15.700000000000001,10.594237195979948,3.3165626154631807,11.72411549268487,-0.025801793041982525,-0.04953585447301168,0.7730173177932055,0.8,0.12802525394079656,0.2529520324419056,0.33464540541934173,True
15.75,10.628477155661788,3.3345839797274976,11.762478121138244,-0.02588762918323913,-0.04859675057381169,0.7730147529651227,0.8,0.12803505656233385,0.2525690182763318,0.3348323899669728,True
15.8,10.662468716877308,3.353068958664575,11.800839611205607,-0.025942272556901493,-0.047691267708554586,0.7730134071981686,0.8,0.12804589395465962,0.25229734440896745,0.33504091629613153,True
15.850000000000001,10.696205755747913,3.3720140849575775,11.839200443565897,-0.025965825732855663,-0.046811473220716604,0.773013352693614,0.8,0.12805820973655888,0.252116277289405,0.33527317592557876,True
15.9,10.729682038799503,3.391416096554439,11.87756110497389,-0.02595807206952896,-0.04594954819189361,0.7730147096835615,0.8,0.12807086125518724,0.25204808455802963,0.3355316507515267,True
15.950000000000001,10.7628912144381,3.411271912979492,11.915922088262358,-0.02591849223666215,-0.04509764272750372,0.7730174630754648,0.8,0.12808367655151143,0.252079932917442,0.3358191383195438,True
16.0,10.7958267623266,3.4315786858963966,11.954283894608066,-0.025846194667027145,-0.044247295563802025,0.7730215786694363,0.8,0.12809621762776333,0.2521951565408467,0.33613899022078,True
16.05,10.82848208915711,3.452333590831512,11.992647024871593,-0.02574014239731521,-0.04339157301094276,0.773026973436732,0.8,0.12810678846011503,0.2523952892134831,0.3364942624584517,True
16.1,10.86085050188874,3.473533849917296,12.031011978276268,-0.02559911788836225,-0.042523786146327236,0.7730333734013863,0.8,0.12811538344658233,0.2526586698563528,0.3368881235590025,True
16.150000000000002,10.892925220772982,3.495176686993795,12.069379248781791,-0.025421765721082436,-0.04163828616308496,0.7730405143329863,0.8,0.12812046685821146,0.25296807771735974,0.33732357992097617,True
16.2,10.924699453722335,3.517259193216546,12.10774931738748,-0.02520674304459377,-0.04073091090039238,0.7730479662685582,0.8,0.12812111615472496,0.25331031701995277,0.33780319460742925,True
16.25,10.956166401005758,3.5397783155119193,12.14612264761825,-0.024952728565789124,-0.039798651795355355,0.7730552099705092,0.8,0.1281174485962425,0.25366883477864516,0.3383291747305472,True
16.3,10.98731928224325,3.5627308213001294,12.184499684120414,-0.02465846354510115,-0.03883974738939977,0.7730617593076453,0.8,0.12810792925544132,0.254008763072354,0.33890330252633927,True
16.35,11.018151439269378,3.586113156264214,12.222880844187367,-0.02432292379083896,-0.03785442463972588,0.7730669709231474,0.8,0.12809290414104008,0.25433076714526887,0.3395265461133585,True
16.400000000000002,11.048656344198566,3.609921458573175,12.261266516830378,-0.023945309335717712,-0.03684433696024214,0.7730702654520055,0.8,0.1280724810180567,0.2546006694907116,0.34019923270503827,True
16.45,11.07882763414725,3.6341515426453297,12.29965706437591,-0.023525075058817832,-0.03581229795653462,0.7730710978301348,0.8,0.12804641564861508,0.25478508587518023,0.3409210948141404,True
16.5,11.10865928756382,3.6587986969661745,12.338052813691744,-0.02306219556415607,-0.03476404852906667,0.7730689157100025,0.8,0.1280044102012155,0.2579525729080444,0.34169048766080634,True
16.55,11.138134712219385,3.6838716425686355,12.376454624002616,-0.022539454513425917,-0.033584941857491946,0.7730620091957895,0.8,0.1279657153339605,0.2576124166884141,0.3425581829558742,True
16.6,11.167245224752639,3.7093678030618933,12.414862870821615,-0.021953284507691937,-0.03229608026609909,0.7730509362789285,0.8,0.12792664038618254,0.2570161141114871,0.34352163115728085,True
16.650000000000002,11.195996635344457,3.7352669129054616,12.453277278372026,-0.021322851537007123,-0.03104662493698063,0.7730358114269988,0.8,0.12788945773260144,0.25627236666699976,0.3445180205722529,True
16.7,11.22438579788358,3.761560857609748,12.491698112742183,-0.020652139186861942,-0.029852705958805736,0.7730170048120848,0.8,0.12785265423802938,0.2553125840751938,0.3455386188622743,True
16.75,11.252410014344582,3.788241323427777,12.530125633000605,-0.01994546959901084,-0.028729029831198516,0.7729946993978661,0.8,0.12781742588603706,0.2541952839647227,0.346574763496644,True
16.8,11.28006725303929,3.8152995766382576,12.568560073532058,-0.0192078196249545,-0.02769039209301438,0.7729692080701436,0.8,0.12778562232673252,0.2528230676647259,0.3476171041598417,True
16.85,11.307356255037556,3.84272641491241,12.60700164250178,-0.018444935112113044,-0.026753290769413574,0.7729410435171254,0.8,0.12775840396023125,0.25118044358233926,0.348655016331737,True
16.900000000000002,11.334276953502492,3.870511800613792,12.645450507123472,-0.017663892818551644,-0.02593855519415666,0.7729108317773989,0.8,0.1277374087820976,0.24930253185048742,0.3496752683008275,True
16.95,11.360830085802249,3.8986453773781897,12.683906807129247,-0.01687246839907867,-0.025266326331399802,0.7728793626019728,0.8,0.1277243483343716,0.24704620504277627,0.35066412815552794,True
17.0,11.387017692735016,3.9271160313300606,12.722370632819331,-0.01607981005217147,-0.024760927277817313,0.7728475916690867,0.8,0.1277197415055941,0.24448339458886467,0.3516052629955857,True
17.05,11.412843195030602,3.9559119258108875,12.760842012912667,-0.015296480134677578,-0.024449278304281005,0.7728164978111705,0.8,0.12772522422677468,0.24155720116246018,0.35248016621824985,True
17.1,11.438311073432965,3.98502090726793,12.79932091033469,-0.014533956297852452,-0.024357893823430562,0.7727872099790829,0.8,0.12774129571785225,0.23818138400104416,0.35326954442855224,True
17.150000000000002,11.463427581158028,4.014429903364788,12.837807178722098,-0.01380557667566821,-0.024518658007752103,0.7727608714715084,0.8,0.12776819263101677,0.2344648324535557,0.35395068239633254,True
17.2,11.488200256845877,4.0441254794889465,12.876300548781302,-0.013125819159767495,-0.024962499302565888,0.772738609348045,0.8,0.1278067704362187,0.23023349127714948,0.3545000318614974,True
17.25,11.51263821359575,4.074093637948382,12.914800584195056,-0.012510665538201588,-0.025722917257335665,0.7727216058670655,0.8,0.12785605732908958,0.22554619403234685,0.3548918224999734,True
17.3,11.536752560648385,4.104319525305038,12.953306621867494,-0.011978125804032194,-0.026837656723624148,0.7727108872791019,0.8,0.1279177115597747,0.22031731555474457,0.3550970604906053,True
17.35,11.560556092439757,4.134787790691374,12.991817729250133,-0.011547782962283966,-0.028345505093754553,0.7727076307258236,0.8,0.1279871979762469,0.2146252888662086,0.35508494269355084,True
17.400000000000002,11.584063294455918,4.165482619148722,13.030332632312852,-0.011240789026752887,-0.030285224374815622,0.7727124497333576,0.8,0.12806649179121996,0.20850882215813593,0.3548231945492927,True
17.45,11.607289733119448,4.196388248832883,13.068849662553053,-0.011079076305850595,-0.032690835730590284,0.7727261606213138,0.8,0.12815421398230048,0.20182023898517024,0.35428026196430795,True
17.5,11.63025292556651,4.227488269950485,13.107366651640255,-0.01108648235125967,-0.035600416822438086,0.7727493909415563,0.8,0.1282627777629826,0.19495509409794917,0.3534216306203901,True
17.55,11.652970960444224,4.258766765800244,13.145880941995676,-0.011286968100800713,-0.039041995647233985,0.7727841650224268,0.8,0.1283675004662976,0.1872284001463862,0.3522157599921485,True
17.6,11.675464355067954,4.290206792245695,13.184389182145985,-0.011707017679491252,-0.04305488719361228,0.7728296056997221,0.8,0.12848908223566347,0.1762102248472893,0.3506254709550417,True
17.650000000000002,11.697769762942874,4.321780234318682,13.222886382569234,-0.012392666338242925,-0.047799987504343104,0.7728872379431223,0.8,0.12859602441076406,0.1678282587804511,0.3485589181484409,True
17.7,11.719914458648393,4.3534671940814915,13.261366956719538,-0.013377467333371867,-0.05330055198229422,0.7729549240859499,0.8,0.12870112020077687,0.15894420708157905,0.34597728042841647,True
17.75,11.741911505321049,4.3852586571674275,13.299825184980305,-0.014677024979905348,-0.05947032406721243,0.7730320714686925,0.8,0.1287972997574413,0.14948331897948572,0.34289167808397547,True
17.8,11.76378750379391,4.4171360031276,13.338253496763384,-0.01632342175595591,-0.06634888818236495,0.7731173007216817,0.8,0.12888850303383245,0.13956919223810357,0.3392604482198657,True
17.85,11.785570399777287,4.449080132030063,13.376642987482878,-0.01834996773599188,-0.07397297850097306,0.7732097355666259,0.8,0.12923213713082468,0.14015692701247676,0.33504193296355356,True
17.900000000000002,11.80723839039654,4.481107941945733,13.414989151322143,-0.02072865946648715,-0.08194743614659716,0.773337990536398,0.8,0.12936910501939197,0.12754887188897476,0.3303796596857764,True
17.95,11.828811757558586,4.513206519180445,13.453731233534782,-0.023208337404688736,-0.0712216598606541,0.7734770554997823,0.8,0.12940403325920025,0.11495497998375219,0.3309736069384073,True
18.0,11.850372737892823,4.545319698274911,13.492674217362062,-0.02520090614976805,-0.054889261070350186,0.7736148421218733,0.8,0.12938733872739464,0.10118240892138089,0.3336934226607925,True
18.05,11.871958526779665,4.577422704866752,13.53166740523745,-0.026718006364535498,-0.0395720133167885,0.7737454903198795,0.8,0.12927378345318027,0.0864502823129714,0.33663003157850785,True
18.1,11.893612616858347,4.6094859429955966,13.570697391114013,-0.027811289614599152,-0.025357799092617598,0.773858185527099,0.8,0.12924557219183702,0.07232303983517978,0.33969843762218654,True
18.150000000000002,11.915372642456123,4.641483559779674,13.609753342386288,-0.028525734594385496,-0.012264391794297835,0.7739633750694115,0.8,0.12896304100494818,0.04950725503344065,0.342841233196051,True
18.2,11.937311790098358,4.6733643778423195,13.648825870737127,-0.02895015925068404,-0.000611652762529169,0.7740322394400341,0.8,0.12893202737250437,0.037674037728238415,0.345868203272615,True
18.25,11.95946819409805,4.705100118863425,13.687908879560789,-0.029131689269690522,0.009687571070112644,0.7740949404324823,0.8,0.12899922478212775,0.02603083034437736,0.34299701264485366,True
18.3,11.981827559296596,4.736698791682889,13.72699753632622,-0.029053788556423696,0.019068586642160046,0.7741629508761141,0.8,0.12901888214118248,0.01446396299173244,0.34030590941391303,True
18.35,12.00441699744764,4.768139621399175,13.766087665352792,-0.028750420143795287,0.027539909233023963,0.7742306285999393,0.8,0.12900137717214338,0.0029612822627942733,0.33811866062510254,True
18.400000000000002,12.027263380161143,4.799400790164654,13.805175897790654,-0.02825601270970609,0.035105171771490855,0.7742937332589847,0.8,0.1288563237619017,-0.00915848940625692,0.33639690805233813,True
18.45,12.050395875814665,4.830457224772657,13.844259519674683,-0.027608827348313138,0.04174111578278483,0.7743378420417203,0.8,0.12879733049192935,-0.020125853466757344,0.33510654014474495,True
18.5,12.073838950592608,4.861285878155924,13.883336457730017,-0.026842208149390208,0.04746722603280851,0.7743735246958501,0.8,0.12873660623283756,-0.03069548777647316,0.3342061138147694,True
18.55,12.097610605133626,4.891867573250652,13.922405258673788,-0.025982074555402537,0.05234321159899458,0.7744009030748332,0.8,0.12865950205942908,-0.04080343147633366,0.3336502885938435,True
18.6,12.121729857770685,4.922181279640572,13.961465070744682,-0.025056350687753942,0.05640176324371604,0.774418418066235,0.8,0.12857258489047244,-0.05031965751164033,0.333399975382874,True
18.650000000000002,12.146213137487509,4.9522066916317815,14.000515349447804,-0.024090556090929208,0.059683529835175,0.7744253213012848,0.8,0.12848190810446036,-0.05911544033796399,0.3334165240337768,True
18.7,12.171073768021792,4.981924764042024,14.039555755398567,-0.023107092671316977,0.062239415385110464,0.7744215855825697,0.8,0.1283919228535861,-0.06715891977926364,0.3336617639849201,True
18.75,12.196322162748416,5.011317747823384,14.078586107849866,-0.022125395698713198,0.06412704201916086,0.7744076941237875,0.8,0.12831523857540456,-0.07419031903627002,0.3340988529731646,True
18.8,12.221965181832045,5.040369950896136,14.117606303830764,-0.021160973248697604,0.06541553365882435,0.7743855547576179,0.8,0.12825503768096136,-0.08020153082069756,0.3346918207530138,True
18.85,12.248005941213224,5.069068218449938,14.156616274098068,-0.02022496474186232,0.06618483459609716,0.774357367021281,0.8,0.12820860192773156,-0.0852780220191711,0.33540616428739667,True
18.900000000000002,12.274445238315465,5.097401017070956,14.195616050493125,-0.019325824272031323,0.0665121696752089,0.7743249358260383,0.8,0.12817337257468148,-0.08950617090465975,0.3362110129273068,True
18.95,12.301282163385551,5.125358068797589,14.234605768660995,-0.018470023590145893,0.06646791417596098,0.7742897047029558,0.8,0.12814722920022628,-0.09297031944995325,0.3370795609013112,True
19.0,12.328514351232023,5.152930249864156,14.273585648845327,-0.017662307740730174,0.06611596068871806,0.7742528196941662,0.8,0.12812865423866565,-0.09575137129251654,0.3379886630105782,True
19.05,12.35613820579837,5.180109495698455,14.312555981041726,-0.01690592387540993,0.06551372645958975,0.7742152096463811,0.8,0.12811625760623516,-0.0979280174610039,0.33891857227908323,True
19.1,12.384149110248948,5.20688870060809,14.351517113725034,-0.01620284086778854,0.06471235174831702,0.7741776090537252,0.8,0.12810911587560797,-0.09957000692004313,0.3398526413202684,True
19.150000000000002,12.4125416008098,5.233261633415181,14.39046944318201,-0.015553929889523435,0.06375706223000221,0.7741406188460543,0.8,0.12810622845666705,-0.10074610649157456,0.3407770230768809,True
19.200000000000003,12.441309523988187,5.259222852785657,14.429413404197772,-0.014959131828896771,0.06268772597895113,0.7741047026344684,0.8,0.12810686199942123,-0.1015191571668946,0.3416803343589704,True
19.25,12.470446190596855,5.2847676087799735,14.468349462551668,-0.014417631036471406,0.06153899708293287,0.7740702225106965,0.8,0.1281103054207669,-0.10194726787750474,0.3425534365004577,True
19.3,12.499944498030056,5.309891760742717,14.507278106923495,-0.013927994436753193,0.060340790522557586,0.7740374454519392,0.8,0.12811594754290082,-0.1020830909649963,0.34338915817100457,True
19.35,12.529797036948668,5.334591697781168,14.54619984116179,-0.013488297524238196,0.059118383818038245,0.7740065583662961,0.8,0.1281233473612632,-0.10197352215002277,0.3441821411187095,True
19.400000000000002,12.55999617750893,5.358864269920019,14.585115176863024,-0.013096228344013517,0.057893336374904236,0.7739776906074861,0.8,0.12813250649294608,-0.10166627375977397,0.34492847289947515,True
19.450000000000003,12.59053416361402,5.382706701183062,14.624024629666591,-0.012749209999631122,0.05668344557554906,0.7739509668127369,0.8,0.12814628257439503,-0.10121572612727411,0.34562557993672827,True
19.5,12.62140325079873,5.406116450715888,14.662928729585428,-0.012444590111689104,0.05550226698312444,0.7739268339195836,0.8,0.12816398387741976,-0.10065402549282718,0.3462721804778395,True
19.55,12.652595757463653,5.429091155133957,14.701828022983879,-0.01217971221602776,0.05436014805767042,0.7739056427499773,0.8,0.12818528021383263,-0.10002003601059331,0.3468679177304353,True
19.6,12.684104081402776,5.451628593103908,14.740723064445437,-0.011951948693245529,0.053264369752602736,0.773887693033195,0.8,0.1282101597757348,-0.09935522498424634,0.34741328906936875,True
19.650000000000002,12.715920797262843,5.473726544213927,14.779614419096013,-0.01175886720804812,0.05221925512365799,0.7738732717799103,0.8,0.1282375757530526,-0.09867463378529148,0.3479094510062918,True
19.700000000000003,12.748038636337071,5.4953827836597915,14.818502654434315,-0.011598218803254718,0.05122681980168731,0.7738625353202744,0.8,0.12826671141323692,-0.09801701020872258,0.34835804489450134,True
19.75,12.780450506419676,5.516595021133523,14.857388335032258,-0.011467995714746892,0.05028670441030314,0.7738555405921763,0.8,0.128296937791381,-0.0973946623618722,0.34876116056776196,True
19.8,12.813149521489969,5.5373608217594095,14.896272020716296,-0.01136651046402484,0.049396822022557574,0.7738522703995779,0.8,0.12832763837847577,-0.09681893181066266,0.34912107079776356,True
19.85,12.846128931106252,5.5576776677631985,14.935154257944086,-0.011292303337862051,0.04855403051813977,0.7738526376495792,0.8,0.12835738552744752,-0.0963152200048326,0.34944012941196645,True
19.900000000000002,12.879382165778855,5.577542853954158,14.974035579999436,-0.011244253420247948,0.047753734554740856,0.7738563951778848,0.8,0.12838642630934974,-0.09587566658675761,0.3497207763945537,True
19.950000000000003,12.912902792686504,5.59695351426521,15.012916502813258,-0.011221531871856694,0.04699064864534641,0.7738633334744195,0.8,0.1284131061598038,-0.09551251344111146,0.34996536325830696,True
20.0,12.94668446413275,5.615906667308302,15.051797520029222,-0.01122353625568362,0.046259320377569524,0.7738730616326887,0.8,0.12843704552096843,-0.09522730382891692,0.35017606659175604,True
20.05,12.980720939003392,5.6343991473203205,15.090679103209766,-0.011249961513210865,0.0455536396592171,0.7738851601433991,0.8,0.1284582917120325,-0.0950087707925964,0.35035495970699965,True
20.1,13.015006008264601,5.652427700334141,15.12956169851033,-0.011300680602571144,0.04486812868794465,0.7738992308309586,0.8,0.1284748784040411,-0.09485973507084923,0.350503756579313,True
20.150000000000002,13.049533475927415,5.669988991702129,15.168445723775935,-0.011375730319794795,0.04419735612423381,0.7739146656055914,0.8,0.12848755723013683,-0.09476779300615355,0.3506239961162747,True
20.200000000000003,13.084297143550307,5.687079614068345,15.207331567874599,-0.011475298944364385,0.04353645957782199,0.7739309654707534,0.8,0.12849508949724608,-0.09472306986332911,0.35071690216154133,True
20.25,13.119290758553152,5.703696170694948,15.246219588359565,-0.011599630762219924,0.04288147032261613,0.7739475086143591,0.8,0.12849693230143353,-0.09471471050634996,0.35078338400519565,True
20.3,13.154507998014356,5.71983529719538,15.285110108413997,-0.01174900195501982,0.04222907434521434,0.7739636346972057,0.8,0.12849384402354042,-0.09473409856546286,0.35082412968066845,True
20.35,13.189942458686584,5.735493687607894,15.324003419293238,-0.011923695403820218,0.04157691936529822,0.7739787952340029,0.8,0.1284840265521246,-0.09475727468423262,0.35083954132956213,True
20.400000000000002,13.22558761138806,5.750668190997375,15.362899775420498,-0.01212389655094674,0.040923896980926244,0.7739922567892279,0.8,0.12846841699227687,-0.09478090752313977,0.3508297566151809,True
20.450000000000003,13.261436795026912,5.765355842077675,15.401799393008833,-0.012349665775610039,0.04026981431386312,0.7740034210122728,0.8,0.1284469470483094,-0.09478589416693108,0.3507947715779156,True
20.5,13.297483226644701,5.779553872119882,15.44070245412085,-0.012600934848460855,0.0396156173551247,0.7740117044545627,0.8,0.1284189159059179,-0.09474952673418714,0.3507343785947484,True
20.55,13.33371994830712,5.793259856041619,15.479609099493665,-0.012877353023392903,0.03896368329297406,0.774016465619976,0.8,0.12838577486766206,-0.09467670999538678,0.3506482344464089,True
20.6,13.37013987461744,5.806471656178387,15.518519434308345,-0.013178358901712033,0.038317343670764226,0.7740172534517142,0.8,0.12834674756908482,-0.09452440434781985,0.35053592705653247,True
20.650000000000002,13.406735760568397,5.819187550730422,15.557433525136307,-0.013503050465983279,0.0376811533746122,0.7740135451716871,0.8,0.12830294459988922,-0.09429652459200288,0.3503970264910942,True
20.700000000000003,13.443500192488376,5.83140632607282,15.596351397094345,-0.013850096468154438,0.03706146531114007,0.7740049649397645,0.8,0.12825503940461233,-0.09398222426369615,0.35023100518869665,True
20.75,13.480425670063767,5.843127147898439,15.635273043240991,-0.014217885618289421,0.0364646737561351,0.773991228246324,0.8,0.12820317353535032,-0.09353764668273451,0.3500376014960489,True
20.8,13.51750452963782,5.854349843383148,15.674198414083099,-0.014604234373023208,0.03589958446961455,0.7739720775723545,0.8,0.12814872435846303,-0.09299050805820802,0.3498164192020974,True
20.85,13.554729021070777,5.865074797667728,15.713127423540298,-0.01500650822961828,0.03537540533873684,0.7739474227843525,0.8,0.12809221407385316,-0.09228480770457419,0.349567393136447,True
20.900000000000002,13.592091322041673,5.875303016043041,15.752059948411318,-0.015421564615133387,0.03490252274720285,0.7739172369120486,0.8,0.12803467453272682,-0.0914214253342457,0.3492906195324162,True
20.950000000000003,13.62958350240668,5.885036360228648,15.79099581953864,-0.015845513601124458,0.03449356257297186,0.7738816120698698,0.8,0.12797699631052206,-0.09041316997639262,0.34898628519903585,True
21.0,13.6671976669596,5.8942772306381865,15.829934832855834,-0.01627405886888364,0.03416053862232649,0.7738407387656009,0.8,0.1279201244050674,-0.08918983999700762,0.3486551610902496,True
21.05,13.7049258815946,5.903028934737601,15.86887673414596,-0.016702118186678567,0.03391766715944239,0.7737949083909834,0.8,0.12786489214464214,-0.08779837133293761,0.34829815962077054,True
21.1,13.742760238797056,5.91129562895464,15.907821217502256,-0.017123890752899946,0.03378006956798485,0.7737444966120015,0.8,0.12781219244918213,-0.08618935295438097,0.34791664805093436,True
21.150000000000002,13.78069293512384,5.91908218117552,15.946767924521424,-0.01753300278691643,0.033763004153351824,0.7736899669901736,0.8,0.12776301231460188,-0.08434644115593591,0.3475125295280582,True
21.200000000000003,13.81871621074684,5.926394574224963,15.985716423486183,-0.017922093843272976,0.033884190289122096,0.7736318784147328,0.8,0.12771743956833423,-0.08231350803250896,0.3470879790468569,True
21.25,13.856822500423542,5.933239466350977,16.02466621318205,-0.018283270721902015,0.03416022952720349,0.773570778588943,0.8,0.12767681746522752,-0.08000236290145184,0.3466460396653307,True
21.3,13.895004391715846,5.939624517360131,16.063616699651043,-0.018607771247659013,0.03460944729925016,0.7735073481294603,0.8,0.1276410989533191,-0.07746766624200817,0.3461901307302311,True
21.35,13.933254655551885,5.9455584572117095,16.10256717877732,-0.018885894246264367,0.035251402543603844,0.7734422364244338,0.8,0.12761326317505717,-0.07463454231365164,0.3457242657325295,True
21.400000000000002,13.971566314150602,5.951050985659871,16.1415168267489,-0.01910710120703409,0.03610635494007636,0.7733764091425448,0.8,0.12758838089183178,-0.07157470376633276,0.3452531116778068,True
21.450000000000003,14.009932668635653,5.956112762933212,16.180464670163964,-0.019260020770277598,0.03719465144805473,0.7733102312124426,0.8,0.1275681611778109,-0.0683069562446522,0.3447821698406619,True
21.5,14.048347413809346,5.960754801413468,16.219409574269218,-0.019333058437310043,0.038532968443467264,0.7732442493039717,0.8,0.12755421257853844,-0.06473653528348279,0.3443182696575519,True
21.55,14.086804523053834,5.964989286452995,16.25835019648016,-0.019313559580100174,0.040140768238493774,0.7731791734374217,0.8,0.1275459148186708,-0.06091338036305633,0.34386852511790517,True
21.6,14.125298291215216,5.9688295647691065,16.29728495790942,-0.01918781911584046,0.042039363097934795,0.7731156157300895,0.8,0.12754252604709596,-0.05685740607608442,0.34344060788256603,True
21.650000000000002,14.16382344491036,5.97228947950737,16.336212033141084,-0.018941747267688387,0.0442470332582907,0.7730540802033977,0.8,0.12754463405716307,-0.05250056860284232,0.34304351399829563,True
21.700000000000003,14.202375074526115,5.975383937049282,16.375129292307808,-0.018560292526107153,0.04678386225918977,0.772995119053263,0.8,0.12755072786108662,-0.04793936168726121,0.3426867391528234,True
21.75,14.24094868762202,5.978128580082373,16.41403427475194,-0.018027767169894262,0.049668719707819414,0.7729390906427669,0.8,0.12756507955085056,-0.04299579112796814,0.3423808423160701,True
21.8,14.279540176069137,5.980540275723468,16.452924132807055,-0.0173273545316288,0.05292335100432387,0.7728868286763144,0.8,0.12757784915607923,-0.037957417050094665,0.34213676088958245,True
21.85,14.318145890815844,5.982636282588582,16.49179561274089,-0.016441942623794083,0.05656534005016497,0.7728380091839516,0.8,0.12759253693807732,-0.03274107310733497,0.3419670329239307,True
21.900000000000002,14.356762675375151,5.9844333001657315,16.530645058401216,-0.01535507324864645,0.06060373910467248,0.7727927210769763,0.8,0.12761043191142663,-0.027272284851519328,0.3418861128066929,True
21.950000000000003,14.395387700102201,5.98594939536145,16.569453290006987,-0.014050604638550013,0.06402125695934471,0.7727511974377176,0.8,0.12763008162449868,-0.021647489461030515,0.34220415104321183,True
22.0,14.434018531124917,5.987203210586892,16.6080841210297,-0.012796789413108023,0.05596639040896725,0.7727134963171008,0.8,0.12765107448158358,-0.015835280857219535,0.3457855823364143,True
22.05,14.472653130520802,5.988213593036858,16.64671872042559,-0.011786406963142149,0.048360843546778776,0.7726796264844082,0.8,0.12767318270631817,-0.009869053768078588,0.34900216525640104,True
22.1,14.511289814068713,5.988999913649273,16.685355403973496,-0.01100008635072669,0.0412177090151911,0.7726495703295926,0.8,0.12769524795656464,-0.0038322573007840244,0.3518678861915765,True
22.150000000000002,14.549927254714847,5.989581375216691,16.72399284461963,-0.010418624783309127,0.034545499504142055,0.7726231783650354,0.8,0.12771744258705772,0.002318021849717444,0.3543979819980515,True
22.200000000000003,14.588564434007084,5.989977240599096,16.762630023911868,-0.010022759400904135,0.028351148685070115,0.7726003265079243,0.8,0.12773910451417855,0.008505872996125504,0.35660831077738175,True
22.25,14.627200609538626,5.99020687620033,16.80126619944341,-0.009793123799670234,0.022640311662978817,0.7725808196201602,0.8,0.1277599057391675,0.014697329993501049,0.35851531318551233,True
22.3,14.665835293246452,5.990289205064461,16.839900883151238,-0.009710794935538836,0.017414358137359063,0.7725644324316925,0.8,0.12778000337986942,0.020889660244811706,0.36013635536980837,True
22.35,14.704468206730324,5.990242977025482,16.87853379663511,-0.00975702297451786,0.012673243544133867,0.7725509661976845,0.8,0.1277990148686199,0.027007502948911192,0.36148916250703145,True
22.400000000000002,14.743099251581668,5.9900864948746495,16.917164841486453,-0.009913505125350497,0.008413891553724741,0.7725401859286583,0.8,0.12782070181605362,0.033079336324274226,0.3625920231398253,True
22.450000000000003,14.781728484179073,5.989837637654036,16.955794074083858,-0.010162362345964127,0.004631416479728669,0.7725322960308474,0.8,0.12783573186348252,0.03895133408924386,0.36346345250084433,True
22.5,14.820356068481406,5.989513399088609,16.99442165838619,-0.010486600911391086,0.0013160581117305946,0.7725264251537943,0.8,0.12785051887362933,0.044624910538038534,0.36412263819280044,True
22.55,14.85898223267547,5.989129455206396,17.033047822580254,-0.01087054479360372,-0.0015478740073014093,0.7725224689813677,0.8,0.12786418936680496,0.050060817207385,0.3636698865543936,True
22.6,14.897607252926766,5.98870066316059,17.071672842831553,-0.011299336839409868,-0.003977521923458035,0.7725202271884061,0.8,0.1278773182087877,0.05468916857610368,0.3625203310554494,True
22.650000000000002,14.936231410512793,5.988237750475963,17.110297000417578,-0.011762249524037038,-0.006013809112560921,0.7725195728297142,0.8,0.12789068972501785,0.05999284324134625,0.3614539202974467,True
22.700000000000003,14.974855007640034,5.987754748183068,17.14892059754482,-0.012245251816931813,-0.007661954859933634,0.7725204735302814,0.8,0.1279063646276407,0.0646779946166756,0.360482838933735,True
22.75,15.01347838180479,5.9872673027065915,17.187543971709573,-0.012732697293408535,-0.00891977773563113,0.7725231339741905,0.8,0.1279183689720669,0.068753608813983,0.3596231364673001,True
22.8,15.052101794886285,5.986783221661607,17.22616738479107,-0.013216778338392743,-0.00983528943171481,0.772527067418305,0.8,0.127927656732361,0.07226117177278132,0.35886823355292674,True
22.85,15.090725443733989,5.986308750940206,17.264791033638772,-0.013691249059793797,-0.010454513959031011,0.7725319147363308,0.8,0.1279347452462623,0.07524935000965241,0.3582106478466856,True
22.900000000000002,15.129349470597479,5.985848891702795,17.303415060502264,-0.014151108297205006,-0.010819943752416093,0.7725373896139067,0.8,0.12794004698264275,0.07776589915500844,0.3576427479873312,True
22.950000000000003,15.16797397213783,5.985407575297991,17.342039562042615,-0.014592424702009055,-0.010970299097976935,0.7725432637885133,0.8,0.12794389390057628,0.07985697428115196,0.3571569834587166,True
23.0,15.206599007690897,5.984987793853581,17.380664597595683,-0.015012206146418627,-0.010940628989886946,0.7725493556363594,0.8,0.12794655700832122,0.0815667255748458,0.3567459728771831,True
23.05,15.24522460680511,5.984591720556761,17.419290196709895,-0.015408279443239081,-0.010762453576430018,0.7725555214300667,0.8,0.1279482574754661,0.0829370270031477,0.3564025728824213,True
23.1,15.283850775926862,5.984220820499513,17.457916365831647,-0.015779179500486684,-0.010463932247227041,0.7725616481992686,0.8,0.12794917592621846,0.08400728356809575,0.3561199326406719,True
23.150000000000002,15.322477504172292,5.983875952339196,17.496543094077076,-0.016124047660803775,-0.010070049379394654,0.7725676479252312,0.8,0.12794946024743895,0.08481430573811155,0.35589153603564533,True
23.200000000000003,15.361104768187555,5.983557460937574,17.53517035809234,-0.01644253906242632,-0.00960281224416253,0.7725734528489754,0.8,0.12794923220754478,0.0853922413577922,0.3557112328646851,True
23.25,15.399732536145097,5.983265261232999,17.57379812604988,-0.016734738767000934,-0.00908145633420702,0.7725790117146285,0.8,0.1279485927891628,0.08577255628676593,0.35557326029342495,True
23.3,15.438360770951979,5.982998913677892,17.612426360856766,-0.017001086322108172,-0.008522654044711043,0.7725842867653728,0.8,0.12794762643368926,0.08598405583079423,0.3554722557689144,True
23.35,15.476989432761416,5.982757691634873,17.6510550226662,-0.017242308365126746,-0.007940723259484936,0.7725892513389552,0.8,0.12794640435773333,0.08605293972398542,0.3554032625336857,True
23.400000000000002,15.515618480884346,5.982540641170588,17.68968407078913,-0.017459358829412075,-0.007347832963900541,0.7725938879338298,0.8,0.12794498707992566,0.08600288415755891,0.3553617288180098,True
23.450000000000003,15.554247875196747,5.982346633717743,17.728313465101532,-0.01765336628225711,-0.006754203528970778,0.7725981866377385,0.8,0.12794342636435035,0.0858551450916756,0.35534350171487583,True
23.5,15.592877577132786,5.982174412095505,17.76694316703757,-0.017825587904495066,-0.0061682997815107376,0.7726021438382356,0.8,0.12794176664629375,0.08562867773782583,0.35534481666517553,True
23.55,15.631507550345516,5.982022630387684,17.805573140250303,-0.017977369612315997,-0.005597015395449,0.7726057611452316,0.8,0.12794004609086812,0.08534026773712693,0.35536228340054465,True
23.6,15.670137761106945,5.981889888178553,17.84420335101173,-0.018110111821447283,-0.005045847511675556,0.7726090444755119,0.8,0.12793829740668103,0.08500467019221328,0.35539286910954454,True
23.650000000000002,15.708768178509017,5.981774759639468,17.882833768413803,-0.018225240360531636,-0.004519060818050271,0.7726120032650599,0.8,0.12793654852429784,0.084634753229489,0.35543387951199684,True
23.700000000000003,15.747398774517288,5.981675817946966,17.92146436442207,-0.018324182053033766,-0.004019840601313947,0.7726146497888706,0.8,0.12793482302528436,0.08424164327555787,0.3554829384472926,True
23.75,15.786029523919458,5.981591655495625,17.960095113824245,-0.01840834450437523,-0.00355043452310033,0.7726169985556407,0.8,0.12793314055299487,0.08383486972711847,0.35553796650590397,True
23.8,15.824660404202302,5.981520900348207,17.998725994107087,-0.01847909965179273,-0.0031122830736803834,0.7726190657724058,0.8,0.12793151719892815,0.08342250706811154,0.3555971591612085,True
23.85,15.863291395383444,5.981462229342148,18.037356985288227,-0.01853777065785156,-0.0027061388244978527,0.772620868873683,0.8,0.12792996585814173,0.08301131286637412,0.35565896479117076,True
23.900000000000002,15.901922479818177,5.981414378245959,18.07598806972296,-0.018585621754040993,-0.00233217473848011,0.7726224261091313,0.8,0.12792849641324977,0.08260686044469182,0.3557220629163114,True
23.950000000000003,15.940553641995841,5.981376149332671,18.114619231900626,-0.0186238506673293,-0.0019900819059662004,0.7726237561678967,0.8,0.1279271161686485,0.08221366525134503,0.35578534292327935,True
24.0,15.979184868336306,5.981346416710311,18.15325045824109,-0.018653583289689024,-0.0016791571596630292,0.7726248778668877,0.8,0.12792583003641378,0.08183530425573621,0.35584788349125523,True
24.05,16.01781614699382,5.981324129722082,18.191881736898605,-0.018675870277918172,-0.0013983810867752196,0.7726258098721404,0.8,0.1279246408412946,0.0814745279023885,0.355908932891501,True
24.1,16.05644746767245,5.981308314702105,18.230513057577234,-0.018691685297895333,-0.001146487001251553,0.7726265704656478,0.8,0.12792354958991117,0.08113336431487615,0.35596789028934717,True
24.150000000000002,16.09507882145573,5.981298075346247,18.269144411360514,-0.018701924653752755,-0.0009220214695190546,0.772627177351835,0.8,0.1279225557599154,0.08081321565384597,0.35602428814132037,True
24.200000000000003,16.13371020065165,5.981292591932173,18.307775790556434,-0.01870740806782667,-0.0007233969989694503,0.772627647504461,0.8,0.12792165744510361,0.08051494659466502,0.3560777757486676,True
24.25,16.1723415986528,5.981291119598452,18.346407188557585,-0.018708880401548278,-0.0005489375036198747,0.7726279970359313,0.8,0.12792085172999262,0.08023896508635497,0.356128104001338,True
24.3,16.21097300981123,5.9812929858695245,18.385038599716015,-0.018707014130475486,-0.0003969171564394469,0.7726282411144302,0.8,0.12792013477782238,0.0799852955406087,0.356175111323609,True
24.35,16.249604429326983,5.98129758759162,18.423670019231768,-0.018702412408379665,-0.0002655932257307737,0.7726283938942664,0.8,0.12791950209577418,0.07975364478372442,0.35621871081324075,True
24.400000000000002,16.28823585314892,5.981304387424439,18.462301443053704,-0.01869561257556107,-0.00015323347415514442,0.7726284684792111,0.8,0.12791894868986,0.07954346105920432,0.356258878550324,True
24.450000000000003,16.32686727788668,5.981312910014741,18.500932867791466,-0.018687089985259142,-5.813867475211553e-05,0.772628476904951,0.8,0.12791846923783218,0.07935398646421546,0.3562956430396058,True
24.5,16.36549870073244,5.981322737960511,18.539564290637227,-0.01867726203948905,2.1339227903549e-05,0.772628430141996,0.8,0.12791805818273821,0.0791843032224214,0.35631640023828426,True
24.55,16.404130119391173,5.981333507658591,18.578195709295958,-0.018666492341409047,8.678281396031344e-05,0.772628338109183,0.8,0.12791770990865667,0.07903337420497816,0.35630773363358065,True
24.6,16.442761532018377,5.981344905114279,18.616827121923162,-0.01865509488572137,0.0001396982763319728,0.7726282097067798,0.8,0.1279174188191698,0.07890007811961505,0.3563034159460685,True
24.650000000000002,16.481392937164433,5.981356661778299,18.655458527069218,-0.018643338221701278,0.00018150746738901515,0.7726280528573157,0.8,0.1279171794001407,0.07878323980895967,0.3563027561198402,True
24.700000000000003,16.52002433372459,5.981368550464916,18.694089923629374,-0.018631449535083888,0.00021354250481069896,0.7726278745520488,0.8,0.12791698631436632,0.07868165605886096,0.35630513119149443,True
24.75,16.558655720893945,5.981380381394497,18.73272131079873,-0.018619618605502986,0.00023704257000817092,0.7726276809065054,0.8,0.12791683446442012,0.07859411735333718,0.3563099832636876,True
24.8,16.59728709812696,5.981391998394614,18.771352688031744,-0.01860800160538556,0.00025315256525137406,0.7726274772211057,0.8,0.12791671899979315,0.0785194259417924,0.3563168160889266,True
24.85,16.635918465100893,5.981403275285649,18.80998405500568,-0.018596724714351254,0.0002629233269835884,0.7726272680403106,0.8,0.12791663536218661,0.07845641063118053,0.35632519137897656,True
24.900000000000002,16.674549821682806,5.981414112469733,18.84861541158759,-0.01858588753026691,0.0002673131232236234,0.772627057214709,0.8,0.12791657931409905,0.07840393864995975,0.35633472493910023,True
24.950000000000003,16.713181167899798,5.98142443373589,18.887246757804583,-0.01857556626410961,0.00026719019263749276,0.7726268479640257,0.8,0.1279165469270591,0.07836092490866844,0.35634508271153365,True
25.0,16.751812503912216,5.981434183288822,18.925878093817,-0.018565816711178407,0.00026333610911057146,0.7726266429363928,0.8,0.12791653462708433,0.07832633900250119,0.3563559767994388,True
25.05,16.790443829989645,5.981443323004398,18.96450941989443,-0.01855667699560204,0.00025644978184324624,0.7726264442705795,0.8,0.12791653912958906,0.07829921023563895,0.356367161530431,True
25.1,16.82907514648943,5.981451829911304,19.003140736394215,-0.018548170088696025,0.0002471519254235339,0.7726262536484125,0.8,0.12791655751219747,0.07827863092944623,0.3563784296079551,True
25.150000000000002,16.867706453837577,5.981459693895066,19.041772043742363,-0.018540306104934068,0.00023598985550669677,0.7726260723535447,0.8,0.12791658711046075,0.07826375828554231,0.35638960838933176,True
25.200000000000003,16.90633775251186,5.981466915618291,19.080403342416645,-0.01853308438170931,0.00022344248656635981,0.7726259013160609,0.8,0.12791662558449324,0.07825381499832079,0.35640055632074175,True
25.25,16.94496904302693,5.981473504648932,19.119034632931715,-0.018526495351068206,0.00020992542637665243,0.7726257411630199,0.8,0.12791667086839043,0.0782480888729932,0.3564111595520486,True
25.3,16.983600325921415,5.981479477786978,19.1576659158262,-0.018520522213021806,0.0001957960794960549,0.7726255922612925,0.8,0.1279167211633569,0.07824593155597293,0.35642132874774596,True
25.35,17.02223160174681,5.981484857578765,19.196297191651595,-0.018515142421234643,0.00018135868620535597,0.7726254547579898,0.8,0.12791677487595698,0.0782467566209447,0.35643099610494344,True
25.400000000000002,17.060862871057903,5.981489671007279,19.23492846096269,-0.018510328992721092,0.00016686923703605974,0.7726253286122927,0.8,0.12791683067053988,0.07825003709359438,0.3564401125844431,True
25.450000000000003,17.09949413440472,5.981493948346515,19.273559724309504,-0.0185060516534854,0.00015254021577750055,0.7726252136320746,0.8,0.12791688740282256,0.07825530258591588,0.3564486453568867,True
25.5,17.138125392325886,5.981497722167579,19.31219098223067,-0.018502277832420866,0.00013854513377250225,0.7726251095015357,0.8,0.1279169441068867,0.0782621361187995,0.35645657546265247,True
25.55,17.176756645343204,5.9815010264843105,19.35082223524799,-0.01849897351568952,0.0001250228280659719,0.772625015806302,0.8,0.12791699999420306,0.07827017075051729,0.3564638956813908,True
25.6,17.215387893957327,5.9815038960262665,19.389453483862113,-0.01849610397373347,0.00011208150364230023,0.7726249320574614,0.8,0.1279170544250565,0.07827908608517525,0.35647060860489593,True
25.650000000000002,17.254019138644498,5.981506365627322,19.428084728549283,-0.018493634372678258,9.980250747778324e-05,0.7726248577114188,0.8,0.12791710688598126,0.07828860472003717,0.3564767249051838,True
25.700000000000003,17.292650379854106,5.981508469718426,19.46671596975889,-0.018491530281574242,8.824382733036391e-05,0.7726247921864163,0.8,0.12791715696729286,0.07829848872296281,0.35648226178842846,True
25.75,17.331281618006997,5.981510241913683,19.505347207911782,-0.018489758086317032,7.744331405603026e-05,0.7726247348758568,0.8,0.1279172044020048,0.0783085361438503,0.35648724162427303,True
25.8,17.36991285349453,5.981511714679451,19.543978443399315,-0.018488285320549025,6.74216299583995e-05,0.7726246851655755,0.8,0.12791724894951192,0.07831857764004566,0.3564916907394733,True
25.85,17.408544086678127,5.981512919076728,19.582609676582912,-0.018487080923272003,5.81849289545689e-05,0.7726246424371457,0.8,0.12791729050284056,0.0783284732135019,0.3564956383644311,True
25.900000000000002,17.44717531788931,5.981513884567804,19.621240907794096,-0.018486115432195582,4.972727737806031e-05,0.7726246060833335,0.8,0.12791732899803743,0.0783381091065394,0.35649911572097936,True
25.950000000000003,17.485806547430244,5.981514638878749,19.65987213733503,-0.01848536112125121,4.20328259836233e-05,0.7726245755125972,0.8,0.127917364414478,0.07834739487320046,0.35650215523985773,True
26.0,17.52443777557451,5.981515207910081,19.698503365479294,-0.018484792089918933,3.5077746213372435e-05,0.7726245501534508,0.8,0.1279173968069345,0.07835626060877338,0.3565047898963608,True
26.05,17.563069002568202,5.9815156156885125,19.737134592472987,-0.018484384311487467,2.8831943766654662e-05,0.7726245294623327,0.8,0.12791742621510843,0.07836465439022246,0.35650705265317006,True
26.1,17.601700228631174,5.981515884353311,19.77576581853596,-0.018484115646688615,2.3260563895807345e-05,0.7726245129208232,0.8,0.12791745274180727,0.07837253989420685,0.3565089759996508,True
26.150000000000002,17.640331453958364,5.981516034171562,19.81439704386315,-0.018483965828438365,1.8325303608667942e-05,0.7726245000419132,0.8,0.1279174765525096,0.07837989421307259,0.35651059157737874,True
26.200000000000003,17.67896267872147,5.98151608357706,19.853028268626254,-0.018483916422940005,1.3985545453239903e-05,0.7726244903759861,0.8,0.12791749773489505,0.07838670585720744,0.35651192988228525,True
26.25,17.71759390307049,5.981516049228247,19.891659492975275,-0.01848395077175269,1.019932790278991e-05,0.7726244835004978,0.8,0.12791751648706243,0.07839297294602093,0.3565130200343619,True
26.3,17.756225127135355,5.981515946081065,19.93029071704014,-0.01848405391893504,6.924166994235831e-06,0.7726244790315872,0.8,0.12791753293521244,0.07839870156819041,0.3565138896064642,True
26.35,17.794856351027565,5.981515787473122,19.96892194093235,-0.01848421252687782,4.117743204612998e-06,0.7726244766143816,0.8,0.1279175472663844,0.07840390432366001,0.3565145645044502,True
26.400000000000002,17.833487574841786,5.981515585216036,20.00755316474657,-0.018484414783963565,1.7384672818523821e-06,0.7726244759288617,0.8,0.12791755963750567,0.0784085990213766,0.3565150688914426,True
26.450000000000003,17.872118798657436,5.981515349693269,20.04618438856222,-0.018484650306731076,-2.540617825948635e-07,0.7726244766850943,0.8,0.1279175702121534,0.07841280752640696,0.35651527423692353,True
26.5,17.910750022540185,5.981515089961102,20.08481561244497,-0.018484910038898406,-1.8986947166787978e-06,0.7726244786228526,0.8,0.1279175791444146,0.07841655475368246,0.356514526048996,True
26.55,17.94938124654337,5.9815148138507945,20.123446836448156,-0.018485186149205468,-3.2324542995931474e-06,0.7726244815094054,0.8,0.1279175866224419,0.07841986779153064,0.3565138538125206,True
26.6,17.988012470709446,5.981514528070306,20.16207806061423,-0.01848547192969363,-4.290331261566785e-06,0.7726244851423735,0.8,0.12791759276513082,0.07842277514357052,0.3565132538430721,True
26.650000000000002,18.02664369507126,5.981514238304205,20.200709284976046,-0.01848576169579541,-5.1051440550496004e-06,0.772624489340653,0.8,0.1279175977236382,0.07842530608478568,0.3565127220780492,True
26.700000000000003,18.065274919653202,5.981513949310674,20.239340509557987,-0.01848605068932585,-5.7074534106761e-06,0.7726244939473016,0.8,0.1279176016330524,0.07842749012107031,0.35651225419904714,True
26.75,18.103906144472333,5.981513665014798,20.277971734377118,-0.01848633498520158,-6.1255231732502535e-06,0.7726244988267842,0.8,0.1279176046225896,0.07842935652604431,0.3565118457367611,True
26.8,18.142537369539426,5.981513388597398,20.31660295944421,-0.01848661140260166,-6.385320355211041e-06,0.7726245038634894,0.8,0.1279176068193356,0.07843093397918074,0.35651149215980116,True
26.85,18.18116859485994,5.981513122578969,20.355234184764726,-0.018486877421031167,-6.510547429464695e-06,0.7726245089607306,0.8,0.12791760831730106,0.07843225025870221,0.3565111889490315,True
26.900000000000002,18.219799820434847,5.981512868898393,20.393865410339632,-0.018487131101607268,-6.522700762664335e-06,0.7726245140362442,0.8,0.12791760920925035,0.07843333201408559,0.35651093165892533,True
26.950000000000003,18.25843104626135,5.981512628986223,20.432496636166135,-0.0184873710137774,-6.441149938111511e-06,0.7726245190214999,0.8,0.1279176096028785,0.07843420458075703,0.356510715967284,True
27.0,18.297062272333587,5.9815124038324425,20.471127862238372,-0.018487596167557463,-6.28323320896418e-06,0.772624523862889,0.8,0.12791760956511739,0.07843489185452093,0.3565105377146469,True
27.05,18.335693498643263,5.98151219404869,20.509759088548048,-0.01848780595130961,-6.064365099028625e-06,0.7726245285164944,0.8,0.12791760917553457,0.07843541620441988,0.35651039293455455,True
27.1,18.374324725180145,5.9815119999250586,20.54839031508493,-0.018488000074941446,-5.7981523153116545e-06,0.7726245329491689,0.8,0.1279176085136301,0.07843579842078642,0.35651027787592204,True
27.150000000000002,18.41295595193261,5.981511821481582,20.587021541837395,-0.01848817851841833,-5.496515095500762e-06,0.7726245371381195,0.8,0.1279176076151236,0.07843605769591044,0.3565101890184865,True
27.200000000000003,18.451587178888012,5.981511658514608,20.625652768792797,-0.01848834148539158,-5.169811340772312e-06,0.7726245410655049,0.8,0.1279176065515916,0.0784362116378,0.35651012308231067,True
27.25,18.49021840603304,5.981511510638337,20.664283995937826,-0.018488489361662808,-4.82696096632314e-06,0.7726245447223512,0.8,0.12791760535157498,0.07843627628486247,0.35651007703238646,True
27.3,18.528849633354024,5.981511377321716,20.70291522325881,-0.01848862267828366,-4.4755691405263135e-06,0.7726245481032906,0.8,0.12791760405906327,0.07843626615912332,0.3565100480789335,True
27.35,18.567480860837154,5.981511257920974,20.74154645074194,-0.018488742079026288,-4.1220468708770565e-06,0.7726245512081934,0.8,0.12791760271424713,0.07843619432654533,0.35651003367411505,True
27.400000000000002,18.606112088468734,5.981511151708158,20.78017767837352,-0.01848884829184172,-3.771727153404406e-06,0.7726245540415339,0.8,0.12791760134135233,0.07843607245856797,0.35651003150608285,True
27.450000000000003,18.64474331623536,5.981511057895915,20.818808906140145,-0.018488942104085027,-3.428976360416955e-06,0.7726245566103894,0.8,0.12791759996473417,0.07843591091185456,0.35651003949067084,True
27.5,18.68337454412404,5.981510975658787,20.857440134028824,-0.018489024341213245,-3.0973001074256337e-06,0.7726245589243566,0.8,0.12791759861553484,0.07843571881663661,0.35651005576125444,True
27.55,18.722005772122344,5.9815109041514205,20.89607136202713,-0.018489095848579495,-2.7794425518304517e-06,0.772624560996232,0.8,0.1279175972859769,0.07843550414220704,0.3565100786574654,True
27.6,18.760637000218452,5.981510842523848,20.934702590123237,-0.018489157476151874,-2.4774796803505704e-06,0.7726245628374374,0.8,0.12791759599515257,0.07843527381108523,0.35651010671276673,True
27.650000000000002,18.79926822840116,5.9815107899342195,20.973333818305946,-0.018489210065780526,-2.1929055762398278e-06,0.7726245644611468,0.8,0.12791759477956086,0.0784350337641068,0.3565101386415639,True
27.700000000000003,18.837899456660015,5.9815107455592695,21.0119650465648,-0.018489254440730463,-1.926711682050757e-06,0.7726245658842118,0.8,0.12791759361609828,0.07843478904734548,0.356510173326132,True
27.75,18.87653068498532,5.98151070860262,21.050596274890104,-0.01848929139737976,-1.6794601224873706e-06,0.7726245671202014,0.8,0.1279175925208425,0.07843454390758167,0.3565102098031402,True
27.8,18.915161913368095,5.981510678301325,21.08922750327288,-0.018489321698674566,-1.451349900280605e-06,0.7726245681840107,0.8,0.12791759150131046,0.07843430185983308,0.3565102472505367,True
27.85,18.953793141800116,5.981510653930829,21.1278587317049,-0.018489346069171297,-1.2422767228084474e-06,0.7726245690908301,0.8,0.12791759055175167,0.07843406576776586,0.35651028497473847,True
27.900000000000002,18.992424370273877,5.981510634808481,21.166489960178662,-0.01848936519151856,-1.0518870478325321e-06,0.7726245698546167,0.8,0.12791758967879296,0.07843383792137484,0.3565103223980974,True
27.950000000000003,19.031055598782586,5.98151062029591,21.20512118868737,-0.018489379704090148,-8.796259517537e-07,0.7726245704895569,0.8,0.12791758888261842,0.07843362009125333,0.35651035904705053,True
28.0,19.069686827320147,5.981510609800316,21.243752417224933,-0.018489390199683875,-7.247798418686625e-07,0.7726245710093206,0.8,0.12791758815405174,0.07843341360869074,0.35651039454073596,True
28.05,19.108318055881103,5.9815106027749225,21.282383645785888,-0.018489397225077475,-5.865139181642528e-07,0.7726245714260095,0.8,0.12791758749773668,0.07843321941095689,0.35651042858031035,True
