time_s,x_m,y_m,progress_m,lateral_error_m,heading_error_rad,speed_mps,target_speed_mps,drive,steer,clearance_m,reference_valid
0.0,0.0,0.15,0.0,0.15,0.08,0.0,0.8,0.35,-0.3106704489153795,0.20166512260332825,True
0.05,0.0010191093622148929,0.15006015328516997,0.0010191093622148929,0.15006015328516997,0.07983789250543591,0.040819443973975036,0.8,0.35,-0.3115525476332856,0.20165134386171138,True
0.1,0.0040812867893310015,0.15015274590146485,0.0040812867893310015,0.15015274590146485,0.0786989132217959,0.08155568980341639,0.8,0.35,-0.31148976602753614,0.20188469203510848,True
0.15000000000000002,0.009190670824675621,0.15013601656582976,0.009190670824675621,0.15013601656582976,0.07558564282741141,0.12212621626033282,0.8,0.35,-0.3092488498687469,0.20279332161337565,True
0.2,0.016339769722651838,0.14993618779263382,0.016339769722651838,0.14993618779263382,0.07013095010881423,0.1624498442822824,0.8,0.35,-0.30434195303176087,0.2045592607063553,True
0.25,0.025507303373897262,0.14958490228888588,0.025507303373897262,0.14958490228888588,0.06286128827856623,0.20244737922415207,0.8,0.35,-0.297352698647073,0.20700447844542533,True
0.30000000000000004,0.03666957800177166,0.14908657321125326,0.03666957800177166,0.14908657321125326,0.054149125914291996,0.2420422194605334,0.8,0.35,-0.2886662867906834,0.21002220767818203,True
0.35000000000000003,0.0498010076740812,0.14840594448389022,0.0498010076740812,0.14840594448389022,0.04411529904004357,0.2811609216566592,0.8,0.35,-0.2783507721544271,0.21361767638075352,True
0.4,0.06487158790710015,0.14750441720519747,0.06487158790710015,0.14750441720519747,0.032898404846496164,0.3197337142534725,0.8,0.35,-0.2664869476161365,0.21779415692678467,True
0.45,0.08184709090194134,0.14634180246315684,0.08184709090194134,0.14634180246315684,0.02065522411486969,0.3576949521438333,0.8,0.35,-0.2531714424993489,0.22255069611942857,True
0.5,0.1006893688585054,0.14487774097515727,0.1006893688585054,0.14487774097515727,0.007557630150629872,0.39498350709285057,0.8,0.35,-0.23851574200429865,0.227881234081809,True
0.55,0.12135673894179662,0.14307313298348728,0.12135673894179662,0.14307313298348728,-0.0062108248096269395,0.43154309011314157,0.8,0.35,-0.22264490288828662,0.2300846747959674,True
0.6000000000000001,0.14380444531966366,0.1408915304279704,0.14380444531966366,0.1408915304279704,-0.020458499488297265,0.4673225036827324,0.8,0.35,-0.2056960407979635,0.22805887755431106,True
0.65,0.1679851877306598,0.13830044113067996,0.1679851877306598,0.13830044113067996,-0.034989327600248296,0.502275823329788,0.8,0.35,-0.1878166159468643,0.22638635682336725,True
0.7000000000000001,0.19384970015210226,0.13527250023888784,0.19384970015210226,0.13527250023888784,-0.04960645949618956,0.5363625096508159,0.8,0.35,-0.16916254624248295,0.22515419160712052,True
0.75,0.22134735830542449,0.13178647161808613,0.22134735830542449,0.13178647161808613,-0.06411579324093379,0.5695474532320027,0.8,0.32954714187823614,-0.14989617959195425,0.2244410209759755,True
0.8,0.2503681884578082,0.12783640078428224,0.2503681884578082,0.12783640078428224,-0.07830102813539579,0.5994496633999671,0.8,0.293700557741087,-0.13022578611231622,0.224314944869736,True
0.8500000000000001,0.2807023200887919,0.12344122442303879,0.2807023200887919,0.12344122442303879,-0.09191842952961224,0.6243509437951943,0.8,0.2641082368739131,-0.11042573137386318,0.22482511905082148,True
0.9,0.31212086669381667,0.11863596799998556,0.31212086669381667,0.11863596799998556,-0.10475219135426005,0.6450891950073072,0.8,0.23972200932673582,-0.09076673795249847,0.22599468459591893,True
0.9500000000000001,0.3444356151731367,0.11346094215150336,0.3444356151731367,0.11346094215150336,-0.11664514254953638,0.6623705330588651,0.8,0.21965702006278887,-0.07146813506542772,0.2278233745735342,True
1.0,0.3774925035915431,0.1079595679135583,0.3774925035915431,0.1079595679135583,-0.12749050729275285,0.6767870121432045,0.8,0.2031703389804176,-0.052702948530249615,0.23029273154714924,True
1.05,0.4111659372863905,0.10217672110824805,0.4111659372863905,0.10217672110824805,-0.13722272447721154,0.6888330079544266,0.8,0.18964095460607383,-0.03460473163741849,0.23337094730211566,True
1.1,0.4453538917286436,0.09615742004215412,0.4453538917286436,0.09615742004215412,-0.14580927277174335,0.6989199478401941,0.8,0.17855164033079354,-0.017273887934083788,0.23701692968805155,True
1.1500000000000001,0.4799737392131401,0.08994582709713102,0.4799737392131401,0.08994582709713102,-0.1532436671496844,0.7073892900731529,0.8,0.16947288250245662,-0.0007832739952010493,0.24118358746610577,True
1.2000000000000002,0.5149587255431958,0.08358452232049073,0.5149587255431958,0.08358452232049073,-0.15953959825793756,0.7145237888514169,0.8,0.16204887054734451,0.01481695093270989,0.24582040196987234,True
1.25,0.5502550192477818,0.07711400100506889,0.5502550192477818,0.07711400100506889,-0.16472611322074154,0.7205571590021851,0.8,0.15598543756620348,0.029495197051666172,0.25087538499125517,True
1.3,0.5858192574500268,0.07057234860290451,0.5858192574500268,0.07057234860290451,-0.16884370594390585,0.7256822934449793,0.8,0.15103978054294226,0.04323497366564959,0.25629652953687565,True
1.35,0.6216165173172972,0.06399505154355428,0.6216165173172972,0.06399505154355428,-0.1719411787263618,0.7300582007967794,0.8,0.14701176422651865,0.056031998038599345,0.2620328544177406,True
1.4000000000000001,0.6576186485921177,0.057414909232989184,0.6576186485921177,0.057414909232989184,-0.17407314427032516,0.7338158295579762,0.8,0.14373660907410385,0.06789180252476056,0.2680351316765537,True
1.4500000000000002,0.6938029099990738,0.0508620193096644,0.6938029099990738,0.0508620193096644,-0.17529805112008878,0.7370629355680434,0.8,0.14107877259296853,0.07882776302420721,0.27425637171014106,True
1.5,0.7301508596659352,0.044363814418666,0.7301508596659352,0.044363814418666,-0.17567663192299948,0.7398881351362072,0.8,0.1389268491434529,0.08885947917356904,0.2806521269407507,True
1.55,0.7666474566709413,0.037945134033695684,0.7666474566709413,0.037945134033695684,-0.17527069025707448,0.7423642701674709,0.8,0.13718933199465969,0.09801144539152207,0.28718066221861377,True
1.6,0.8032803372034643,0.031628319149036764,0.8032803372034643,0.031628319149036764,-0.17414215682705297,0.7445511953929724,0.8,0.1357911008171683,0.10631196075512801,0.29380302928574337,True
1.6500000000000001,0.8400392345007083,0.02543332104392725,0.8400392345007083,0.02543332104392725,-0.172352359027861,0.7464980824419908,0.8,0.1346705164752829,0.1137922340169656,0.30048307367984806,True
1.7000000000000002,0.8769155166794963,0.01937781791067803,0.8769155166794963,0.01937781791067803,-0.16996145906435112,0.7482453214641974,0.8,0.1337770222002677,0.12048564755487998,0.3071873952774372,True
1.75,0.9139018208499362,0.013477335072537018,0.9139018208499362,0.013477335072537018,-0.1670280250815844,0.7498260885346343,0.8,0.13306916564561705,0.12642715055510007,0.31388527804175703,True
1.8,0.9509917655341841,0.0077453659298141,0.9509917655341841,0.0077453659298141,-0.1636087072961905,0.751267636180897,0.8,0.13251296985542238,0.13165275726590486,0.32054860020222475,True
1.85,0.9881797264880468,0.002193491780116597,0.9881797264880468,0.002193491780116597,-0.15975799716443828,0.7525923549892909,0.8,0.13208059287399215,0.136199130789225,0.32715173280497134,True
1.9000000000000001,1.0254606636077963,-0.0031685006410098297,1.0254606636077963,-0.0031685006410098297,-0.1555280524177062,0.7538186462472186,0.8,0.1317492257254768,0.14010323669890426,0.32733443084096814,True
1.9500000000000002,1.0628299887683832,-0.008332504579557599,1.0628299887683832,-0.008332504579557599,-0.15096857456480553,0.7549616388123405,0.8,0.13150018696993598,0.1434020538945379,0.3234217204566511,True
2.0,1.1002834662454037,-0.013291982014530308,1.1002834662454037,-0.013291982014530308,-0.14612672840024898,0.756033777710215,0.8,0.13131817918160524,0.14613233262490663,0.3197948578023089,True
2.0500000000000003,1.1378171388776652,-0.018041855920911756,1.1378171388776652,-0.018041855920911756,-0.14104709533603257,0.7570453072026203,0.8,0.13119067867615913,0.14833039164305,0.316447249885459,True
2.1,1.1754272743785323,-0.02257840611112668,1.1754272743785323,-0.02257840611112668,-0.13577165413147138,0.7580046671021122,0.8,0.1311074348038071,0.15003194807321008,0.31337154003212686,True
2.15,1.2131103272438446,-0.0268991686624855,1.2131103272438446,-0.0268991686624855,-0.13033978394515688,0.758918817812741,0.8,0.13106005927454467,0.15127197485361196,0.3105597053012719,True
2.2,1.2508629125670472,-0.031002838912166063,1.2508629125670472,-0.031002838912166063,-0.12478828566698055,0.7597935068455601,0.8,0.13104168942323102,0.15208458163241528,0.30800314960204944,True
2.25,1.288681788787584,-0.034889177995185795,1.288681788787584,-0.034889177995185795,-0.1191514182793952,0.7606334872985611,0.8,0.13104671217007288,0.15250291579060846,0.3056927925545368,True
2.3000000000000003,1.3265638469910073,-0.03855892290514142,1.3265638469910073,-0.03855892290514142,-0.11346094760311562,0.7614426969253905,0.8,0.13107053778475,0.1525590808894144,0.3036191540404961,True
2.35,1.364506104869,-0.04201370006601524,1.364506104869,-0.04201370006601524,-0.10774620524806343,0.762224404879111,0.8,0.13110941450316788,0.1522840703269644,0.30177243433929524,True
2.4000000000000004,1.4025057038514825,-0.045255942412163595,1.4025057038514825,-0.045255942412163595,-0.10203415595013342,0.7629813319503836,0.8,0.1311602766448747,0.15170771436892758,0.30014258972494223,True
2.45,1.4405599082552296,-0.04828880998046063,1.4405599082552296,-0.04828880998046063,-0.09634947175478072,0.7637157490769135,0.8,0.13122062019542546,0.15085863901390176,0.29871940340465575,True
2.5,1.4786661055656671,-0.05111611402235931,1.4786661055656671,-0.05111611402235931,-0.09071461172961222,0.7644295580437488,0.8,0.13128840090054364,0.14976423538552244,0.29749255170038336,True
2.5500000000000003,1.516821807190511,-0.053742244644004664,1.516821807190511,-0.053742244644004664,-0.08514990606524009,0.7651243575895634,0.8,0.13136195080871627,0.14845063852423074,0.2964516654063781,True
2.6,1.5550246492038315,-0.05617210197963094,1.5550246492038315,-0.05617210197963094,-0.0796736435679069,0.7658014975554812,0.8,0.13143990992976692,0.14694271459416464,0.29558638629377165,True
2.6500000000000004,1.5932723927438448,-0.05841103089771791,1.5932723927438448,-0.05841103089771791,-0.07430216166716755,0.7664621232380127,0.8,0.13152117027708254,0.14526405563385408,0.29488641877343663,True
2.7,1.6315629238430267,-0.06046475923133831,1.6315629238430267,-0.06046475923133831,-0.06904993816332039,0.7671072117178996,0.8,0.13160483005370377,0.1434369810703371,0.29434157676862704,True
2.75,1.6698942525599028,-0.062339339514412985,1.6698942525599028,-0.062339339514412985,-0.06392968402676039,0.767737601616896,0.8,0.131690156146602,0.14148254529046933,0.2939418258869527,True
2.8000000000000003,1.7082645113522283,-0.06404109419479974,1.7082645113522283,-0.06404109419479974,-0.05895243663817411,0.7683540174722694,0.8,0.13177655342491115,0.1394205506246996,0.2936773210158452,True
2.85,1.746671952684732,-0.06557656428381996,1.746671952684732,-0.06557656428381996,-0.05412765292679429,0.7689570897037847,0.8,0.13186353960967612,0.13726956515058977,0.29353843949595737,True
2.9000000000000004,1.7851149459041498,-0.06695246139044261,1.7851149459041498,-0.06695246139044261,-0.04946330192540634,0.769547370971664,0.8,0.13195072470549518,0.13504694476826062,0.29351581005246846,True
2.95,1.8235919734424306,-0.0681756230772822,1.8235919734424306,-0.0681756230772822,-0.044965956316603516,0.7701253495795469,0.8,0.13203779416707273,0.13276885903947735,0.29360033768489435,True
3.0,1.862101626427923,-0.06925297146512739,1.862101626427923,-0.06925297146512739,-0.040640882595746476,0.7706914604580916,0.8,0.1321244951233675,0.13045032031757786,0.2937832247318334,True
3.0500000000000003,1.9006425997958387,-0.07019147500312245,1.9006425997958387,-0.07019147500312245,-0.03649212952279239,0.7712460941678515,0.8,0.13221062510466802,0.12810521572784184,0.2940559883383628,True
3.1,1.9392136869949077,-0.07099811331312554,1.9392136869949077,-0.07099811331312554,-0.032522614578059744,0.7717896042806024,0.8,0.1322960228183987,0.12574634158787368,0.2944104745609146,True
3.1500000000000004,1.9778137743881599,-0.07167984500925874,1.9778137743881599,-0.07167984500925874,-0.02873420817642743,0.7723223134331935,0.8,0.13238056060177542,0.12338543988563551,0.29483886934784215,True
3.2,2.016441835443281,-0.07224357838728396,2.016441835443281,-0.07224357838728396,-0.025127815430702152,0.7728445182946878,0.8,0.1324641382468427,0.12102791701358086,0.2953337066340088,True
3.25,2.0550969241460324,-0.07269617502918364,2.0550969241460324,-0.07269617502918364,-0.02170366347365309,0.7733564936438897,0.8,0.13254667794864336,0.11864002450290745,0.2958877823773025,True
3.3000000000000003,2.0937781647239935,-0.07304468346988549,2.0937781647239935,-0.07304468346988549,-0.01846308157114549,0.773858495718603,0.8,0.13262812017248668,0.116223584206572,0.2964933975721096,True
3.35,2.132484748231757,-0.07329642133359826,2.132484748231757,-0.07329642133359826,-0.015408644076131312,0.7743507649686869,0.8,0.13270842027330854,0.11377909838384744,0.2971422313162278,True
3.4000000000000004,2.171215933223663,-0.07345881073561623,2.171215933223663,-0.07345881073561623,-0.012542830983671292,0.7748335283210067,0.8,0.13278754573043064,0.11129691347742252,0.2978258986725345,True
3.45,2.2099710410245668,-0.07353943978907337,2.2099710410245668,-0.07353943978907337,-0.009868477991870014,0.7753070010447488,0.8,0.13286547388584927,0.10879009316403893,0.29853575644880326,True
3.5,2.248749452656246,-0.07354600958776275,2.248749452656246,-0.07354600958776275,-0.007388284394572425,0.7757713882895102,0.8,0.132942190094498,0.10626164457415405,0.299263101566588,True
3.5500000000000003,2.2875506049638394,-0.07348624478272657,2.2875506049638394,-0.07348624478272657,-0.005104315980336544,0.7762268863554167,0.8,0.13301768621156643,0.10372063328694495,0.29999940832808014,True
3.6,2.326373985254377,-0.07336789610786279,2.326373985254377,-0.07336789610786279,-0.0030181608532864348,0.7766736837437639,0.8,0.13309195935556745,0.10118055819553833,0.3007362808101311,True
3.6500000000000004,2.365219126190627,-0.07319865830985152,2.365219126190627,-0.07319865830985152,-0.00113051627873766,0.7771119620278648,0.8,0.13316501089699023,0.09865478638807665,0.3014656583060673,True
3.7,2.4040855999783703,-0.07298610795478827,2.4040855999783703,-0.07298610795478827,0.0005589820781662701,0.7775418965765767,0.8,0.1332368456314963,0.095933157629171,0.30184789390545175,True
3.75,2.4429730149291595,-0.07273893697007061,2.4429730149291595,-0.07273893697007061,0.002042962363021666,0.7779636571570807,0.8,0.13330747110407823,0.09344530726700818,0.30165456448604394,True
3.8000000000000003,2.4818810110649028,-0.07246499392173412,2.4818810110649028,-0.07246499392173412,0.0033226883504174146,0.7783774084386594,0.8,0.13337689705670824,0.09102890171759562,0.3015488594694984,True
3.85,2.520809244710004,-0.0721703462995978,2.520809244710004,-0.0721703462995978,0.0044099558371251835,0.7787833104152654,0.8,0.13344513497700194,0.08868517736622018,0.30152111654200286,True
3.9000000000000004,2.5597573882730673,-0.07186161513813008,2.5597573882730673,-0.07186161513813008,0.0053102368808486166,0.7791815187614417,0.8,0.13351219772951184,0.08644285127159151,0.30156301432978494,True
3.95,2.5987251248869057,-0.07154504683328121,2.5987251248869057,-0.07154504683328121,0.006030197494271831,0.7795721851335109,0.8,0.13357809925460964,0.08430715620457675,0.3016662680633768,True
4.0,2.637712143842404,-0.0712264285321376,2.637712143842404,-0.0712264285321376,0.006577857053617736,0.779955457425783,0.8,0.13364285432265524,0.08229862917847026,0.3018226662641672,True
4.05,2.6767181372165445,-0.07091109286898221,2.6767181372165445,-0.07091109286898221,0.006962267882553441,0.7803314799897638,0.8,0.13370647833338917,0.08043877611440263,0.30202415983641995,True
4.1000000000000005,2.7157427963067122,-0.07060377543587414,2.7157427963067122,-0.07060377543587414,0.007194159122690329,0.7807003938228969,0.8,0.13376898715231594,0.07872668625337241,0.30226281246687836,True
4.15,2.7547858101670464,-0.07030867018577677,2.7547858101670464,-0.07030867018577677,0.007285092296608506,0.7810623367321846,0.8,0.1338303969773476,0.07719570032816352,0.3025309935616292,True
4.2,2.7938468639752205,-0.0700293393160773,2.7938468639752205,-0.0700293393160773,0.007247930099876975,0.7814174434770682,0.8,0.13389072423019854,0.07584596151077036,0.3028213275577224,True
4.25,2.8329256382303574,-0.06976863737378694,2.8329256382303574,-0.06976863737378694,0.0070968796461991866,0.7817658458951511,0.8,0.133949985468028,0.07468729446460955,0.3031267549075761,True
4.3,2.872021809916696,-0.06952880914944601,2.872021809916696,-0.06952880914944601,0.006846564374799354,0.7821076730137002,0.8,0.1340081973116482,0.07374546257861418,0.30344070682130997,True
4.3500000000000005,2.911135052338228,-0.06931132016790291,2.911135052338228,-0.06931132016790291,0.006513037716394371,0.7824430511493337,0.8,0.1340653763872814,0.0730076496506171,0.3037569725255973,True
4.4,2.9502650371158676,-0.06911692102554484,2.9502650371158676,-0.06911692102554484,0.006112888495428369,0.7827721039978633,0.8,0.1341215392794039,0.07250355744402022,0.304069897853807,True
4.45,2.989411435851216,-0.06894562242141147,2.989411435851216,-0.06894562242141147,0.005663397175251522,0.7830949527159099,0.8,0.13417670249266145,0.07223089980702385,0.30437436223297426,True
4.5,3.028573921531496,-0.06879658437801507,3.028573921531496,-0.06879658437801507,0.005182953048484013,0.783411715995616,0.8,0.13423088242120446,0.07218663897577322,0.30466576439233056,True
4.55,3.067752171496131,-0.06866827616017325,3.067752171496131,-0.06866827616017325,0.004689757747290254,0.7837225101335453,0.8,0.13428409532409702,0.07239786160329748,0.3049402455063029,True
4.6000000000000005,3.106945868398006,-0.0685583140793242,3.106945868398006,-0.0685583140793242,0.004202988557679993,0.784027449094661,0.8,0.13433635730569518,0.07284377535995394,0.3051945060621575,True
4.65,3.1461547020391203,-0.06846350858430034,3.1461547020391203,-0.06846350858430034,0.003742094636179167,0.784326644572118,0.8,0.13438768430009193,0.07354561758663496,0.3054259671061257,True
4.7,3.185378370524607,-0.06837991097256106,3.185378370524607,-0.06837991097256106,0.003326564633024525,0.7846202060434729,0.8,0.1344380920588908,0.07450152911843844,0.30563279277999555,True
4.75,3.224616580060408,-0.06830268009942715,3.224616580060408,-0.06830268009942715,0.00297667713050937,0.7849082408238113,0.8,0.1344875961417028,0.07569747910845194,0.305813801885894,True
4.800000000000001,3.2638690449779406,-0.06822626540181738,3.2638690449779406,-0.06822626540181738,0.0027121006783170976,0.7851908541161994,0.8,0.13453621190887347,0.07715859445982778,0.3059687014020379,True
4.8500000000000005,3.3031354856207122,-0.06814428088034653,3.3031354856207122,-0.06814428088034653,0.0025529640927621183,0.785468149059803,0.8,0.1345839545160343,0.07886055572220249,0.30609789695912887,True
4.9,3.342415625555073,-0.06804952506713736,3.342415625555073,-0.06804952506713736,0.0025194474328936265,0.7857402267759513,0.8,0.13463083891014807,0.08081370454398219,0.30620259656267146,True
4.95,3.381709187586434,-0.06793408910683428,3.381709187586434,-0.06793408910683428,0.0026311940485690263,0.7860071864123807,0.8,0.13467687982677562,0.08301774704211097,0.306284879861077,True
5.0,3.4210158876662375,-0.06778922055057535,3.4210158876662375,-0.06778922055057535,0.0029082645394346183,0.7862691251858497,0.8,0.1347220917883435,0.08545063186204806,0.3063475547236103,True
5.050000000000001,3.4603354280130216,-0.0676054985965266,3.4603354280130216,-0.0676054985965266,0.003369848658619719,0.78652613842329,0.8,0.13476648910322836,0.0881317081075131,0.3063943679879355,True
5.1000000000000005,3.4996674879588845,-0.06737276572503892,3.4996674879588845,-0.06737276572503892,0.004035045661364088,0.7867783196016244,0.8,0.13481008586551152,0.09103632276206716,0.30642984656374583,True
5.15,3.5390117131392045,-0.06708012412454553,3.5390117131392045,-0.06708012412454553,0.004922760483642566,0.7870257603863683,0.8,0.13485289595527897,0.0941628716530561,0.3064593365120757,True
5.2,3.578367703635239,-0.06671608681737634,3.578367703635239,-0.06671608681737634,0.006050869616877095,0.7872685506691098,0.8,0.1348949330393675,0.09751108201454459,0.3064891041796154,True
5.25,3.6177349992638925,-0.06626846499640063,3.6177349992638925,-0.06626846499640063,0.007437191015438643,0.787506778603948,0.8,0.1349362105724756,0.10105389939746628,0.3065261666067036,True
5.300000000000001,3.6571130644479743,-0.065724516524895,3.6571130644479743,-0.065724516524895,0.009098470509489975,0.7877405306429602,0.8,0.1349767417985697,0.10480094827765388,0.30657844886624996,True
5.3500000000000005,3.6965012708824903,-0.06507094502250267,3.6965012708824903,-0.06507094502250267,0.011050775576981973,0.7879698915707568,0.8,0.1350165397525318,0.10872832151041743,0.3066546738316853,True
5.4,3.7358988782899667,-0.06429388950786476,3.7358988782899667,-0.06429388950786476,0.013309620486855375,0.7881949445381748,0.8,0.13505561726200133,0.11282341583330331,0.3067643413763362,True
5.45,3.7753050159770547,-0.06337909292707061,3.7753050159770547,-0.06337909292707061,0.015889079919839406,0.7884157710951541,0.8,0.13509398694937566,0.11708244389442542,0.3069178274954882,True
5.5,3.814718660835358,-0.062311837540078865,3.814718660835358,-0.062311837540078865,0.01880259057602482,0.7886324512228359,0.8,0.13513166123393616,0.12147614546207865,0.3071262175375745,True
5.550000000000001,3.854138616760644,-0.06107706324735212,3.854138616760644,-0.06107706324735212,0.02206228618316252,0.7888450633649168,0.8,0.1351686523340754,0.12600219854838357,0.3074013896042931,True
5.6000000000000005,3.8935634932400336,-0.05965942569326205,3.8935634932400336,-0.05965942569326205,0.025679055076376495,0.7890536844582894,0.8,0.1352049722696051,0.1306372493226776,0.3077559442132888,True
5.65,3.9329916823407163,-0.05804329940596615,3.9329916823407163,-0.05804329940596615,0.0296627749620731,0.7892583899629966,0.8,0.1352406328641251,0.13536113270527983,0.3082031367895992,True
5.7,3.972421339880465,-0.05621293504722223,3.972421339880465,-0.05621293504722223,0.034021598927455356,0.7894592538915234,0.8,0.13527564574744189,0.14016346855398903,0.3087569340637556,True
5.75,4.011850363425043,-0.054152454123635424,4.011640320156511,-0.05417544423085334,0.034882365416183767,0.7896563488374495,0.8,0.13531002235802184,0.14501597164064123,0.3105426351005306,True
5.800000000000001,4.051276373929525,-0.05184594277617133,4.050400659815159,-0.05227667896649531,0.02709058553923183,0.789849746003482,0.8,0.13534377394547184,0.1499064681548211,0.31472426717401863,True
5.8500000000000005,4.090696699298592,-0.049277536971036956,4.089204835881576,-0.05062606504629025,0.01967545387863945,0.7900395152288879,0.8,0.1353769115730369,0.15481395553951244,0.31855489661485337,True
5.9,4.130108356868673,-0.04643144069063848,4.128047657707478,-0.04920853785953857,0.012641185227532948,0.7902257250163437,0.8,0.13540944612010855,0.15971536108896622,0.3220471174596002,True
5.95,4.1695080432101985,-0.04329205199520383,4.166924376747483,-0.04800910275053627,0.005990081700733098,0.790408442558217,0.8,0.13544138828473948,0.1645944114420244,0.3252140961841097,True
6.0,4.2088921236126176,-0.039844012699119156,4.205830670379619,-0.047012888198878534,-0.00027726386661292013,0.7905877337622977,0.8,0.13547274858615746,0.16942800756775064,0.32790476923849565,True
6.050000000000001,4.248256625305019,-0.03607227413711814,4.244762623553886,-0.0462052139985526,-0.0061619763596176816,0.7907636632769921,0.8,0.13550353736727558,0.1741970998341374,0.3269670637186636,True
6.1000000000000005,4.287597236093943,-0.03196218665443228,4.283716707893142,-0.045571682215212586,-0.011667008083644778,0.7909362945159919,0.8,0.13553376479719612,0.17888331059414753,0.3259718023403275,True
6.15,4.326909303823908,-0.027499544621755852,4.322689758942231,-0.04509822265416786,-0.016796916171966436,0.7911056896824344,0.8,0.13556344087370353,0.18346779466277074,0.3249309609309764,True
6.2,4.366187841103138,-0.022670652304180288,4.361678952264601,-0.044771158440771175,-0.021557910570029013,0.7912719097925641,0.8,0.13559257542574504,0.18793341741912897,0.3238556833882527,True
6.25,4.405427533838896,-0.017462384121138028,4.400681778658248,-0.04457726536553995,-0.025957748550919323,0.7914350146989074,0.8,0.13562117811589722,0.1922657435659618,0.32275625949287184,True
6.300000000000001,4.444622751667012,-0.011862223392398796,4.439696019488924,-0.04450380916137935,-0.030005538905202144,0.7915950631129735,0.8,0.13564925844281558,0.1964501963253325,0.3216421495150624,True
6.3500000000000005,4.483767562258078,-0.005858304202679564,4.478719722206776,-0.04453858560494041,-0.03371173193676247,0.7917521126274908,0.8,0.13567682574366657,0.2004743948221976,0.3205219497102475,True
6.4,4.522855749402814,0.000560546671242195,4.51775117623061,-0.04466996058172027,-0.03708789837085341,0.7919062197381911,0.8,0.13570388919654044,0.20433001176106064,0.31940341832284014,True
6.45,4.561880830716121,0.007404797102570031,4.556788890518191,-0.04488688071181861,-0.0401465696740278,0.7920574398651499,0.8,0.13573045782284365,0.20800714580692586,0.3182935114515325,True
6.5,4.60083607923803,0.014684186477135017,4.595831571876959,-0.04517889467660213,-0.04290109549978208,0.7922058273736944,0.8,0.1357565404896705,0.21150138934130236,0.31719840196014226,True
6.550000000000001,4.639714546246405,0.02240771253786713,4.634878104714149,-0.045536164788266026,-0.0453654871575761,0.7923514355948881,0.8,0.1357821459121527,0.2148532480531199,0.31612351119533033,True
6.6000000000000005,4.678509036463023,0.030583897375085694,4.673927545288409,-0.04594919575000708,-0.04755238208407273,0.7924943168456017,0.8,0.13580728265578562,0.21796966446276692,0.31507436893333174,True
6.65,4.717212200987154,0.03922034978649028,4.712979086215022,-0.046409276240352834,-0.049476609740305155,0.7926345224481789,0.8,0.13583195913873217,0.22089874703808854,0.3140551298754465,True
6.7,4.755816594675728,0.048323653925413795,4.7520320327361425,-0.046908593437524515,-0.05115488746509131,0.7927721027497064,0.8,0.13585618363410237,0.22364530771849142,0.3130685460945048,True
6.75,4.794314598105112,0.05789993450703012,4.7910858149437985,-0.04743965914612034,-0.052601833925697505,0.7929071071408968,0.8,0.13587996427220891,0.2262128408611944,0.312117694434611,True
6.800000000000001,4.832698474348621,0.067954656661014,4.830139965762658,-0.04799551255876255,-0.053831814794540384,0.7930395840745917,0.8,0.13590330904279832,0.22860539350852818,0.31120523197890404,True
6.8500000000000005,4.870960391907623,0.07849263195150767,4.869194109346406,-0.04856971477339036,-0.054858972299300666,0.7931695810838951,0.8,0.13592622579725672,0.23082728139048758,0.3103333886072427,True
6.9,4.9090924458449985,0.08951803406876258,4.908247950947538,-0.049156333988699105,-0.0556970415334813,0.7932971447999431,0.8,0.13594872225079133,0.23288320772306512,0.30950403092725426,True
6.95,4.94708667854374,0.10103441542752332,4.947301267756015,-0.04974993027471918,-0.056359590608653254,0.7934223209693189,0.8,0.13597080598458564,0.23477874153385817,0.30871860410847135,True
7.0,4.984935098765439,0.11304472892856018,4.98635390087396,-0.050345535500404874,-0.056859729891290296,0.7935451544711203,0.8,0.13599248444793002,0.2365190636647354,0.3079782326650137,True
7.050000000000001,5.022629700460329,0.12555134810178006,5.025405747981022,-0.05093863534864892,-0.057210120860215596,0.7936656893336869,0.8,0.13601376496032622,0.23811029736105757,0.3072837326274849,True
7.1000000000000005,5.060162480586046,0.1385560883576711,5.064456756763294,-0.051525150595569086,-0.05742310105871418,0.793783968750994,0.8,0.1360346547135664,0.23955811486286774,0.3066355912134984,True
7.15,5.09752545558699,0.15206022994366056,5.1035069190760725,-0.05210141697978068,-0.05751051359254822,0.7939000350987214,0.8,0.1360551607737864,0.24086879345073756,0.3060340337324108,True
7.2,5.134710677355786,0.16606453950341588,5.14255626559618,-0.052664166849214995,-0.05748372916942379,0.7940139299500028,0.8,0.13607529008349248,0.24204842999846485,0.30547903329366294,True
7.25,5.171710247330362,0.1805692943467174,5.181604861145926,-0.05321050824857921,-0.057353627405357877,0.794125694090862,0.8,0.13609504946356368,0.2432088703586386,0.3049703351682296,True
7.300000000000001,5.208516116632507,0.19557489057590835,5.220652835521378,-0.053737283809601244,-0.05712636326106574,0.794235367535345,0.8,0.13611444561522715,0.24444696961931067,0.3045093213261929,True
7.3500000000000005,5.24511979034229,0.2110825666350103,5.259700423625171,-0.05424028891460843,-0.056799640467612766,0.794342989540351,0.8,0.1361334851220082,0.24576763251718836,0.30410087037050315,True
7.4,5.281512375589189,0.2270940954453688,5.298747947119973,-0.05471457329521798,-0.05636702129986198,0.7944485986201714,0.8,0.13615217445165453,0.247247628292414,0.30375181000182006,True
7.45,5.317684540598034,0.24361175974045507,5.337795814213443,-0.0551544444712061,-0.05581879764333003,0.7945522325607411,0.8,0.1361705199580346,0.2488807484476812,0.30347066324652894,True
7.5,5.353626432621392,0.26063842613565763,5.376844526022251,-0.055553362560674203,-0.055142379180018575,0.7946539284336094,0.8,0.1361885278830108,0.2506589092432147,0.3032676437216374,True
7.550000000000001,5.38932780676719,0.27817712303964376,5.415894654013726,-0.05590437157337779,-0.05432583311382338,0.7947537226096341,0.8,0.1362062043582872,0.2525759079963714,0.30315320188411365,True
7.6000000000000005,5.424778016678075,0.2962310011927426,5.454946839597989,-0.05620012363724389,-0.053357705139474076,0.7948516507724079,0.8,0.13622355540723155,0.2545916573147325,0.3031380545792759,True
7.65,5.459966087478982,0.3148031245338193,5.49400178321018,-0.056433090483419324,-0.05222853264308435,0.7949477479314202,0.8,0.1362405869466718,0.2566583574625255,0.3032325366002764,True
7.7,5.494880861083849,0.33389615227128067,5.533060226855269,-0.05659590324083745,-0.050932394275036263,0.7950420484349594,0.8,0.13625730478866813,0.25873180108287924,0.3034458117109583,True
7.75,5.5295110895621296,0.35351218226736913,5.572122945589973,-0.05668152454598326,-0.049467173311667716,0.795134585982763,0.8,0.1362737146422602,0.2607564809255908,0.30378562242921414,True
7.800000000000001,5.563845550951691,0.37365258143750235,5.611190738040097,-0.05668344292000442,-0.04783472981014253,0.7952253936384193,0.8,0.13628982211518884,0.26266286804162153,0.3042580424777289,True
7.8500000000000005,5.597873239317764,0.3943177146009694,5.650264411823997,-0.05659599250050674,-0.046042060893279335,0.7953145038415264,0.8,0.13630563271559312,0.26442054520491615,0.304866814819704,True
7.9,5.631583450971779,0.4155069100078441,5.689344782039483,-0.05641441720558951,-0.044100433477578194,0.7954019484196129,0.8,0.1363211518536836,0.2659545092767465,0.30561353250257595,True
7.95,5.6649659309874885,0.43721833310820873,5.72843266510756,-0.05613504667344532,-0.0420251375798425,0.7954877585998256,0.8,0.13633638484339108,0.2672315230146376,0.30649752685291615,True
8.0,5.6980110515237214,0.45944883732285063,5.767528872259758,-0.0557555107169338,-0.03983614325054097,0.7955719650203886,0.8,0.13635133690399115,0.2682309217147864,0.3075154529950901,True
8.05,5.730709800189988,0.48219414955947915,5.806634218770293,-0.0552745724379963,-0.03755552529751527,0.7956545977418398,0.8,0.13636601316170435,0.2694875947505791,0.30866219905991843,True
8.1,5.763052041154166,0.505451665426212,5.84574963972479,-0.054688837401075,-0.03518440529496569,0.7957356862580465,0.8,0.1363804186512736,0.269893588418687,0.3099409135451021,True
8.15,5.795029360872605,0.5292159515845649,5.8848759914988396,-0.053998071430117825,-0.03274741242191781,0.7958152595070076,0.8,0.1363945583175178,0.26989794411882695,0.31134470390740493,True
8.200000000000001,5.826636602125084,0.5534769589112164,5.924014005333462,-0.053207537459807185,-0.030295912160198887,0.7958933458814453,0.8,0.1364084370168616,0.2695187786964477,0.31285331376129366,True
8.25,5.857868399480622,0.5782254909915665,5.963164502787761,-0.052321536514743236,-0.02786247435343581,0.7959699732391903,0.8,0.13642205951884295,0.26878471837346823,0.3144528959554538,True
8.3,5.888720276567826,0.603451580694604,6.002328314651269,-0.05134537691059061,-0.025477523490187504,0.7960451689133652,0.8,0.1364354305075971,0.2676486821742586,0.3161291840141387,True
8.35,5.919188874167887,0.629144291862616,6.04150626597948,-0.05028567900408604,-0.023172357594326894,0.7961189597223706,0.8,0.13644855458331848,0.26615606030905997,0.3178663050650098,True
8.4,5.949271989050145,0.655291800147091,6.080699170065394,-0.04915034554758835,-0.02097827733748192,0.7961913719796764,0.8,0.13646143626370005,0.2642989553905871,0.31964706757029065,True
8.450000000000001,5.97896844692255,0.6818816676132007,6.11990782437068,-0.047948279886455836,-0.01892515599936906,0.7962624315034241,0.8,0.13647407998535047,0.2620711640318688,0.32145366872721726,True
8.5,6.008278311017523,0.7089006785199319,6.159132991983036,-0.046689658529372194,-0.017043246893812314,0.7963321636258422,0.8,0.13648649010518984,0.2595250205578125,0.32326689627093574,True
8.55,6.037202704613371,0.7363351502017202,6.198375392486165,-0.045385593302808724,-0.015360953957557877,0.79640059320248,0.8,0.13649867090182255,0.2566195549325859,0.3250671299267732,True
8.6,6.065743898947487,0.7641709003914351,6.237635681374747,-0.044048228707162004,-0.01390624994931855,0.7964677446212619,0.8,0.13651062657689006,0.25339963059761683,0.326833834466098,True
8.65,6.093905388935135,0.7923932362542577,6.27691442804558,-0.04269081589759073,-0.012706680779524082,0.796533641811367,0.8,0.13652236125640194,0.24987386664915387,0.328545492562879,True
8.700000000000001,6.121691678271249,0.8209872533432604,6.316212096015351,-0.04132736280361935,-0.011787814173277789,0.7965983082519371,0.8,0.13653387899204564,0.24602155694625644,0.3301804218993553,True
8.75,6.1491085084484185,0.8499376348729016,6.35552901159077,-0.039972953008187526,-0.011175380329374929,0.7966617669806164,0.8,0.13654518376247612,0.2418973790433127,0.33171583360899737,True
8.8,6.176162707638258,0.8792288618537739,6.394865336439146,-0.03864350500507263,-0.010893807711920165,0.796724040601926,0.8,0.13655627947458487,0.23745954846017087,0.3331285152159039,True
8.85,6.202862214513882,0.9088452219463904,6.434221033698836,-0.03735579771442727,-0.01096678497188297,0.7967851512954776,0.8,0.13656716996474844,0.23273893101697213,0.33439464926095763,True
8.9,6.22921620551525,0.9387707188005341,6.473595829378393,-0.03612763905041995,-0.011418410615667507,0.7968451208240278,0.8,0.13657785900005723,0.22774990910776574,0.335489315356332,True
8.950000000000001,6.255234841245,0.9689893447116686,6.512989175619618,-0.03497750750480749,-0.01227072515144767,0.7969039705413785,0.8,0.13658835027952487,0.2224582096667263,0.33638758913170297,True
9.0,6.280929494490348,0.9994848792297302,6.552400203573197,-0.033924868428102634,-0.013546604398042894,0.7969617214001239,0.8,0.13659864743527764,0.21691284705171784,0.33706338234905314,True
9.05,6.30631264059175,1.0302410099649923,6.591827677170564,-0.032990022234992894,-0.015267932750181014,0.7970183939592492,0.8,0.1366087540337247,0.21107490356605513,0.33749014698944724,True
9.1,6.331397817904507,1.0612413734958566,6.63126994242246,-0.03219405664844087,-0.017456210767125113,0.7970740083915832,0.8,0.1366186735767097,0.20496197631503754,0.3376407565245883,True
9.15,6.356199781764943,1.0924694238603023,6.6707248685234415,-0.03155905607939802,-0.020133536155283124,0.7971285844911067,0.8,0.13662840950264357,0.1985923112520983,0.33748702175850187,True
9.200000000000001,6.380734240581398,1.123908657233207,6.710189793777742,-0.03110775966167029,-0.023320342375733993,0.797182141680122,0.8,0.13663796518761842,0.19192877052885768,0.3370007147769083,True
9.25,6.40501804172464,1.155542440192266,6.74966145818884,-0.03086381596945447,-0.027037565076854397,0.7972346990162834,0.8,0.13664734394650396,0.18501364814032437,0.33615269213482346,True
9.3,6.429069094267486,1.1873540604860156,6.789135937401653,-0.030851689997714926,-0.03130584740063491,0.7972862751994934,0.8,0.13665654903402524,0.17781934478030514,0.3349132404860391,True
9.35,6.452906266172757,1.2193267850718206,6.828608575540938,-0.03109654234111086,-0.036144739457882435,0.7973368885786662,0.8,0.1366655836458232,0.17035653289137154,0.33325245107509405,True
9.4,6.4765495200155865,1.2514437213782441,6.868073905434384,-0.031624413511177896,-0.04157434202686916,0.797386557158363,0.8,0.13667445091949681,0.162649327792387,0.33113957463979304,True
9.450000000000001,6.500019655819171,1.2836879814055713,6.9075255825963096,-0.03246190819503786,-0.04761303754425062,0.7974352986052976,0.8,0.13668315393562946,0.15466998355963532,0.32854402283919437,True
9.5,6.523338412877152,1.3160425545838985,6.946956302716059,-0.0336363367868777,-0.054278932520482326,0.7974831302547198,0.8,0.13669169571879677,0.14738317090562766,0.32543482741930463,True
9.55,6.546524029476134,1.3484935435750198,6.986358055890738,-0.03517021076458975,-0.06155219838368364,0.7975300691166755,0.8,0.13670007923855865,0.13894154394136998,0.3217970449055081,True
9.600000000000001,6.569598112266856,1.3810249117544613,7.025721670755553,-0.03708985624808958,-0.06944812653865795,0.7975761318821469,0.8,0.13670830741043416,0.13020661538392084,0.31760194526604696,True
9.65,6.592588529192664,1.4136164528513633,7.065036357940301,-0.03942890036356502,-0.07802149172815176,0.7976213349290762,0.8,0.13671638309686096,0.12125766053930043,0.31280248579823233,True
9.700000000000001,6.615520377803388,1.4462503809048064,7.104290291673347,-0.04221707403387566,-0.08728857255379062,0.7976656943282728,0.8,0.13672430910813743,0.11209223221678669,0.3073670323532997,True
9.75,6.638419128114969,1.478908882525558,7.143527586044858,-0.04548270584992978,-0.09599126442281958,0.7977092258492093,0.8,0.13673208820335006,0.10275268500768198,0.30162710403404425,True
9.8,6.661310692918866,1.5115739744061323,7.1839210874677795,-0.04868168178557611,-0.08018722149104196,0.7977519449657052,0.8,0.13673972309128463,0.09326581206874567,0.3029298866938809,True
9.850000000000001,6.684221175138763,1.5442275897381397,7.224395026894477,-0.05136662679887382,-0.06511591241675552,0.7977938668615033,0.8,0.13674721643132218,0.08366024596409195,0.3045725226127832,True
9.9,6.70717680684325,1.5768515238469591,7.2649344213752425,-0.053567977939637086,-0.05079327339438367,0.797835006435739,0.8,0.13675457083432008,0.07398238648313996,0.306514118349673,True
9.950000000000001,6.730203738769048,1.6094274848726424,7.305525785079947,-0.05531647800588962,-0.037231376764468194,0.7978753783083059,0.8,0.13676178886347723,0.06426252335479525,0.30871498353058613,True
10.0,6.753327882723635,1.6419371072527982,7.346157089543826,-0.056642989897929305,-0.02443890473848398,0.7979149968251185,0.8,0.13676887303518612,0.05454948901792207,0.3111367047902386,True
10.05,6.776574763522732,1.6743619614132543,7.386817707433721,-0.05757832628321596,-0.012420993342248554,0.797953876063275,0.8,0.1367758258198688,0.04432417842275861,0.313742375994707,True
10.100000000000001,6.799971988394021,1.7066816995904557,7.427498339533221,-0.058156298435032304,-0.0012014131559455743,0.7979920298361217,0.8,0.13678264964279965,0.03490875325937272,0.31648697215557775,True
10.15,6.823543977507846,1.7388776998097464,7.468191049406341,-0.05840727774919613,0.009229072427313079,0.7980294716982212,0.8,0.13678934688491368,0.025669310573278103,0.31385705009968146,True
10.200000000000001,6.847310640679098,1.7709339920107048,7.508888971278671,-0.05835655407292521,0.018907509734160773,0.7980662149502256,0.8,0.1367959198836009,0.01661680547421745,0.311050592821026,True
10.25,6.8712935616692326,1.8028327901987558,7.54958622481214,-0.058031947422293714,0.027846293907019537,0.7981022726436567,0.8,0.13680237093348752,0.007787275514143182,0.3087472324465982,True
10.3,6.895513302237957,1.8345563606020823,7.590277865989782,-0.05746051525581092,0.03605998614348871,0.798137657585597,0.8,0.1368087022872033,-0.0007733760704446925,0.3069132511010845,True
10.350000000000001,6.919989140405948,1.8660871778163926,7.630959787719047,-0.05666824051627447,0.04356667869332198,0.798172382343289,0.8,0.13681491615613575,-0.00903113430974631,0.3055151584819095,True
10.4,6.944738951800681,1.897407994335045,7.671628620468786,-0.05567989098700528,0.05038792750420518,0.7982064592486495,0.8,0.13682101471117156,-0.01695671372360391,0.304519876759829,True
10.450000000000001,6.969779177431055,1.9285018605121347,7.712281640378171,-0.05451898148484628,0.056548034690582116,0.7982399004026967,0.8,0.1368270000834247,-0.024517264172343577,0.3038950032602896,True
10.5,6.995124742745096,1.9593521951153419,7.752916679528818,-0.053207669988508996,0.06207407497814955,0.7982727176798932,0.8,0.13683287436495278,-0.031701513494428936,0.30360891413865776,True
10.55,7.020789059162085,1.9899428063710531,7.7935320470357805,-0.051766751719841124,0.06699517840889102,0.7983049227324076,0.8,0.13683863960946033,-0.03849210285368636,0.30363097872007394,True
10.600000000000001,7.046784051795532,2.020257902044891,7.834126459753845,-0.05021568227636407,0.07134161451766707,0.7983365269942944,0.8,0.13684429783299004,-0.0448867025544182,0.3039317939214353,True
10.65,7.073120168890002,2.050282122267195,7.874698978627443,-0.04857257345706069,0.07514479487452685,0.7983675416855944,0.8,0.13684985101460212,-0.05088960746855649,0.30448317575324796,True
10.700000000000001,7.099806472772312,2.0800005121041134,7.9152489596098246,-0.04685429066475362,0.07843610080662468,0.7983979778163586,0.8,0.13685530109704155,-0.05650770849485448,0.3052583833609649,True
10.75,7.126850699014133,2.1093985216426683,7.955776009124449,-0.045076508453790076,0.08124663004376352,0.7984278461905941,0.8,0.13686064998739392,-0.06174860856414769,0.3062321175542474,True
10.8,7.1542593006693105,2.138462021385324,7.996279943873446,-0.04325374468055965,0.08360694339535535,0.7984571574101368,0.8,0.13686589955773013,-0.06662116727053993,0.3073805400753036,True
10.850000000000001,7.18203749211729,2.1671773210965775,8.036760755537438,-0.04139939166743395,0.08554722230550715,0.7984859218784492,0.8,0.1368710516457392,-0.0711356474555439,0.3086811786404554,True
10.9,7.210189300664593,2.195531184165207,8.077218580789518,-0.03952575542436915,0.08709668198424148,0.7985141498043483,0.8,0.13687610805535008,-0.07530257490376237,0.31011303717727823,True
10.950000000000001,7.238717618709358,2.223510842757963,8.117653675429807,-0.03764409384674898,0.08828409704761976,0.7985418512056603,0.8,0.13688107055734344,-0.07913332921515506,0.3116563904857629,True
11.0,7.267624256524919,2.251104013169803,8.158066392179721,-0.0357646541577551,0.08913715683859769,0.7985690359128087,0.8,0.13688594088995149,-0.08263986592845399,0.3132929147150521,True
11.05,7.296909999127276,2.278298907379247,8.198457162161612,-0.033896714697912125,0.08968288039939531,0.7985957135723326,0.8,0.136890720759448,-0.0858352336428685,0.3150055127146387,True
11.100000000000001,7.326574666451336,2.305084240469797,8.23882647964756,-0.03204863064555463,0.0899471272296517,0.7986218936503395,0.8,0.13689541184072815,-0.088731928007868,0.31677839446916745,True
11.15,7.356617171308561,2.331449238672806,8.27917488904489,-0.030227876374038922,0.0899549884071904,0.7986475854358926,0.8,0.136900015777877,-0.09134354129470922,0.3185969116811288,True
11.200000000000001,7.387035577593832,2.3573836452773294,8.319502974093822,-0.0284410881104167,0.08973034303357996,0.7986727980443336,0.8,0.13690453418472973,-0.09377531205447326,0.3204476310810652,True
11.25,7.4178275256143795,2.3828773145365822,8.359811398637095,-0.026694654763988634,0.08929235653993661,0.798697540420543,0.8,0.13690896864542026,-0.09617027892308073,0.32231873158245394,True
11.3,7.448990899981008,2.407919456790349,8.400100986489878,-0.02499572762270526,0.08865011194263894,0.7987218213421392,0.8,0.13691332071492135,-0.09854068826179077,0.32420051765791735,True
11.350000000000001,7.48052369948865,2.4324987005017467,8.440372700210279,-0.023352094892385183,0.08780634243416886,0.7987456494226166,0.8,0.13691759191957448,-0.10097842216148378,0.32608448172870064,True
11.4,7.512423917466972,2.456603160424894,8.48062762213433,-0.021772060871131663,0.08675951660427338,0.7987690331144244,0.8,0.13692178375761088,-0.10348666789971107,0.32796283270863646,True
11.450000000000001,7.544689604922116,2.4802202946353944,8.520866961154088,-0.02026460543427194,0.08550444162009141,0.7987919807119875,0.8,0.13692589769966282,-0.10606354823070985,0.3298281674965683,True
11.5,7.5773185481848,2.503337238166933,8.561092007108384,-0.018838934706419,0.0840356243144703,0.7988145003546708,0.8,0.1369299351892661,-0.10870522950256284,0.33167296514036204,True
11.55,7.610308221124653,2.5259408356848714,8.601304121952946,-0.01750443830026649,0.0823480952033263,0.7988366000296866,0.8,0.13693389764335345,-0.11137078673944013,0.33348939592411864,True
11.600000000000001,7.64365562151876,2.5480178396714193,8.641504714522657,-0.016270446264008902,0.08043847504390024,0.7988582875749476,0.8,0.13693778645273963,-0.11401003813996692,0.33526926009410196,True
11.65,7.677357051121739,2.5695552260478984,8.68169520695277,-0.015145858924774727,0.0783072985940294,0.7988795706818664,0.8,0.13694160298259725,-0.11657768517694145,0.3370036914222538,True
11.700000000000001,7.711408029234694,2.5905403726315206,8.72187701893867,-0.014138964852429768,0.07595890330835053,0.798900456898102,0.8,0.13694534857292445,-0.11900614291918316,0.33868336502285507,True
11.75,7.745803178068932,2.6109613108846004,8.762051548015526,-0.013257181275249405,0.07340233108396566,0.7989209536302537,0.8,0.13694902453900437,-0.12122930462013294,0.3402984903264017,True
11.8,7.780536094974885,2.6308070436840065,8.8022201483893,-0.012506730230146187,0.07065213273922664,0.7989410681465061,0.8,0.13695263217185583,-0.12321137949224362,0.34183889243379034,True
11.850000000000001,7.8155994046664485,2.6500676271613894,8.842384134120348,-0.011892606666951204,0.06772700922702923,0.7989608075792219,0.8,0.13695617273867702,-0.12486623405448051,0.3432944204179042,True
11.9,7.850984693470359,2.668734459123777,8.882544766864852,-0.011418305562489907,0.06465076049583518,0.798980178927488,0.8,0.13695964748327996,-0.12617822035168344,0.3446549333453792,True
11.950000000000001,7.886682548483697,2.6868004351368002,8.9227032576873,-0.011085711816454543,0.061451221890121206,0.7989991890596115,0.8,0.13696305762651861,-0.12709986731037876,0.34591070138296787,True
12.0,7.922682708599986,2.704259920321617,8.9628607823553,-0.010895200443898731,0.05815903073445844,0.7990178447155712,0.8,0.13696640436670787,-0.12759242630497372,0.3470526484587275,True
12.05,7.958974041061648,2.7211090316991635,9.003018473926101,-0.010845376274315487,0.05480833601235796,0.7990361525094207,0.8,0.136969688880036,-0.12767375188920296,0.34807239658245137,True
12.100000000000001,7.995544772061854,2.7373454679474936,9.043177445146277,-0.010933326859450875,0.051433983788497006,0.7990541189316471,0.8,0.1369729123209696,-0.1272875579514815,0.348962818816146,True
12.15,8.032382539166102,2.752968648047156,9.08333878698413,-0.011154514818595756,0.048072589534297994,0.7990717503514857,0.8,0.13697607582265103,-0.12647108945254618,0.34971783268503154,True
12.200000000000001,8.069474503808815,2.767979739532187,9.123503572463969,-0.011502791183566853,0.04476155208402194,0.7990890530191905,0.8,0.13697918049728855,-0.12521330683801207,0.35033267064240314,True
12.25,8.106807574517038,2.782381425346229,9.163672869367629,-0.01197068783441423,0.04153706200934121,0.7991060330682626,0.8,0.13698222743653982,-0.12350991142375138,0.35080416932907493,True
12.3,8.144368400484753,2.7961781356826982,9.20384772510349,-0.012549188357504048,0.03843598256437713,0.7991226965176353,0.8,0.13698521771188887,-0.12141354449224492,0.3511304567741415,True
12.350000000000001,8.182143604643208,2.8093757352374427,9.244029173769347,-0.013228090230099528,0.035493160486835706,0.7991390492738206,0.8,0.13698815237501485,-0.11888605856276104,0.3513113812727393,True
12.4,8.220119821316159,2.821981614312312,9.284218219669835,-0.013995916520915891,0.032742753317252904,0.7991550971330124,0.8,0.13699103245815605,-0.11598674393262377,0.35134822276196176,True
12.450000000000001,8.258283775853,2.8340046805368644,9.324415822582498,-0.014839933280396185,0.030218129383161593,0.7991708457831522,0.8,0.13699385897446567,-0.1127127067445938,0.3512437147122251,True
12.5,8.296622453583401,2.8454550774858975,9.364622887489773,-0.015746451966305867,0.02795005648963411,0.7991863008059557,0.8,0.1369966329183622,-0.10906827268291479,0.35100228420893864,True
12.55,8.335123061617923,2.85634443152915,9.404840232846263,-0.016700563564146818,0.025969376706230174,0.7992014676789,0.8,0.13699935526587312,-0.10510771739569695,0.35062954663040924,True
12.600000000000001,8.373773195240057,2.8666855152264805,9.445068573545274,-0.01768649002216307,0.02430429834615716,0.7992163517771752,0.8,0.13700202697497257,-0.10079080565128987,0.3501327608610133,True
12.65,8.412560831631447,2.8764923691716406,9.485308486145335,-0.01868744580232982,0.022982464436490546,0.7992309583755982,0.8,0.13700464898591241,-0.09617413766519535,0.34952037378561446,True
12.700000000000001,8.451474366638937,2.8857803034079574,9.525560374757363,-0.019685627243082097,0.022030678679965443,0.7992452926504906,0.8,0.13700722222154835,-0.09124575800203975,0.34880212365851004,True
12.75,8.490502716285661,2.894565643665077,9.565824438722895,-0.0206624651177818,0.021473806186842914,0.7992593596815218,0.8,0.13700974758765896,-0.08600644957219275,0.3479891237516747,True
12.8,8.529635261247485,2.9028660000026165,9.606100624541709,-0.02159833251122045,0.021337003319375547,0.7992731644535176,0.8,0.1370122259732594,-0.08050016425398598,0.34709351148979545,True
12.850000000000001,8.568861953325557,2.910699939571249,9.646388587339498,-0.022472871178974667,0.02164360853149394,0.7992867118582335,0.8,0.13701465825091008,-0.07468150665696517,0.3461287556678383,True
12.9,8.608173283455276,2.918087140251704,9.686687637926635,-0.023264819104537624,0.022416677191507806,0.7993000066960968,0.8,0.1370170452770186,-0.06859922464101251,0.34510939074899427,True
12.950000000000001,8.647560290635637,2.925048395381367,9.726996688926098,-0.023951994212503193,0.023678966295792442,0.7993130536779142,0.8,0.13701938789213686,-0.06223344942960662,0.344051051675913,True
13.0,8.687014612357945,2.9316053924191814,9.767314202017007,-0.02451150968693334,0.02545201320256696,0.7993258574265478,0.8,0.1370216869212533,-0.05558432798934795,0.3429705441439065,True
13.05,8.726528425841334,2.9377809676427864,9.807638120006505,-0.024919503512324987,0.02775782522909706,0.7993384224785608,0.8,0.13702394317407834,-0.04868630672577724,0.3418856339879638,True
13.100000000000001,8.766094503317058,2.9435987945211903,9.847965808526515,-0.025151448473072192,0.030616786342209573,0.7993507532858302,0.8,0.13702615744532629,-0.04149775879073395,0.34081536870558715,True
13.15,8.805706165197929,2.9490835361915044,9.888293982740832,-0.025181990460602054,0.03404930482156743,0.799362854217131,0.8,0.13702833051499114,-0.03406246866440022,0.3397797726155204,True
13.200000000000001,8.845357265580303,2.9542608280573286,9.928618633721204,-0.024984963410428742,0.038075556171643016,0.7993747295596905,0.8,0.13703046314861725,-0.026361552159836953,0.33879992690900923,True
13.25,8.885042198395585,2.959157081286536,9.96893495866678,-0.024533588175929846,0.04271426437413753,0.7993863835207119,0.8,0.1370325560975659,-0.01840148548555774,0.337898147050658,True
13.3,8.92475583343002,2.9637996806765967,10.009237274155472,-0.02380027562902279,0.04798446352765354,0.7993978202288715,0.8,0.13703461009927628,-0.010212550145885667,0.33709768624983844,True
13.350000000000001,8.964493522642416,2.9682166917484007,10.04951894688559,-0.02275693003772483,0.05390326765629727,0.799409043735786,0.8,0.13703662587752238,-0.0017685513057055916,0.3364231046730008,True
13.4,9.004251038128027,2.972436968674404,10.08977230791631,-0.02137485144404371,0.06048738380007483,0.7994200580174536,0.8,0.13703860414266414,0.006887656771737146,0.3358999487544627,True
13.450000000000001,9.044024530612598,2.976490095050874,10.12998857305598,-0.01962481188627318,0.06775243039227485,0.799430866975667,0.8,0.1370405455918954,0.015762732972331047,0.33555489751655043,True
13.5,9.08381049558641,2.9804061974852094,10.17015777465684,-0.01747726412752914,0.07571209351292249,0.7994414744394008,0.8,0.13704245090948602,0.02483773912494608,0.3354158201995218,True
13.55,9.123605698227792,2.9842160467487164,10.210268678629802,-0.014902266380040927,0.0843794031633739,0.7994518841661723,0.8,0.1370443207670208,0.03407909446416042,0.33551150725444334,True
13.600000000000001,9.16340713726308,2.987950783064684,10.25030873367619,-0.011869789810155611,0.09376445626335486,0.7994620998433771,0.8,0.13704615582363272,0.04348754298784823,0.33587203772677643,True
13.65,9.203211969379375,2.9916419339020144,10.290224793033214,-0.008366348589130483,0.09916971336003948,0.7994721250895995,0.8,0.1370479567262334,0.053018001190440214,0.337842660960464,True
13.700000000000001,9.243017444481618,2.995321308164125,10.329973125091076,-0.00504415053415406,0.0834794787301058,0.7994819634558984,0.8,0.13704972410973804,0.06265336228239952,0.3456265296401295,True
13.75,9.282820847199112,2.9990207922058234,10.369800941621763,-0.0022304334598721364,0.06853789556587754,0.7994916184270692,0.8,0.13705145859728685,0.07236239994247588,0.3527232197678911,True
13.8,9.322619416830214,3.0027723424352066,10.409693801582868,0.00010542435123522146,0.05435688679693178,0.7995010934228818,0.8,0.13705316080046276,0.08210153297996058,0.3589431506102438,True
13.850000000000001,9.36241029058295,3.00660774164656,10.44963872240243,0.0019941956201512813,0.040944914938034094,0.7995103917992958,0.8,0.13705483131950422,0.09184209863939101,0.3609533279565589,True
13.9,9.402190435438026,3.0105584831490875,10.489624130904929,0.0034666468695335757,0.028307124438307144,0.7995195168496525,0.8,0.13705647074351532,0.1015369782614967,0.3631773373884439,True
13.950000000000001,9.441956585130054,3.0146556372758075,10.529639801978643,0.004553368803029482,0.016445210429541623,0.7995284718058449,0.8,0.13705807965067066,0.11114554679651255,0.36557952627705304,True
14.0,9.481705189474626,3.01892964407648,10.569676786024553,0.005284537957912898,0.005356962740446085,0.7995372598394653,0.8,0.137059658608418,0.12062617241844688,0.368126245279074,True
14.05,9.521432361469758,3.0234102010670956,10.609727322985208,0.005689779316904255,-0.004963505894118647,0.7995458840629327,0.8,0.13706120817367573,0.1299346768291205,0.36783760525679854,True
14.100000000000001,9.561133837799224,3.02812610165816,10.649784750666372,0.0057979847660337095,-0.014525851470477429,0.799554347530597,0.8,0.13706272889302787,0.13902825015561326,0.3649011763518286,True
14.15,9.600804948991856,3.0331050796818877,10.689843407335381,0.00563714268199262,-0.02334354155183735,0.7995626532398243,0.8,0.13706422130291482,0.14787029093096388,0.36246451113071826,True
14.200000000000001,9.640440595393168,3.0383737041800662,10.729898532686107,0.005234222585707865,-0.03143354569965894,0.7995708041320615,0.8,0.13706568592982094,0.1564204506487095,0.3604933008126051,True
14.25,9.680035236486352,3.0439572580879615,10.76994616928004,0.004615047504269946,-0.038816182162782195,0.7995788030938801,0.8,0.13706712329045856,0.1646469019923242,0.35895359781936337,True
14.3,9.719582891278652,3.049879628416582,10.809983066085753,0.003804181047822149,-0.04551490143962176,0.7995866529580014,0.8,0.1370685338919487,0.17252518995165095,0.35781201308496136,True
14.350000000000001,9.759077140595188,3.0561632753802903,10.850006589313203,0.002824896407747014,-0.051555678348060595,0.7995943565043023,0.8,0.13706991823199827,0.18002831769761737,0.3570359368779339,True
14.4,9.798511144830233,3.062829161794311,10.890014637706821,0.0016991070878365248,-0.05696675470539314,0.7996019164608024,0.8,0.13707127679907416,0.1871462960915701,0.3565936871539762,True
14.450000000000001,9.837877663753789,3.0698967416738805,10.93000556686615,0.0004473583299762123,-0.06177804891197805,0.7996093355046315,0.8,0.13707261007257437,0.19386834574135245,0.3564546870116735,True
14.5,9.877169077115243,3.0773839934002267,10.969978123722584,-0.0009111358951815496,-0.06602049178092667,0.799616616262981,0.8,0.13707391852299575,0.2001932448706521,0.3547673394016897,True
14.55,9.916377414833942,3.0853074267773315,11.009931386994577,-0.0023584820733946223,-0.0697256472964255,0.7996237613140355,0.8,0.1370752026120984,0.2061261784611534,0.3522535072848746,True
14.600000000000001,9.955494381400872,3.093682152715131,11.049864718728784,-0.0038780331750575313,-0.07292506783441463,0.7996307731878884,0.8,0.13707646279306754,0.21167385930003266,0.34981464549836017,True
14.65,9.994511385860212,3.102521931025924,11.089777721291615,-0.005454337053774324,-0.07564997332222267,0.7996376543674398,0.8,0.13707769951067242,0.21684510480092403,0.34745655705450856,True
14.700000000000001,10.033419576444423,3.1118392044882723,11.129670199100744,-0.00707309933913111,-0.07793099943370962,0.7996444072892774,0.8,0.13707891320142143,0.22164861048078063,0.3451842002302449,True
14.75,10.072209877778018,3.1216451308183966,11.169542125128576,-0.008721149313748794,-0.07979822040149584,0.7996510343445413,0.8,0.13708010429371578,0.22609551946294434,0.3430016975362391,True
14.8,10.11087302860968,3.1319496200867625,11.20939361222836,-0.010386401268431539,-0.08128097803656342,0.7996575378797726,0.8,0.13708127320799887,0.23019585272994494,0.3409124055732705,True
14.850000000000001,10.149399620343308,3.1427613729023958,11.249224888464834,-0.012057816172909514,-0.08240785509309126,0.7996639201977456,0.8,0.1370824203569043,0.23396151433262297,0.33891894421921287,True
14.9,10.187780136500495,3.1540879170795444,11.289036275785135,-0.01372536608285049,-0.08320661149062902,0.7996701835582852,0.8,0.1370835461454002,0.23741622173197685,0.3370232349557186,True
14.950000000000001,10.22600497122902,3.1659357228358043,11.328828178507555,-0.01537991872999204,-0.08370359115475323,0.7996763301790689,0.8,0.13708465097093098,0.2405496233205164,0.3352267714807521,True
15.0,10.264064492447648,3.1783101392419053,11.368601059406625,-0.017013306958406915,-0.08392465797607912,0.7996823622364129,0.8,0.13708573522355708,0.24338647518744913,0.3335302702394761,True
15.05,10.301949089730668,3.1912154078745933,11.408355424237925,-0.01861832120131863,-0.08389515022399534,0.7996882818660446,0.8,0.13708679928609135,0.24594121240175826,0.33193367982860744,True
15.100000000000001,10.339649168930348,3.204654850961208,11.448091823394712,-0.020188521644866442,-0.08363883288774882,0.7996940911638601,0.8,0.13708784353423376,0.24826513563139074,0.33043665797551103,True
15.15,10.377155125474273,3.218631082547342,11.487810857644035,-0.021718023655102937,-0.08317683536610015,0.7996997921866679,0.8,0.13708886833670292,0.2505307737210126,0.32903908102389057,True
15.200000000000001,10.41445702450181,3.2331470224217034,11.527513255386383,-0.02320043300677327,-0.08252116738359415,0.7997053869529178,0.8,0.13708987405536546,0.25275941568551674,0.3277439547065996,True
15.25,10.451544476812828,3.2482061171341026,11.56719988366093,-0.024628591996867927,-0.0816759359254639,0.7997108774434178,0.8,0.1370908610453629,0.2550184898617743,0.32655731962811474,True
15.3,10.488406724919123,3.263811948750689,11.606871708325297,-0.025994968622675533,-0.08064170269863918,0.7997162656020358,0.8,0.1370918296552367,0.25734804407941125,0.32548661856599204,True
15.350000000000001,10.525032515173027,3.2799684796649857,11.646529810110682,-0.027291374999740284,-0.07941462021181023,0.7997215533363892,0.8,0.1370927802270503,0.259732287767865,0.32454122720190964,True
15.4,10.561410183170144,3.2966797165442956,11.686175351944275,-0.028509300892626384,-0.07798981040637859,0.7997267425185218,0.8,0.13709371309650892,0.2621801460740505,0.323731157406776,True
15.450000000000001,10.597527704435564,3.3139495286638287,11.72580956046521,-0.029640089821542263,-0.0763628489343689,0.7997318349855673,0.8,0.1370946285930782,0.26465889817747845,0.32306645787249977,True
15.5,10.633372728050004,3.33178154178949,11.765433714311662,-0.030675038159306795,-0.07453010318028287,0.7997368325404008,0.8,0.13709552704009922,0.2671231183431888,0.3225570186048158,True
15.55,10.668932739391613,3.3501787738672824,11.805049112103768,-0.031605781260459535,-0.07249132429141875,0.7997417369522782,0.8,0.13709640875490253,0.26952600365510165,0.3222114402706562,True
15.600000000000001,10.7041951816171,3.369143434655574,11.844657055328145,-0.03242451394381919,-0.07024996303275682,0.7997465499574635,0.8,0.13709727404891922,0.27182158228719366,0.32203671809191264,True
15.65,10.739147565916667,3.388676791513313,11.884258837458615,-0.03312414769322444,-0.06781325817874828,0.7997512732598446,0.8,0.13709812322779033,0.27393243615507334,0.32203805233351834,True
15.700000000000001,10.773777676989301,3.4087788837490667,11.923855723036251,-0.03369864721496675,-0.06519362138791485,0.799755908531537,0.8,0.13709895659147492,0.27582514739416975,0.3222181040440161,True
15.75,10.80807371447577,3.4294484200195376,11.963448942615297,-0.034143177887959474,-0.062407919205119844,0.7997604574134771,0.8,0.13709977443435445,0.2774405032051875,0.3225770421692972,True
15.8,10.842024397717003,3.4506827686080754,12.003039695141776,-0.034454157533247445,-0.059476967629774835,0.7997649215160036,0.8,0.1371005770453372,0.27872660274145594,0.32311262524163153,True
15.850000000000001,10.875619187680208,3.472477756838093,12.042629137961292,-0.03462953527128901,-0.056425997846968445,0.7997693024194288,0.8,0.13710136470795914,0.2796788916490988,0.3238197753779022,True
15.9,10.908848308179843,3.4948278507962836,12.082218403075418,-0.034668645454617925,-0.05328270472776352,0.7997736016745981,0.8,0.13710213770048416,0.280231342450096,0.3246912765842613,True
15.950000000000001,10.941702911493868,3.5177260783447646,12.121808595282786,-0.034572360004991344,-0.05007764759847754,0.7997778208034407,0.8,0.13710289629600128,0.28106234899460913,0.32571749717259424,True
16.0,10.97417301515395,3.54116738712933,12.161400982528441,-0.03433915460786428,-0.0468162914569692,0.7997819612995085,0.8,0.1371036407625211,0.2809012947982765,0.32689844578692684,True
16.05,11.006250582890733,3.5651437419872454,12.200996703070661,-0.033970894657453087,-0.04352832459439515,0.7997860246285056,0.8,0.13710437136307008,0.28027156986911655,0.32822367599663216,True
16.1,11.037931450465125,3.589641838278603,12.240596683058758,-0.033475808550331276,-0.04027434192061142,0.7997900122288076,0.8,0.13710508835578294,0.2792482831889027,0.32966730798014265,True
16.150000000000002,11.069211125747053,3.6146497100568737,12.280201988516694,-0.03286068265932088,-0.037090037465780656,0.7997939255119723,0.8,0.1371057919939933,0.27779192335226843,0.3312120712857899,True
16.2,11.100086240592434,3.6401545602713172,12.3198136870126,-0.032133485786260116,-0.03400998151055512,0.7997977658632388,0.8,0.137106482526323,0.2759430819124144,0.33283978231413464,True
16.25,11.13055472667615,3.6661426507477537,12.359432832781154,-0.03130357725525406,-0.031068379794027656,0.7998015346420193,0.8,0.13710716019676972,0.2737168963762262,0.3345309212202078,True
16.3,11.160615637634239,3.692599659916529,12.399060469241697,-0.030381331374989932,-0.028297294127641925,0.7998052331823807,0.8,0.1371078252447923,0.27109612151617263,0.3362655365432144,True
16.35,11.190269349120724,3.7195105255737513,12.43869760718519,-0.029378402383275496,-0.025728720527623428,0.7998088627935173,0.8,0.13710847790539563,0.26814404227421307,0.3380223813136143,True
16.400000000000002,11.219517426572308,3.746859709157106,12.478345216428554,-0.028307454547787377,-0.02339278299095482,0.7998124247602146,0.8,0.1371091184092129,0.2648264803137837,0.33977972237254184,True
16.45,11.248362634677324,3.7746312574228638,12.518004205974258,-0.027182140124128874,-0.02131824883905553,0.7998159203433051,0.8,0.13710974698258713,0.2611840497396943,0.3415152226959877,True
16.5,11.27680905004725,3.8028087436278133,12.557675398254943,-0.0260172368750061,-0.019533637889031508,0.7998193507801145,0.8,0.13711036384765055,0.2572385949416565,0.3432054885337391,True
16.55,11.304861819240093,3.8313755996797654,12.597359510875703,-0.024828258554562894,-0.01806486039635569,0.7998227172849006,0.8,0.1371109692224029,0.25296376309478885,0.34482716536306357,True
16.6,11.332527371008165,3.860314924561515,12.637057120964059,-0.023631758699184494,-0.01693778897523135,0.7998260210492836,0.8,0.13711156332078825,0.24842041149732882,0.34635588861989264,True
16.650000000000002,11.35981328829554,3.8896096677835184,12.676768636411678,-0.022445127971149392,-0.016176896240993277,0.7998292632426677,0.8,0.1371121463527705,0.24356896392240918,0.3477668987856176,True
16.7,11.386728289402496,3.919242677062834,12.716494260127092,-0.02128656477318606,-0.015805619541510607,0.7998324450126564,0.8,0.13711271852440662,0.2384382000214693,0.3490349749479119,True
16.75,11.413282376541146,3.9491965783722622,12.756233947412356,-0.020175282012990358,-0.015847676720593177,0.7998355674854584,0.8,0.1371132800379201,0.2330482665585418,0.35013385148982484,True
16.8,11.43948656402673,3.979454063697379,12.795987368607252,-0.019131127360717308,-0.016324740881926036,0.7998386317662869,0.8,0.13711383109177155,0.22736236474168037,0.35103729564699815,True
16.85,11.465353095493674,4.009997690909881,12.83575385774883,-0.018174892838662693,-0.017259007616266975,0.7998416389397511,0.8,0.13711437188072906,0.22143098545525167,0.3517180529968028,True
16.900000000000002,11.490895347836801,4.04080998673934,12.875532363855811,-0.017328186855179513,-0.01867177662944075,0.7998445900702408,0.8,0.13711490259593634,0.21521637880388295,0.3521484067770173,True
16.95,11.516127770482372,4.071873501114771,12.915321397762597,-0.01661336325106083,-0.02058391002290738,0.7998474862023027,0.8,0.1371154234249805,0.20873592311935568,0.35230012731922994,True
17.0,11.541066039572273,4.10317066780992,12.955118969451823,-0.01605373728440108,-0.023016650292484675,0.7998503283610116,0.8,0.13711593455195784,0.2020076466028815,0.35214403006339273,True
17.05,11.565726795050356,4.1346840232747795,12.994922531929102,-0.015673249247041988,-0.025989704844926353,0.7998531175523322,0.8,0.1371164361575389,0.1949953791941218,0.3516508915346949,True
17.1,11.59012781798623,4.166396034924826,13.034728909996517,-0.01549671334120313,-0.02952337350757217,0.799855854763477,0.8,0.13711692841903197,0.1877427614931627,0.350790591369199,True
17.150000000000002,11.614287940792535,4.198289155938155,13.074534231819404,-0.01554971288693455,-0.033637150686071426,0.7998585409632547,0.8,0.1371174115104455,0.18021885204334828,0.3495326466259217,True
17.2,11.638226956983198,4.23034586673026,13.11433385850857,-0.015858499856600546,-0.03834999358484337,0.7998611771024141,0.8,0.13711788560254992,0.17243998039761546,0.3478462526115945,True
17.25,11.661965738498955,4.262548544293148,13.15412230155195,-0.01645015962830958,-0.04368096129912735,0.7998637641139806,0.8,0.1371183508629374,0.1644255052916177,0.34569995271007714,True
17.3,11.685525974172757,4.294879623508075,13.193893155069429,-0.017352293129696942,-0.04964747366230737,0.7998663029135871,0.8,0.13711880745608077,0.15615188123518495,0.34306248682771306,True
17.35,11.708930278628936,4.3273214578526265,13.233639009964534,-0.018593170665293736,-0.05626669958662733,0.7998687943997976,0.8,0.13711925554339205,0.14765911460009262,0.3399022550911953,True
17.400000000000002,11.732202089144165,4.359856340175041,13.27335137694204,-0.02020161489440566,-0.0635547850929832,0.7998712394544265,0.8,0.1371196952832788,0.13893630783084226,0.3361876842752959,True
17.45,11.755365523593834,4.392466541393431,13.313020615496736,-0.02220683659372878,-0.07152640745701055,0.7998736389428501,0.8,0.13712012683120023,0.13101046563076094,0.3318875447315242,True
17.5,11.778440626607148,4.425137686593577,13.352636322841953,-0.024632590721163146,-0.0801548625973143,0.7998759937143134,0.8,0.13712055033972229,0.1218650443304721,0.3269882335472213,True
17.55,11.801451064748282,4.45785300332792,13.392186681255081,-0.027506729317617516,-0.08945292696897823,0.799878304602231,0.8,0.13712096595857073,0.11246659470772516,0.32146094938194436,True
17.6,11.824427070785147,4.490591252340117,13.431801290839472,-0.03084921828083846,-0.09484081983283899,0.799880572424482,0.8,0.13712137383468487,0.10291147696384137,0.3165870188858288,True
17.650000000000002,11.847395399626624,4.523333903228282,13.472107666918097,-0.034008073999395705,-0.07903797562355708,0.7998827979837002,0.8,0.13712177411226834,0.09322362415149076,0.3179323146366769,True
17.7,11.870382746848003,4.556062517935364,13.512490698425456,-0.03665400474164526,-0.06398804401290092,0.7998849820675579,0.8,0.13712216693284088,0.083438043600533,0.31961032944570744,True
17.75,11.893415870450596,4.588758559436964,13.552935599287531,-0.03881818430406889,-0.04970546720168356,0.799887125449045,0.8,0.13712255243528762,0.07359992143909778,0.32157975278635575,True
17.8,11.916521361863168,4.621403452242953,13.593429105099311,-0.04053198898250107,-0.036200612068944094,0.7998892288867427,0.8,0.13712293075590842,0.06374152970833954,0.323800673701099,True
17.85,11.939725504495796,4.653978582049253,13.633959423325997,-0.04182683249193255,-0.02348024258578907,0.7998912931250926,0.8,0.1371233020284659,0.05391236376168013,0.3262346322572299,True
17.900000000000002,11.963054113273095,4.686465312820365,13.67451616997968,-0.04273398112913439,-0.011547585362499667,0.7998933188946594,0.8,0.1371236663842325,0.04363333252158373,0.3288447963172854,True
17.95,11.986534824175408,4.718843258110845,13.715090291965193,-0.043287383526380264,-0.00042284553781235523,0.7998953069123909,0.8,0.13712402395203677,0.03414153734229273,0.33158704252752846,True
18.0,12.010192155624408,4.751093696187718,13.755674081303425,-0.043517634897538356,0.009904853854849849,0.7998972578818706,0.8,0.13712437485830903,0.024844207046351895,0.3285468031908046,True
18.05,12.03404628742617,4.783200423761945,13.796260892348165,-0.04345046153835369,0.019472781324167077,0.7998991724935679,0.8,0.13712471922712577,0.015752568207147235,0.32579018647984875,True
18.1,12.058118853037401,4.815145563157646,13.836845058836495,-0.043113854294166684,0.028294927142590413,0.7999010514250819,0.8,0.13712505718025364,0.006902299182405832,0.32353370796624176,True
18.150000000000002,12.082430402177264,4.846911322407451,13.877421836523766,-0.04253496838488833,0.036387505825803974,0.799902895341382,0.8,0.13712538883719208,-0.0016619390188476286,0.32174307111331635,True
18.2,12.107000147397816,4.8784801483970455,13.917987301841107,-0.04173982069710126,0.04377014421431058,0.7999047048950427,0.8,0.1371257143152158,-0.009908602087023897,0.3203843169235481,True
18.25,12.131845858972628,4.909834789484678,13.95853825207259,-0.04075316484444975,0.050465966748886704,0.7999064807264752,0.8,0.1371260337294161,-0.01780904013055168,0.3194239464110963,True
18.3,12.15698383647287,4.940958315623174,13.999072113385381,-0.03959845692626508,0.05650054322634013,0.7999082234641539,0.8,0.13712634719274128,-0.025334828801026808,0.3188292748830973,True
18.35,12.182428841515364,4.971834181495895,14.039586852206568,-0.038297767536219204,0.06190201420846175,0.799909933724839,0.8,0.137126654816037,-0.03247549875239727,0.31856848813047467,True
18.400000000000002,12.20819410944492,5.002446242077964,14.080080897840528,-0.036871787596183675,0.06670048400702211,0.799911612113795,0.8,0.1371269567080847,-0.03921627878128187,0.31861081097012134,True
18.45,12.234291374937655,5.032778766456804,14.12055307394215,-0.035339847798643215,0.07092687962883282,0.7999132592250049,0.8,0.13712725297564074,-0.04555722720036143,0.3189268085282301,True
18.5,12.260730894987171,5.062816461655844,14.161002537040794,-0.03371993078490437,0.07461324520579693,0.7999148756413805,0.8,0.13712754372347344,-0.05150325757873684,0.3194882757113324,True
18.55,12.287521538090566,5.092544447749595,14.201428728364883,-0.032028765676771154,0.07779134952986133,0.7999164619349691,0.8,0.13712782905440032,-0.057061781457696935,0.3202685264658607,True
18.6,12.314670839102778,5.121948262896236,14.241831329756963,-0.03028187720819371,0.08049262699181649,0.7999180186671556,0.8,0.13712810906932457,-0.062241343641212324,0.32124234214327396,True
18.650000000000002,12.342185047520804,5.151013876785028,14.282210224667061,-0.028493624191889957,0.0827479107500092,0.7999195463888615,0.8,0.13712838386727047,-0.0670508254801484,0.32238598997457624,True
18.7,12.370069172199369,5.179727710013636,14.322565463705779,-0.026677230915841697,0.08458772964340044,0.7999210456407401,0.8,0.1371286535454183,-0.07150141554236508,0.32367708783552296,True
18.75,12.398327034784348,5.2080766479961484,14.362897235556835,-0.02484482790284625,0.08604142374775801,0.7999225169533676,0.8,0.13712891819913878,-0.07560344016757267,0.32509479789843065,True
18.8,12.426961323451252,5.236048055708612,14.40320584193997,-0.023007491369488063,0.08713791738517951,0.7999239608474311,0.8,0.1371291779220269,-0.07936940215580518,0.32661954923402914,True
18.85,12.455973647918078,5.263629791803103,14.44349167626795,-0.021175282922022316,0.08790512594958998,0.7999253778339133,0.8,0.13712943280593448,-0.08281138787567326,0.3282331515917313,True
18.900000000000002,12.485364600134048,5.2908102170150535,14.483755206148357,-0.01935729602355552,0.08836999971406878,0.7999267684142728,0.8,0.13712968294100297,-0.08594235259424075,0.3299187218830376,True
18.95,12.515133811094207,5.317578205256171,14.523996958213113,-0.017561696499460953,0.0885585611790185,0.799928133080622,0.8,0.13712992841569532,-0.0887757000845498,0.3316606200467245,True
19.0,12.545280012742642,5.343923148107976,14.56421750602106,-0.01579576989419181,0.08849584727287951,0.7999294723159015,0.8,0.13713016931682706,-0.09132498649806566,0.33344440666332226,True
19.05,12.57580109822469,5.369834958603667,14.60441745991031,-0.01406596677813142,0.08820570198647726,0.7999307865940506,0.8,0.1371304057295968,-0.093653956435622,0.33525684666714634,True
19.1,12.606694379755263,5.395303850807996,14.644597484920663,-0.012378244288418619,0.08770900703570861,0.7999320763801754,0.8,0.13713063773761683,-0.09583586640313646,0.3370860633278498,True
19.150000000000002,12.637956936857387,5.420319975398319,14.6847583346404,-0.010738573397401242,0.08702098920707169,0.7999333421307133,0.8,0.1371308654229423,-0.09788333950101205,0.3389217921438261,True
19.200000000000003,12.669585558096243,5.444873475310631,14.724900835072528,-0.009152864310861599,0.08615336794494155,0.7999345842935951,0.8,0.13713108886609998,-0.09984989377641107,0.3407548404904858,True
19.25,12.701576729336248,5.46895449677986,14.765025875785827,-0.007626956287035767,0.08511527889986525,0.7999358033084027,0.8,0.13713130814611718,-0.10174301898731436,0.3425768327434492,True
19.3,12.733926691963308,5.4925531157673815,14.805134411656102,-0.006166717178017631,0.08391318299790929,0.7999369996065256,0.8,0.13713152334054937,-0.10357126965441785,0.34438013586521793,True
19.35,12.766631315923965,5.515659492460894,14.845227440754451,-0.004777850499763086,0.08255324545165943,0.799938173611313,0.8,0.13713173452550764,-0.10534303909650432,0.3461573730390612,True
19.400000000000002,12.799686121276864,5.538263856193658,14.885306002498773,-0.0034659270103846096,0.08104058251911106,0.799939325738224,0.8,0.13713194177568555,-0.10704774849391904,0.3479016061193554,True
19.450000000000003,12.833086228432553,5.560356585149228,14.925371166634072,-0.0022362979211896176,0.07938070226058092,0.7999404563949745,0.8,0.13713214516438568,-0.1086731765907692,0.3496060099044418,True
19.5,12.866826285924555,5.58192833220775,14.965424019325408,-0.0010939575176788375,0.07757987473923822,0.7999415659816815,0.8,0.13713234476354533,-0.11020773434585353,0.3512639017044402,True
19.55,12.900900460630835,5.602970080986459,15.005465657651717,-4.349799232063714e-05,0.07564541288955827,0.7999426548910052,0.8,0.13713254064376199,-0.11162845642183755,0.35286870360868716,True
19.6,12.935302399801966,5.623473252495834,15.04549718027591,0.0009109941474896218,0.07358611509713886,0.7999437235082874,0.8,0.1371327328743184,-0.11291201699313466,0.35259192781399257,True
19.650000000000002,12.97002518533432,5.643429841614612,15.085519676990371,0.00176607187172007,0.07141257011526836,0.7999447722116881,0.8,0.13713292152320666,-0.11404755210136444,0.35236101671118536,True
19.700000000000003,13.005061366478301,5.662832448697241,15.125534228508961,0.002518932610828137,0.06913683943017068,0.7999458013723199,0.8,0.13713310665715267,-0.1149971450473705,0.3522624052356006,True
19.75,13.040402926263306,5.681674423906912,15.165541897241557,0.00316755541178247,0.06677305800584132,0.7999468113543782,0.8,0.13713328834163968,-0.11575595994301623,0.35229414162868533,True
19.8,13.076041297929992,5.699949948774485,15.205543724379986,0.0037107606507738983,0.06433706745379053,0.7999478025152714,0.8,0.13713346664093098,-0.11629990526942333,0.3524529242365559,True
19.85,13.111967430036845,5.717654039734946,15.245540732809152,0.004148180227158866,0.061845787346437746,0.7999487752057467,0.8,0.13713364161809322,-0.11660754004342865,0.3527343082674842,True
19.900000000000002,13.148171762010563,5.734782713955544,15.285533917945116,0.004480415046561775,0.05931819542324079,0.7999497297700143,0.8,0.13713381333501812,-0.11668561988647037,0.3531322617717323,True
19.950000000000003,13.184644334891038,5.7513329201863215,15.325524255192878,0.004708924339337237,0.056773818313662565,0.7999506665458694,0.8,0.13713398185244485,-0.11649958832246861,0.35363970856733107,True
20.0,13.221374806374309,5.767302639986931,15.365512694402256,0.004836112410743946,0.054233149865584085,0.7999515858648119,0.8,0.13713414722998113,-0.11606328963131377,0.3542483188894369,True
20.05,13.258352499306342,5.782690934500837,15.40550015774951,0.004865354132626325,0.05171777411227291,0.7999524880521632,0.8,0.1371343095261243,-0.11536708076327355,0.3549484466761479,True
20.1,13.29556652112695,5.797497836555298,15.445487545116325,0.004800852866889585,0.04924897963036507,0.7999533734271822,0.8,0.13713446879828228,-0.11440117669337418,0.355729673053733,True
20.150000000000002,13.333005756847673,5.811724499631476,15.485475723044393,0.004647786443936464,0.046848788499892935,0.7999542423031774,0.8,0.13713462510279373,-0.11319017091548966,0.3565803630819082,True
20.200000000000003,13.370658996179605,5.8253730539734745,15.525465528596012,0.004412133362420886,0.044538664036418596,0.7999550949876184,0.8,0.13713477849494773,-0.11170979311848223,0.3574882166539114,True
20.25,13.408514966071232,5.838446654859761,15.565457760712954,0.004100714535572784,0.04234004442303296,0.7999559317822448,0.8,0.13713492902900348,-0.1099876363590417,0.3584400748122528,True
20.3,13.446562378515246,5.850949497370886,15.605453172259935,0.0037211998589864737,0.04027415731225642,0.7999567529831724,0.8,0.13713507675820966,-0.10802443392679364,0.3594219705265893,True
20.35,13.484790042918707,5.862886648869793,15.645452468083317,0.003281923120336735,0.03836098974746249,0.7999575588809986,0.8,0.13713522173482295,-0.10581869802599271,0.3604196185970183,True
20.400000000000002,13.52318685650417,5.874264181614719,15.685456288111045,0.0027920217206682607,0.03662060139524126,0.7999583497609051,0.8,0.13713536401012677,-0.10340307741287126,0.36141789789455436,True
20.450000000000003,13.561741907800442,5.885088994242841,15.725465202000809,0.002261246486573045,0.035071752302401615,0.7999591259027585,0.8,0.13713550363444918,-0.10075914104047862,0.3624014471985826,True
20.5,13.600444498170585,5.895368836142374,15.765479693591288,0.001699990647028434,0.03373253887384203,0.7999598875812102,0.8,0.13713564065718056,-0.09791836653758025,0.36335445621138607,True
20.55,13.639284170218982,5.905112312797988,15.805500145064288,0.0011192990716604799,0.032620322560312165,0.7999606350657924,0.8,0.13713577512679168,-0.09488552485738531,0.3642606826648047,True
20.6,13.67825078906901,5.914328698988074,15.845526826126186,0.0005306787740336811,0.031751195050715386,0.7999613686210147,0.8,0.13713590709084997,-0.09166116937169476,0.36510380404708787,True
20.650000000000002,13.717334523856776,5.923028062912412,15.885559871227205,-5.3764163570300705e-05,0.031140711513497732,0.799962088506457,0.8,0.13713603659603707,-0.0882781218901413,0.3657595433677802,True
20.700000000000003,13.756525914764554,5.931221089097629,15.925599265719207,-0.0006215007956641523,0.03080309880095741,0.7999627949768614,0.8,0.13713616368816506,-0.0847208586544742,0.3652907227671167,True
20.75,13.795815879935342,5.938919089296046,15.965644824730374,-0.0011595586928449006,0.030751856320937576,0.7999634882822227,0.8,0.13713628841219253,-0.0810187563683131,0.36476767957077577,True
20.8,13.835195724052161,5.946134009107031,16.005696171385424,-0.0016545063580848233,0.030999779438358188,0.799964168667877,0.8,0.13713641081224023,-0.07717710699782157,0.36420009053650637,True
20.85,13.874657185554447,5.952878249230873,16.045752719981472,-0.0020926274152937435,0.03155804924596603,0.7999648363745877,0.8,0.13713653093160766,-0.07319682223319599,0.36359842685514143,True
20.900000000000002,13.914192413257888,5.959164775581394,16.085813649646884,-0.0024597983541213416,0.03243769767140123,0.7999654916386316,0.8,0.13713664881278723,-0.06910748411914215,0.36297365183545394,True
20.950000000000003,13.953794000883473,5.965006958257751,16.12587788601363,-0.002741644334963723,0.03364825817173381,0.7999661346918822,0.8,0.13713676449748,-0.06489605091528189,0.3623374648233087,True
21.0,13.993454981264842,5.97041857608502,16.165944077616988,-0.0029235257828039217,0.035198636443362685,0.7999667657618915,0.8,0.13713687802661015,-0.060588675210723544,0.36170206371831154,True
21.05,14.03316882109098,5.975413821144466,16.206010571966537,-0.002990526241250151,0.037096894984510326,0.7999673850719713,0.8,0.13713698944033934,-0.05619050172094159,0.36108022421065045,True
21.1,14.072929440143714,5.980007138606351,16.246075397688188,-0.0029276077805545446,0.03934987017496672,0.7999679928412713,0.8,0.13713709877808122,-0.05170363062105424,0.36048525985111013,True
21.150000000000002,14.11273118584378,5.984213317220927,16.28613623824763,-0.0027195132589333633,0.04196385834185515,0.7999685892848571,0.8,0.13713720607851532,-0.047153731526468456,0.35993092257601444,True
21.200000000000003,14.152568843035205,5.9880473484741294,16.32619041478665,-0.002350903822823365,0.04494401894536926,0.7999691746137867,0.8,0.13713731137960034,-0.042531920182096235,0.3594314425233034,True
21.25,14.192437619256665,5.9915244234170855,16.366234865012903,-0.0018063581335090798,0.048294645884797316,0.7999697490351845,0.8,0.1371374147185879,-0.03786080490887952,0.3590014520943045,True
21.3,14.232333129955729,5.994659932969371,16.406266122541062,-0.0010703696283073123,0.05201929426669069,0.799970312752315,0.8,0.1371375161320357,-0.03314668563094176,0.3586559541797223,True
21.35,14.272251397267292,5.997469330866152,16.446280304501123,-0.0001274830647261807,0.05612028314474258,0.7999708659646547,0.8,0.13713761565582047,-0.02839387252877824,0.35841033182026705,True
21.400000000000002,14.312188824349647,5.999968195425088,16.486273091403426,0.001037767557076983,0.060599263720022375,0.7999714088679627,0.8,0.13713771332515043,-0.023624035168342467,0.3562047113663672,True
21.450000000000003,14.35214218748988,6.0021721159433215,16.526239717994265,0.002440743579404197,0.06545677452077746,0.7999719416543498,0.8,0.13713780917457796,-0.0188343407004815,0.3534001651901365,True
21.5,14.392108616122758,6.004096676881591,16.56617496180761,0.004096683262767427,0.07069235493472127,0.7999724645123468,0.8,0.13713790323801175,-0.014043964120039935,0.35023737825760975,True
21.55,14.432085572467125,6.005757449690775,16.60615116237191,0.005757449690775296,0.063070628925679,0.7999729776269711,0.8,0.13713799554872871,-0.009261405651977916,0.350771526660356,True
21.6,14.472070837241429,6.007169882767594,16.646136427146214,0.007169882767594338,0.05577247827928166,0.7999734811797918,0.8,0.13713808613938588,-0.004493931692927723,0.351468637508508,True
21.650000000000002,14.512062484870047,6.00834932828961,16.68612807477483,0.008349328289609659,0.04886203187105192,0.7999739753489948,0.8,0.1371381750420318,0.0002399108324709408,0.3522936110759435,True
21.700000000000003,14.552058865751833,6.009310954587389,16.726124455656617,0.009310954587388842,0.0423371727062957,0.7999744603094451,0.8,0.13713826228811815,0.00493580735648628,0.3532306717024646,True
21.75,14.59205858428077,6.010069712625578,16.766124174185556,0.010069712625577765,0.03619486632636719,0.7999749362327488,0.8,0.1371383479085104,0.009578039375113421,0.35426462943352155,True
21.8,14.632060476436981,6.010640320916707,16.80612606634177,0.010640320916706969,0.030431276438529938,0.7999754032873144,0.8,0.13713843193349917,0.01415497508904338,0.3553808593342716,True
21.85,14.672063589929454,6.011037181903405,16.84612917983424,0.011037181903405191,0.02504146879592916,0.7999758616384117,0.8,0.13713851439281058,0.01865663486051138,0.35656546928201466,True
21.900000000000002,14.712067161665095,6.011274372219778,16.886132751569882,0.011274372219777895,0.0200196444740598,0.7999763114482307,0.8,0.13713859531561715,0.02306891391452072,0.3578052388301989,True
21.950000000000003,14.752070597172303,6.011365592976621,16.926136187077088,0.011365592976621208,0.015359039910973175,0.7999767528759386,0.8,0.1371386747305479,0.027380533986873668,0.3590876949829138,True
22.0,14.792073450280279,6.0113241201821905,16.966139040185062,0.011324120182190534,0.011051874436829546,0.7999771860777369,0.8,0.1371387526656981,0.03133014768079212,0.36040117384850334,True
22.05,14.83207541367038,6.01116130949194,17.006141003575166,0.011161309491940052,0.007079336734257008,0.7999776112069159,0.8,0.13713882914864006,0.035494282207947356,0.3617392773602585,True
22.1,14.872076264464555,6.010889479452684,17.04614185436934,0.01088947945268437,0.003435393532081633,0.7999780284139091,0.8,0.13713890420643235,0.03952192293615289,0.3630909482950471,True
22.150000000000002,14.912075874405996,6.010522346129757,17.08614146431078,0.010522346129756777,0.00012315133912808775,0.7999784378463469,0.8,0.13713897786562895,0.04343344216453139,0.36444107887050536,True
22.200000000000003,14.952074210601122,6.010071614348812,17.126139800505907,0.010071614348811764,-0.002867665814947846,0.7999788396491083,0.8,0.13713905015228975,0.04706371588610652,0.36407720404032007,True
22.25,14.992071299240958,6.009547737480526,17.166136889145744,0.009547737480525953,-0.00555318437893383,0.7999792339643725,0.8,0.1371391210919887,0.05053206072097137,0.36380490259680237,True
22.3,15.032067205408842,6.008960165583676,17.20613279531363,0.008960165583675739,-0.007951375523341611,0.7999796209316692,0.8,0.13713919070982328,0.053815539705277415,0.36368225227296447,True
22.35,15.072062027281003,6.008318261515172,17.24612761718579,0.008318261515172232,-0.010076301122443678,0.7999800006879276,0.8,0.13713925903042365,0.05690777262240609,0.36369547337952235,True
22.400000000000002,15.11205588437739,6.007630641013594,17.286121474282176,0.007630641013594008,-0.011943203179699706,0.7999803733675255,0.8,0.13713932607796092,0.05981141201056782,0.3638312268690477,True
22.450000000000003,15.152048909281584,6.006905284989083,17.326114499186367,0.006905284989082716,-0.013567469021003163,0.7999807391023362,0.8,0.13713939187615576,0.06253017757054065,0.3640768049212339,True
22.5,15.19204124128726,6.006149598001786,17.366106831192045,0.0061495980017856056,-0.014964223532634985,0.7999810980217757,0.8,0.13713945644828718,0.06506835514333982,0.36442018871508985,True
22.55,15.232033021086119,6.005370428952455,17.406098610990902,0.005370428952454986,-0.016148263961777154,0.7999814502528483,0.8,0.13713951981720018,0.06743070222309648,0.36485004263662546,True
22.6,15.27202438652439,6.004574090608309,17.446089976429175,0.004574090608309156,-0.017134018691309226,0.7999817959201913,0.8,0.13713958200531426,0.06962237954522438,0.36535570279069296,True
22.650000000000002,15.31201546931102,6.003766379765844,17.486081059215806,0.0037663797658442633,-0.017935512488721394,0.7999821351461194,0.8,0.13713964303463133,0.07164888816751785,0.3659271632368262,True
22.700000000000003,15.352006392555065,6.002952597989524,17.52607198245985,0.002952597989524186,-0.01856633696187833,0.7999824680506681,0.8,0.13713970292674307,0.07351601084300079,0.36655506041178976,True
22.75,15.391997269016938,6.002137572777826,17.566062858921725,0.0021375727778263354,-0.019039625836772257,0.7999827947516358,0.8,0.1371397617028392,0.07522975751671475,0.36723065601674815,True
22.8,15.431988199966868,6.001325679015579,17.606053789871652,0.0013256790155793396,-0.01936803472807279,0.7999831153646259,0.8,0.13713981938371436,0.07679631482484064,0.36794581861355824,True
22.85,15.471979274552771,6.000520860583433,17.646044864457558,0.0005208605834328139,-0.019563725084828235,0.7999834300030871,0.8,0.13713987598977595,0.07822199946894438,0.36869300415148093,True
22.900000000000002,15.511970569588888,5.9997266520067685,17.686036159493675,-0.0002733479932315319,-0.019638352003252736,0.7999837387783545,0.8,0.137139931541051,0.07951321533112073,0.36891853963845866,True
22.950000000000003,15.551962149685483,5.998946200037251,17.72602773959027,-0.0010537999627491246,-0.019603055608393934,0.7999840417996879,0.8,0.13713998605719369,0.08067641418989566,0.3681484821184825,True
23.0,15.591954067648663,5.998182285070489,17.76601965755345,-0.001817714929511105,-0.01946845571670974,0.7999843391743112,0.8,0.13714003955749166,0.08171805989209036,0.36742420702347833,True
23.05,15.631946365087833,5.997437342313016,17.80601195499262,-0.00256265768698416,-0.019244649502160923,0.7999846310074504,0.8,0.13714009206087321,0.08264459583230148,0.36674518077875184,True
23.1,15.671939073176281,5.996713482620982,17.846004663081068,-0.0032865173790179725,-0.01894121189930538,0.7999849174023703,0.8,0.13714014358591428,0.08346241558919106,0.3661107014834314,True
23.150000000000002,15.711932213517915,5.9960125129416655,17.8859978034227,-0.003987487058334516,-0.018567198488013234,0.7999851984604114,0.8,0.13714019415084444,0.08417783656624964,0.3655199175131736,True
23.200000000000003,15.75192579908018,5.9953359562971,17.925991388984965,-0.004664043702899967,-0.01813115061575766,0.7999854742810256,0.8,0.13714024377355374,0.0847970764841083,0.3649718452007018,True
23.25,15.791919835159549,5.994685071256862,17.965985425064332,-0.00531492874313777,-0.0176411025249209,0.7999857449618117,0.8,0.13714029247159884,0.08532623257168288,0.3644653855874706,True
23.3,15.831914320351917,5.99406087085435,18.005979910256702,-0.005939129145650313,-0.017104590264131934,0.7999860105985498,0.8,0.13714034026220906,0.08577126330437547,0.36399934024430064,True
23.35,15.871909247505396,5.993464140907715,18.04597483741018,-0.006535859092284824,-0.016528662174267746,0.7999862712852347,0.8,0.13714038716229315,0.08613797253919923,0.36357242616324426,True
23.400000000000002,15.911904604637801,5.992895457713018,18.085970194542586,-0.007104542286982429,-0.01591989075134901,0.7999865271141099,0.8,0.13714043318844457,0.08643199589894092,0.3631832897271756,True
23.450000000000003,15.951900375805215,5.992355205083159,18.12596596571,-0.00764479491684078,-0.015284385700089408,0.7999867781756999,0.8,0.13714047835694765,0.08665878926020372,0.36283051976764136,True
23.5,15.991896541911684,5.991843590711726,18.16596213181647,-0.008156409288273991,-0.014627808003267873,0.7999870245588422,0.8,0.1371405226837831,0.08682361920345698,0.3625126597252271,True
23.55,16.03189308145322,5.991360661846019,18.205958671358005,-0.00863933815398088,-0.013955384843337193,0.7999872663507188,0.8,0.13714056618463427,0.0869315552868658,0.36222821893014223,True
23.6,16.071889971191936,5.990906320258366,18.24595556109672,-0.009093679741633665,-0.013271925223716046,0.7999875036368872,0.8,0.1371406088748919,0.08698746400965253,0.3619756830238678,True
23.650000000000002,16.111887186758473,5.990480336509163,18.285952776663258,-0.009519663490837438,-0.012581836147999195,0.7999877365013104,0.8,0.13714065076966014,0.08699600433510506,0.36175352354546186,True
23.700000000000003,16.15188470318261,5.990082363499155,18.325950293087395,-0.009917636500844651,-0.011889139225824578,0.7999879650263866,0.8,0.13714069188376185,0.0869616246478519,0.36156020670859146,True
23.75,16.19188249535359,5.989711949312136,18.365948085258374,-0.010288050687863759,-0.011197487584327674,0.7999881892929788,0.8,0.13714073223174345,0.08688856102482655,0.36139420139743317,True
23.8,16.231880538412785,5.9893685493525535,18.40594612831757,-0.010631450647446528,-0.010510182973967202,0.7999884093804428,0.8,0.13714077182788054,0.08678083670422738,0.36125398641136475,True
23.85,16.271878808082306,5.989051537785548,18.44594439798709,-0.01094846221445156,-0.009830192966999458,0.7999886253666558,0.8,0.1371408106861826,0.08664226264183705,0.3611380569897906,True
23.900000000000002,16.31187728093378,5.988760218289619,18.485942870838564,-0.011239781710380647,-0.009160168155995178,0.7999888373280438,0.8,0.1371408488203981,0.08647643904915987,0.3610449306495719,True
23.950000000000003,16.351875934602045,5.988493834134498,18.52594152450683,-0.011506165865501572,-0.008502459268518165,0.7999890453396085,0.8,0.13714088624401935,0.08628675781300243,0.36097315236835104,True
24.0,16.391874747948727,5.988251577598942,18.56594033785351,-0.011748422401058,-0.007859134122409926,0.7999892494749539,0.8,0.13714092297028715,0.08607640570128,0.3609212991476103,True
24.05,16.431873701180795,5.988032598744966,18.60593929108558,-0.011967401255033927,-0.007231994354043003,0.7999894498063124,0.8,0.13714095901219592,0.08584836826499098,0.36088798398958744,True
24.1,16.47187277592925,5.987836013566643,18.645938365834034,-0.012163986433357366,-0.0066225918594136,0.7999896464045704,0.8,0.1371409943824976,0.08560543435141617,0.360871859322222,True
24.150000000000002,16.511871955292936,5.987660911532925,18.68593754519772,-0.012339088467075321,-0.006032244895041357,0.7999898393392934,0.8,0.13714102909370662,0.08535020114863694,0.36087161990614525,True
24.200000000000003,16.551871223852302,5.987506362545084,18.725936813757087,-0.012493637454915607,-0.005462053792333031,0.7999900286787502,0.8,0.13714106315810448,0.08508507968644378,0.3608860052573673,True
24.25,16.591870567657683,5.987371423330266,18.765936157562468,-0.012628576669733604,-0.004912916245351256,0.799990214489938,0.8,0.13714109658774346,0.08481230072356918,0.3609138016187825,True
24.3,16.63186997419641,5.9872551432933845,18.805935564101194,-0.012744856706615515,-0.0043855421378156114,0.7999903968386051,0.8,0.13714112939445144,0.08453392095592195,0.36095384351294146,True
24.35,16.67186943234268,5.987156569850131,18.845935022247467,-0.012843430149868773,-0.003880467880659344,0.7999905757892745,0.8,0.13714116158983605,0.08425182948512788,0.36100501490772224,True
24.400000000000002,16.71186893229383,5.987074753264249,18.885934522198614,-0.012925246735751017,-0.0033980702365801756,0.7999907514052671,0.8,0.13714119318528836,0.08396775449116463,0.36106625002560955,True
24.450000000000003,16.75186846549622,5.9870087510124534,18.925934055401004,-0.012991248987546555,-0.0029385796127681203,0.7999909237487236,0.8,0.13714122419198754,0.08368327005719199,0.36113653382628697,True
24.5,16.79186802456371,5.986957631700473,18.965933614468494,-0.013042368299527318,-0.0025020928073794424,0.799991092880627,0.8,0.137141254620904,0.08339980309888727,0.36121490219113417,True
24.55,16.83186760319119,5.986920478553659,19.005933193095974,-0.013079521446340614,-0.0020885851993651654,0.7999912588608235,0.8,0.13714128448280424,0.08311864035456848,0.36130044183709187,True
24.6,16.87186719606546,5.9868963925054635,19.045932785970244,-0.01310360749453654,-0.0016979223749686151,0.7999914217480443,0.8,0.13714131378825378,0.08284093539627578,0.3613922899861319,True
24.650000000000002,16.911866798775304,5.986884494906833,19.08593238868009,-0.013115505093167279,-0.0013298711875926249,0.7999915815999261,0.8,0.1371413425476214,0.08256771562561853,0.3614896338153591,True
24.700000000000003,16.951866407722378,5.986883929879253,19.125931997627163,-0.01311607012074667,-0.000984110250816961,0.7999917384730316,0.8,0.13714137077108277,0.08229988922173238,0.3615917097114951,True
24.75,16.99186602003423,5.986893866333742,19.165931609939015,-0.013106133666258124,-0.0006602398671347665,0.7999918924228695,0.8,0.13714139846862364,0.0820382520119994,0.3616978023522411,True
24.8,17.031865633480507,5.986913499677609,19.205931223385292,-0.013086500322391004,-0.00035779139748684036,0.7999920435039138,0.8,0.13714142565004417,0.081783494239354,0.36180724363574035,True
24.85,17.071865246393166,5.986942053230272,19.24593083629795,-0.013057946769728268,-7.623607891949874e-05,0.7999921917696238,0.8,0.13714145232496155,0.08153620720297954,0.3619194114781008,True
24.900000000000002,17.111864857591353,5.986978779368789,19.28593044749614,-0.01302122063121125,0.0001850067003109907,0.7999923372724622,0.8,0.13714147850281386,0.08129688975202486,0.36192383451832727,True
24.950000000000003,17.151864466311356,5.9870229604231575,19.32593005621614,-0.012977039576842486,0.000426561657102652,0.7999924800639144,0.8,0.13714150419286333,0.08106595461460736,0.36189628298701776,True
25.0,17.191864072141925,5.987073909340731,19.36592966204671,-0.012926090659268752,0.0006490903887155922,0.7999926201945062,0.8,0.1371415294041996,0.08084373454685534,0.36188115584121455,True
25.05,17.231863674965116,5.987130970138397,19.4059292648699,-0.01286902986160321,0.0008532846528653867,0.7999927577138218,0.8,0.1371415541457431,0.08063048828907701,0.3618775901331647,True
25.1,17.27186327490266,5.98719351816043,19.445928864807446,-0.012806481839570338,0.0010398601376064409,0.7999928926705216,0.8,0.13714157842624775,0.08042640631829535,0.3618847473370319,True
25.150000000000002,17.311862872267827,5.9872609601591895,19.485928462172613,-0.012739039840810484,0.0012095507049536033,0.799993025112359,0.8,0.1371416022543046,0.08023161638840336,0.3619018151257085,True
25.200000000000003,17.35186246752258,5.987332734215055,19.525928057427365,-0.012667265784944703,0.0013631030914027602,0.7999931550861978,0.8,0.13714162563834437,0.08004618885105902,0.36192800885038734,True
25.25,17.391862061239873,5.9874083095112205,19.56592765114466,-0.012591690488779506,0.0015012720478804794,0.7999932826380283,0.8,0.1371416485866409,0.07987014175217302,0.3619625727440715,True
25.3,17.431861654070776,5.987487185978215,19.60592724397556,-0.012512814021785168,0.0016248159011675793,0.7999934078129836,0.8,0.13714167110731398,0.07970344570039262,0.36200478086953436,True
25.35,17.471861246716156,5.987568893822219,19.64592683662094,-0.012431106177780649,0.0017344925184890041,0.799993530655356,0.8,0.1371416932083318,0.0795460285054773,0.3620539378314983,True
25.400000000000002,17.511860839902578,5.987652992950494,19.685926429807363,-0.012347007049505976,0.0018310556567328411,0.7999936512086128,0.8,0.137141714897514,0.07939777958575298,0.3621093792720723,True
25.450000000000003,17.55186043436212,5.98773907230647,19.725926024266904,-0.012260927693530377,0.0019152516776442011,0.7999937695154105,0.8,0.13714173618253492,0.07925855414504256,0.3621704721677135,True
25.5,17.59186003081569,5.987826749126303,19.765925620720473,-0.012173250873696695,0.001987816610323641,0.7999938856176111,0.8,0.1371417570709257,0.07912817712056297,0.36223661494519266,True
25.55,17.63185962995958,5.987915668127965,19.805925219864363,-0.012084331872035392,0.0020494735424368125,0.7999939995562966,0.8,0.13714177757007712,0.07900644690424777,0.36230723743325166,True
25.6,17.671859232454864,5.988005500643197,19.84592482235965,-0.011994499356802635,0.0021009303217022594,0.7999941113717832,0.8,0.13714179768724236,0.07889313884082846,0.3623818006658428,True
25.650000000000002,17.71185883891934,5.988095943702005,19.885924428824126,-0.01190405629799507,0.0021428775494589944,0.7999942211036362,0.8,0.13714181742953913,0.07878800850677303,0.3624597965520443,True
25.700000000000003,17.751858449921677,5.988186719078614,19.925924039826462,-0.011813280921385783,0.002175986848416398,0.7999943287906832,0.8,0.13714183680395275,0.07869079477487448,0.3625407474269449,True
25.75,17.7918580659775,5.988277572307225,19.965923655882285,-0.011722427692775206,0.0022009093870488466,0.7999944344710285,0.8,0.13714185581733854,0.07860122266985395,0.3626242054970119,True
25.8,17.831857687547128,5.988368271675197,20.005923277451913,-0.011631728324802637,0.0022182746435085417,0.7999945381820661,0.8,0.13714187447642384,0.07851900602087238,0.3627097521926688,True
25.85,17.871857315034692,5.988458607200732,20.045922904939477,-0.011541392799268024,0.0022286893923854803,0.7999946399604936,0.8,0.1371418927878106,0.0784438499172581,0.3627969974400566,True
25.900000000000002,17.911856948788422,5.988548389601482,20.085922538693207,-0.011451610398517609,0.0022327368981371713,0.7999947398423243,0.8,0.1371419107579779,0.07837545297413706,0.3628855788631918,True
25.950000000000003,17.951856589101894,5.9886374492600005,20.12592217900668,-0.011362550739999477,0.002230976299536347,0.7999948378629006,0.8,0.13714192839328404,0.0783135094149229,0.362975160927017,True
26.0,17.991856236216,5.988725635191343,20.165921826120787,-0.011274364808657289,0.0022239421700368236,0.7999949340569062,0.8,0.13714194569996893,0.07825771097788792,0.36306543403110986,True
26.05,18.031855890321555,5.988812814017674,20.20592148022634,-0.011187185982326042,0.002212144239531234,0.7999950284583788,0.8,0.13714196268415604,0.07820774865417732,0.3631561135631447,True
26.1,18.07185555156229,5.988898868954201,20.245921141467075,-0.011101131045799129,0.0021960672635642367,0.7999951211007214,0.8,0.1371419793518548,0.07816331426477315,0.3632469389205196,True
26.150000000000002,18.111855220038198,5.988983698810302,20.285920809942983,-0.011016301189697764,0.002176171026666289,0.7999952120167146,0.8,0.13714199570896274,0.0781241018839833,0.3633376725079205,True
26.200000000000003,18.151854895809045,5.9890672170092865,20.32592048571383,-0.010932782990713541,0.002152890467083139,0.7999953012385285,0.8,0.13714201176126753,0.07808980911705797,0.3634280987179723,True
26.25,18.191854578898,5.989149350629787,20.365920168802784,-0.010850649370213183,0.0021266359107901577,0.7999953887977334,0.8,0.1371420275144487,0.07806013823953237,0.36351802290152924,True
26.3,18.231854269295273,5.989230039471418,20.405919859200058,-0.010769960528581812,0.002097793403295581,0.7999954747253113,0.8,0.13714204297408022,0.07803479720584193,0.3636072703335871,True
26.35,18.271853966961718,5.989309235146951,20.445919556866503,-0.010690764853048762,0.0020667251283493604,0.799995559051667,0.8,0.1371420581456323,0.07801350053467952,0.36369568518025536,True
26.400000000000002,18.31185367183233,5.989386900202911,20.485919261737116,-0.01061309979708902,0.0020337699032818,0.7999956418066386,0.8,0.1371420730344728,0.07799597007846783,0.3637831294716982,True
26.450000000000003,18.351853383819602,5.9894630072702,20.525918973724387,-0.010536992729799799,0.0019992437412965814,0.7999957230195084,0.8,0.13714208764586988,0.07798193568416494,0.36386948208547387,True
26.5,18.391853102816704,5.989537538246036,20.56591869272149,-0.01046246175396437,0.001963440471633081,0.7999958027190126,0.8,0.13714210198499358,0.0779711357524905,0.36395463774421666,True
26.55,18.43185282870048,5.98961048350822,20.605918418605267,-0.010389516491779993,0.0019266324090916173,0.7999958809333524,0.8,0.1371421160569173,0.07796331770246781,0.36403850603117427,True
26.6,18.471852561334227,5.989681841162518,20.645918151239012,-0.010318158837481661,0.0018890710649809568,0.799995957690203,0.8,0.13714212986662033,0.07795823834798497,0.3641210104266909,True
26.650000000000002,18.511852300570236,5.989751616323663,20.68591789047502,-0.010248383676336736,0.0018509878920975505,0.7999960330167244,0.8,0.1371421434189887,0.07795566419288798,0.36420208736832793,True
26.700000000000003,18.551852046252133,5.9898198204303155,20.725917636156918,-0.010180179569684533,0.001812595056880668,0.79999610693957,0.8,0.13714215671881771,0.0779553716508737,0.36428168533695465,True
26.75,18.59185179821698,5.989886470594093,20.765917388121764,-0.010113529405907151,0.001774086232404679,0.7999961794848969,0.8,0.13714216977081323,0.07795714719624985,0.364359763970784,True
26.8,18.63185155629716,5.989951588982618,20.805917146201946,-0.010048411017382186,0.0017356374063687815,0.7999962506783744,0.8,0.1371421825795934,0.07796078745137004,0.36443629320901505,True
26.85,18.67185132032206,5.990015202236367,20.845916910226844,-0.009984797763633146,0.0016974076987249283,0.7999963205451939,0.8,0.1371421951496904,0.07796609921631782,0.3645112524664409,True
26.900000000000002,18.711851090119527,5.990077340918958,20.885916680024312,-0.00992265908104173,0.0016595401840452184,0.799996389110077,0.8,0.13714220748555173,0.07797289944617343,0.36458462984009826,True
26.950000000000003,18.751850865517163,5.990138039000392,20.925916455421948,-0.009861960999607788,0.0016221627141713186,0.7999964563972847,0.8,0.1371422195915424,0.07798101518093509,0.36465642134878384,True
27.0,18.79185064634342,5.9901973333726355,20.965916236248205,-0.009802666627364509,0.0015853887371094914,0.799996522430626,0.8,0.13714223147194574,0.07799028343292957,0.3647266302060195,True
27.05,18.83185043242853,5.990255263396854,21.005916022333317,-0.00974473660314601,0.0015493181085356215,0.7999965872334662,0.8,0.13714224313096549,0.07800055103627833,0.3647952661268401,True
27.1,18.871850223605314,5.990311870481492,21.0459158135101,-0.009688129518507616,0.0015140378926549885,0.7999966508287353,0.8,0.13714225457272675,0.078011674462762,0.3648623446685647,True
27.150000000000002,18.911850019709807,5.990367197690341,21.08591560961459,-0.009632802309658572,0.0014796231495220055,0.7999967132389356,0.8,0.1371422658012782,0.07802351960815372,0.3649278866055461,True
27.200000000000003,18.951849820581792,5.990421289379658,21.125915410486577,-0.009578710620342434,0.0014461377062655319,0.7999967744861506,0.8,0.13714227682059274,0.0780359615528678,0.36499191733771974,True
27.25,18.991849626065214,5.990474190863355,21.16591521597,-0.009525809136644803,0.0014136349099856983,0.799996834592052,0.8,0.13714228763456926,0.07804888430051724,0.36505446633263267,True
27.3,19.0318494360085,5.990525948105235,21.205915025913285,-0.009474051894764912,0.0013821583603892036,0.7999968935779075,0.8,0.13714229824703428,0.07806218049776066,0.3651155666004897,True
27.35,19.071849250264787,5.990576607437197,21.245914840169572,-0.009423392562802668,0.0013517426205122143,0.7999969514645888,0.8,0.13714230866174273,0.07807575113856127,0.36517525420165564,True
27.400000000000002,19.11184906869207,5.990626215302343,21.285914658596855,-0.00937378469765715,0.0013224139041431175,0.7999970082725787,0.8,0.13714231888237957,0.07808950525578788,0.3652335677859289,True
