time_s,x_m,y_m,progress_m,lateral_error_m,heading_error_rad,speed_mps,target_speed_mps,drive,steer,clearance_m,reference_valid
0.0,0.0,0.15,0.0,0.15,0.08,0.0,0.5,0.35,-0.3106704489153795,0.20166512260332825,True
0.05,0.0014558847563230898,0.15008588331262232,0.0014558847563230898,0.15008588331262232,0.07976841575479243,0.05831443590147568,0.5,0.35,-0.31152125558476795,0.2016454904353171,True
0.1,0.005830631586738995,0.1502168934269292,0.005830631586738995,0.1502168934269292,0.07814123264494366,0.11651566605872463,0.5,0.35,-0.31102029963412725,0.201980205540721,True
0.15000000000000002,0.013130451773368426,0.1501843607267837,0.013130451773368426,0.1501843607267837,0.07369322474943978,0.1744913620874936,0.5,0.35,-0.3073959930268512,0.2032878209319855,True
0.2,0.023341892325076125,0.14990803909379274,0.023341892325076125,0.14990803909379274,0.06619727001653904,0.23213093591663345,0.5,0.35,-0.3002928320946838,0.20571950751741178,True
0.25,0.036433608497967826,0.14944194175449646,0.036433608497967826,0.14944194175449646,0.056589580573239526,0.2893263743246895,0.5,0.30126328471569397,-0.290745752661003,0.20896001721948942,True
0.30000000000000004,0.05217132155788057,0.14876040528789392,0.05217132155788057,0.14876040528789392,0.04536181875225537,0.3378940135076773,0.5,0.23813176945428077,-0.27921497551849517,0.21290033829683883,True
0.35000000000000003,0.070056881155729,0.14783665549778735,0.070056881155729,0.14783665549778735,0.03306300401809438,0.37545993118837984,0.5,0.18927568676564582,-0.2662172773652312,0.21741373771672526,True
0.4,0.08959484787916484,0.14665941821392545,0.08959484787916484,0.14665941821392545,0.02021302330245102,0.4044697584523338,0.5,0.15152783584254026,-0.252263371266608,0.22236325717077632,True
0.45,0.11040042758859553,0.14522724654223534,0.11040042758859553,0.14522724654223534,0.007212306298432209,0.42684383489895,0.5,0.12239881377030908,-0.2377572979047244,0.22763396812879802,True
0.5,0.13217580467279355,0.14354625837763557,0.13217580467279355,0.14354625837763557,-0.005641388734655634,0.4440824525517584,0.5,0.09994227547982461,-0.22301011479189536,0.22978024712922654,True
0.55,0.15469116946747918,0.14162801977449796,0.15469116946747918,0.14162801977449796,-0.018133334786775528,0.45735322800753725,0.5,0.08264259300150807,-0.20825670231068355,0.22800722548716626,True
0.6000000000000001,0.1777696597557848,0.13948768444125853,0.1777696597557848,0.13948768444125853,-0.03011386250325687,0.4675621943213952,0.5,0.06932317433246513,-0.19367125166318946,0.22662652362118252,True
0.65,0.20127549633703729,0.13714250992081986,0.20127549633703729,0.13714250992081986,-0.041483091768907326,0.4754108174994004,0.5,0.059072777358275805,-0.17938056343584388,0.22564808263805447,True
0.7000000000000001,0.22510468891664037,0.13461075162316435,0.22510468891664037,0.13461075162316435,-0.052178541854343806,0.4814412442832914,0.5,0.05118694253232968,-0.16547498435965088,0.225069376434574,True
0.75,0.24917778835898416,0.13191088205835816,0.24917778835898416,0.13191088205835816,-0.06216538701738364,0.4860719306443402,0.5,0.045121823707531164,-0.15201714133110975,0.22487934328086115,True
0.8,0.2734342547074666,0.12906106724725047,0.2734342547074666,0.12906106724725047,-0.07142896233206582,0.4896255323291072,0.5,0.04045801537898409,-0.13904877297539636,0.22506131147759106,True
0.8500000000000001,0.2978280928107056,0.12607883534143674,0.2978280928107056,0.12607883534143674,-0.0799690948703244,0.4923506420513702,0.5,0.036872342506274816,-0.12659599348509518,0.22559512807792223,True
0.9,0.32232447748277365,0.12298088279380691,0.32232447748277365,0.12298088279380691,-0.08779586962394038,0.4944386745324367,0.5,0.034115936796808646,-0.11467330397233512,0.22645867747751489,True
0.9500000000000001,0.34689714817264783,0.11978297530606834,0.34689714817264783,0.11978297530606834,-0.09492649855425034,0.49603694931431797,0.5,0.031997243622745294,-0.10328662436218912,0.22762894440579134,True
1.0,0.3715264002907627,0.11649991167344836,0.3715264002907627,0.11649991167344836,-0.1013830243528734,0.49725880801481254,0.5,0.03036887720160852,-0.09243557092604501,0.2290827432078515,True
1.05,0.3961975381434327,0.11314552763197522,0.3961975381434327,0.11314552763197522,-0.10719064831107926,0.49819142673951866,0.5,0.029117468184834384,-0.08211515924706995,0.2307972065190277,True
1.1,0.4208996844041684,0.10973272377712533,0.4208996844041684,0.10973272377712533,-0.11237652057123038,0.49890184194267007,0.5,0.02815583164214232,-0.07231707316323374,0.2327501028240109,True
1.1500000000000001,0.44562486463624806,0.10627350679476504,0.44562486463624806,0.10627350679476504,-0.11696887046863312,0.4994415942890306,0.5,0.02741693052856662,-0.06303060789925795,0.2349200338735228,True
1.2000000000000002,0.4703673038248929,0.10277903696494392,0.4703673038248929,0.10277903696494392,-0.12099638554313981,0.4998503051131473,0.5,0.026849226221408822,-0.05424336979226802,0.23728654883447015,True
1.25,0.4951228862344458,0.0992596775026766,0.4951228862344458,0.0992596775026766,-0.12448777147194655,0.50015842943052,0.5,0.02641309929417144,-0.04594179485345146,0.2398302015453325,True
1.3,0.5198887410424462,0.09572504307720037,0.5198887410424462,0.09572504307720037,-0.12747144306116107,0.5003893742723036,0.5,0.026078095287505373,-0.03811153288803724,0.24253256954554497,True
1.35,0.5446629248178024,0.09218404603393254,0.5446629248178024,0.09218404603393254,-0.129975309802055,0.5005611281776585,0.5,0.02582080597467868,-0.03073773207672063,0.2453762479688537,True
1.4000000000000001,0.5694441785617622,0.08864493960810273,0.5694441785617622,0.08864493960810273,-0.13202662940760165,0.5006875143674371,0.5,0.025623239877965588,-0.023805249991659536,0.24834482739113112,True
1.4500000000000002,0.5942317421580579,0.0851153578961582,0.5942317421580579,0.0851153578961582,-0.13365191004358462,0.500779154338985,0.5,0.025471569287628934,-0.017298810313301806,0.2514228618806608,True
1.5,0.6190252130273163,0.08160235263437596,0.6190252130273163,0.08160235263437596,-0.1348768473162625,0.5008442086978063,0.5,0.0253551669243449,-0.01120311950037771,0.2545958314944544,True
1.55,0.6438244388194149,0.07811242698983692,0.6438244388194149,0.07811242698983692,-0.13572628597968636,0.5008889466658863,0.5,0.02526586536905628,-0.005502953931017633,0.2578501020611449,True
1.6,0.6686294363146458,0.07465156664284195,0.6686294363146458,0.07465156664284195,-0.13622419916066558,0.5009181838521375,0.5,0.025197387792740562,-0.0001832252600342473,0.26117288411631817,True
1.6500000000000001,0.6934403305018519,0.07122526846313344,0.6934403305018519,0.07122526846313344,-0.13639367995218415,0.5009356187380609,0.5,0.025144910390305933,0.004770970316025731,0.26455219218445447,True
1.7000000000000002,0.7182573091838272,0.06783856707572981,0.7182573091838272,0.06783856707572981,-0.13625694170744784,0.5009440913003675,0.5,0.025104726064065632,0.009374314711532064,0.26797680514298133,True
1.75,0.7430805895233281,0.06449605958937579,0.7430805895233281,0.06449605958937579,-0.13583532443204868,0.5009457817809982,0.5,0.025073985937752702,0.013641239465802141,0.2714362280941417,True
1.8,0.767910393760983,0.06120192873021537,0.767910393760983,0.06120192873021537,-0.13514930543502982,0.5009423634518774,0.5,0.025050500694965606,0.017585903884578438,0.2749206559639946,True
1.85,0.7927469319660586,0.057959964590633496,0.7927469319660586,0.057959964590633496,-0.1342185129443617,0.5009351200197407,0.5,0.025032587899364692,0.021222178178443088,0.2784209389128649,True
1.9000000000000001,0.8175903901661172,0.05477358517140936,0.8175903901661172,0.05477358517140936,-0.13306174177936675,0.5009250358541,0.5,0.025018954655638737,0.024563630409326305,0.2819285495554657,True
1.9500000000000002,0.8424409225756015,0.05164585586606378,0.8424409225756015,0.05164585586606378,-0.13169697044622905,0.5009128653282463,0.5,0.02500860743198649,0.027623516378728567,0.28543555193607056,True
2.0,0.8672986469320416,0.048579508010346314,0.8672986469320416,0.048579508010346314,-0.13014137921502372,0.5008991861077786,0.5,0.025000782757407893,0.03041477182598065,0.2889345721736224,True
2.0500000000000003,0.8921636421716275,0.04557695659741646,0.8921636421716275,0.04557695659741646,-0.12841136887095242,0.5008844401023528,0.5,0.02499489396193348,0.03295000647519156,0.2924187706760202,True
2.1,0.9170359478484819,0.04264031724032727,0.9170359478484819,0.04264031724032727,-0.1265225799254774,0.500868964936385,0.5,0.024990490246196827,0.03524149959269534,0.2958818158168627,True
2.15,0.9419155648357087,0.03977142244764369,0.9419155648357087,0.03977142244764369,-0.12448991213688235,0.5008530181334622,0.5,0.02498722522628492,0.03730119680551842,0.29931785896813157,True
2.2,0.9668024569501108,0.03697183726506798,0.9668024569501108,0.03697183726506798,-0.12232754423315288,0.500836795701192,0.5,0.024984832760427404,0.03914070799501783,0.30272151078627896,True
2.25,0.991696553223196,0.03424287432542481,0.991696553223196,0.03424287432542481,-0.12004895375915921,0.5008204464127813,0.5,0.02498310837181888,0.040771306125283124,0.30608781865535306,True
2.3000000000000003,1.0165977506039916,0.031585608340914,1.0165977506039916,0.031585608340914,-0.11766693698936972,0.5008040827815585,0.5,0.02498189497208407,0.04220392689817825,0.30941224519808846,True
2.35,1.0415059169282863,0.029000890064835205,1.0415059169282863,0.029000890064835205,-0.11519362885986223,0.5007877894940383,0.5,0.02498107188979116,0.04344916914974364,0.31269064777361194,True
2.4000000000000004,1.066420894027333,0.02648935974472718,1.066420894027333,0.02648935974472718,-0.11264052288143725,0.500771629889896,0.5,0.024980546438893587,0.0445172959187663,0.3159192588881401,True
2.45,1.09134250087915,0.024051460084786553,1.09134250087915,0.024051460084786553,-0.11001849100072339,0.5007556509410105,0.5,0.024980247439102973,0.045418236129617776,0.3190946674524813,True
2.5,1.1162705367292076,0.02168744873231647,1.1162705367292076,0.02168744873231647,-0.10733780337936583,0.5007398870770622,0.5,0.02498012023631873,0.046161586839391644,0.3222138008271608,True
2.5500000000000003,1.1412047841258801,0.01939741030061777,1.1412047841258801,0.01939741030061777,-0.10460814806343867,0.5007243631247253,0.5,0.024980122875848547,0.046756616004945156,0.3252739076024673,True
2.6,1.1661450118306962,0.01718126793901971,1.1661450118306962,0.01718126793901971,-0.10183865051661205,0.5007090965656766,0.5,0.024980223161546435,0.04721226572942788,0.32827254106663695,True
2.6500000000000004,1.191090977574969,0.015038794459524961,1.191090977574969,0.015038794459524961,-0.09903789299165908,0.5006940992711306,0.5,0.02498039639577694,0.047537155950751864,0.33120754332074653,True
2.7,1.2160424306434872,0.012969623028709427,1.2160424306434872,0.012969623028709427,-0.09621393371581236,0.5006793788341023,0.5,0.02498062364259353,0.04773958853662645,0.3340770300036912,True
2.75,1.240999114273124,0.010973257432984619,1.240999114273124,0.010973257432984619,-0.09337432586639947,0.5006649395925383,0.5,0.024980890393006938,0.04782755175247577,0.3368793755948991,True
2.8000000000000003,1.2659607678598521,0.009049081925029002,1.2659607678598521,0.009049081925029002,-0.09052613631417131,0.5006507834148964,0.5,0.024981185539258693,0.04780872506997256,0.3396131992662238,True
2.85,1.2909271289720703,0.007196370659067632,1.2909271289720703,0.007196370659067632,-0.08767596411281862,0.5006369103031806,0.5,0.02498150058656547,0.0476904842851683,0.34227735125778647,True
2.9000000000000004,1.3158979351715803,0.0054142967226808465,1.3158979351715803,0.0054142967226808465,-0.08482995871436083,0.5006233188557055,0.5,0.024981829047359353,0.047479906916359546,0.3448708997554525,True
2.95,1.3408729256462038,0.0037019407729157834,1.3408729256462038,0.0037019407729157834,-0.08199383789137858,0.500610006622077,0.5,0.024982165975777015,0.04718377785294766,0.34739311825016006,True
3.0,1.3658518426600457,0.0020582992846296987,1.3658518426600457,0.0020582992846296987,-0.079172905348435,0.5005969703753533,0.5,0.024982507609929542,0.04680859522766616,0.3498434733615049,True
3.0500000000000003,1.3908344328289175,0.000482292419188158,1.3908344328289175,0.000482292419188158,-0.07637206800646981,0.5005842063205755,0.5,0.02498285109700119,0.046360576485661366,0.35222161310986355,True
3.1,1.4158204482295291,-0.0010272284781441955,1.4158204482295291,-0.0010272284781441955,-0.07359585294543433,0.5005717102544077,0.5,0.024983194282003907,0.04584566462504602,0.3524728986666462,True
3.1500000000000004,1.440809647351813,-0.0024714737435616594,1.440809647351813,-0.0024714737435616594,-0.07084842399194415,0.5005594776872202,0.5,0.02498353554544983,0.04526953458469052,0.3518177307768074,True
3.2,1.4658017959042329,-0.00385170861404937,1.4658017959042329,-0.00385170861404937,-0.068133597940239,0.5005475039363225,0.5,0.024983873678616896,0.0446375997561677,0.3512182899416872,True
3.25,1.4907966674821942,-0.005169246791710794,1.4907966674821942,-0.005169246791710794,-0.06545486039624092,0.5005357841970364,0.5,0.024984207787706426,0.043955018597934374,0.3506722136052617,True
3.3000000000000003,1.515794044109764,-0.0064254443439280915,1.515794044109764,-0.0064254443439280915,-0.06281538123597454,0.5005243135967519,0.5,0.02498453722020217,0.043226701330985,0.35017718351912214,True
3.35,1.540793716664848,-0.007621693930031432,1.540793716664848,-0.007621693930031432,-0.06021802967104734,0.5005130872359179,0.5,0.02498486150829216,0.04245731669637668,0.34973092799615807,True
3.4000000000000004,1.5657954851978095,-0.008759419345018199,1.5657954851978095,-0.008759419345018199,-0.05766538891526968,0.5005021002190031,0.5,0.024985180325402815,0.041651298756158354,0.3493312239014361,True
3.45,1.5907991591532475,-0.009840070370755632,1.5907991591532475,-0.009840070370755632,-0.05515977044781898,0.5004913476777607,0.5,0.024985493452809336,0.04081285372036495,0.34897589839099996,True
3.5,1.615804557504327,-0.010865117925021624,1.615804557504327,-0.010865117925021624,-0.05270322786961198,0.5004808247885901,0.5,0.02498580075399045,0.0399459667838382,0.3486628304097689,True
3.5500000000000003,1.6408115088086639,-0.01183604949868815,1.6408115088086639,-0.01183604949868815,-0.050297570350738514,0.5004705267853731,0.5,0.024986102154933142,0.0390544089577078,0.3483899519600376,True
3.6,1.6658198511943474,-0.012754364871329658,1.6658198511943474,-0.012754364871329658,-0.04794437566792926,0.5004604489688426,0.5,0.024986397629010573,0.03814174388141048,0.34815524915228113,True
3.6500000000000004,1.690829432284222,-0.013621572095543781,1.690829432284222,-0.013621572095543781,-0.045645002832074365,0.5004505867132975,0.5,0.024986687185374806,0.037211334602137054,0.34795676305006573,True
3.7,1.7158401090660869,-0.014439183740302612,1.7158401090660869,-0.014439183740302612,-0.0434006043067813,0.5004409354712887,0.5,0.02498697086004847,0.036266350309569234,0.34779259032086945,True
3.75,1.7408517477159837,-0.015208713383708163,1.7408517477159837,-0.015208713383708163,-0.04121213781985809,0.500431490776755,0.5,0.02498724870909297,0.03530977301470589,0.34766088370453657,True
3.8000000000000003,1.765864223381256,-0.01593167234560369,1.765864223381256,-0.01593167234560369,-0.03908037777043466,0.500422248246979,0.5,0.02498752080336995,0.034344404162484084,0.3475598523109433,True
3.85,1.790877419929585,-0.016609566650591677,1.790877419929585,-0.016609566650591677,-0.03700592623519129,0.5004132035836449,0.5,0.0249877872245283,0.03337287116875331,0.34748776175824236,True
3.9000000000000004,1.8158912296697245,-0.017243894212127565,1.8158912296697245,-0.017243894212127565,-0.03498922357785228,0.5004043525732161,0.5,0.024988048061932135,0.03239763387299221,0.3474429341627961,True
3.95,1.840905553049195,-0.017836142228494032,1.840905553049195,-0.017836142228494032,-0.033030558666727425,0.5003956910867992,0.5,0.024988303410311937,0.03142099089893741,0.34742374799160697,True
4.0,1.8659202983337397,-0.018387784781611922,1.8659202983337397,-0.018387784781611922,-0.031130078705646748,0.5003872150796217,0.5,0.024988553367971737,0.0304450859160438,0.3474286377877198,True
4.05,1.8909353812729164,-0.018900280629809006,1.8909353812729164,-0.018900280629809006,-0.02928779868413807,0.5003789205902242,0.5,0.02498879803542157,0.02947191379540238,0.3474560937787101,True
4.1000000000000005,1.9159507247557717,-0.019375071185845087,1.9159507247557717,-0.019375071185845087,-0.027503610453146296,0.500370803739438,0.5,0.024989037514339063,0.028503326654416263,0.3475046613779895,True
4.15,1.9409662584601546,-0.01981357867167971,1.9409662584601546,-0.01981357867167971,-0.02577729143299041,0.5003628607292102,0.5,0.024989271906781636,0.027541039785173457,0.34757294058826294,True
4.2,1.9659819184988416,-0.020217204441665537,1.9659819184988416,-0.020217204441665537,-0.024108512960602565,0.5003550878413172,0.5,0.024989501314592318,0.02658663746205569,0.3476595853160659,True
4.25,1.9909976470652915,-0.020587327466054718,1.9909976470652915,-0.020587327466054718,-0.02249684828339666,0.5003474814360022,0.5,0.024989725838953328,0.02564157862469265,0.3477633026058944,True
4.3,2.0160133920815144,-0.020925302966916186,2.0160133920815144,-0.020925302966916186,-0.02094178020737438,0.5003400379505613,0.5,0.024989945580053758,0.024707202432908644,0.3478828518020284,True
4.3500000000000005,2.0410291068502224,-0.021232461198777124,2.0410291068502224,-0.021232461198777124,-0.019442708407297723,0.500332753897899,0.5,0.024990160636843953,0.023784733690811955,0.3480170436457312,True
4.4,2.066044749713142,-0.02151010636652122,2.066044749713142,-0.02151010636652122,-0.01799895640694175,0.5003256258650667,0.5,0.024990371106857198,0.022875288137655252,0.3481647393150996,True
4.45,2.091060283717092,-0.021759515673298122,2.091060283717092,-0.021759515673298122,-0.016609778237592077,0.5003186505117964,0.5,0.024990577086081756,0.02197987760353983,0.34832484941443165,True
4.5,2.11607567628919,-0.02198193849142234,2.11607567628919,-0.02198193849142234,-0.015274364783071096,0.5003118245690374,0.5,0.024990778668873115,0.02109941502845648,0.3484963329195845,True
4.55,2.141090898922306,-0.022178595649464325,2.141090898922306,-0.022178595649464325,-0.01399184981966798,0.5003051448375042,0.5,0.02499097594789451,0.020234719343548098,0.34867819608540546,True
4.6000000000000005,2.166105926871696,-0.02235067882896113,2.166105926871696,-0.02235067882896113,-0.012761315759411538,0.5002986081862366,0.5,0.02499116901408205,0.01938652021384488,0.34886949132094236,True
4.65,2.1911207388635248,-0.022499350064398103,2.1911207388635248,-0.022499350064398103,-0.011581799105165288,0.5002922115511805,0.5,0.02499135795662515,0.01855546264206859,0.34906931603777497,True
4.7,2.216135316815849,-0.022625741340335764,2.216135316815849,-0.022625741340335764,-0.010452295626041596,0.5002859519337876,0.5,0.024991542862961697,0.01774211143341697,0.34927681147645584,True
4.75,2.241149645572446,-0.022730954279776956,2.241149645572446,-0.022730954279776956,-0.009371765261629032,0.5002798263996378,0.5,0.02499172381878229,0.01694695552154138,0.3494911615157089,True
4.800000000000001,2.266163712649751,-0.022816059918087907,2.266163712649751,-0.022816059918087907,-0.008339136763505738,0.5002738320770862,0.5,0.024991900908041872,0.016170412156203226,0.3497115914687092,True
4.8500000000000005,2.29117750799704,-0.02288209855700268,2.29117750799704,-0.02288209855700268,-0.007353312082472937,0.5002679661559336,0.5,0.024992074212977493,0.01541283095335236,0.3499373668704522,True
4.9,2.3161910237698726,-0.022930079693453037,2.3161910237698726,-0.022930079693453037,-0.006413170509888713,0.5002622258861227,0.5,0.024992243814129112,0.014674497808605419,0.35016779225992556,True
4.95,2.3412042541167324,-0.02296098201817496,2.3412042541167324,-0.02296098201817496,-0.00551757258141397,0.5002566085764588,0.5,0.024992409790364756,0.013955638675321602,0.3504022099605079,True
5.0,2.366217194978693,-0.022975753479248386,2.366217194978693,-0.022975753479248386,-0.004665363751401341,0.5002511115933573,0.5,0.024992572218906113,0.013256423208671929,0.35063999886175,True
5.050000000000001,2.391229843901893,-0.022975311405928085,2.391229843901893,-0.022975311405928085,-0.003855377846065089,0.5002457323596148,0.5,0.024992731175357247,0.012576968277283601,0.35088057320543564,True
5.1000000000000005,2.416242199862516,-0.022960542688320672,2.416242199862516,-0.022960542688320672,-0.0030864403034667823,0.500240468353206,0.5,0.024992886733733337,0.011917341344206932,0.35112338137857374,True
5.15,2.4412542631039362,-0.022932304008655546,2.4412542631039362,-0.022932304008655546,-0.0023573712082387045,0.500235317106106,0.5,0.02499303896649014,0.011277563719105595,0.35136790471574375,True
5.2,2.466266034985637,-0.02289142212008565,2.466266034985637,-0.02289142212008565,-0.0016669881288457523,0.5002302762031363,0.5,0.024993187944553647,0.010657613683710104,0.351613656312995,True
5.25,2.4912775178434816,-0.02283869416913763,2.4912775178434816,-0.02283869416913763,-0.0010141087650575595,0.5002253432808351,0.5,0.024993333737350264,0.010057429492696203,0.35186017985529633,True
5.300000000000001,2.51628871486088,-0.02277488805810962,2.51628871486088,-0.02277488805810962,-0.0003975534131669363,0.5002205160263516,0.5,0.02499347641283658,0.009476912252264593,0.35210704845933466,True
5.3500000000000005,2.541299629950385,-0.02270074284388915,2.541299629950385,-0.02270074284388915,0.00018385274365104187,0.5002157921763637,0.5,0.0249936160375288,0.008915928678794538,0.35224465500416857,True
5.4,2.566310267645224,-0.022616969169832704,2.566310267645224,-0.022616969169832704,0.0007312775125919902,0.5002111695160177,0.5,0.02499375267653261,0.008374313740033801,0.35216587485120865,True
5.45,2.5913206330002723,-0.02252424972751298,2.5913206330002723,-0.02252424972751298,0.001245879728991546,0.5002066458778922,0.5,0.02499388639357158,0.007851873181361246,0.35210582110220945,True
5.5,2.6163307315019684,-0.022423239745299316,2.6163307315019684,-0.022423239745299316,0.0017288074476710367,0.5002022191409824,0.5,0.024994017251015847,0.007348385939727127,0.35206349149691263,True
5.550000000000001,2.6413405689866614,-0.0223145675008915,2.6413405689866614,-0.0223145675008915,0.002181196281078474,0.5001978872297069,0.5,0.024994145309910298,0.006863606447929141,0.35203791506826243,True
5.6000000000000005,2.666350151566899,-0.02219883485507697,2.666350151566899,-0.02219883485507697,0.0026041678776057577,0.5001936481129355,0.5,0.02499427063000217,0.006397266831931693,0.3520281520148829,True
5.65,2.69135948556516,-0.022076617804126522,2.69135948556516,-0.022076617804126522,0.002998828533627179,0.5001894998030374,0.5,0.02499439326976845,0.005949079003971505,0.3520332935166852,True
5.7,2.716368577454546,-0.02194846704838378,2.716368577454546,-0.02194846704838378,0.003366267932970405,0.5001854403549503,0.5,0.02499451328644191,0.005518736654223835,0.3520524614980556,True
5.75,2.7413774338059653,-0.021814908574739434,2.7413774338059653,-0.021814908574739434,0.0037075580076985984,0.5001814678652687,0.5,0.024994630736038005,0.005105917143824734,0.35208480834285705,True
5.800000000000001,2.7663860612413447,-0.021676444250811992,2.7663860612413447,-0.021676444250811992,0.004023751914250825,0.5001775804713529,0.5,0.02499474567337965,0.0047102833020590896,0.35212951656527464,True
5.8500000000000005,2.791394466392431,-0.02153355242878314,2.791394466392431,-0.02153355242878314,0.004315883119156954,0.5001737763504549,0.5,0.024994858152123142,0.004331485130532053,0.3521857984403292,True
5.9,2.8164026558647506,-0.021386688556957606,2.8164026558647506,-0.021386688556957606,0.004584964588712554,0.5001700537188655,0.5,0.02499496822478238,0.003969161417144017,0.3522528955976967,True
5.95,2.8414106362063225,-0.021236285797234664,2.8414106362063225,-0.021236285797234664,0.004831988077168503,0.5001664108310778,0.5,0.02499507594275275,0.003622941262681391,0.3523300785822794,True
6.0,2.866418413880729,-0.02108275564679131,2.866418413880729,-0.02108275564679131,0.005057923508158742,0.5001628459789694,0.5,0.024995181356335418,0.0032924455228296157,0.3524166463847989,True
6.050000000000001,2.8914259952441768,-0.02092648856238578,2.8914259952441768,-0.02092648856238578,0.005263718444257652,0.5001593574910018,0.5,0.024995284514760015,0.002977288168395395,0.3525119259455043,True
6.1000000000000005,2.916433386526189,-0.020767854585794433,2.916433386526189,-0.020767854585794433,0.005450297639725517,0.5001559437314373,0.5,0.02499538546620716,0.002677077566507831,0.35261527163392664,True
6.15,2.9414405938136006,-0.020607203968995135,2.9414405938136006,-0.020607203968995135,0.005618562671666298,0.5001526030995722,0.5,0.024995484257831185,0.002391417685542105,0.35272606470744616,True
6.2,2.966447623037538,-0.020444867797806614,2.966447623037538,-0.020444867797806614,0.005769391644986136,0.5001493340289865,0.5,0.024995580935781535,0.002119909226481497,0.35284371275128745,True
6.25,2.991454479963088,-0.020281158612785205,2.991454479963088,-0.020281158612785205,0.0059036389667035255,0.5001461349868103,0.5,0.024995675545224007,0.0018621506834007164,0.3529676491024079,True
6.300000000000001,3.0164611701813797,-0.020116371026268908,3.0164611701813797,-0.020116371026268908,0.0060221351853226536,0.5001430044730046,0.5,0.024995768130361744,0.0016177393357179914,0.3530973322596042,True
6.3500000000000005,3.041467699103822,-0.019950782334543,3.041467699103822,-0.019950782334543,0.0061256868911398225,0.5001399410196591,0.5,0.024995858734455745,0.0013862721748250455,0.35323224528202224,True
6.4,3.066474071958252,-0.01978465312418237,3.066474071958252,-0.01978465312418237,0.006215076673509034,0.5001369431903036,0.5,0.024995947399844388,0.0011673467676616089,0.35337189517812817,True
6.45,3.0914802937867782,-0.019618227871702785,3.0914802937867782,-0.019618227871702785,0.00629106313124648,0.5001340095792347,0.5,0.024996034167963727,0.0009605620597570205,0.3535158122870696,True
6.5,3.1164863694451017,-0.019451735535727148,3.1164863694451017,-0.019451735535727148,0.006354380932504804,0.5001311388108576,0.5,0.02499611907936598,0.0007655191202164771,0.35366354965423685,True
6.550000000000001,3.1414923036031355,-0.019285390140942812,3.1414923036031355,-0.019285390140942812,0.006405740920596297,0.5001283295390406,0.5,0.024996202173738494,0.0005818218310789778,0.35381468240271907,True
6.6000000000000005,3.1664981007467414,-0.019119391353193124,3.1664981007467414,-0.019119391353193124,0.006445830262389819,0.5001255804464846,0.5,0.024996283489922413,0.0004090775234254158,0.35396880710223844,True
6.65,3.1915037651804252,-0.018953925045109902,3.1915037651804252,-0.018953925045109902,0.006475312636048711,0.5001228902441053,0.5,0.024996363065930286,0.0002468975625627115,0.35412554113704053,True
6.7,3.2165093010308436,-0.018789163851754154,3.2165093010308436,-0.018789163851754154,0.0064948284550165845,0.5001202576704294,0.5,0.02499644093896357,9.489788455735554e-05,0.3542845220741173,True
6.75,3.2415147122509924,-0.018625267715789724,3.2415147122509924,-0.018625267715789724,0.006504995125294261,0.5001176814910031,0.5,0.024996517145430348,-4.7300513663250855e-05,0.35444540703304367,True
6.800000000000001,3.266520002624952,-0.018462384421769153,3.266520002624952,-0.018462384421769153,0.006506407333184397,0.5001151604978132,0.5,0.02499659172096177,-0.00018007112847710416,0.35460787205861394,True
6.8500000000000005,3.2915251757730855,-0.0183006501191626,3.2915251757730855,-0.0183006501191626,0.006499637360810377,0.5001126935087216,0.5,0.024996664700428467,-0.0003037815458945759,0.3547716114973791,True
6.9,3.3165302351575874,-0.018140189833809554,3.3165302351575874,-0.018140189833809554,0.006485235426842697,0.50011027936691,0.5,0.024996736117957365,-0.00041879307799407484,0.3549363373790986,True
6.95,3.3415351840883005,-0.01798111796751922,3.3415351840883005,-0.01798111796751922,0.006463730049989557,0.5001079169403388,0.5,0.024996806006946804,-0.000525460437471838,0.35510177880404226,True
7.0,3.366540025728721,-0.017823538785589073,3.366540025728721,-0.017823538785589073,0.0064356284329283595,0.500105605121216,0.5,0.024996874400082247,-0.0006241314483690954,0.35526768133700126,True
7.050000000000001,3.3915447631021207,-0.017667546892052077,3.3915447631021207,-0.017667546892052077,0.006401416864471518,0.5001033428254777,0.5,0.02499694132935153,-0.0007151467910959681,0.3554338064087925,True
7.1000000000000005,3.4165493990977303,-0.01751322769250171,3.4165493990977303,-0.01751322769250171,0.0063615611378732605,0.5001011289922802,0.5,0.02499700682605968,-0.0007988397799297849,0.3555999307259738,True
7.15,3.4415539364769296,-0.01736065784438029,3.4415539364769296,-0.01736065784438029,0.006316506983293994,0.5000989625835024,0.5,0.02499707092084355,-0.0008755361712223336,0.35576584568941816,True
7.2,3.4665583778793976,-0.01720990569465005,3.4665583778793976,-0.01720990569465005,0.006266680512545348,0.5000968425832596,0.5,0.024997133643685686,-0.0009455540006074109,0.35593135682233745,True
7.25,3.4915627258291826,-0.0170610317047984,3.4915627258291826,-0.0170610317047984,0.006212488674342102,0.500094767997427,0.5,0.02499719502392847,-0.0010092034475569207,0.35609628320828074,True
7.300000000000001,3.5165669827406636,-0.01691408886315849,3.5165669827406636,-0.01691408886315849,0.006154319718387013,0.5000927378531737,0.5,0.024997255090287978,-0.0010667867256898623,0.35626045693958075,True
7.3500000000000005,3.5415711509243675,-0.016769123084554066,3.5415711509243675,-0.016769123084554066,0.006092543666710975,0.5000907511985065,0.5,0.024997313870866737,-0.0011185979972946763,0.356423722576665,True
7.4,3.5665752325926263,-0.016626173597303458,3.5665752325926263,-0.016626173597303458,0.006027512790784049,0.5000888071018242,0.5,0.024997371393167232,-0.0011649233105794452,0.3565859366186009,True
7.45,3.5915792298650495,-0.016485273317641505,3.5915792298650495,-0.016485273317641505,0.005959562093002758,0.50008690465148,0.5,0.0249974276841048,-0.0012060405582203619,0.35674696698519215,True
7.5,3.6165831447738013,-0.016346449211640544,3.6165831447738013,-0.016346449211640544,0.005889009791245636,0.5000850429553547,0.5,0.02499748277001952,-0.0012422194558311134,0.35690669251090257,True
7.550000000000001,3.641586979268667,-0.016209722644732086,3.641586979268667,-0.016209722644732086,0.005816157805272396,0.5000832211404386,0.5,0.024997536676688966,-0.0012737215390303915,0.3570650024508376,True
7.6000000000000005,3.6665907352219036,-0.016075109718949775,3.6665907352219036,-0.016075109718949775,0.005741292243822314,0.5000814383524215,0.5,0.02499758942934027,-0.0013008001778343715,0.3572217959989755,True
7.65,3.69159441443287,-0.015942621598031573,3.69159441443287,-0.015942621598031573,0.005664683891344545,0.500079693755293,0.5,0.02499764105266128,-0.0013237006071550562,0.3573769818188012,True
7.7,3.716598018632428,-0.015812264820535035,3.716598018632428,-0.015812264820535035,0.005586588693367163,0.5000779865309501,0.5,0.024997691570812827,-0.0013426599722328248,0.3575304775864605,True
7.75,3.7416015494871178,-0.015684041601134027,3.7416015494871178,-0.015684041601134027,0.0055072482395827575,0.500076315878814,0.5,0.024997741007439074,-0.00135790738788276,0.35768220954651997,True
7.800000000000001,3.766605008603112,-0.015557950120278373,3.766605008603112,-0.015557950120278373,0.005426890243796531,0.5000746810154539,0.5,0.024997789385679484,-0.0013696640104809968,0.3578321120803828,True
7.8500000000000005,3.791608397529942,-0.0154339848024098,3.791608397529942,-0.0154339848024098,0.005345729019948054,0.5000730811742212,0.5,0.024997836728178645,-0.0013781431216653701,0.35798012728738815,True
7.9,3.816611717764006,-0.015312136582938169,3.816611717764006,-0.015312136582938169,0.005263965953480258,0.5000715156048887,0.5,0.024997883057097492,-0.001383550222770192,0.3581262045785866,True
7.95,3.8416149707518676,-0.01519239316419149,3.8416149707518676,-0.01519239316419149,0.005181789967388835,0.5000699835732997,0.5,0.024997928394123153,-0.0013860831390598196,0.3582703002831643,True
8.0,3.866618157893342,-0.015074739260561612,3.866618157893342,-0.015074739260561612,0.005099377982342189,0.5000684843610231,0.5,0.024997972760479624,-0.001385932132869863,0.35841237726746256,True
8.05,3.8916212805443817,-0.014959156833074815,3.8916212805443817,-0.014959156833074815,0.0050168953703163335,0.5000670172650175,0.5,0.024998016176937053,-0.0013832800248067304,0.3585524045665175,True
8.1,3.9166243400197716,-0.014845625313622919,3.9166243400197716,-0.014845625313622919,0.0049344964012409225,0.5000655815973005,0.5,0.02499805866382174,-0.00137830232219886,0.358690357028024,True
8.15,3.941627337595635,-0.014734121819095955,3.941627337595635,-0.014734121819095955,0.004852324682201769,0.5000641766846273,0.5,0.024998100241025396,-0.0013711673540316054,0.3588262149686109,True
8.200000000000001,3.9666302745117643,-0.01462462135566202,3.9666302745117643,-0.01462462135566202,0.004770513588792068,0.5000628018681741,0.5,0.02499814092801471,-0.001362036411638875,0.35895996384229345,True
8.25,3.9916331519737827,-0.014517097013443635,3.9916331519737827,-0.014517097013443635,0.004689186688248949,0.5000614565032295,0.5,0.02499818074384021,-0.0013510638944606074,0.3590915939209584,True
8.3,4.016635971155143,-0.014411520151842952,4.016635971155143,-0.014411520151842952,0.004608458154054147,0.5000601399588928,0.5,0.024998219707144907,-0.0013383974602137899,0.35922109998671714,True
8.35,4.04163873319898,-0.014307860575770322,4.04163873319898,-0.014307860575770322,0.0045284331717175075,0.5000588516177771,0.5,0.02499825783617354,-0.0013241781788588592,0.3593484810359525,True
8.4,4.066641439219813,-0.01420608670303231,4.066641439219813,-0.01420608670303231,0.004449208335499805,0.5000575908757208,0.5,0.02499829514878075,-0.0013085406897786996,0.35947373999487287,True
8.450000000000001,4.09164409030512,-0.014106165723136136,4.09164409030512,-0.014106165723136136,0.004370872035867062,0.5000563571415038,0.5,0.024998331662439446,-0.0012916133616207705,0.359596883446373,True
8.5,4.116646687516783,-0.014008063747767854,4.116646687516783,-0.014008063747767854,0.004293504837502217,0.5000551498365706,0.5,0.024998367394248724,-0.0012735184542844555,0.3597179213679966,True
8.55,4.141649231892415,-0.013911745953201252,4.141649231892415,-0.013911745953201252,0.004217179847731689,0.5000539683947589,0.5,0.024998402360942355,-0.0012543722825676038,0.35983686688078215,True
8.6,4.166651724446577,-0.013817176714893782,4.166651724446577,-0.013817176714893782,0.0041419630752542866,0.500052812262034,0.5,0.02499843657889618,-0.0012342853810154181,0.3599537360087691,True
8.65,4.191654166171897,-0.01372431973452448,4.191654166171897,-0.01372431973452448,0.004067913779087869,0.5000516808962294,0.5,0.02499847006413573,-0.0012133626695444702,0.3600685474489329,True
8.700000000000001,4.216656558040089,-0.013633138159727198,4.216656558040089,-0.013633138159727198,0.003995084807675492,0.5000505737667923,0.5,0.02499850283234394,-0.001191703619441512,0.3601813223513135,True
8.75,4.241658901002885,-0.013543594696770304,4.241658901002885,-0.013543594696770304,0.003923522928117347,0.5000494903545347,0.5,0.0249985348988685,-0.0011694024193644307,0.36029208410909525,True
8.8,4.26666119599289,-0.013455651716431538,4.26666119599289,-0.013455651716431538,0.003853269145517795,0.5000484301513906,0.5,0.024998566278728613,-0.0011465481409973484,0.3604008581583935,True
8.85,4.291663443924362,-0.013369271353313873,4.291663443924362,-0.013369271353313873,0.003784359012458169,0.5000473926601768,0.5,0.024998596986622514,-0.00112322490403707,0.3605076717874991,True
8.9,4.316665645693918,-0.01328441559884503,4.316665645693918,-0.01328441559884503,0.00371682292862602,0.5000463773943611,0.5,0.024998627036933733,-0.0010995120402117046,0.36061255395532965,True
8.950000000000001,4.341667802181186,-0.01320104638819987,4.341667802181186,-0.01320104638819987,0.0036506864306499066,0.5000453838778327,0.5,0.02499865644373848,-0.0010754842560543746,0.3607155351188348,True
9.0,4.366669914249391,-0.013119125681381188,4.366669914249391,-0.013119125681381188,0.0035859704722059813,0.50004441164468,0.5,0.024998685220811796,-0.0010512117941769978,0.36081664706910155,True
9.05,4.3916719827459,-0.013038615538690401,4.3916719827459,-0.013038615538690401,0.0035226916944784297,0.5000434602389718,0.5,0.024998713381634143,-0.001026760592809939,0.36091592277590423,True
9.1,4.416674008502713,-0.012959478190815568,4.416674008502713,-0.012959478190815568,0.0034608626870703554,0.5000425292145436,0.5,0.02499874093939734,-0.0010021924433922188,0.3610133962404448,True
9.15,4.441675992336908,-0.012881676103759718,4.441675992336908,-0.012881676103759718,0.0034004922394750554,0.5000416181347882,0.5,0.02499876790701128,-0.0009775651460169272,0.36110910235602867,True
9.200000000000001,4.466677935051057,-0.012805172038828003,4.466677935051057,-0.012805172038828003,0.003341585583229826,0.5000407265724511,0.5,0.02499879429710964,-0.0009529326625532733,0.3612030767764237,True
9.25,4.491679837433602,-0.012729929107887505,4.491679837433602,-0.012729929107887505,0.0032841446248855592,0.5000398541094304,0.5,0.024998820122055735,-0.0009283452672852171,0.3612953557916482,True
9.3,4.516681700259198,-0.012655910824108713,4.516681700259198,-0.012655910824108713,0.00322816816993543,0.5000390003365803,0.5,0.024998845393948442,-0.0009038496949211774,0.3613859762109401,True
9.35,4.541683524289036,-0.012583081148392811,4.541683524289036,-0.012583081148392811,0.003173652137855062,0.5000381648535196,0.5,0.024998870124627884,-0.0008794892858460938,0.3614749752526577,True
9.4,4.56668531027113,-0.012511404531683907,4.56668531027113,-0.012511404531683907,0.003120589768414693,0.5000373472684438,0.5,0.024998894325680622,-0.0008553041285013562,0.36156239044086713,True
9.450000000000001,4.591687058940594,-0.012440845953360254,4.591687058940594,-0.012440845953360254,0.0030689718194310866,0.5000365471979415,0.5,0.024998918008445583,-0.0008313311987915952,0.36164825950837415,True
9.5,4.61668877101989,-0.01237137095589342,4.61668877101989,-0.01237137095589342,0.003018786756133328,0.5000357642668145,0.5,0.02499894118401901,-0.0008076044964310127,0.3617326203059603,True
9.55,4.641690447219065,-0.012302945675959152,4.641690447219065,-0.012302945675959152,0.002970020932322239,0.5000349981079019,0.5,0.024998963863259657,-0.0007841551781541893,0.3618155107175885,True
9.600000000000001,4.666692088235971,-0.012235536872178534,4.666692088235971,-0.012235536872178534,0.002922658763507946,0.5000342483619078,0.5,0.024998986056794112,-0.0007610116877276798,0.3618969685813449,True
9.65,4.691693694756468,-0.012169111949662767,4.691693694756468,-0.012169111949662767,0.002876682892214283,0.5000335146772334,0.5,0.024999007775021197,-0.0007381998827104482,0.36197703161589,True
9.700000000000001,4.716695267454625,-0.012103638981529724,4.716695267454625,-0.012103638981529724,0.002832074345642095,0.5000327967098115,0.5,0.024999029028117594,-0.0007157431579207467,0.36205573735219343,True
9.75,4.741696806992898,-0.012039086727555203,4.741696806992898,-0.012039086727555203,0.0027888126858863433,0.5000320941229451,0.5,0.024999049826042136,-0.000693662565577707,0.36213312307033463,True
9.8,4.766698314022314,-0.011975424650116596,4.766698314022314,-0.011975424650116596,0.0027468761529040792,0.5000314065871502,0.5,0.02499907017854058,-0.0006719769320941876,0.36220922574115255,True
9.850000000000001,4.791699789182631,-0.011912622927581546,4.791699789182631,-0.011912622927581546,0.002706241800432003,0.5000307337800006,0.5,0.024999090095149928,-0.0006507029715068366,0.36228408197253437,True
9.9,4.81670123310251,-0.011850652465289017,4.81670123310251,-0.011850652465289017,0.002666885625053415,0.5000300753859773,0.5,0.024999109585203228,-0.0006298553955366231,0.3623577279601378,True
9.950000000000001,4.841702646399665,-0.01178948490426511,4.841702646399665,-0.01178948490426511,0.0026287826886149846,0.5000294310963201,0.5,0.024999128657833675,-0.0006094470202813955,0.36243019944234556,True
10.0,4.86670402968102,-0.011729092627810935,4.86670402968102,-0.011729092627810935,0.002591907234193901,0.500028800608883,0.5,0.02499914732197919,-0.0005894888695478831,0.3625015316592558,True
10.05,4.891705383542854,-0.011669448766094864,4.891705383542854,-0.011669448766094864,0.002556232795815704,0.5000281836279923,0.5,0.024999165586386422,-0.0005699902748382917,0.36257175931551816,True
10.100000000000001,4.916706708570953,-0.011610527198876567,4.916706708570953,-0.011610527198876567,0.002521732302122398,0.5000275798643083,0.5,0.024999183459614684,-0.0005509589720116984,0.3626409165468286,True
10.15,4.941708005340742,-0.011552302556485415,4.941708005340742,-0.011552302556485415,0.002488378174189407,0.5000269890346898,0.5,0.02499920095003998,-0.000532401194646394,0.3627090368899025,True
10.200000000000001,4.966709274417437,-0.011494750219171044,4.966709274417437,-0.011494750219171044,0.002456142417688536,0.5000264108620603,0.5,0.02499921806585938,-0.0005143217641345145,0.3627761532557513,True
10.25,4.991710516356176,-0.011437846314939196,4.991710516356176,-0.011437846314939196,0.0024249967095923766,0.5000258450752794,0.5,0.024999234815094376,-0.0004967241765445158,0.36284229790608924,True
10.3,5.01671173170216,-0.011381567715981377,5.01671173170216,-0.011381567715981377,0.0023949124796136287,0.5000252914090146,0.5,0.024999251205594552,-0.0004796106862921487,0.362907502432709,True
10.350000000000001,5.041712920990786,-0.011325892033802312,5.041712920990786,-0.011325892033802312,0.0023658609865704924,0.5000247496036176,0.5,0.024999267245041812,-0.0004629823866636717,0.36297179773966115,True
10.4,5.066714084747786,-0.011270797613144803,5.066714084747786,-0.011270797613144803,0.002337813389866811,0.5000242194050022,0.5,0.024999282940953382,-0.0004468392872390281,0.3630352140280868,True
10.450000000000001,5.091715223489355,-0.01121626352480726,5.091715223489355,-0.01121626352480726,0.0023107408162728843,0.5000237005645249,0.5,0.02499929830068578,-0.00043118038826616003,0.3630977807835496,True
10.5,5.116716337722289,-0.011162269557444933,5.116716337722289,-0.011162269557444933,0.0022846144221899496,0.5000231928388691,0.5,0.024999313331437897,-0.00041600375203971915,0.36315952676572455,True
10.55,5.141717427944116,-0.011108796208441764,5.141717427944116,-0.011108796208441764,0.0022594054515782057,0.5000226959899301,0.5,0.024999328040254586,-0.00040130657134112327,0.36322048000030216,True
10.600000000000001,5.166718494643227,-0.011055824673935757,5.166718494643227,-0.011055824673935757,0.0022350852897249614,0.500022209784704,0.5,0.02499934243402998,-0.000387085234997846,0.3632806677729741,True
10.65,5.19171953829901,-0.011003336838076819,5.19171953829901,-0.011003336838076819,0.002211625513026094,0.5000217339951785,0.5,0.024999356519510404,-0.0003733353906233231,0.3633401166253688,True
10.700000000000001,5.216720559381977,-0.010951315261592234,5.216720559381977,-0.010951315261592234,0.0021889979349504277,0.5000212683982254,0.5,0.024999370303297987,-0.00036005200459928306,0.3633988523528131,True
10.75,5.241721558353898,-0.010899743169731206,5.241721558353898,-0.010899743169731206,0.002167174648352989,0.5000208127754966,0.5,0.02499938379185336,-0.00034722941936451393,0.3634569000037986,True
10.8,5.26672253566793,-0.010848604439656302,5.26672253566793,-0.010848604439656302,0.002146128064299337,0.5000203669133213,0.5,0.024999396991499133,-0.0003348614080754677,0.36351428388103696,True
10.850000000000001,5.291723491768744,-0.010797883587346112,5.291723491768744,-0.010797883587346112,0.0021258309475593257,0.5000199306026061,0.5,0.02499940990842226,-0.00032294122670398684,0.3635710275439931,True
10.9,5.316724427092656,-0.010747565754070095,5.316724427092656,-0.010747565754070095,0.002106256448924754,0.5000195036387367,0.5,0.02499942254867728,-0.0003114616636403446,0.36362715381278987,True
10.950000000000001,5.341725342067756,-0.010697636692493217,5.341725342067756,-0.010697636692493217,0.0020873781345013965,0.5000190858214821,0.5,0.024999434918189217,-0.00030041508686791483,0.3636826847733814,True
11.0,5.366726237114032,-0.010648082752464861,5.366726237114032,-0.010648082752464861,0.002069170012121886,0.5000186769549005,0.5,0.02499944702275643,-0.0002897934887783338,0.36373764178389745,True
11.05,5.391727112643502,-0.010598890866543401,5.391727112643502,-0.010598890866543401,0.0020516065550219187,0.5000182768472479,0.5,0.02499945886805274,-0.0002795885286950787,0.3637920454820658,True
11.100000000000001,5.416727969060334,-0.010550048535304819,5.416727969060334,-0.010550048535304819,0.002034662722918164,0.5000178853108874,0.5,0.02499947045963074,-0.00026979157317388766,0.36384591579362247,True
11.15,5.441728806760976,-0.010501543812480927,5.441728806760976,-0.010501543812480927,0.0020183139806222044,0.5000175021622021,0.5,0.024999481802924148,-0.0002603937341484239,0.36389927194162397,True
11.200000000000001,5.466729626134277,-0.01045336528996993,5.466729626134277,-0.01045336528996993,0.002002536314320766,0.5000171272215084,0.5,0.024999492903250094,-0.0002513859049892558,0.3639521324565821,True
11.25,5.491730427561613,-0.010405502082759449,5.491730427561613,-0.010405502082759449,0.001987306245648437,0.5000167603129717,0.5,0.024999503765812277,-0.0002427587945440593,0.36400451518734145,True
11.3,5.516731211417009,-0.010357943813799519,5.516731211417009,-0.010357943813799519,0.0019726008436750063,0.5000164012645244,0.5,0.02499951439570277,-0.00023450295922636857,0.3640564373126275,True
11.350000000000001,5.541731978067259,-0.01031068059886059,5.541731978067259,-0.01031068059886059,0.001958397734925572,0.5000160499077849,0.5,0.024999524797904498,-0.0002266088332198706,0.3641079153531941,True
11.4,5.566732727872045,-0.010263703031409251,5.566732727872045,-0.010263703031409251,0.0019446751115475165,0.5000157060779786,0.5,0.02499953497729395,-0.00021906675686427692,0.36415896518450486,True
11.450000000000001,5.591733461184062,-0.01021700216753203,5.591733461184062,-0.01021700216753203,0.0019314117377345354,0.500015369613861,0.5,0.024999544938642874,-0.00021186700328843156,0.3642096020498844,True
11.5,5.616734178349129,-0.010170569510935503,5.616734178349129,-0.010170569510935503,0.001918586954513958,0.5000150403576412,0.5,0.02499955468662126,-0.00020499980335512757,0.36425984057407956,True
11.55,5.641734879706311,-0.010124396998048815,5.641734879706311,-0.010124396998048815,0.0019061806829997387,0.5000147181549092,0.5,0.024999564225798857,-0.00019845536898140212,0.3643096947771759,True
11.600000000000001,5.66673556558803,-0.0100784769832527,5.66673556558803,-0.0100784769832527,0.0018941734262096794,0.5000144028545623,0.5,0.02499957356064755,-0.00019222391489727653,0.364359178088813,True
11.65,5.691736236320183,-0.010032802224257212,5.691736236320183,-0.010032802224257212,0.0018825462695416662,0.5000140943087351,0.5,0.024999582695543608,-0.00018629567890424188,0.3644083033626515,True
11.700000000000001,5.7167368922222535,-0.0099873658676485,5.7167368922222535,-0.0099873658676485,0.001871280880000016,0.5000137923727296,0.5,0.02499959163476946,-0.00018066094069455258,0.36445708289104195,True
11.75,5.741737533607423,-0.009942161434623205,5.741737533607423,-0.009942161434623205,0.0018603595042593808,0.5000134969049476,0.5,0.024999600382515863,-0.00017531003929049905,0.3645055284198522,True
11.8,5.76673816078268,-0.009897182806927458,5.76673816078268,-0.009897182806927458,0.001849764965650082,0.5000132077668241,0.5,0.02499960894288396,-0.0001702333891619482,0.3645536511634112,True
11.850000000000001,5.79173877404893,-0.009852424213015758,5.79173877404893,-0.009852424213015758,0.0018394806601452504,0.5000129248227627,0.5,0.024999617319887042,-0.00016542149507939468,0.36460146181952957,True
11.9,5.816739373701105,-0.009807880214443591,5.816739373701105,-0.009807880214443591,0.001829490551426712,0.5000126479400717,0.5,0.02499962551745229,-0.00016086496575804554,0.364648970584561,True
11.950000000000001,5.841739960028264,-0.00976354569250617,5.841739960028264,-0.00976354569250617,0.001819779165103206,0.500012376988902,0.5,0.02499963353942284,-0.00015655452634756714,0.36469618716846963,True
12.0,5.866740533313702,-0.009719415835134308,5.866740533313702,-0.009719415835134308,0.0018103315821512385,0.500012111842186,0.5,0.0249996413895597,-0.0001524810298204365,0.36474312080987165,True
12.05,5.8917410938350505,-0.009675486124057147,5.8917410938350505,-0.009675486124057147,0.001801133431645682,0.5000118523755782,0.5,0.02499964907154321,-0.0001486354673110058,0.36478978029102127,True
12.100000000000001,5.916741641864381,-0.009631752322240264,5.916741641864381,-0.009631752322240264,0.0017921708828440971,0.5000115984673971,0.5,0.024999656588974902,-0.00014500897745534693,0.3648361739527143,True
12.15,5.9417421776683055,-0.009588210461606463,5.9417421776683055,-0.009588210461606463,0.0017834306366857225,0.5000113499985674,0.5,0.024999663945379353,-0.00014159285478126333,0.36488230970908236,True
12.200000000000001,5.966742701508071,-0.009544856831045523,5.966742701508071,-0.009544856831045523,0.00177489991676311,0.5000111068525653,0.5,0.02499967114420535,-0.0001383785571958523,0.36492819506225627,True
12.25,5.991743213639661,-0.009501687964718097,5.991743213639661,-0.009501687964718097,0.0017665664598215118,0.5000108689153627,0.5,0.024999678188828117,-0.00013535771261724195,0.3649738371168749,True
12.3,6.016743714313891,-0.009458700630658007,6.016743714313891,-0.009458700630658007,0.0017584185058383236,0.5000106360753744,0.5,0.024999685082550488,-0.00013252212479501096,0.36501924259442187,True
12.350000000000001,6.041744203776499,-0.009415891819676257,6.041744203776499,-0.009415891819676257,0.0017504447877321769,0.5000104082234057,0.5,0.024999691828604554,-0.0001298637783632238,0.3650644178473694,True
12.4,6.0667446822682445,-0.00937325873456922,6.0667446822682445,-0.00937325873456922,0.0017426345207486493,0.500010185252601,0.5,0.024999698430153112,-0.00012737484316788046,0.36510936887311585,True
12.450000000000001,6.091745150024995,-0.00933079877963267,6.091745150024995,-0.00933079877963267,0.0017349773915669986,0.5000099670583937,0.5,0.02499970489029146,-0.00012504767790980884,0.36515410132769954,True
12.5,6.1167456072778155,-0.009288509550482544,6.1167456072778155,-0.009288509550482544,0.001727463547169874,0.5000097535384577,0.5,0.024999711212048217,-0.0001228748331420326,0.3651986205392771,True
12.55,6.141746054253064,-0.009246388824182654,6.141746054253064,-0.009246388824182654,0.0017200835835155706,0.5000095445926582,0.5,0.024999717398387692,-0.00012084905366018577,0.36524293152135334,True
12.600000000000001,6.16674649117247,-0.00920443454967888,6.16674649117247,-0.00920443454967888,0.0017128285340500845,0.5000093401230064,0.5,0.024999723452210125,-0.00011896328032217845,0.36528703898575327,True
12.65,6.191746918253226,-0.009162644838538776,6.191746918253226,-0.009162644838538776,0.001705689858094002,0.5000091400336119,0.5,0.024999729376354064,-0.00011721065133273258,0.365330947355325,True
12.700000000000001,6.21674733570807,-0.009121017955994973,6.21674733570807,-0.009121017955994973,0.0016986594291371197,0.5000089442306388,0.5,0.024999735173597184,-0.00011558450302676558,0.3653746607763676,True
12.75,6.241747743745371,-0.009079552312290205,6.241747743745371,-0.009079552312290205,0.0016917295230716232,0.5000087526222615,0.5,0.02499974084665752,-0.00011407837018451946,0.3654181831307749,True
12.8,6.266748142569207,-0.009038246454321337,6.266748142569207,-0.009038246454321337,0.0016848928063926585,0.5000085651186214,0.5,0.024999746398195122,-0.00011268598590975421,0.36546151804789107,True
12.850000000000001,6.291748532379448,-0.008997099057579295,6.291748532379448,-0.008997099057579295,0.0016781423243932248,0.5000083816317847,0.5,0.02499975183081284,-0.00011140128110140265,0.3655046689160715,True
12.9,6.316748913371836,-0.008956108918381424,6.316748913371836,-0.008956108918381424,0.001671471489378479,0.5000082020757018,0.5,0.024999757147057832,-0.00011021838354757821,0.3655476388939456,True
12.950000000000001,6.341749285738062,-0.0089152749463924,6.341749285738062,-0.0089152749463924,0.0016648740689227755,0.5000080263661661,0.5,0.024999762349422826,-0.00010913161666998928,0.3655904309213796,True
13.0,6.36674964966584,-0.008874596157429504,6.36674964966584,-0.008874596157429504,0.0016583441741910793,0.500007854420775,0.5,0.02499976744034718,-0.00010813549794514706,0.36563304773013455,True
13.05,6.391750005338986,-0.008834071666547748,6.391750005338986,-0.008834071666547748,0.001651876248344759,0.5000076861588911,0.5,0.024999772422217865,-0.00010722473702789805,0.3656754918542209,True
13.100000000000001,6.416750352937494,-0.008793700681400068,6.416750352937494,-0.008793700681400068,0.001645465055050233,0.5000075215016047,0.5,0.02499977729737079,-0.00010639423360198967,0.3657177656399465,True
13.15,6.441750692637602,-0.008753482495867547,6.441750692637602,-0.008753482495867547,0.0016391056671074423,0.5000073603716961,0.5,0.02499978206809184,-0.00010563907498029982,0.36575987125566034,True
13.200000000000001,6.466751024611871,-0.008713416483954444,6.466751024611871,-0.008713416483954444,0.0016327934552137105,0.5000072026936004,0.5,0.024999786736617794,-0.00010495453347754628,0.3658018107011902,True
13.25,6.4917513490292515,-0.008673502093942556,6.4917513490292515,-0.008673502093942556,0.0016265240768772143,0.500007048393371,0.5,0.024999791305137947,-0.00010433606357618502,0.3658435858169777,True
13.3,6.516751666055154,-0.008633738842799317,6.516751666055154,-0.008633738842799317,0.0016202934654929726,0.5000068973986456,0.5,0.02499979577579412,-0.00010377929890588379,0.3658851982929105,True
13.350000000000001,6.541751975851518,-0.008594126310833871,6.541751975851518,-0.008594126310833871,0.0016140978195930578,0.5000067496386119,0.5,0.02499980015068288,-0.00010328004905549755,0.36592664967685606,True
13.4,6.566752278576877,-0.00855466413659525,6.566752278576877,-0.00855466413659525,0.001607933592281555,0.500006605043975,0.5,0.024999804431855333,-0.00010283429623592007,0.3659679413828977,True
13.450000000000001,6.591752574386429,-0.008515352012006655,6.591752574386429,-0.008515352012006655,0.0016017974808636855,0.5000064635469239,0.5,0.02499980862131912,-0.0001024381918107901,0.36600907469927674,True
13.5,6.616752863432095,-0.008476189677729779,6.616752863432095,-0.008476189677729779,0.0015956864166774573,0.5000063250811008,0.5,0.024999812721038493,-0.00010208805271166828,0.366050050796046,True
13.55,6.641753145862589,-0.008437176918753066,6.641753145862589,-0.008437176918753066,0.001589597555135217,0.5000061895815691,0.5,0.02499981673293581,-0.00010178035775289194,0.36609087073243574,True
13.600000000000001,6.666753421823477,-0.008398313560197683,6.666753421823477,-0.008398313560197683,0.0015835282659815116,0.5000060569847833,0.5,0.02499982065889239,-0.00010151174386081986,0.36613153546393795,True
13.65,6.691753691457242,-0.008359599463335029,6.691753691457242,-0.008359599463335029,0.0015774761237728014,0.5000059272285595,0.5,0.02499982450074888,-0.00010127900223120095,0.366172045849114,True
13.700000000000001,6.71675395490334,-0.008321034521809548,6.71675395490334,-0.008321034521809548,0.001571438898583698,0.5000058002520457,0.5,0.024999828260306917,-0.0001010790744276055,0.3662124026561294,True
13.75,6.7417542122982645,-0.008282618658060606,6.7417542122982645,-0.008282618658060606,0.0015654145469436223,0.5000056759956933,0.5,0.02499983193932936,-0.00010090904843332982,0.3662526065690209,True
13.8,6.766754463775601,-0.008244351819937231,6.766754463775601,-0.008244351819937231,0.0015594012030070176,0.5000055544012298,0.5,0.024999835539541364,-0.00010076615466791705,0.36629265819370216,True
13.850000000000001,6.791754709466088,-0.008206233977499516,6.791754709466088,-0.008206233977499516,0.001553397169959552,0.5000054354116308,0.5,0.02499983906263113,-0.00010064776197927625,0.36633255806371157,True
13.9,6.816754949497673,-0.008168265120000521,6.816754949497673,-0.008168265120000521,0.0015474009116620887,0.5000053189710936,0.5,0.02499984251025042,-0.00010055137362149769,0.36637230664571085,True
13.950000000000001,6.841755183995566,-0.008130445253042578,6.841755183995566,-0.008130445253042578,0.001541411044533572,0.5000052050250107,0.5,0.02499984588401616,-0.0001004746232274821,0.3664119043447365,True
14.0,6.866755413082298,-0.008092774395901916,6.866755413082298,-0.008092774395901916,0.0015354263296734109,0.5000050935199447,0.5,0.02499984918551016,-0.00010041527078560751,0.36645135150921304,True
14.05,6.891755636877769,-0.008055252579015635,6.891755636877769,-0.008055252579015635,0.0015294456652233882,0.500004984403603,0.5,0.02499985241628051,-0.0001003711986281066,0.36649064843573265,True
14.100000000000001,6.916755855499308,-0.008017879841625093,6.916755855499308,-0.008017879841625093,0.001523468078968632,0.5000048776248128,0.5,0.024999855577842327,-0.00010034040743911507,0.36652979537360697,True
14.15,6.941756069061721,-0.007980656229569874,6.941756069061721,-0.007980656229569874,0.001517492721176707,0.5000047731334981,0.5,0.024999858671677977,-0.00010032101228920015,0.3665687925291986,True
14.200000000000001,6.96675627767734,-0.007943581793226568,6.96675627767734,-0.007943581793226568,0.0015115188576734593,0.5000046708806553,0.5,0.02499986169923832,-0.00010031123870285216,0.36660764007003666,True
14.25,6.991756481456079,-0.0079066565855867,6.991756481456079,-0.0079066565855867,0.0015055458631538377,0.5000045708183306,0.5,0.02499986466194291,-0.0001003094187650836,0.3666463381287238,True
14.3,7.016756680505478,-0.007869880660468264,7.016756680505478,-0.007869880660468264,0.0014995732147255543,0.5000044728995976,0.5,0.024999867561181194,-0.00010031398727226439,0.36668488680664096,True
14.350000000000001,7.041756874930752,-0.007833254070855365,7.041756874930752,-0.007833254070855365,0.0014936004856830956,0.5000043770785352,0.5,0.024999870398312526,-0.00010032347793264898,0.36672328617745487,True
14.4,7.066757064834843,-0.007796776867360636,7.066757064834843,-0.007796776867360636,0.0014876273395092962,0.5000042833102059,0.5,0.024999873174667404,-0.00010033651962069009,0.3667615362904359,True
14.450000000000001,7.091757250318462,-0.007760449096805182,7.091757250318462,-0.007760449096805182,0.0014816535241013904,0.5000041915506349,0.5,0.024999875891547674,-0.00010035183268959196,0.3667996371735916,True
14.5,7.116757431480136,-0.007724270800910911,7.116757431480136,-0.007724270800910911,0.001475678866218211,0.5000041017567897,0.5,0.024999878550227332,-0.0001003682253457342,0.3668375888366221,True
14.55,7.141757608416253,-0.007688242015100242,7.141757608416253,-0.007688242015100242,0.0014697032661449628,0.5000040138865594,0.5,0.02499988115195299,-0.00010038459008822863,0.3668753912737037,True
14.600000000000001,7.166757781221106,-0.007652362767398306,7.166757781221106,-0.007652362767398306,0.0014637266925717845,0.5000039278987352,0.5,0.02499988369794481,-0.00010039990021670768,0.3669130444661068,True
14.65,7.19175794998694,-0.007616633077432854,7.19175794998694,-0.007616633077432854,0.00145774917768214,0.5000038437529911,0.5,0.024999886189396726,-0.00010041320640986934,0.3669505483846529,True
14.700000000000001,7.216758114803988,-0.00758105295552723,7.216758114803988,-0.00758105295552723,0.001451770812446898,0.5000037614098652,0.5,0.024999888627476995,-0.00010042363337709509,0.3669879029920191,True
14.75,7.241758275760519,-0.007545622401881886,7.241758275760519,-0.007545622401881886,0.0014457917421198214,0.5000036808307409,0.5,0.02499989101332889,-0.00010043037658530576,0.36702510824489265,True
14.8,7.266758432942876,-0.007510341405840037,7.266758432942876,-0.007510341405840037,0.0014398121619300526,0.5000036019778287,0.5,0.02499989334807111,-0.00010043269906235836,0.367062164095984,True
14.850000000000001,7.291758586435513,-0.007475209945233183,7.291758586435513,-0.007475209945233183,0.0014338323129670831,0.5000035248141487,0.5,0.024999895632798655,-0.00010042992827879267,0.3670990704959025,True
14.9,7.316758736321043,-0.00744022798580236,7.316758736321043,-0.00744022798580236,0.0014278524782535933,0.5000034493035133,0.5,0.02499989786858283,-0.00010042145310897027,0.36713582739490047,True
14.950000000000001,7.341758882680271,-0.007405395480691084,7.341758882680271,-0.007405395480691084,0.0014218729790014724,0.50000337541051,0.5,0.024999900056472114,-0.00010040672087230171,0.36717243474449157,True
15.0,7.366759025592229,-0.007370712370006116,7.366759025592229,-0.007370712370006116,0.0014158941710462737,0.5000033031004851,0.5,0.02499990219749236,-0.00010038523445558007,0.36720889249894806,True
15.05,7.391759165134222,-0.007336178580442258,7.391759165134222,-0.007336178580442258,0.001409916441455307,0.5000032323395271,0.5,0.02499990429264772,-0.00010035654951665485,0.3672452006166829,True
15.100000000000001,7.416759301381859,-0.0073017940249675535,7.416759301381859,-0.0073017940249675535,0.0014039402053045381,0.5000031630944511,0.5,0.024999906342920597,-0.00010032027176972818,0.36728135906152104,True
15.15,7.441759434409088,-0.007267558602565362,7.441759434409088,-0.007267558602565362,0.0013979659026194435,0.500003095332783,0.5,0.024999908349272536,-0.0001002760543525015,0.36731736780386515,True
15.200000000000001,7.466759564288234,-0.007233472198029919,7.466759564288234,-0.007233472198029919,0.0013919939954749585,0.5000030290227444,0.5,0.024999910312644202,-0.00010022359527489255,0.36735322682176075,True
15.25,7.491759691090033,-0.007199534681812106,7.491759691090033,-0.007199534681812106,0.0013860249652496584,0.5000029641332377,0.5,0.02499991223395639,-0.00010016263494909061,0.3673889361018656,True
15.3,7.516759814883667,-0.007165745909912262,7.516759814883667,-0.007165745909912262,0.0013800593100293222,0.5000029006338316,0.5,0.02499991411411009,-0.00010009295380064958,0.36742449564032764,True
15.350000000000001,7.541759935736792,-0.007132105723817022,7.541759935736792,-0.007132105723817022,0.0013740975421550486,0.5000028384947464,0.5,0.024999915953986998,-0.00010001436995986692,0.3674599054435753,True
15.4,7.566760053715578,-0.007098613950477242,7.566760053715578,-0.007098613950477242,0.0013681401859111297,0.5000027776868405,0.5,0.024999917754449933,-9.9926737033042e-05,0.3674951655290262,True
15.450000000000001,7.591760168884735,-0.007065270402324222,7.591760168884735,-0.007065270402324222,0.0013621877753479104,0.5000027181815968,0.5,0.024999919516343255,-9.982994195238465e-05,0.3675302759257174,True
15.5,7.616760281307548,-0.0070320748773215125,7.616760281307548,-0.0070320748773215125,0.0013562408522349188,0.5000026599511089,0.5,0.024999921240493012,-9.972390290412125e-05,0.36756523667486063,True
15.55,7.641760391045905,-0.006999027159049749,7.641760391045905,-0.006999027159049749,0.0013502999641396062,0.5000026029680683,0.5,0.02499992292770783,-9.960856733344986e-05,0.3676000478303278,True
15.600000000000001,7.666760498160328,-0.006966127016822018,7.666760498160328,-0.006966127016822018,0.0013443656626270768,0.5000025472057514,0.5,0.02499992457877891,-9.94839100253261e-05,0.3676347094590704,True
15.65,7.691760602710005,-0.006933374205827398,7.691760602710005,-0.006933374205827398,0.0013384385015762698,0.5000024926380072,0.5,0.02499992619448059,-9.934993125998005e-05,0.3676692216414754,True
15.700000000000001,7.716760704752815,-0.0069007684673004065,7.716760704752815,-0.0069007684673004065,0.0013325190356081105,0.500002439239245,0.5,0.024999927775570304,-9.920665504177238e-05,0.3677035844716623,True
15.75,7.741760804345358,-0.006868309528714197,7.741760804345358,-0.006868309528714197,0.0013266078186212314,0.5000023869844221,0.5,0.024999929322789723,-9.905412740011454e-05,0.3677377980577249,True
15.8,7.766760901542981,-0.006835997103995431,7.766760901542981,-0.006835997103995431,0.0013207054024309273,0.5000023358490324,0.5,0.02499993083686433,-9.889241476107327e-05,0.3677718625219203,True
15.850000000000001,7.791760996399812,-0.00680383089375887,7.791760996399812,-0.00680383089375887,0.0013148123355071102,0.5000022858090948,0.5,0.02499993231850418,-9.87216023881567e-05,0.3678057780008087,True
15.9,7.816761088968774,-0.006771810585559806,7.816761088968774,-0.006771810585559806,0.001308929161807092,0.5000022368411419,0.5,0.024999933768404002,-9.854179289085839e-05,0.36783954464534796,True
15.950000000000001,7.841761179301625,-0.006739935854162548,7.841761179301625,-0.006739935854162548,0.001303056419699125,0.5000021889222089,0.5,0.024999935187243843,-9.835310479941657e-05,0.36787316262094416,True
16.0,7.8667612674489735,-0.006708206361823279,7.8667612674489735,-0.006708206361823279,0.0012971946409727191,0.5000021420298233,0.5,0.024999936575689045,-9.815567120414407e-05,0.3679066321074631,True
16.05,7.891761353460308,-0.006676621758585673,7.891761353460308,-0.006676621758585673,0.0012913443499318344,0.5000020961419938,0.5,0.024999937934390582,-9.794963845789463e-05,0.36793995329920315,True
16.1,7.916761437384019,-0.006645181682587742,7.916761437384019,-0.006645181682587742,0.0012855060625671594,0.5000020512372001,0.5,0.024999939263985704,-9.773516493985519e-05,0.3679731264048348,True
16.150000000000002,7.941761519267426,-0.006613885760378482,7.941761519267426,-0.006613885760378482,0.0012796802858037687,0.5000020072943832,0.5,0.024999940565097925,-9.751241987926638e-05,0.3680061516473072,True
16.2,7.9667615991568,-0.00658273360724295,7.9667615991568,-0.00658273360724295,0.0012738675168205483,0.5000019642929349,0.5,0.024999941838337487,-9.728158223716817e-05,0.3680390292637249,True
16.25,7.991761677097383,-0.006551724827534482,7.991761677097383,-0.006551724827534482,0.0012680682424378903,0.5000019222126888,0.5,0.02499994308430132,-9.704283964471535e-05,0.3680717595051977,True
16.3,8.016761753133416,-0.006520859015012849,8.016761753133416,-0.006520859015012849,0.0012622829385702324,0.5000018810339103,0.5,0.024999944303573905,-9.679638739635517e-05,0.3681043426366649,True
16.35,8.041761827308155,-0.006490135753187192,8.041761827308155,-0.006490135753187192,0.0012565120697401442,0.5000018407372877,0.5,0.024999945496726905,-9.654242749611156e-05,0.36813677893669694,True
16.400000000000002,8.0667618996639,-0.006459554615662678,8.0667618996639,-0.006459554615662678,0.0012507560886507328,0.500001801303923,0.5,0.02499994666431978,-9.628116775552351e-05,0.3681690686972751,True
16.45,8.091761970242011,-0.006429115166489861,8.091761970242011,-0.006429115166489861,0.0012450154358132624,0.5000017627153229,0.5,0.024999947806900222,-9.601282094129616e-05,0.3682012122235535,True
16.5,8.116762039082927,-0.006398816960515803,8.116762039082927,-0.006398816960515803,0.0012392905392269633,0.5000017249533905,0.5,0.024999948925003967,-0.00026810225213704544,0.3682332098336025,True
16.55,8.141762107112129,-0.006369379152154015,8.141762107112129,-0.006369379152154015,0.0012284539602993875,0.5000016880004163,0.5,0.024999950019155247,-0.000352737351779041,0.368265864432087,True
16.6,8.166762174984434,-0.00634132672918375,8.166762174984434,-0.00634132672918375,0.0012099798194087235,0.5000016518390704,0.5,0.024999951089867422,-0.00045243341586701343,0.3682994008553263,True
16.650000000000002,8.191762242522344,-0.006314526713107822,8.191762242522344,-0.006314526713107822,0.0011860218221867755,0.500001616452394,0.5,0.024999952137642514,-0.0005695102090532366,0.36833331280375914,True
16.7,8.216762310022968,-0.006289255375878189,8.216762310022968,-0.006289255375878189,0.0011556148277556545,0.500001581823792,0.5,0.024999953162971694,-0.0007033891357047275,0.3683676105620124,True
16.75,8.241762377776253,-0.006265820962411902,8.241762377776253,-0.006265820962411902,0.0011177418953045308,0.500001547937024,0.5,0.0249999541663361,-0.0008553447044472665,0.3684022878479827,True
16.8,8.266762446043789,-0.006244559903208704,8.266762446043789,-0.006244559903208704,0.0010713653803434366,0.5000015147761984,0.5,0.024999955148206045,-0.0010239566684202021,0.3684373163786806,True
16.85,8.291762515036131,-0.006225834277571054,8.291762515036131,-0.006225834277571054,0.0010154519736648028,0.5000014823257635,0.5,0.02499995610904199,-0.0012075421822422894,0.3684726409844946,True
16.900000000000002,8.316762584877129,-0.006210018690464882,8.316762584877129,-0.006210018690464882,0.0009490606825108176,0.5000014505705008,0.5,0.02499995704929467,-0.0014043334584171998,0.3685081666239006,True
16.95,8.341762655578453,-0.006197496448572808,8.341762655578453,-0.006197496448572808,0.0008713531697181865,0.5000014194955181,0.5,0.024999957969404903,-0.001612256996512122,0.3685437591462878,True
17.0,8.366762727013839,-0.006188655341900787,8.366762727013839,-0.006188655341900787,0.0007816053755453147,0.500001389086242,0.5,0.02499995886980418,-0.0018298960246980111,0.3685792460668812,True
17.05,8.39176279889636,-0.006183886176507113,8.39176279889636,-0.006183886176507113,0.0006791970747963366,0.5000013593284114,0.5,0.02499995975091474,-0.002055963282394577,0.3686144211395782,True
17.1,8.416762870757402,-0.006183583623922913,8.416762870757402,-0.006183583623922913,0.0005635884860227912,0.5000013302080705,0.5,0.024999960613149907,-0.002288188055666713,0.3686490504565878,True
17.150000000000002,8.441762941921894,-0.0061881406769786,8.441762941921894,-0.0061881406769786,0.00043434567629377206,0.5000013017115627,0.5,0.024999961456913973,-0.002521972402967989,0.3686828704522285,True
17.2,8.46676301148443,-0.0061979319378290725,8.46676301148443,-0.0061979319378290725,0.0002912390543534744,0.5000012738255238,0.5,0.024999962282602595,-0.002756248536016834,0.36871557536551236,True
17.25,8.4917630783034,-0.006213312954440616,8.4917630783034,-0.006213312954440616,0.00013420758376669442,0.5000012465368762,0.5,0.024999963090603053,-0.0029904025878321008,0.36874682851903007,True
17.3,8.516763140998787,-0.0062346335150118915,8.516763140998787,-0.0062346335150118915,-3.675974350713312e-05,0.500001219832822,0.5,0.02499996388129426,-0.0030133888248161556,0.3687544489256238,True
17.35,8.541763198131397,-0.006261359863968521,8.541763198131397,-0.006261359863968521,-0.00021537702622130884,0.5000011937008378,0.5,0.02499996465504691,-0.003226056744693326,0.3686746760589422,True
17.400000000000002,8.5667632484087,-0.0062935411940230074,8.5667632484087,-0.0062935411940230074,-0.0004010050519296361,0.5000011681286685,0.5,0.024999965412223987,-0.003437779881786293,0.3685873703590614,True
17.45,8.591763289945074,-0.006332187764409093,8.591763289945074,-0.006332187764409093,-0.000599258782945714,0.5000011431043212,0.5,0.02499996615318052,-0.0036413441428255105,0.36848985483215085,True
17.5,8.616763320665703,-0.006377576975840524,8.616763320665703,-0.006377576975840524,-0.000809867393276144,0.5000011186160603,0.5,0.024999966878263915,-0.0038342694260861984,0.3683819334274723,True
17.55,8.641763338321415,-0.00642993719629174,8.641763338321415,-0.00642993719629174,-0.0010322716522089743,0.5000010946524015,0.5,0.02499996758781424,-0.00400921944555607,0.3682635447764927,True
17.6,8.666763340543474,-0.006489441214137982,8.666763340543474,-0.006489441214137982,-0.0012656202879484,0.5000010712021062,0.5,0.02499996828216442,-0.004166318401454062,0.3681347697728471,True
17.650000000000002,8.691763324899886,-0.006556208605856877,8.691763324899886,-0.006556208605856877,-0.0015088474654042703,0.5000010482541771,0.5,0.024999968961639866,-0.004306567587169707,0.36799580615571925,True
17.7,8.71676328890261,-0.006630337030487293,8.71676328890261,-0.006630337030487293,-0.0017609208311798674,0.5000010257978521,0.5,0.024999969626559336,-0.004428055181760162,0.3678468635555247,True
17.75,8.741763230049127,-0.00671189478384143,8.741763230049127,-0.00671189478384143,-0.002020780941408426,0.5000010038225997,0.5,0.024999970277234693,-0.004522568624158206,0.3676881889071717,True
17.8,8.766763145950167,-0.006800880931634674,8.766763145950167,-0.006800880931634674,-0.002287067146347226,0.5000009823181143,0.5,0.024999970913970843,-0.004590924253131484,0.3675201876351797,True
17.85,8.79176303441355,-0.006897227607372011,8.79176303441355,-0.006897227607372011,-0.0025581987538236192,0.5000009612743106,0.5,0.024999971537066706,-0.004634962872890486,0.3673433972150435,True
17.900000000000002,8.81676289342235,-0.007000838722352119,8.81676289342235,-0.007000838722352119,-0.002832674120777127,0.5000009406813197,0.5,0.024999972146814327,-0.004653195636376565,0.36715835969121857,True
17.95,8.841762721192763,-0.007111582572117241,8.841762721192763,-0.007111582572117241,-0.0031090020737795554,0.5000009205294842,0.5,0.024999972743499552,-0.004636823633238349,0.36696564941738985,True
18.0,8.866762516369395,-0.0072292468527953395,8.866762516369395,-0.0072292468527953395,-0.00338538537409904,0.5000009008093531,0.5,0.024999973327402475,-0.004587338082827183,0.36676601191311253,True
18.05,8.891762278115063,-0.007353541639403765,8.891762278115063,-0.007353541639403765,-0.003659809376651675,0.5000008815116784,0.5,0.024999973898796678,-0.004507406695219319,0.36656033453908843,True
18.1,8.916762006024468,-0.007484144374928942,8.916762006024468,-0.007484144374928942,-0.0039303831673552685,0.50000086262741,0.5,0.024999974457950255,-0.004395994669060844,0.366349500323064,True
18.150000000000002,8.941761700178075,-0.007620692709722592,8.941761700178075,-0.007620692709722592,-0.004195264413977236,0.5000008441476914,0.5,0.024999975005125456,-0.004243971214724277,0.36613441742789343,True
18.2,8.966761361387894,-0.007762735540757359,8.966761361387894,-0.007762735540757359,-0.004452308357750576,0.5000008260638564,0.5,0.02499997554057874,-0.004053498625883186,0.36591617218433414,True
18.25,8.991760991260046,-0.0079097367923205,8.991760991260046,-0.0079097367923205,-0.004699162929668346,0.5000008083674241,0.5,0.024999976064561266,-0.003827934185715466,0.36569599708478073,True
18.3,9.01676059200892,-0.008061125170321209,9.01676059200892,-0.008061125170321209,-0.004933640275703453,0.5000007910500952,0.5,0.024999976577318877,-0.0035667038488873754,0.3654751109094947,True
18.35,9.041760166481096,-0.008216287140118508,9.041760166481096,-0.008216287140118508,-0.005153635350116067,0.5000007741037484,0.5,0.0249999770790919,-0.0032606091932348884,0.3652547499301231,True
18.400000000000002,9.066759718416364,-0.008374515603560369,9.066759718416364,-0.008374515603560369,-0.005356752380774553,0.5000007575204363,0.5,0.02499997757011585,-0.0029124011244508015,0.3650363299684949,True
18.45,9.091759252444257,-0.00853501437452539,9.091759252444257,-0.00853501437452539,-0.005540403788292445,0.5000007412923817,0.5,0.024999978050620795,-0.0025260207031583427,0.3648214126184628,True
18.5,9.116758773771679,-0.008696951201953261,9.116758773771679,-0.008696951201953261,-0.005702201087739962,0.5000007254119742,0.5,0.024999978520832133,-0.0021013591477342156,0.3646115364407218,True
18.55,9.141758288146686,-0.008859451102756571,9.141758288146686,-0.008859451102756571,-0.005839869810673178,0.5000007098717661,0.5,0.024999978980970363,-0.0016293402854756613,0.3644082489209493,True
18.6,9.166757802087437,-0.009021543862416928,9.166757802087437,-0.009021543862416928,-0.005950862239741477,0.5000006946644697,0.5,0.024999979431251262,-0.0011131856808317198,0.36421327377487206,True
18.650000000000002,9.191757322775581,-0.009182168883738021,9.191757322775581,-0.009182168883738021,-0.006032456485160823,0.500000679782953,0.5,0.024999979871886034,-0.0005573716159619887,0.36402847680790773,True
18.7,9.216756857602315,-0.009340230459504039,9.216756857602315,-0.009340230459504039,-0.006082159667202795,0.500000665220237,0.5,0.024999980303081374,3.783642072382434e-05,0.3638556912910948,True
18.75,9.2417564140446,-0.009494591465759808,9.2417564140446,-0.009494591465759808,-0.006097619967878327,0.5000006509694922,0.5,0.024999980725039336,0.0006811517007056846,0.3636967504295522,True
18.8,9.266755999807312,-0.009644020778226804,9.266755999807312,-0.009644020778226804,-0.006076234236638668,0.5000006370240353,0.5,0.024999981137957934,0.0013689929471117834,0.3635536562900259,True
18.85,9.291755622580324,-0.009787198603772798,9.291755622580324,-0.009787198603772798,-0.006015246628389257,0.5000006233773262,0.5,0.024999981542030886,0.002096433254554852,0.363428545363973,True
18.900000000000002,9.31675528944891,-0.009922772653993203,9.31675528944891,-0.009922772653993203,-0.005912154390304367,0.500000610022965,0.5,0.024999981937447575,0.002862958050517895,0.3633235123130207,True
18.95,9.34175500666269,-0.010049352000413061,9.34175500666269,-0.010049352000413061,-0.00576461661886212,0.5000005969546889,0.5,0.024999982324393488,0.0036765790802523223,0.36324064326567634,True
19.0,9.366754779632073,-0.010165456007046566,9.366754779632073,-0.010165456007046566,-0.005570069324017421,0.5000005841663692,0.5,0.024999982703050042,0.0045334939473705305,0.3631821810575604,True
19.05,9.391754612527716,-0.010269520362513548,9.391754612527716,-0.010269520362513548,-0.00532582322872481,0.5000005716520085,0.5,0.02499998307359471,0.005428621924777757,0.36315049038657604,True
19.1,9.416754507590346,-0.01035995153350193,9.416754507590346,-0.01035995153350193,-0.0050294532591435865,0.5000005594057378,0.5,0.024999983436201505,0.006360909864999715,0.36314788810518783,True
19.150000000000002,9.441754464773535,-0.010435122207112929,9.441754464773535,-0.010435122207112929,-0.004678716742673913,0.5000005474218141,0.5,0.02499998379104032,0.007337752355693967,0.36317667213694627,True
19.200000000000003,9.466754481547463,-0.010493322766949089,9.466754481547463,-0.010493322766949089,-0.004271182245973782,0.5000005356946171,0.5,0.024999984138277594,0.008355184230987706,0.3632392801486198,True
19.25,9.491754552345515,-0.010532766635360956,9.491754552345515,-0.010532766635360956,-0.0038043161883125056,0.5000005242186472,0.5,0.024999984478076116,0.009407907078458547,0.363338258732401,True
19.3,9.516754667810636,-0.010551643529258296,9.516754667810636,-0.010551643529258296,-0.003275860452010418,0.5000005129885222,0.5,0.024999984810595365,0.010494563726253599,0.36347609835987893,True
19.35,9.541754814321475,-0.0105481157912219,9.541754814321475,-0.0105481157912219,-0.002683754780842715,0.5000005019989757,0.5,0.024999985135991186,0.01162175354767723,0.3636552601541576,True
19.400000000000002,9.566754973575808,-0.010520272687266734,9.566754973575808,-0.010520272687266734,-0.0020257827841798784,0.5000004912448538,0.5,0.024999985454416267,0.01278533380569244,0.3638783267245004,True
19.450000000000003,9.591755121895638,-0.010466136164458467,9.591755121895638,-0.010466136164458467,-0.0012996547854687308,0.5000004807211131,0.5,0.02499998576601979,0.013980013708191092,0.3641479720418174,True
19.5,9.616755229477354,-0.010383711333521253,9.616755229477354,-0.010383711333521253,-0.0005033615631712002,0.5000004704228183,0.5,0.024999986070948086,0.01520410699606126,0.3644668061243337,True
19.55,9.6417552598234,-0.010270983520238312,9.6417552598234,-0.010270983520238312,0.00036489874285634686,0.5000004603451397,0.5,0.024999986369343908,0.016625246692756775,0.36462064987748155,True
19.6,9.666755168221599,-0.010125200514721046,9.666755168221599,-0.010125200514721046,0.0013118659344590442,0.5000004504833511,0.5,0.024999986661347427,0.017934246716194948,0.3644852829765003,True
19.650000000000002,9.691754900195255,-0.009943991112842653,9.691754900195255,-0.009943991112842653,0.0023400684496751303,0.5000004408328276,0.5,0.024999986947095487,0.0192612258396726,0.36436135143676374,True
19.700000000000003,9.71675439389808,-0.009725745345567376,9.71675439389808,-0.009725745345567376,0.0034467067951124714,0.5000004313890434,0.5,0.024999987226722063,0.02060945245768702,0.36425132724911535,True
19.75,9.741753577869574,-0.009468334088268918,9.741753577869574,-0.009468334088268918,0.004632950616739088,0.5000004221475695,0.5,0.02499998750035847,0.021983365844107726,0.3641570260130332,True
19.8,9.766752370291494,-0.009169566092148349,9.766752370291494,-0.009169566092148349,0.005900199215104624,0.500000413104072,0.5,0.024999987768132823,0.02337906906156801,0.36408026067384985,True
19.85,9.791750678201263,-0.00882721190747306,9.791750678201263,-0.00882721190747306,0.0072498683594028265,0.5000004042543097,0.5,0.024999988030170686,0.024791791972754277,0.36402288107463765,True
19.900000000000002,9.816748396987531,-0.008439044040152137,9.816748396987531,-0.008439044040152137,0.008683116235601206,0.5000003955941322,0.5,0.024999988286595172,0.02621944637704431,0.363986815096361,True
19.950000000000003,9.841745409788388,-0.00800283610443076,9.841745409788388,-0.00800283610443076,0.010200897256885316,0.5000003871194783,0.5,0.024999988537526392,0.02766513574588986,0.36397405354131723,True
20.0,9.866741586561107,-0.007516334423679707,9.866741586561107,-0.007516334423679707,0.011804196389993263,0.5000003788263734,0.5,0.024999988783082013,0.02912528840848406,0.36398660925446386,True
20.05,9.891736783314231,-0.0069772622342029675,9.891736783314231,-0.0069772622342029675,0.013493985019234999,0.5000003707109284,0.5,0.024999989023377137,0.030595449505633924,0.364026526144117,True
20.1,9.916730841805792,-0.00638335331604369,9.916730841805792,-0.00638335331604369,0.01527099597779813,0.5000003627693373,0.5,0.024999989258524487,0.032073354665756566,0.3640959120823559,True
20.150000000000002,9.941723589023214,-0.005732352791682739,9.941723589023214,-0.005732352791682739,0.017135762427854674,0.5000003549978758,0.5,0.024999989488634432,0.03356122297795532,0.36419692652825,True
20.200000000000003,9.966714836222573,-0.005021993779944055,9.966714836222573,-0.005021993779944055,0.019088816508703588,0.500000347392899,0.5,0.024999989713814924,0.035055571467307624,0.3643317452555135,True
20.25,9.99170437827989,-0.004250001487793559,9.99170437827989,-0.004250001487793559,0.021130653062945568,0.5000003399508406,0.5,0.02499998993417149,0.0365524909208163,0.36450256706403084,True
20.3,10.016691993637156,-0.003414121251288777,10.016680760390413,-0.0034419644269273264,0.019925395114602784,0.5000003326682104,0.5,0.024999990149807406,0.038049786388665845,0.3656653978159391,True
20.35,10.041677443897065,-0.0025121188578117507,10.041655769469596,-0.002685729550584364,0.01715043893777035,0.5000003255415931,0.5,0.024999990360823825,0.039548415568283764,0.36723922293497124,True
20.400000000000002,10.066660472983331,-0.001541764435647438,10.066636197482701,-0.001985969597716767,0.014463606945168118,0.5000003185676465,0.5,0.024999990567319736,0.0410454856027608,0.3687315634289564,True
20.450000000000003,10.091640806674308,-0.0005008356179654237,10.091621590531899,-0.0013404847564507146,0.011864990088872245,0.5000003117430999,0.5,0.024999990769391967,0.042537581433769435,0.3701444943890227,True
20.5,10.116618152759273,0.0006128616790079834,10.116611519916354,-0.000747099420479837,0.009354484253774165,0.5000003050647528,0.5,0.024999990967135323,0.04402247919338715,0.37148012838413047,True
20.55,10.141592200855122,0.0018014911044220653,10.141605581308415,-0.0002036644189777427,0.006931817575293861,0.5000002985294733,0.5,0.02499999116064248,0.04550035146123701,0.37274060536721376,True
20.6,10.166562621782088,0.0030671968302652406,10.166603393854544,0.00029195388684064683,0.004596647933571854,0.5000002921341964,0.5,0.024999991350004195,0.046968407578770445,0.3733441670554289,True
20.650000000000002,10.191529067372157,0.004412100116473674,10.191604599480346,0.0007418701260134103,0.0023485534919296253,0.5000002858759229,0.5,0.024999991535309345,0.04842410973393406,0.3735609548594132,True
20.700000000000003,10.216491170813708,0.005838285166518238,10.216608862159626,0.0011481657335761688,0.000186948192752584,0.5000002797517179,0.5,0.024999991716644854,0.04986532281507022,0.3737963128378514,True
20.75,10.241448546657816,0.007347797821167178,10.241615867036653,0.001512887622463719,-0.0018888969105574987,0.5000002737587093,0.5,0.024999991894095675,0.051291238788486404,0.37292633332435854,True
20.8,10.26640079062675,0.008942649260608023,10.266625319574791,0.0018380518818440598,-0.0038798058946004424,0.5000002678940865,0.5,0.024999992067744982,0.052699835817364746,0.37201058946305265,True
20.85,10.291347479658013,0.010624814466999533,10.291636944742937,0.0021256422439409005,-0.005786683457506908,0.5000002621550991,0.5,0.02499999223767437,0.05408890564700471,0.37115781521158653,True
20.900000000000002,10.316288172383278,0.012396223819003679,10.316650486152618,0.0023776016825270887,-0.00761057531642656,0.5000002565390558,0.5,0.02499999240396331,0.05545678862311339,0.370365699304645,True
20.950000000000003,10.341222409403821,0.01425876126097694,10.341665705186374,0.002595830599421684,-0.009352631393016779,0.5000002510433227,0.5,0.024999992566689958,0.056801883015259916,0.3696319453144377,True
21.0,10.366149713539315,0.016214263944477236,10.366682380150692,0.0027821864926265896,-0.011014113866114554,0.5000002456653224,0.5,0.02499999272593066,0.05812263999770869,0.3689542696695357,True
21.05,10.391069590228007,0.01826452013048481,10.39170030543172,0.0029384818883955314,-0.012596382740230727,0.5000002404025329,0.5,0.024999992881760025,0.05941758814008897,0.3683304080428379,True
21.1,10.415981527987704,0.02041126725679737,10.416719290661295,0.003066482442453311,-0.014100880831895701,0.500000235252486,0.5,0.024999993034251006,0.0606855101021418,0.36775812170614314,True
21.150000000000002,10.440884998878008,0.02265619095173182,10.441739159908963,0.0031679059921590714,-0.015529146282731415,0.5000002302127665,0.5,0.024999993183475358,0.06192390744560499,0.3672351947793856,True
21.200000000000003,10.465779459425214,0.025000918673655413,10.466759750803565,0.0032444162216197325,-0.016882828324008003,0.5000002252810108,0.5,0.024999993329502975,0.06313194383793798,0.3667594359073687,True
21.25,10.490664351334978,0.027447018092471846,10.49178091371755,0.003297621075633647,-0.018163661062864947,0.5000002204549062,0.5,0.02499999347240226,0.06430905601006981,0.36632868755855286,True
21.3,10.515539101642243,0.029996002972768835,10.51680251111665,0.003329078697623464,-0.01937345796685641,0.5000002157321893,0.5,0.02499999361224022,0.06545415519342909,0.36594082166247605,True
21.35,10.54040312346657,0.03264933102713431,10.54182441681979,0.003340295317520311,-0.020514044910423496,0.5000002111106453,0.5,0.02499999374908251,0.06656431634315284,0.36559376136594024,True
21.400000000000002,10.565255817688975,0.0354083926008767,10.566846515072715,0.0033327139293092096,-0.021587405156802228,0.5000002065881067,0.5,0.024999993882993298,0.06763927510586525,0.3652854495741116,True
21.450000000000003,10.590096573845162,0.03827451058435348,10.591868699828453,0.0033077142192616494,-0.022595595204022198,0.5000002021624527,0.5,0.024999994014035413,0.06867927797139838,0.3650138737437669,True
21.5,10.614924769900313,0.041248951838742595,10.616890874331673,0.0032666240555399976,-0.023540687450587683,0.5000001978316077,0.5,0.024999994142270207,0.06968324502940106,0.36477707114949365,True
21.55,10.639739773320356,0.044332923826748145,10.641912950438353,0.003210716126251122,-0.024424779629635004,0.5000001935935405,0.5,0.02499999426775796,0.07064859820812378,0.3645731293337189,True
21.6,10.664540943273392,0.047527561836819776,10.666934847702592,0.0031411951054044294,-0.0252500642008433,0.5000001894462639,0.5,0.024999994390557324,0.07157545670816108,0.3644001784228438,True
21.650000000000002,10.689327631524714,0.05083393085627147,10.691956492804334,0.0030591995154616906,-0.026018837299939326,0.5000001853878326,0.5,0.024999994510726112,0.07246437446416668,0.36425638653778325,True
21.700000000000003,10.71409918214457,0.05425303742006468,10.716977819282762,0.0029658136242251424,-0.026733345676758155,0.5000001814163436,0.5,0.02499999462832044,0.07331602174218448,0.3641399927271447,True
21.75,10.738854932031195,0.057785832473261356,10.741998767103462,0.0028620703157661233,-0.027395844738319606,0.5000001775299341,0.5,0.024999994743395756,0.07413138788422531,0.36404928688689,True
21.8,10.76359421140252,0.06143321408616018,10.767019282257602,0.002748953812827814,-0.028008496124112547,0.5000001737267816,0.5,0.024999994856005753,0.07491110703214796,0.36398263694491323,True
21.85,10.788316344446274,0.06519602858633165,10.79203931634883,0.0026274008033730333,-0.02857342836430335,0.5000001700051026,0.5,0.024999994966203382,0.07565612301952357,0.36393846976555855,True
21.900000000000002,10.81302064999217,0.06907507146635086,10.8170588261987,0.002498301336130138,-0.029092738213311594,0.5000001663631515,0.5,0.024999995074040344,0.07636692836055091,0.3639152697199983,True
21.950000000000003,10.837706442216948,0.07307108803097742,10.842077773467075,0.0023624994475606727,-0.029568479953028387,0.5000001627992204,0.5,0.02499999517956718,0.07704470066572791,0.3639115810602129,True
22.0,10.862373031167765,0.07718477531824074,10.867096124331725,0.002220795068673549,-0.030002628586853847,0.5000001593116381,0.5,0.02499999528283331,0.07768995056884083,0.3639260166697351,True
22.05,10.887019723316962,0.0814167835833553,10.892113849177893,0.0020739454881086718,-0.030397153780181763,0.5000001558987689,0.5,0.024999995383887134,0.07830388826546292,0.36395723479872766,True
22.1,10.91164582213272,0.08576771752897759,10.917130922300615,0.0019226665554285876,-0.03075395925782617,0.5000001525590122,0.5,0.02499999548277614,0.07888713736621407,0.36400395551390863,True
22.150000000000002,10.936250628521769,0.09023813823411742,10.942147321647884,0.0017676345873842217,-0.031074864505200247,0.5000001492908017,0.5,0.024999995579546762,0.07944060881100778,0.3640649640407485,True
22.200000000000003,10.960833441550294,0.09482856314826626,10.967163028521627,0.0016094863138706886,-0.03136168818689036,0.5000001460926048,0.5,0.024999995674244317,0.07996529836108353,0.36413908627417046,True
22.25,10.985393558712888,0.09953946886524015,10.992178027381549,0.001448821632169587,-0.03161617740545039,0.5000001429629216,0.5,0.02499999576691312,0.08046197618643729,0.364225206661189,True
22.3,11.009930276465273,0.10437129200108543,11.017192305606493,0.001286204441752392,-0.03184001188271346,0.5000001399002844,0.5,0.024999995857596744,0.08093151179543845,0.36432226605163215,True
22.35,11.03444289076636,0.10932442995837954,11.042205853266076,0.0011221633591609202,-0.032034837511550035,0.5000001369032567,0.5,0.024999995946337717,0.08137470568963628,0.3644292510766437,True
22.400000000000002,11.058930697494798,0.1143992423293374,11.067218662926063,0.0009571930769613585,-0.03220225052861614,0.5000001339704332,0.5,0.024999996033177676,0.08179257615343527,0.36454519735432284,True
22.450000000000003,11.083392992748614,0.1195960527709165,11.092230729482349,0.0007917562011863014,-0.03234380795167974,0.5000001311004384,0.5,0.024999996118157237,0.08218594577451833,0.364669184529991,True
22.5,11.107829073168276,0.12491515053758746,11.117242049996708,0.0006262847417742134,-0.032460967295903115,0.5000001282919263,0.5,0.02499999620131638,0.08255558957878158,0.36480035237645625,True
22.55,11.132238236459512,0.13035679083919546,11.142252623505438,0.0004611804060481521,-0.0325551832295477,0.5000001255435799,0.5,0.024999996282693997,0.08290246909824091,0.36493787214391216,True
22.6,11.156619781625174,0.13592119663416616,11.16726245088553,0.0002968163500478722,-0.032627843801711076,0.5000001228541101,0.5,0.02499999636232836,0.08322715366308357,0.3650809634326323,True
22.650000000000002,11.180973009416576,0.1416085591654927,11.192271534689414,0.00013353764878638126,-0.03268030637406836,0.5000001202222558,0.5,0.024999996440256692,0.08353103681679598,0.36522888315783686,True
22.700000000000003,11.205297222281441,0.14741904082572,11.217279879066435,-2.8335857720916785e-05,-0.03271382509390311,0.5000001176467826,0.5,0.02499999651651565,0.08381437651889984,0.3653242721811698,True
22.75,11.229591724770122,0.15335277557911867,11.242287489612966,-0.0001885092074076753,-0.032729649589464234,0.5000001151264828,0.5,0.024999996591140963,0.084078100645343,0.3651594661862573,True
22.8,11.253855824237469,0.159409868054629,11.26729437318595,-0.0003467133250998458,-0.03272900906811457,0.5000001126601743,0.5,0.024999996664167624,0.08432314365098018,0.3650014495815129,True
22.85,11.278088830484869,0.16559039741943823,11.292300537883218,-0.0005027011424886137,-0.03271298778344567,0.5000001102467007,0.5,0.024999996735629703,0.08455007463542868,0.3648501520212557,True
22.900000000000002,11.302290056210307,0.1718944173396891,11.31730599290114,-0.0006562477158839333,-0.03268274435991736,0.5000001078849299,0.5,0.0249999968055609,0.08475989929418841,0.3647054593534614,True
22.950000000000003,11.326458817130478,0.17832195735118483,11.342310748446419,-0.0008071489015548355,-0.03263930103729967,0.5000001055737543,0.5,0.024999996873994085,0.0849533026159827,0.36456727662192123,True
23.0,11.350594431964545,0.18487302465493957,11.367314815668948,-0.0009552195904834986,-0.032583659407147775,0.5000001033120901,0.5,0.024999996940961246,0.08513076273295693,0.364435495931096,True
23.05,11.374696223053306,0.1915476031903105,11.392318206510152,-0.0011002947413354604,-0.03251681616860569,0.5000001010988766,0.5,0.02499999700649385,0.08529330538808053,0.3643099907836165,True
23.1,11.398763516199354,0.19834565589431005,11.417320933663383,-0.0012422271391157728,-0.032439693333261126,0.500000098933076,0.5,0.024999997070622487,0.08544148423153652,0.3641906387413701,True
23.150000000000002,11.422795640615613,0.20526712630224878,11.44232301051796,-0.0013808858227032158,-0.032353135960830226,0.5000000968136724,0.5,0.024999997133377274,0.08557594532701335,0.36407732365092327,True
23.200000000000003,11.446791929376372,0.21231193810677182,11.467324451040746,-0.001516156617265055,-0.032258012905496354,0.500000094739672,0.5,0.024999997194787696,0.08569734633229216,0.3639699056038954,True
23.25,11.470751719391748,0.21947999654493353,11.492325269723702,-0.0016479407818991531,-0.03215509449253501,0.500000092710102,0.5,0.02499999725488257,0.08580638337248418,0.3638682580970928,True
23.3,11.494674351391339,0.22677118961713255,11.517325481530465,-0.0017761538253748038,-0.03204520002831979,0.5000000907240107,0.5,0.024999997313690053,0.08590362582871525,0.36377222601732717,True
23.35,11.518559170023341,0.23418538878546502,11.54232510183036,-0.0019007248572948708,-0.03192902161953459,0.5000000887804666,0.5,0.024999997371237804,0.08598970543238081,0.36368167787473415,True
23.400000000000002,11.54240552394019,0.2417224496644526,11.567324146336642,-0.0020215959458296084,-0.031807215500135044,0.5000000868785583,0.5,0.024999997427552666,0.08606535616460272,0.3635964797008684,True
23.450000000000003,11.566212765597452,0.24938221363078583,11.59232263107941,-0.0021387205162503174,-0.031680486515110795,0.5000000850173938,0.5,0.02499999748266123,0.08613059288460508,0.3635164719031265,True
23.5,11.589980251914271,0.2571645064117509,11.617320572283077,-0.002252064892158743,-0.03154945754130378,0.5000000831961002,0.5,0.024999997536589207,0.08618679319043945,0.36344150596241875,True
23.55,11.613707343628954,0.2650691411094381,11.642317986393394,-0.0023616052176928604,-0.03141465024905993,0.5000000814138236,0.5,0.024999997589361823,0.08623396582119444,0.3633714531495027,True
23.6,11.63739340508133,0.2730959195540623,11.667314890053127,-0.0024673261042182726,-0.031276693898542374,0.5000000796697279,0.5,0.024999997641003892,0.08627279500681267,0.3633061447183435,True
23.650000000000002,11.661037805038442,0.2812446302480924,11.692311299970552,-0.0025692228423377346,-0.031136048036511817,0.5000000779629953,0.5,0.024999997691539735,0.08630368973113942,0.3632454509215527,True
23.700000000000003,11.684639916180153,0.28951505068977057,11.717307232934502,-0.002667299038150965,-0.030993228950971122,0.5000000762928253,0.5,0.024999997740992982,0.08632696590611573,0.3631892170404574,True
23.75,11.708199115505364,0.29790694667463696,11.742302705733767,-0.0027615674089389378,-0.030848701468013495,0.5000000746584347,0.5,0.02499999778938681,0.08634364510086984,0.36313729428629304,True
23.8,11.731714783531721,0.3064200752910445,11.767297735199303,-0.0028520466962884666,-0.03070286064195188,0.5000000730590569,0.5,0.024999997836743944,0.08635342640410645,0.363089548256017,True
23.85,11.755186304857736,0.3150541836287661,11.792292338110988,-0.0029387630766063294,-0.03055616939837047,0.5000000714939421,0.5,0.02499999788308642,0.08635722659371453,0.36304581719250434,True
23.900000000000002,11.77861306838203,0.32380900862021705,11.81728653114424,-0.003021750390535533,-0.03040898285106125,0.500000069962356,0.5,0.02499999792843625,0.0863556585350468,0.3630059632339284,True
23.950000000000003,11.801994465929738,0.3326842814394327,11.84228033096536,-0.0031010455480453554,-0.030261670002545038,0.5000000684635806,0.5,0.024999997972814443,0.08634834220145145,0.36296984135072635,True
24.0,11.825329893768016,0.3416797234126274,11.867273754057992,-0.0031766928970454636,-0.03011453329192948,0.5000000669969128,0.5,0.024999998016241965,0.08633655889786143,0.362937318556139,True
24.05,11.84861875182453,0.3507950486502052,11.89226681676747,-0.003248741493144165,-0.029967907825855455,0.5000000655616648,0.5,0.02499999805873927,0.08631994174603887,0.3629082475563389,True
24.1,11.871860443378845,0.3600299651629727,11.917259535298577,-0.003317243956450063,-0.029822041775807384,0.5000000641571635,0.5,0.024999998100326173,0.08629941541899115,0.3628825029510133,True
24.150000000000002,11.895054375553944,0.36938417375324156,11.942251925645436,-0.0033822576925996045,-0.029677226245822804,0.5000000627827503,0.5,0.024999998141022054,0.0862782236566052,0.3628599419490468,True
24.200000000000003,11.918199953757588,0.37885738290562454,11.9672440040305,-0.0034438290163169927,-0.029533597954791047,0.5000000614377806,0.5,0.0249999981808462,0.08627025294307791,0.36284047809061637,True
24.25,11.941296560469938,0.3884493628440702,11.99223578858733,-0.0035019351196097243,-0.029390781650923736,0.5000000601216237,0.5,0.02499999821981724,0.0862772579028998,0.36282424413765085,True
24.3,11.964343550278056,0.39815995348547095,12.017227299627471,-0.0035564748710326787,-0.02924793461923164,0.5000000588336623,0.5,0.024999998257953338,0.08629680820512373,0.3628115882729688,True
24.35,11.987340270248957,0.40798900821455203,12.042218557949198,-0.0036073285612226516,-0.02910426414202738,0.5000000575732924,0.5,0.02499999829527245,0.08633099644487563,0.3628028626607164,True
24.400000000000002,12.01028605965624,0.41793639360670276,12.067209584925314,-0.0036543580349517,-0.028958927987404626,0.5000000563399228,0.5,0.02499999833179209,0.08638660922330098,0.3627984524922807,True
24.450000000000003,12.033180234647702,0.42800202583701175,12.092200403733283,-0.003697367178849202,-0.028810848344235918,0.5000000551329753,0.5,0.02499999836752939,0.08646282766627257,0.3627988700730719,True
24.5,12.056022088712039,0.438185866070814,12.117191039320346,-0.0037361063297391595,-0.028658828630678035,0.5000000539518836,0.5,0.02499999840250122,0.08655772140991697,0.3628047161808349,True
24.55,12.078810904815208,0.44848788864277056,12.142181517547453,-0.0037703062600878156,-0.028501635197557162,0.500000052796094,0.5,0.024999998436723805,0.08667097623334023,0.3628166221322876,True
24.6,12.10154595518769,0.45890808067458916,12.167171865310454,-0.0037996783972356766,-0.028338190856618983,0.5000000516650644,0.5,0.024999998470213315,0.08680387364582434,0.36283519280570853,True
24.650000000000002,12.12422649616016,0.4694464530692351,12.19216211100051,-0.00382390263644346,-0.028167389471737025,0.5000000505582645,0.5,0.024999998502985357,0.08695477382222448,0.36286107321131994,True
24.700000000000003,12.14685176936843,0.480103036128195,12.21715228448602,-0.003842631783889959,-0.027988075966947357,0.5000000494751751,0.5,0.02499999853505526,0.08712228396696249,0.36289494992674054,True
24.75,12.169421006257263,0.49087786811892054,12.24214241687768,-0.0038555037700731013,-0.027799245462565684,0.5000000484152882,0.5,0.0249999985664382,0.08730402844382469,0.3629374804725797,True
24.8,12.191933430062429,0.5017709902887016,12.267132540483964,-0.0038621469454506708,-0.027599975861590634,0.5000000473781069,0.5,0.02499999859714887,0.08749772936250937,0.36298930779232746,True
24.85,12.214388258549151,0.5127824405904631,12.292122688715782,-0.0038621868586284263,-0.02738948411120007,0.5000000463631448,0.5,0.02499999862720149,0.087701351146248,0.36305103696498153,True
24.900000000000002,12.2367847049214,0.5239122517904466,12.317112896109979,-0.0038552482902611033,-0.02716711604526184,0.5000000453699257,0.5,0.024999998656610404,0.08791387581388334,0.3631232361448956,True
24.950000000000003,12.259121977001325,0.5351604533477275,12.34210319845066,-0.00384095313994197,-0.02693236833606344,0.500000044397984,0.5,0.024999998685389338,0.08813214082177238,0.36320643222321924,True
25.0,12.281399280172671,0.5465270652545452,12.367093632638364,-0.0038189271877813297,-0.02668471357247793,0.5000000434468638,0.5,0.02499999871355168,0.08835111647970337,0.3633011554017491,True
25.05,12.30361582649869,0.5580120796088731,12.392084236189817,-0.0037888205834523824,-0.02642407782125994,0.5000000425161191,0.5,0.02499999874111069,0.08856922880881442,0.36340777850726713,True
25.1,12.325770835317286,0.5696154609112928,12.417075047279425,-0.0037503077800276636,-0.026150375928069014,0.5000000416053133,0.5,0.02499999876807936,0.0887857679956749,0.36352665343368806,True
25.150000000000002,12.347863527577376,0.5813371588649638,12.442066105121556,-0.0037030735002283616,-0.025863740022934123,0.5000000407140194,0.5,0.024999998794470277,0.08899811534241087,0.3636580580742539,True
25.200000000000003,12.369893128750835,0.5931771032008308,12.467057449812714,-0.0036468186167818695,-0.02556434214312181,0.5000000398418193,0.5,0.024999998820295823,0.08919868208234384,0.36380224249630333,True
25.25,12.391858883723275,0.6051351754868314,12.49204912151666,-0.0035812919736919187,-0.025252689303568058,0.5000000389883039,0.5,0.024999998845568222,0.0893866657526113,0.3639593104326523,True
25.3,12.413760058477799,0.6172112085320666,12.517041160437813,-0.003506291643860004,-0.024929479815995362,0.5000000381530731,0.5,0.02499999887029911,0.08956215092499475,0.36412926016138825,True
25.35,12.435595928360168,0.6294050113633909,12.542033607482486,-0.0034216373338028655,-0.024595433501290176,0.5000000373357352,0.5,0.02499999889450022,0.08972354110853416,0.3643120619404572,True
25.400000000000002,12.457365780241366,0.6417163662131402,12.567026504106654,-0.003327174034859057,-0.024251494242321755,0.5000000365359066,0.5,0.02499999891818297,0.08986158471806184,0.3645075948146994,True
25.450000000000003,12.479068932369355,0.6541449929319799,12.592019891278902,-0.003222812737517316,-0.023898662085780235,0.5000000357532126,0.5,0.02499999894135822,0.08997650976845269,0.3647156551893465,True
25.5,12.5007047369494,0.6666905476806376,12.617013809395697,-0.0031085327985346835,-0.023538326136232413,0.5000000349872858,0.5,0.02499999896403712,0.09006918544538763,0.36493585657519023,True
25.55,12.522272563179838,0.6793526570571488,12.642008299110296,-0.002984343874055417,-0.023171961960517073,0.5000000342377673,0.5,0.02499999898623008,0.09013838460574186,0.3651677565208781,True
25.6,12.54377180032169,0.6921309139563914,12.667003401096482,-0.002850291044301071,-0.022800817456596234,0.5000000335043053,0.5,0.024999999007947662,0.09017490756781082,0.36541094383251765,True
25.650000000000002,12.56520187960872,0.7050248405391545,12.69199915496898,-0.002706497840327003,-0.022426690735975474,0.500000032786556,0.5,0.02499999902920001,0.09017938139715813,0.3656647668007495,True
25.700000000000003,12.586562276885239,0.7180338874647514,12.716995599166383,-0.002553168243790236,-0.02205145744376258,0.5000000320841828,0.5,0.024999999049997102,0.09015377537140205,0.3659284701075606,True
25.75,12.607852492682682,0.7311574719835399,12.741992771778591,-0.002390543789361945,-0.021677034817969343,0.5000000313968562,0.5,0.02499999907034856,0.09009789422164859,0.36620124827508066,True
25.8,12.6290720534528,0.7443949773713834,12.766990710342029,-0.002218904733022557,-0.021305167838828187,0.5000000307242539,0.5,0.024999999090264166,0.09000161044963828,0.36648230741725013,True
25.85,12.650220537807245,0.7577457104759044,12.791989450614821,-0.0020386200029400524,-0.020938029313758655,0.5000000300660605,0.5,0.0249999991097531,0.08986706820413543,0.3667706387199789,True
25.900000000000002,12.671297578474574,0.7712089025438519,12.81698902643834,-0.0018501475642488086,-0.0205779710852253,0.5000000294219674,0.5,0.024999999128824436,0.08969721064216003,0.3670650912194453,True
25.950000000000003,12.692302836957694,0.784783754703698,12.841989470616934,-0.001653982484224436,-0.0202271331988072,0.5000000287916724,0.5,0.024999999147487316,0.08949238426928356,0.36736453877837605,True
26.0,12.713236005919015,0.7984694354109424,12.866990814589279,-0.0014506604575644693,-0.019887736049221894,0.5000000281748799,0.5,0.024999999165750426,0.08924219207747099,0.3676677906100531,True
26.05,12.734096838494178,0.8122650350428872,12.891993087117285,-0.0012408119373943998,-0.01956212156518178,0.5000000275713007,0.5,0.02499999918362227,0.08895006338498238,0.36797352503078445,True
26.1,12.754885148595037,0.8261695694856906,12.916996314126719,-0.0010251593685036739,-0.01925283980324422,0.5000000269806518,0.5,0.02499999920111112,0.08861938577249899,0.36828026673384806,True
26.150000000000002,12.775600782331214,0.8401820285836744,12.942000519505875,-0.0008044611038217876,-0.01896247521464878,0.5000000264026562,0.5,0.024999999218225346,0.0882508828829983,0.3685864940574232,True
26.200000000000003,12.796243621807482,0.8543013713232884,12.967005724643235,-0.0005795176470292111,-0.018693131477161562,0.5000000258370426,0.5,0.024999999234973046,0.08783560799529128,0.36889078456943675,True
26.25,12.816813612683175,0.8685264851046609,12.992011947181261,-0.0003512209522725355,-0.018447455840307603,0.500000025283546,0.5,0.024999999251361878,0.08737599563209532,0.36919146409638903,True
26.3,12.837310766489937,0.8828561858290416,13.01701920066787,-0.00012055576722052821,-0.01822817068454463,0.5000000247419067,0.5,0.02499999926739968,0.08687701719083513,0.3694867433993513,True
26.35,12.857735130787832,0.8972892659570475,13.0420274951952,0.00011145674523986286,-0.018037657439930355,0.5000000242118708,0.5,0.02499999928309382,0.08633954398057721,0.3695519837565545,True
26.400000000000002,12.878086789680399,0.9118244946229532,13.067036836955538,0.0003437586472300539,-0.01787842055201727,0.5000000236931896,0.5,0.024999999298451824,0.08575522621846399,0.3693666101560168,True
26.450000000000003,12.898365893805874,0.926460574749921,13.092047226876126,0.0005752027414331684,-0.017752889565913144,0.50000002318562,0.5,0.024999999313480743,0.08512710736196939,0.3691721633107938,True
26.5,12.918572661004363,0.9411961452519331,13.117058660193567,0.0008045538427023767,-0.01766377137065922,0.5000000226889237,0.5,0.02499999932818776,0.08446014240055115,0.3689690789071183,True
26.55,12.938707346240419,0.9560298269765201,13.142071126909096,0.0010305434868922792,-0.01761359294399545,0.500000022202868,0.5,0.024999999342579772,0.0837562492346772,0.36875787930794524,True
26.6,12.95877024073593,0.9709602244819273,13.167084611288342,0.001251871701148474,-0.01760461581123829,0.5000000217272248,0.5,0.024999999356663503,0.0830066325443608,0.3685391971298716,True
26.650000000000002,12.978761703061743,0.9859858830417444,13.192099090397832,0.0014671537772748522,-0.017639187305603876,0.5000000212617712,0.5,0.024999999370445353,0.08221551008234988,0.3683137250620975,True
26.700000000000003,12.99868215919183,1.0011052912298533,13.217114533558735,0.001674922167901902,-0.01772002941263962,0.5000000208062888,0.5,0.024999999383932093,0.08138762907724122,0.3680821289657835,True
26.75,13.018532070165,1.016316927675606,13.242130902716113,0.0018736831349973056,-0.017849416909713867,0.500000020360564,0.5,0.024999999397129876,0.08052530488328859,0.36784523361419474,True
26.8,13.038311932676521,1.031619260359079,13.267148151803935,0.002061915649858786,-0.01802947267805277,0.5000000199243878,0.5,0.02499999941004493,0.07962084132702621,0.3676039368818978,True
26.85,13.058022307386352,1.0470107087626952,13.292166225272975,0.0022380239641910894,-0.018262479811431254,0.5000000194975557,0.5,0.024999999422683238,0.07867713075526979,0.36735916533100765,True
26.900000000000002,13.077663822187304,1.0624896414995195,13.317185057315047,0.0024003335902191792,-0.018550804719374314,0.5000000190798674,0.5,0.024999999435050872,0.07770096527663159,0.3671119010627626,True
26.950000000000003,13.097237136881768,1.0780544248334014,13.342204572222496,0.002547151133045864,-0.018896643217925724,0.500000018671127,0.5,0.024999999447153587,0.07669343717553813,0.36686319686625957,True
27.0,13.116742942495554,1.0937034232653613,13.367224683723915,0.0026767650066297525,-0.019301776349040508,0.5000000182711429,0.5,0.024999999458996964,0.07564774697433796,0.3666142475553955,True
27.05,13.136181993119502,1.109434958089442,13.39224529328877,0.0027873930256365758,-0.019768333891210244,0.5000000178797276,0.5,0.02499999947058662,0.07456782689792993,0.36636621759269195,True
27.1,13.155555103038877,1.1252473126367966,13.417266289427069,0.002877188166867815,-0.020298471096720786,0.5000000174966973,0.5,0.024999999481928086,0.07345913386221345,0.366120330765322,True
27.150000000000002,13.174863115090437,1.1411387736726417,13.442287547914308,0.002944290523225271,-0.020893943182958563,0.5000000171218726,0.5,0.024999999493026528,0.07232370484934977,0.36587794366185555,True
27.200000000000003,13.194106900583217,1.1571076308942434,13.46730893106862,0.002986826824990147,-0.02155646003346023,0.5000000167550775,0.5,0.02499999950388725,0.0711549433388062,0.3656404418049144,True
27.25,13.213287387530706,1.1731521411948929,13.492330286039369,0.0030028647891808214,-0.022287747994820917,0.5000000163961402,0.5,0.024999999514515297,0.06995727989490316,0.36540926726878886,True
27.3,13.232405558174989,1.1892705326819595,13.517351444025046,0.00299041769914168,-0.023089597615041146,0.5000000160448923,0.5,0.024999999524915613,0.06873546719438224,0.36518590023993147,True
27.35,13.25146241844887,1.2054610428130565,13.542372220521557,0.0029474931521131687,-0.023963584578219344,0.500000015701169,0.5,0.024999999535093128,0.06749190103699691,0.36497189250560325,True
27.400000000000002,13.270458998439866,1.2217219169581814,13.567392414575325,0.002872091563950625,-0.024911011321498974,0.5000000153648092,0.5,0.024999999545052613,0.0662211978025246,0.36476888615709024,True
27.450000000000003,13.289396375958006,1.2380513792081393,13.59241180711722,0.002762168593189486,-0.025933269120297142,0.500000015035655,0.5,0.024999999554798768,0.06492670092285828,0.3645785448266483,True
27.5,13.308275676723834,1.2544476325093972,13.617430160062183,0.002615635072983044,-0.027031809800500683,0.5000000147135523,0.5,0.0249999995643361,0.06361369302463493,0.36440256227711887,True
27.55,13.327098045212262,1.2709088935536212,13.642447216651373,0.002430402422320517,-0.028207946797367267,0.5000000143983497,0.5,0.024999999573669152,0.06228431014752545,0.3642426755679001,True
27.6,13.345864642829682,1.2874333938731384,13.667462700839334,0.00220438462454498,-0.02946253364957196,0.5000000140898997,0.5,0.024999999582802225,0.06093380045942297,0.3641007574046681,True
27.650000000000002,13.364576671509322,1.304019351204745,13.692476315524697,0.0019354611276035589,-0.03079668055548279,0.5000000137880574,0.5,0.024999999591739763,0.05956581425822943,0.3639786430437535,True
27.700000000000003,13.383235371859799,1.320664971618695,13.717487741763602,0.0016214796719352994,-0.032211411185224414,0.5000000134926813,0.5,0.024999999600485805,0.05818471185962884,0.36387822832837513,True
27.75,13.401841997181247,1.3373684793123772,13.74249663921631,0.0012602958224933447,-0.03370762942604144,0.500000013203633,0.5,0.024999999609044497,0.0567929248578275,0.36380143996264136,True
27.8,13.420397812106012,1.354128116976589,13.767502645607273,0.0008497741635860696,-0.035285917399281,0.5000000129207769,0.5,0.024999999617419687,0.05538665250651524,0.3637502934079008,True
27.85,13.43890411147,1.3709421231824217,13.792505375103406,0.00038775891799912684,-0.036946957624514165,0.5000000126439803,0.5,0.0249999996256155,0.053969295764487626,0.3637267987026451,True
27.900000000000002,13.45736221904737,1.387808733397192,13.817504417606854,-0.00012792438531061308,-0.03869144452230977,0.5000000123731134,0.5,0.024999999633635736,0.05254482925088697,0.36347713609510957,True
27.950000000000003,13.475773464612608,1.4047262052416374,13.842499339369352,-0.0006994347372384935,-0.04051979308896192,0.5000000121080491,0.5,0.024999999641484284,0.05111532224448926,0.3623720813724467,True
28.0,13.494139183203428,1.4216928180421313,13.867489682560642,-0.0013289154032631969,-0.04243229787872638,0.5000000118486633,0.5,0.02499999964916457,0.049678184060820925,0.36118498791464637,True
28.05,13.512460730152121,1.438706854955461,13.892474963838225,-0.0020185171390550783,-0.044429209489420196,0.5000000115948341,0.5,0.0249999996566804,0.04823637823561456,0.3599137002988345,True
28.1,13.530739479221387,1.4557666043496957,13.917454673846876,-0.002770395788256882,-0.04651076752775296,0.5000000113464426,0.5,0.024999999664035266,0.04679327945089193,0.35855606498150655,True
28.150000000000002,13.54897680426009,1.472870379173069,13.94243880032423,-0.003562838854389471,-0.045589561904658016,0.5000000111033722,0.5,0.024999999671232575,0.04535135180267288,0.35803162909390357,True
28.200000000000003,13.567174076684669,1.4900165184387704,13.967430365972982,-0.004306102238961888,-0.042847072248260454,0.5000000108655092,0.5,0.024999999678275587,0.043908404977293924,0.35808693512298706,True
28.25,13.585332677794977,1.5072033726211214,13.99242337666681,-0.004993231081316937,-0.04019051640514271,0.5000000106327417,0.5,0.024999999685167803,0.042467591945060126,0.35817434003158655,True
28.3,13.603453997003564,1.524429304716449,14.017417657332356,-0.005626365380889821,-0.037619854351060855,0.5000000104049608,0.5,0.024999999691912245,0.04103127262867636,0.35829161605954984,True
28.35,13.62153941700636,1.5416927052783962,14.042413047632854,-0.0062076209017812075,-0.03513488210557669,0.5000000101820595,0.5,0.024999999698512215,0.03960237289627438,0.35843661173395047,True
28.400000000000002,13.639590311124074,1.5589919940344064,14.067409401231254,-0.006739086149818481,-0.03273523854282101,0.5000000099639333,0.5,0.024999999704970872,0.0381793628579456,0.35860725307727914,True
28.450000000000003,13.657608051019986,1.5763256104702683,14.092406584589785,-0.007222834487589035,-0.03042052126021511,0.50000000975048,0.5,0.024999999711291184,0.036764824017502626,0.3588014976747454,True
28.5,13.675594007232048,1.5936920123047218,14.11740447626759,-0.007660925589310086,-0.028190296840561846,0.5000000095415994,0.5,0.02499999971747601,0.03536121441619017,0.3590173301480955,True
28.55,13.693549535985717,1.611089688470857,14.14240296677523,-0.008055386936856793,-0.026043982116215947,0.5000000093371936,0.5,0.024999999723528364,0.03432952813304964,0.3592528154462378,True
28.6,13.711474942905433,1.628518245236954,14.16740199381145,-0.008406713049714777,-0.02397017359204501,0.5000000091371666,0.5,0.024999999729451158,0.032915249588862806,0.3595107359707844,True
28.650000000000002,13.729371410129847,1.6459763703498802,14.192401465371423,-0.008716667729227094,-0.021969184897244642,0.5000000089414247,0.5,0.024999999735247032,0.031501500319718885,0.3597891733124946,True
28.700000000000003,13.747241336014742,1.663461497918838,14.217401262990002,-0.008988761227816479,-0.02005238610526172,0.5000000087498762,0.5,0.024999999740918728,0.030105159237739664,0.3600812095054836,True
28.75,13.765086105108063,1.6809721432094706,14.242401315824697,-0.009225022434452973,-0.018219238538571547,0.5000000085624311,0.5,0.024999999746468878,0.028728850719291956,0.36038490879300267,True
28.8,13.782907039163117,1.6985068986485732,14.267401563191681,-0.00942738127442216,-0.016468623275723626,0.5000000083790016,0.5,0.024999999751900117,0.027374794707094856,0.3606986092926814,True
28.85,13.800705431245921,1.7160643968903626,14.292401952567225,-0.00959771894294996,-0.014799277575214154,0.5000000081995016,0.5,0.02499999975721503,0.026044720554871517,0.36102074447437016,True
28.900000000000002,13.818482545367248,1.7336433101344977,14.317402438845296,-0.009737868127249815,-0.013209821522315536,0.5000000080238469,0.5,0.024999999762416222,0.024739675463665668,0.36134983503530815,True
28.950000000000003,13.836239617443708,1.7512423481565658,14.342402983624476,-0.00984961507876856,-0.011698792931966738,0.5000000078519552,0.5,0.024999999767505977,0.023461487356044558,0.3616844764374,True
29.0,13.853977853233175,1.768860259516745,14.367403554602754,-0.009934697298659895,-0.010264644407448453,0.5000000076837459,0.5,0.02499999977248667,0.022214139044727806,0.36202334197191866,True
29.05,13.871698417678619,1.7864958415454997,14.392404125103418,-0.009994788941783328,-0.008905655968971304,0.5000000075191401,0.5,0.024999999777360553,0.020998531866164797,0.3623652230843343,True
29.1,13.889402433751188,1.8041479405854273,14.417404673428011,-0.010031499827622695,-0.007619962627655963,0.5000000073580606,0.5,0.024999999782130012,0.019815055435129486,0.3627090221447322,True
29.150000000000002,13.90709099054873,1.8218154429268687,14.442405182173353,-0.010046387576305618,-0.006405661305016408,0.5000000072004318,0.5,0.02499999978679738,0.01866548958581803,0.3630537085489496,True
29.200000000000003,13.92476513978638,1.8394972776642164,14.467405637769733,-0.010040953107353014,-0.005260784671338281,0.5000000070461799,0.5,0.0249999997913647,0.017554904028552597,0.3633983307892575,True
29.25,13.942425880322793,1.8571924316269872,14.492406030097158,-0.01001661914021118,-0.004183161867568175,0.5000000068952324,0.5,0.024999999795834196,0.016483869378174622,0.3637420790846482,True
29.3,13.960074157172823,1.8748999496057237,14.517406351946956,-0.009974729336376997,-0.0031704544803800028,0.5000000067475185,0.5,0.02499999980020802,0.015451762149730385,0.3640842754962753,True
29.35,13.977710875765023,1.8926189193400937,14.542406598488332,-0.009916568995988521,-0.002220325930750166,0.5000000066029692,0.5,0.02499999980448807,0.014458349421115173,0.3644243028597248,True
29.400000000000002,13.995336904306177,1.9103484686598684,14.567406766918703,-0.009843368751431707,-0.0013304653568394496,0.5000000064615164,0.5,0.024999999808676406,0.013502695653103696,0.36476159378777756,True
29.450000000000003,14.012953074873431,1.9280877639663871,14.5924068561622,-0.009756306413366866,-0.0004985968729761536,0.5000000063230939,0.5,0.02499999981277508,0.01258443527138481,0.3650956258589221,True
29.5,14.030560184355771,1.9458360089112108,14.617406866601044,-0.009656508570778974,0.0002775165074463403,0.5000000061876368,0.5,0.024999999816785905,0.011702735087857923,0.3652610738410306,True
29.55,14.048158994567824,1.9635924439416466,14.642406799834665,-0.00954505099281739,0.0010000759393312688,0.5000000060550815,0.5,0.024999999820710876,0.01085738470182442,0.3651579890122001,True
29.6,14.0657502323511,1.981356345889524,14.667406658460507,-0.00942295899115908,0.001671251382378003,0.500000005925366,0.5,0.024999999824551693,0.010047194115777015,0.36508085414687097,True
29.650000000000002,14.083334590931269,1.9991270263387348,14.692406445879444,-0.009291209534076233,0.002293171003120209,0.5000000057984292,0.5,0.02499999982831033,0.009271513666961847,0.36502804793934873,True
29.700000000000003,14.100912732007384,2.0169038293010044,14.717406166129605,-0.009150734367213115,0.0028679081224930454,0.5000000056742118,0.5,0.024999999831988355,0.008529642086100464,0.3649980121437344,True
29.75,14.118485285074692,2.0346861316758864,14.742405823732797,-0.009002419209478607,0.003397495771401471,0.5000000055526554,0.5,0.024999999835587542,0.007821065582269431,0.36498924792306714,True
29.8,14.136052847647337,2.0524733428338644,14.767405423557186,-0.008847104205311655,0.0038839307461052686,0.5000000054337032,0.5,0.024999999839109655,0.0071444708022532595,0.3650003140694297,True
29.85,14.153615987595389,2.070264902124602,14.792404970707896,-0.008685587339144367,0.0043291554097121265,0.5000000053172992,0.5,0.02499999984255628,0.006499729419760373,0.3650298288676925,True
29.900000000000002,14.171175243035206,2.0880602788388622,14.817404470422552,-0.008518624384803605,0.004735069170708316,0.5000000052033887,0.5,0.02499999984592923,0.005885367834003156,0.36507646662901383,True
29.950000000000003,14.188731123293003,2.1058589711230944,14.842403927985124,-0.008346930354357747,0.005103523724775404,0.5000000050919187,0.5,0.024999999849229744,0.0053006817064629,0.36513895754783693,True
30.0,14.206284111642537,2.123660503157912,14.86740334866665,-0.008171183429071775,0.005436305926287521,0.5000000049828365,0.5,0.024999999852459712,0.004745374027980841,0.36521608874788436,True
30.05,14.223834662782522,2.1414644275599035,14.89240273763983,-0.007992021477336289,0.005735172799855026,0.5000000048760912,0.5,0.024999999855620368,0.004217897510258659,0.36530669729620013,True
30.1,14.241383205754312,2.159270322410676,14.917402099941356,-0.007810046218555848,0.006001826468358451,0.5000000047716326,0.5,0.024999999858713363,0.0037179374168297644,0.3654096733853912,True
30.150000000000002,14.258930145156933,2.1770777899880103,14.942401440433866,-0.007625824979526933,0.006237913631082503,0.5000000046694119,0.5,0.024999999861740112,0.0032446811756058165,0.3655239586520226,True
30.200000000000003,14.276475859703984,2.1948864581334515,14.967400763752547,-0.007439888706967497,0.006445047426474115,0.5000000045693809,0.5,0.024999999864702062,0.0027968298549868745,0.36564854161519084,True
30.25,14.294020705807442,2.2126959766643397,14.99240007430219,-0.007252737038738815,0.006624778156204325,0.5000000044714928,0.5,0.024999999867600518,0.0023740693013393536,0.36578246121109215,True
30.3,14.311565017281819,2.230506017628765,15.017399376228282,-0.0070648379143639466,0.006778608116749574,0.5000000043757019,0.5,0.024999999870436766,0.001975312512189548,0.3659248027273846,True
30.35,14.32910910537908,2.248316275239945,15.042398673395288,-0.006876627646126869,0.0069079979072886885,0.500000004281963,0.5,0.024999999873212345,0.0015996010470146007,0.3660746958085088,True
30.400000000000002,14.346653261570044,2.2661264631086873,15.067397969396463,-0.006688514842759591,0.007014347264678311,0.5000000041902323,0.5,0.0249999998759284,0.0012466536996879342,0.36623131615681476,True
30.450000000000003,14.36419775620114,2.2839363155511214,15.092397267528735,-0.006500878534921322,0.007099019038052434,0.5000000041004666,0.5,0.0249999998785863,0.0009150483048727312,0.3663938802612131,True
30.5,14.381742840403595,2.301745585693451,15.11739657080256,-0.006314070865341206,0.007163325394798026,0.500000004012624,0.5,0.02499999988118725,0.0006043007415001174,0.36656164675044456,True
30.55,14.399288747796724,2.319554043785549,15.142395881953867,-0.006128419485696336,0.007208521785338484,0.5000000039266631,0.5,0.02499999988373262,0.0003135766871278178,0.36673391574554887,True
30.6,14.41683569358251,2.3373614780900387,15.167395203432502,-0.00594422628769883,0.007235824432660909,0.5000000038425437,0.5,0.024999999886223437,4.20504872740905e-05,0.3669100249166112,True
30.650000000000002,14.434383876321023,2.355167693131804,15.192394537419858,-0.005761769896304688,0.007246400172710832,0.5000000037602265,0.5,0.024999999888660814,-0.00021080236399515846,0.3670893499679887,True
30.700000000000003,14.451933477888234,2.3729725097421146,15.217393885830242,-0.005581305608667332,0.007241375672219386,0.5000000036796727,0.5,0.024999999891045933,-0.0004458554221145429,0.36727130194354435,True
30.75,14.469484664282852,2.3907757642682483,15.24239325032252,-0.005403066523551903,0.007221836004296933,0.5000000036008445,0.5,0.02499999989338003,-0.0006638265304724421,0.3674553264955457,True
30.8,14.48703758700679,2.408577307219733,15.267392632318993,-0.005227265474714778,0.007188818897163052,0.5000000035237051,0.5,0.02499999989566405,-0.0008655346880045367,0.36764090363352603,True
30.85,14.504592383722498,2.4263770026286853,15.292392033017899,-0.0050540959480168575,0.0071433163575881364,0.5000000034482182,0.5,0.024999999897899236,-0.0010515853595634789,0.36782754630854686,True
30.900000000000002,14.52214917875537,2.4441747275639294,15.317391453405103,-0.0048837327802585435,0.0070862780144401736,0.5000000033743484,0.5,0.024999999900086507,-0.0012226733059343712,0.3680147987088531,True
30.950000000000003,14.539708083446271,2.4619703717937793,15.34239089426491,-0.004716332646893466,0.007018614814977897,0.5000000033020611,0.5,0.02499999990222687,-0.001379343556778999,0.36820223466430846,True
31.0,14.557269196681755,2.479763837274342,15.367390356193173,-0.004552034798774909,0.006941200822947914,0.5000000032313223,0.5,0.024999999904321453,-0.0015225439555243293,0.3683894563657151,True
31.05,14.574832606282207,2.4975550367920554,15.392389839618978,-0.00439096300359303,0.0068548656894853455,0.500000003162099,0.5,0.02499999990637109,-0.001652670938081444,0.3685760946432436,True
31.1,14.592398389427371,2.515343893555226,15.417389344816723,-0.004233226135596875,0.006760399073828194,0.5000000030943587,0.5,0.024999999908376848,-0.0017706239091850053,0.36876180705982875,True
31.150000000000002,14.609966613132467,2.533130340735665,15.442388871918654,-0.0040789188363678,0.006658552084390257,0.5000000030280695,0.5,0.02499999991033964,-0.0018766536036293393,0.3689462768172147,True
31.200000000000003,14.627537334595644,2.550914321137181,15.467388420926158,-0.003928121994919816,0.006550041613370583,0.5000000029632004,0.5,0.02499999991226038,-0.0019715452841314834,0.36912921098694174,True
31.25,14.645110601358851,2.5686957870481724,15.492387991719273,-0.0037809029656833905,0.006435553732462408,0.5000000028997209,0.5,0.024999999914139977,-0.0020558919890157103,0.36931033928239354,True
31.3,14.662686452973047,2.5864746986088654,15.51738758407963,-0.0036373179005282797,0.006315733509297927,0.5000000028376014,0.5,0.02499999991597928,-0.0021300040113137954,0.36948941473979946,True
31.35,14.6802649202877,2.6042510245228727,15.542387197691214,-0.0034974107432078705,0.006191199137758562,0.5000000027768126,0.5,0.02499999991777925,-0.002194927777231158,0.3696662105364446,True
31.400000000000002,14.697846027230801,2.622024740309426,15.56738683216315,-0.0033612157238872183,0.006062528449639837,0.500000002717326,0.5,0.024999999919540602,-0.0022503816732012127,0.3698405214899867,True
31.450000000000003,14.715429789903013,2.639795829207192,15.592386487028275,-0.0032287560795032496,0.00593027652383682,0.5000000026591138,0.5,0.024999999921264292,-0.002297634636447001,0.3700121601212585,True
31.5,14.73301621741365,2.6575642813577613,15.617386161756897,-0.0031000452222658824,0.005794969066593714,0.5000000026021487,0.5,0.024999999922950964,-0.0023366654717676422,0.37018095744615476,True
31.55,14.750605313453713,2.6753300922590877,15.642385855775522,-0.0029750889455289614,0.005657094664008322,0.5000000025464039,0.5,0.02499999992460164,-0.002368116435868116,0.37034676306551395,True
31.6,14.76819707487139,2.6930932641809817,15.667385568460478,-0.0028538834156307024,0.005517123425750837,0.5000000024918533,0.5,0.024999999926216866,-0.002392535371667233,0.3705094416504868,True
31.650000000000002,14.785791493810502,2.710853804058063,15.692385299160128,-0.002736418173895084,0.005375490056126585,0.5000000024384713,0.5,0.024999999927797476,-0.0024103348464735866,0.37066887495722395,True
31.700000000000003,14.803388557644174,2.7286117235609217,15.717385047198274,-0.0026226760394214613,0.0052326006873059105,0.5000000023862329,0.5,0.0249999999293443,-0.0024219860621112637,0.370824959901231,True
31.75,14.820988249234034,2.7463670388450967,15.742384811879948,-0.0025126334698578924,0.00508883515936942,0.5000000023351135,0.5,0.02499999993085796,-0.0024274733958080043,0.3709776075227079,True
31.8,14.838590546139875,2.764119771338745,15.767384592489524,-0.0024062594455876193,0.0049445597589529156,0.5000000022850893,0.5,0.02499999993233917,-0.0024279567135944264,0.37112674032878523,True
31.85,14.856195422820477,2.7818699455689897,15.792384388309927,-0.0023035185629459213,0.004800106731438825,0.5000000022361368,0.5,0.024999999933788576,-0.002423034690736471,0.37127229527375416,True
31.900000000000002,14.873802850302758,2.7996175894926636,15.817384198622557,-0.0022043705664016484,0.004655785755585895,0.5000000021882329,0.5,0.024999999935207053,-0.0024135746766825302,0.3714142208286091,True
31.950000000000003,14.891412795441836,2.817362735232963,15.842384022704978,-0.002108769304457668,0.004511892645893689,0.5000000021413553,0.5,0.024999999936595053,-0.002399559595715826,0.37155247544754666,True
32.0,14.909025222532032,2.8351054174867985,15.86738385984388,-0.0020166649949636233,0.004368697921167897,0.5000000020954819,0.5,0.02499999993795338,-0.0023814553865528585,0.37168702869289827,True
32.050000000000004,14.926640092411205,2.8528456744148922,15.892383709331154,-0.0019280029623995284,0.004226458746495965,0.5000000020505913,0.5,0.02499999993928255,-0.002359734009458313,0.3718178589599252,True
32.1,14.94425736423398,2.8705835458861686,15.917383570476346,-0.0018427261331357943,0.0040854043844028584,0.5000000020066623,0.5,0.024999999940583235,-0.0023346751247022347,0.37194495529658855,True
32.15,14.96187699541626,2.8883190735334736,15.942383442606818,-0.0017607749568007954,0.003945741736638975,0.5000000019636743,0.5,0.02499999994185613,-0.0023064968689404325,0.3720683158418416,True
32.2,14.979498941246394,2.9060523011402144,15.967383325066205,-0.0016820868579402104,0.003807662895440544,0.5000000019216073,0.5,0.024999999943101734,-0.0022752566288064165,0.3721879461371915,True
32.25,14.99712315447917,2.9237832750446633,15.9923832172132,-0.0016065956630347046,0.0036713517561755005,0.5000000018804415,0.5,0.02499999994432068,-0.0022414867441575234,0.37230385774044805,True
32.300000000000004,15.014749586384657,2.941512043100241,16.01738311842802,-0.0015342330773458514,0.0035369746697899718,0.5000000018401575,0.5,0.02499999994551355,-0.0022055156377244083,0.3724160695220606,True
32.35,15.03237818794596,2.959238653486203,16.042383028118365,-0.001464930372814199,0.0034046723794819433,0.5000000018007366,0.5,0.024999999946680732,-0.002167186451228666,0.3725246083704843,True
32.4,15.050008908235675,2.9769631563193677,16.06738294571106,-0.0013986161003840011,0.003274580524365911,0.5000000017621601,0.5,0.024999999947822992,-0.0021271010691926414,0.37262950540122003,True
32.45,15.06764169523133,2.994685602844672,16.09238287065631,-0.0013352172389705012,0.0031468215039819336,0.5000000017244101,0.5,0.024999999948940727,-0.0020853504723618243,0.372730797221671,True
32.5,15.085276496917324,3.012406044339693,16.11738280243225,-0.0012746607492677055,0.003021497105085702,0.5000000016874687,0.5,0.024999999950034536,-0.002042170383929287,0.37282852656582166,True
32.550000000000004,15.102913260475713,3.03012453291768,16.142382740540583,-0.0012168724337171238,0.002898699394960347,0.5000000016513187,0.5,0.024999999951104933,-0.001997736715346198,0.3729227402048798,True
32.6,15.120551932735154,3.047841121080645,16.167382684508027,-0.0011617775699735038,0.002778508194731466,0.5000000016159432,0.5,0.024999999952152466,-0.0019519071965787588,0.3730134890644111,True
32.65,15.138192459258114,3.065555862626329,16.19238263388218,-0.0011092996241399552,0.002661002324672146,0.5000000015813255,0.5,0.0249999999531774,-0.0019053157864759647,0.3731008261762045,True
32.7,15.155834785658381,3.0832688113374633,16.217382588236312,-0.001059362109222958,0.002546245977294581,0.5000000015474494,0.5,0.024999999954180493,-0.001858036656061325,0.3731848088629959,True
32.75,15.173478858636495,3.1009800199499598,16.242382547171935,-0.0010118900468909567,0.002434282278235944,0.500000001514299,0.5,0.024999999955162045,-0.001810051260501162,0.3732654991884605,True
32.800000000000004,15.191124624322702,3.118689541799818,16.26738251031163,-0.000966807631231105,0.0023251526982479565,0.5000000014818587,0.5,0.02499999995612266,-0.0017615932888978938,0.3733429605354212,True
32.85,15.208772028761677,3.136397430340002,16.292382477300176,-0.0009240389131126889,0.0022188923075373568,0.5000000014501135,0.5,0.02499999995706264,-0.001712817514334698,0.3734172583298859,True
32.9,15.226421018582412,3.154103738472295,16.317382447805777,-0.0008835087463242146,0.0021155246195631028,0.5000000014190483,0.5,0.024999999957982397,-0.0016638811547214684,0.3734884606254988,True
32.95,15.244071540962015,3.1718085185816656,16.342382421518774,-0.0008451427376730433,0.002015063866058431,0.5000000013886486,0.5,0.024999999958882496,-0.0016147140432807025,0.37355663747918616,True
33.0,15.261723543124427,3.1895118230340573,16.367382398149175,-0.0008088665405373628,0.001917521688991286,0.5000000013589002,0.5,0.024999999959763285,-0.0015656565196357345,0.3736218596723515,True
33.050000000000004,15.279376972887421,3.2072137036303494,16.392382377427325,-0.0007746066277586448,0.0018229016926989416,0.5000000013297891,0.5,0.024999999960625234,-0.0015167333106644023,0.37368419955495724,True
33.1,15.297031779156892,3.224914211112273,16.41738235910406,-0.0007422909905259108,0.0017311966208072296,0.5000000013013015,0.5,0.02499999996146875,-0.0014681581558536716,0.37374373118498544,True
33.15,15.31468791168847,3.242613395398162,16.442382342948832,-0.0007118488031091787,0.001642392122585323,0.5000000012734243,0.5,0.02499999996229418,-0.0014196202251945188,0.37380052954648635,True
33.2,15.332345320253399,3.2603113064129388,16.4673823287468,-0.0006832092461678007,0.0015564767357544305,0.5000000012461442,0.5,0.02499999996310195,-0.0013713712191457243,0.373854668763674,True
33.25,15.350003954607146,3.2780079941186226,16.492382316298205,-0.0006563014629665508,0.0014734407571498354,0.5000000012194485,0.5,0.0249999999638924,-0.0013237363140090484,0.37390622247970906,True
33.300000000000004,15.3676637664368,3.2957035065715785,16.51738230542163,-0.0006310573101367906,0.0013932573215545974,0.5000000011933248,0.5,0.024999999964665932,-0.0012767818036020797,0.3739552667220895,True
33.35,15.38532470912857,3.3133978901521624,16.542382295952017,-0.0006074110308871585,0.0013158879175455551,0.5000000011677607,0.5,0.024999999965422865,-0.001230335735256739,0.3740018785929371,True
33.4,15.402986736458134,3.3310911908692296,16.567382287737008,-0.0005852974065129937,0.0012412971770624504,0.5000000011427442,0.5,0.024999999966163543,-0.0011841351956519094,0.3740461337277291,True
33.45,15.420649801519785,3.34878345542765,16.592382280634588,-0.000564650244340147,0.0011694626693050658,0.5000000011182637,0.5,0.024999999966888373,-0.0011389597696370003,0.37408810489972055,True
33.5,15.438313859293583,3.366474728666676,16.617382274516995,-0.0005454060043242272,0.0011003465925307765,0.5000000010943075,0.5,0.024999999967597785,-0.0010946149487687492,0.3741278667962973,True
33.550000000000004,15.455978867301525,3.384165052903279,16.64238226927036,-0.0005275047273649422,0.0010338937390151901,0.5000000010708646,0.5,0.024999999968291924,-0.0010509381629870724,0.3741654956953638,True
33.6,15.47364478295952,3.4018544705729306,16.667382264789595,-0.0005108862955506017,0.0009700595241193265,0.5000000010479239,0.5,0.024999999968971277,-0.0010079315419233071,0.3742010648844345,True
33.65,15.491311563975884,3.419543023831492,16.692382260978654,-0.0004954909954517103,0.0009088041363131127,0.5000000010254746,0.5,0.02499999996963601,-0.0009660878273452311,0.3742346458335245,True
33.7,15.508979170231678,3.437230752677458,16.717382257752377,-0.00048126217548549667,0.0008500730416807213,0.5000000010035063,0.5,0.02499999997028646,-0.0009250242975176641,0.37426631132555066,True
33.75,15.5266475629894,3.4549176957403684,16.742382255034414,-0.0004681451288931034,0.000793808433230403,0.5000000009820086,0.5,0.024999999970922972,-0.0008847283024573914,0.3742961331744348,True
33.800000000000004,15.544316703303693,3.47260389186667,16.767382252754835,-0.000456084848564208,0.000739964266271209,0.5000000009609714,0.5,0.02499999997154587,-0.0008453859402012712,0.3743241800061021,True
33.85,15.561986553558455,3.4902893785845115,16.79238225085144,-0.0004450281994869751,0.0006884893360538102,0.5000000009403849,0.5,0.02499999997215547,-0.0008070687009460967,0.37435052010995634,True
33.9,15.579657077841036,3.507974191729033,16.81738224926943,-0.00043492444831292297,0.0006393247746048215,0.5000000009202394,0.5,0.024999999972751905,-0.0007697956818057506,0.3743752216525741,True
33.95,15.597328241563835,3.5256583658192246,16.842382247960277,-0.0004257247293034767,0.0005924090189951547,0.5000000009005255,0.5,0.024999999973335598,-0.0007332560272677535,0.3743983517366235,True
34.0,15.615000010373024,3.54334193514718,16.86738224688034,-0.0004173805024627475,0.0005476891861015963,0.500000000881234,0.5,0.024999999973906773,-0.0006977827635429226,0.37441997456511206,True
34.050000000000004,15.632672350864215,3.5610249330628254,16.8923822459911,-0.00040984456536132235,0.0005051117332335321,0.5000000008623556,0.5,0.024999999974465784,-0.0006633190295342924,0.3744401532023637,True
34.1,15.650345231456912,3.5787073910996625,16.917382245259333,-0.00040307228966383603,0.0004646149018134871,0.5000000008438817,0.5,0.024999999975012774,-0.0006300560288771889,0.37445895058114986,True
34.15,15.668018622052118,3.5963893393159534,16.942382244656237,-0.0003970211377640749,0.0004261329365907729,0.5000000008258035,0.5,0.024999999975548155,-0.0005974704346454287,0.3744764287332286,True
34.2,15.685692492768583,3.6140708075567933,16.967382244156237,-0.00039164887675738856,0.0003896099629698835,0.5000000008081127,0.5,0.02499999997607196,-0.0005660147140658445,0.3744926464544131,True
34.25,15.703366814414206,3.6317518249828216,16.992382243737094,-0.00038691424502783903,0.00035499221443391354,0.5000000007908008,0.5,0.02499999997658464,-0.0005355322095138668,0.37450766094571664,True
34.300000000000004,15.721041559702485,3.64943241885418,17.01738224338017,-0.00038277867227224304,0.0003222171241554772,0.5000000007738598,0.5,0.024999999977086254,-0.0005061076502521629,0.37452152933250166,True
34.35,15.738716702215026,3.667112615566654,17.04238224306947,-0.0003792048132259944,0.00029122426517758093,0.5000000007572817,0.5,0.0249999999775771,-0.0004775051508894011,0.3745343068819621,True
34.4,15.756392216171903,3.684792440880838,17.067382242791332,-0.00037615622323894214,0.0002619577074337575,0.5000000007410588,0.5,0.024999999978057418,-0.0004500999798804833,0.37454604662740804,True
34.45,15.774068077153697,3.7024719192001587,17.092382242534445,-0.00037359837934325575,0.00023435737422539127,0.5000000007251834,0.5,0.024999999978527494,-0.0004234707684994098,0.3745568009138601,True
34.5,15.79174426173406,3.7201510739377013,17.11738224228943,-0.0003714981610602761,0.00020836456033845874,0.500000000709648,0.5,0.024999999978987542,-0.00039785212206506793,0.37456662027845383,True
34.550000000000004,15.809420746900303,3.737829928095091,17.142382242048466,-0.0003698230313555033,0.0001839261167619899,0.5000000006944455,0.5,0.02499999997943769,-0.0003729755961886957,0.3745755530265752,True
34.6,15.827097510521611,3.7555085037942635,17.16738224180527,-0.00036854169881033263,0.00016098990119872703,0.5000000006795686,0.5,0.024999999979878257,-0.00034956695511679814,0.37458364592059945,True
34.65,15.844774532693062,3.773186820933548,17.192382241555187,-0.00036762601827330097,0.00013949016611936038,0.5000000006650105,0.5,0.024999999980309325,-0.00032667515572577034,0.3745909466186178,True
34.7,15.862451794134879,3.7908648987875284,17.21738224129454,-0.00036704872769647277,0.00011936786602917414,0.5000000006507642,0.5,0.024999999980731182,-0.00030459775751174,0.37459749990672,True
34.75,15.880129274515657,3.808542757683333,17.242382241020305,-0.0003667810771542054,0.00010058339652985193,0.5000000006368231,0.5,0.024999999981143987,-0.0002833400652045285,0.37460334628644054,True
34.800000000000004,15.897806955151111,3.8262204163024847,17.267382240730534,-0.00036679664503106005,8.308814303492618e-05,0.5000000006231807,0.5,0.024999999981547956,-0.0002635689876122481,0.3746085266079934,True
34.85,15.91548482020239,3.8438978904824035,17.292382240424207,-0.0003670730328213668,6.681349265280633e-05,0.5000000006098306,0.5,0.024999999981943175,-0.00024414870263622575,0.3746130836388782,True
34.9,15.933162853776473,3.8615751961152474,17.317382240100716,-0.00036758776500673456,5.170478263261114e-05,0.5000000005967665,0.5,0.024999999982329924,-0.0002254661502696618,0.37461705608164475,True
34.95,15.95084103853699,3.879252350536994,17.34238223975979,-0.00036831632453846765,3.772962941606117e-05,0.5000000005839822,0.5,0.02499999998270852,-0.00020758915878374014,0.37462047806449794,True
35.0,15.968519359130802,3.896929369101205,17.36738223940172,-0.0003692369984993045,2.4842120121548742e-05,0.5000000005714718,0.5,0.02499999998307898,-0.00019114892866757988,0.37462338493039604,True
35.050000000000004,15.986197803092171,3.9146062642745845,17.392382239027196,-0.00037033215698863,1.2975545811144686e-05,0.5000000005592293,0.5,0.0249999999834415,-0.00017484709302822401,0.37462581411642837,True
35.1,16.003876357275825,3.9322830492035714,17.417382238637035,-0.0003715832089621115,2.0830457024834104e-06,0.5000000005472492,0.5,0.024999999983796144,-0.00015945362165800412,0.3746277981267354,True
35.15,16.021555007577525,3.9499597379938494,17.44238223823227,-0.00037297020699012657,-7.866521208432786e-06,0.5000000005355257,0.5,0.024999999984143283,-0.00014455224925615035,0.37462469344007865,True
35.2,16.039233741622827,3.967636343021586,17.467382237814107,-0.0003744756497478733,-1.6914818609325977e-05,0.5000000005240534,0.5,0.024999999984483018,-0.00013113309028793877,0.37462050066700736,True
35.25,16.05691254939492,3.985312874305374,17.49238223738381,-0.00037608537006437586,-2.5120582160198524e-05,0.5000000005128268,0.5,0.024999999984815422,-0.00011772525220113376,0.374616453856475,True
35.300000000000004,16.074591420669595,4.002989342071256,17.517382236942684,-0.0003777849074311101,-3.252824440547197e-05,0.5000000005018407,0.5,0.02499999998514074,-0.00010515454018098666,0.3746125542701126,True
35.35,16.092270343845968,4.020665757922115,17.54238223649213,-0.00037955785430620454,-3.91630465848003e-05,0.50000000049109,0.5,0.02499999998545907,-9.281900207773643e-05,0.3746088108167201,True
35.4,16.109949308574972,4.038342132209026,17.567382236033577,-0.0003813895734763353,-4.505688954969944e-05,0.5000000004805696,0.5,0.024999999985770488,-8.234244372303846e-05,0.3746052286572147,True
35.45,16.12762830798242,4.056018471807889,17.59238223556823,-0.0003832703421634213,-5.0272074227586394e-05,0.5000000004702745,0.5,0.02499999998607539,-7.13436946689993e-05,0.3746017990097524,True
35.5,16.14530733434429,4.073694784444428,17.617382235097303,-0.00038518923574703585,-5.484837000069299e-05,0.5000000004602,0.5,0.02499999998637369,-6.130965019229447e-05,0.3745985209863924,True
35.550000000000004,16.162986377582307,4.091371080198882,17.64238223462217,-0.0003871320000052526,-5.879894162674759e-05,0.5000000004503413,0.5,0.024999999986665588,-5.142005866775756e-05,0.37459540493042387,True
35.6,16.180665430079422,4.109047366689967,17.667382234144018,-0.0003890878616243152,-6.21567864658168e-05,0.5000000004406938,0.5,0.024999999986951276,-4.325470877862323e-05,0.3745924518142738,True
35.65,16.198344486900154,4.126723648854443,17.69238223366375,-0.0003910498398795746,-6.497749805245423e-05,0.500000000431253,0.5,0.024999999987230778,-3.4582055490144836e-05,0.37458965210709216,True
35.7,16.216023542444667,4.144399932293413,17.717382233182263,-0.00039301001450807904,-6.729728021492853e-05,0.5000000004220145,0.5,0.024999999987504243,-2.6642575063084303e-05,0.3745870029763409,True
35.75,16.23370258843633,4.162076225285064,17.742382232700656,-0.0003949566794839031,-6.912285255422645e-05,0.5000000004129739,0.5,0.02499999998777195,-1.8838114182934207e-05,0.3745845141319469,True
35.800000000000004,16.2513816188308,4.179752533874957,17.76738223221979,-0.0003968812859569509,-7.048004373422234e-05,0.500000000404127,0.5,0.024999999988033827,-1.2839609149067222e-05,0.37458218645153607,True
35.85,16.269060631102136,4.197428860589667,17.792382231740117,-0.0003987802612578252,-7.142659763814674e-05,0.5000000003954694,0.5,0.02499999998829027,-5.990915202938425e-06,0.3745800063581216,True
35.9,16.286739621129733,4.215105209550575,17.817382231262183,-0.0004006477774243886,-7.199094826582098e-05,0.5000000003869974,0.5,0.024999999988541154,3.4659690292113924e-08,0.3745779712348777,True
35.95,16.304418581928736,4.232781587743663,17.842382230786782,-0.0004024739555805954,-7.217229029077288e-05,0.500000000378707,0.5,0.024999999988786617,6.037560956062712e-06,0.37457609119977414,True
36.0,16.32209750936993,4.250457999298787,17.86738223031437,-0.00040425295568150455,-7.199578598660052e-05,0.5000000003705941,0.5,0.024999999989026772,1.0264378284717245e-05,0.37457436461986104,True
36.050000000000004,16.339776402441583,4.268134445227804,17.892382229845037,-0.00040598334683340244,-7.151494826562743e-05,0.500000000362655,0.5,0.02499999998926185,1.54470165622415e-05,0.374572777033199,True
36.1,16.357455258496802,4.285810928177916,17.917382229379,-0.00040766138554585666,-7.075417989477195e-05,0.500000000354886,0.5,0.024999999989491886,1.988267885248654e-05,0.37457132493592754,True
36.15,16.37513407180332,4.303487453882079,17.942382228916742,-0.0004092789646835108,-6.970726775090696e-05,0.5000000003472834,0.5,0.024999999989716998,2.4405623121133916e-05,0.3745700182805052,True
36.2,16.392812839381325,4.321164025320329,17.96738222845843,-0.00041083186999825086,-6.839383768497687e-05,0.5000000003398437,0.5,0.02499999998993729,2.7106701408662127e-05,0.37456885545258245,True
36.25,16.410491561624635,4.33884064209857,17.992382228003862,-0.0004123206586248249,-6.68654934503632e-05,0.5000000003325634,0.5,0.02499999999015279,3.092658182775575e-05,0.37456782056927235,True
36.300000000000004,16.428170237128942,4.356517305621058,18.017382227553,-0.00041374334461294566,-6.51431511476952e-05,0.500000000325439,0.5,0.0249999999903638,3.402153035937306e-05,0.3745669094047367,True
36.35,16.445848861106104,4.374194020676276,18.04238222710609,-0.00041509315626437314,-6.3215093164537e-05,0.5000000003184673,0.5,0.024999999990570242,3.721880321908829e-05,0.37456613221083757,True
36.4,16.463527431884575,4.391870788935652,18.067382226663042,-0.0004163677297421072,-6.109984203250818e-05,0.5000000003116448,0.5,0.024999999990772296,3.880843176742527e-05,0.3745654858505099,True
36.45,16.481205950580904,4.40954760928216,18.092382226223528,-0.0004175686444159688,-5.884218091645188e-05,0.5000000003049686,0.5,0.024999999990969943,4.147559635724039e-05,0.3745649554442621,True
36.5,16.498884416524245,4.4272244823863875,18.117382225787356,-0.00041869495175416544,-5.645788050046008e-05,0.5000000002984354,0.5,0.024999999991163386,4.34484992519141e-05,0.37456453725696437,True
36.550000000000004,16.516562826155567,4.444901411807405,18.14238222535456,-0.00041974161849874143,-5.3935538399385585e-05,0.5000000002920422,0.5,0.024999999991352623,4.5546330650076276e-05,0.37456423970841957,True
36.6,16.53424117883689,4.462578398182865,18.1673822249249,-0.0004207077426378598,-5.129209223619923e-05,0.5000000002857858,0.5,0.024999999991537913,4.622918057570266e-05,0.37456405867040454,True
36.65,16.55191947621357,4.4802554398668555,18.192382224497994,-0.0004215956514555121,-4.856592099689028e-05,0.5000000002796635,0.5,0.02499999999171926,4.795831676690981e-05,0.37456398041742966,True
36.7,16.569597718159518,4.497932536985107,18.21738222407358,-0.0004224051668812324,-4.576799333833038e-05,0.5000000002736724,0.5,0.02499999999189662,4.9091823046815165e-05,0.37456400187002137,True
36.75,16.58727590189238,4.515609692319841,18.24238222365157,-0.0004231323541722538,-4.288490226522779e-05,0.5000000002678097,0.5,0.02499999999207019,5.025004133301703e-05,0.37456413094480356,True
36.800000000000004,16.604954027696273,4.533286905586508,18.267382223231657,-0.00042377761543176704,-3.993363254561899e-05,0.5000000002620725,0.5,0.02499999999224008,5.0164754425878874e-05,0.37456436219537376,True
36.85,16.622632097959343,4.550964174396386,18.292382222813433,-0.00042434432842040383,-3.695044319207418e-05,0.5000000002564582,0.5,0.024999999992406336,5.1137461363322466e-05,0.3745646814752875,True
36.9,16.640310112882783,4.568641498547914,18.317382222396635,-0.0004248327779240464,-3.3940853154335045e-05,0.5000000002509641,0.5,0.02499999999256908,5.167970056769143e-05,0.3745650868606899,True
36.95,16.657988069961796,4.586318880545689,18.342382221981126,-0.00042523942176637714,-3.088619357427547e-05,0.5000000002455879,0.5,0.024999999992728204,5.2130180422968514e-05,0.3745655874383659,True
37.0,16.67566597001657,4.603996319569087,18.367382221566594,-0.00042556542017915117,-2.7802000671206528e-05,0.5000000002403268,0.5,0.02499999999288397,5.1479575254932833e-05,0.37456617743393206,True
37.050000000000004,16.693343816062253,4.621673812602438,18.392382221152673,-0.0004258150375918937,-2.4723761482325912e-05,0.5000000002351783,0.5,0.02499999999303644,5.180034476748641e-05,0.37456684204345264,True
37.1,16.71102160877986,4.639351358964377,18.41738222073911,-0.00042598923735492986,-2.165533488129867e-05,0.5000000002301402,0.5,0.024999999993185546,5.175129752699165e-05,0.3745675791574954,True
37.15,16.728699346396585,4.657028960427467,18.44238222032574,-0.0004260855125148197,-1.8578824561577e-05,0.5000000002252101,0.5,0.024999999993331475,5.176218003071741e-05,0.374568396598164,True
37.2,16.74637702974899,4.674706616154777,18.467382219912302,-0.0004261050464081709,-1.5503449640186236e-05,0.5000000002203855,0.5,0.02499999999347433,5.076796242366328e-05,0.37456929044407117,True
37.25,16.764054661636692,4.6923843233463005,18.492382219498516,-0.0004260517985638577,-1.245732886978601e-05,0.5000000002156643,0.5,0.024999999993614113,5.060073979722171e-05,0.37457024838446096,True
37.300000000000004,16.781732243278665,4.710062080782762,18.51738221908417,-0.0004259274930878485,-9.44576086558957e-06,0.5000000002110442,0.5,0.0249999999937509,5.013765069032808e-05,0.3745712671215115,True
37.35,16.799409773572673,4.727739889566147,18.542382218669086,-0.0004257305713625481,-6.4529445916727815e-06,0.500000000206523,0.5,0.024999999993884837,4.96464444153176e-05,0.3745723529066963,True
37.4,16.817087253858364,4.745417748356524,18.567382218253066,-0.0004254629281309452,-3.4885185390409745e-06,0.5000000002020988,0.5,0.02499999999401581,4.847789697563355e-05,0.37457350098262354,True
37.45,16.83476468672499,4.7630956545643715,18.59238221783592,-0.00042512822534543056,-5.734700441184515e-07,0.5000000001977692,0.5,0.024999999994144078,4.799706500909565e-05,0.374574701454072,True
37.5,16.85244207313344,4.7807736072285865,18.617382217417493,-0.00042472782205291507,2.2925095281012275e-06,0.5000000001935325,0.5,0.024999999994269516,4.723297478246583e-05,0.3745745913029457,True
37.550000000000004,16.870119412636466,4.798451606796196,18.642382216997632,-0.00042426108590870945,5.121452751555289e-06,0.5000000001893865,0.5,0.02499999999439234,4.6439172873566916e-05,0.3745742178442634,True
37.6,16.887796706862268,4.816129651638809,18.6673822165762,-0.00042373031967321735,7.90404879225104e-06,0.5000000001853293,0.5,0.024999999994512544,4.502890548477268e-05,0.3745739221817401,True
37.65,16.90547395854287,4.83380773902425,18.692382216153096,-0.00042313938711537426,1.0621073924577118e-05,0.500000000181359,0.5,0.024999999994630144,4.437698573946687e-05,0.37457370616097957,True
37.7,16.923151168526562,4.851485868104091,18.71738221572821,-0.0004224894879962108,1.3276749132984378e-05,0.5000000001774739,0.5,0.02499999999474509,4.342849527010743e-05,0.3745735673285284,True
37.75,16.940828336401626,4.869164039289877,18.742382215301433,-0.0004217800401813387,1.5884812248789792e-05,0.500000000173672,0.5,0.024999999994857677,4.240834115348746e-05,0.37457350218635144,True
37.800000000000004,16.95850546414874,4.8868422506008296,18.767382214872683,-0.0004210138448400556,1.8434308324932758e-05,0.5000000001699515,0.5,0.024999999994967784,4.095358330586176e-05,0.3745735111868267,True
37.85,16.97618255431033,4.904520499494483,18.79238221444194,-0.0004201944975412431,2.0910175942190357e-05,0.5000000001663107,0.5,0.02499999999507552,4.011424465907775e-05,0.37457359520753153,True
37.9,16.993859607730336,4.922198785126817,18.817382214009143,-0.0004193231918490913,2.331779434827652e-05,0.5000000001627479,0.5,0.024999999995181026,3.888272355040964e-05,0.3745737514572126,True
37.95,17.011536624848294,4.9398771070582,18.842382213574222,-0.00041840054942789227,2.566380482060815e-05,0.5000000001592614,0.5,0.02499999999528435,3.778425271743161e-05,0.37457397734170567,True
38.0,17.02921360758702,4.957555463365807,18.867382213137176,-0.0004174292895584575,2.7940498194656275e-05,0.5000000001558496,0.5,0.024999999995385422,3.651145858689163e-05,0.3745742724312708,True
38.050000000000004,17.04689055727039,4.975233852725748,18.892382212697996,-0.000416411284493771,3.0146646600948124e-05,0.5000000001525109,0.5,0.024999999995484218,3.555364520496081e-05,0.3745746352182684,True
38.1,17.064567474760782,4.992912274275611,18.91738221225665,-0.0004153477538402044,3.228643458874636e-05,0.5000000001492437,0.5,0.024999999995580943,3.428450507853004e-05,0.3745750632402395,True
38.15,17.082244361165287,5.010590726908298,18.942382211813143,-0.00041424026327260415,3.4359970864539235e-05,0.5000000001460465,0.5,0.02499999999567565,3.302862833199098e-05,0.3745755548991706,True
38.2,17.099921218589607,5.0282692085181795,18.96738221136752,-0.0004130917906465405,3.635838806392844e-05,0.5000000001429178,0.5,0.024999999995768327,3.184713594992029e-05,0.37457610985072165,True
38.25,17.117598048100614,5.045947718038408,18.9923822109198,-0.0004119038447348251,3.8284293701229544e-05,0.5000000001398561,0.5,0.024999999995858967,3.085737935476598e-05,0.37457672581164414,True
38.300000000000004,17.135274850181478,5.0636262549857936,19.017382210469968,-0.00041067710885237267,4.014560483245333e-05,0.5000000001368601,0.5,0.024999999995947632,2.963443632283242e-05,0.3745773997472449,True
38.35,17.15295162606286,5.081304818129724,19.042382210018058,-0.00040941332338387,4.194108830368748e-05,0.5000000001339282,0.5,0.024999999996034417,2.8509302910531925e-05,0.37457813028333453,True
38.400000000000006,17.170628377349008,5.098983405866041,19.067382209564137,-0.0004081147570162021,4.366671666389266e-05,0.5000000001310592,0.5,0.024999999996119293,2.708017224008194e-05,0.37457891634731266,True
38.45,17.188305105866405,5.11666201636839,19.09238220910829,-0.0004067839926959121,4.531635584537064e-05,0.5000000001282515,0.5,0.024999999996202445,2.6083105022807133e-05,0.3745797571779709,True
38.5,17.20598181263362,5.134340648618267,19.117382208650568,-0.0004054224708503149,4.689381580835761e-05,0.500000000125504,0.5,0.024999999996283783,2.491227383525689e-05,0.3745806502032991,True
38.550000000000004,17.223658498088355,5.152019302177988,19.142382208190984,-0.00040403081046700925,4.84067809445321e-05,0.5000000001228154,0.5,0.0249999999963634,2.3824873839007648e-05,0.3745815925220491,True
38.6,17.241335163667916,5.16969797561036,19.167382207729613,-0.00040261104412991265,4.9852563860031125e-05,0.5000000001201844,0.5,0.024999999996441275,2.2667851124676646e-05,0.37458258289973967,True
38.650000000000006,17.25901181050459,5.187376667783196,19.19238220726653,-0.00040116477305699675,5.1231575356025516e-05,0.5000000001176097,0.5,0.024999999996517593,2.1598734873425606e-05,0.37458361961311104,True
38.7,17.276688439737015,5.205055377557955,19.2173822068018,-0.000399693607465375,5.254435937263047e-05,0.5000000001150902,0.5,0.02499999999659224,2.05052427265611e-05,0.374584700890365,True
38.75,17.29436505233303,5.222734103966895,19.2423822063355,-0.00039819891601218006,5.379280593975633e-05,0.5000000001126247,0.5,0.024999999996665166,1.9438176139180297e-05,0.37458582480148556,True
38.800000000000004,17.312041649428252,5.240412845874513,19.2673822058677,-0.00039668230462314884,5.497697603484841e-05,0.500000000110212,0.5,0.024999999996736636,1.8563342402657837e-05,0.374586989722407,True
38.85,17.329718231508824,5.25809160279471,19.292382205398436,-0.00039514446077456905,5.61033747303874e-05,0.500000000107851,0.5,0.024999999996806507,1.7680612231211298e-05,0.37458819303366353,True
38.900000000000006,17.347394799018154,5.275770374284124,19.31738220492774,-0.0003935860115123817,5.717748602185324e-05,0.5000000001055405,0.5,0.024999999996874973,1.6565008474194103e-05,0.3745894324794774,True
38.95,17.365071353592814,5.2934491587063635,19.342382204455742,-0.00039200927116982793,5.819214701796582e-05,0.5000000001032795,0.5,0.024999999996941948,1.550564658663817e-05,0.37459070787282095,True
39.0,17.3827478968461,5.31112795444832,19.367382203982572,-0.0003904165211565661,5.914210293744837e-05,0.5000000001010669,0.5,0.024999999997007527,1.45460328809888e-05,0.37459201849289303,True
39.050000000000004,17.400424429451533,5.328806760836561,19.39238220350829,-0.0003888087139120348,6.003199447346397e-05,0.5000000000989018,0.5,0.024999999997071698,1.3702353617347398e-05,0.3745933620089801,True
39.1,17.41810095181673,5.3464855774635165,19.41738220303293,-0.0003871864258649065,6.0868238169087256e-05,0.500000000096783,0.5,0.024999999997134457,1.2824135331762657e-05,0.37459473593896897,True
39.150000000000006,17.43577746462949,5.364164403641473,19.44238220255656,-0.00038555062964538094,6.165325553231238e-05,0.5000000000947097,0.5,0.024999999997195845,1.1918667643698756e-05,0.37459613859104335,True
39.2,17.453453968983908,5.381843238276476,19.46738220207927,-0.00038390287244392004,6.238520836199246e-05,0.5000000000926808,0.5,0.02499999999725593,1.1029666741631062e-05,0.3745975689639292,True
39.25,17.471130465854714,5.399522080393924,19.49238220160116,-0.00038224453263966903,6.306377587583788e-05,0.5000000000906953,0.5,0.024999999997314643,1.0192567226525583e-05,0.3745990257745026,True
39.300000000000004,17.488806955980966,5.4172009292548555,19.517382201122288,-0.0003805766553533684,6.36909920224138e-05,0.5000000000887524,0.5,0.024999999997372114,9.49474827630857e-06,0.37460050737356265,True
39.35,17.506483439696975,5.43487978452501,19.5423822006427,-0.00037889971333483313,6.427254445140473e-05,0.5000000000868512,0.5,0.024999999997428336,8.890038663691477e-06,0.3746020115991613,True
39.400000000000006,17.52415991709952,5.452558646107623,19.567382200162395,-0.00037721384344274246,6.481534674629419e-05,0.5000000000849906,0.5,0.02499999999748349,7.89988326772075e-06,0.3746035362611514,True
39.45,17.541836389720405,5.470237512471099,19.59238219968153,-0.000375521211821243,6.531070191806432e-05,0.5000000000831698,0.5,0.024999999997537468,7.24456836878347e-06,0.3746050817763159,True
39.5,17.559512858615413,5.487916382559795,19.617382199200197,-0.0003738233114831865,6.575710446299343e-05,0.5000000000813881,0.5,0.024999999997590186,6.754111673740842e-06,0.3746066470987552,True
39.550000000000004,17.577189323116013,5.505595257042161,19.642382198718344,-0.00037211919703445306,6.616942038273343e-05,0.5000000000796446,0.5,0.02499999999764174,6.02447976514793e-06,0.37460822875877575,True
39.6,17.594865784015322,5.52327413512519,19.667382198236048,-0.0003704099900347926,6.654543875139751e-05,0.5000000000779384,0.5,0.02499999999769225,5.197645592107498e-06,0.37460982629143913,True
39.650000000000006,17.612542242990063,5.54095301513239,19.69238219775347,-0.0003686980615637275,6.687515236236674e-05,0.5000000000762688,0.5,0.02499999999774172,4.602947694574375e-06,0.3746114402977173,True
39.7,17.630218700477528,5.558631896626532,19.71738219727066,-0.0003669840300053132,6.716257549310711e-05,0.5000000000746349,0.5,0.024999999997790154,4.259236836792883e-06,0.37461306896701396,True
39.75,17.64789515575834,5.5763107803269,19.742382196787545,-0.00036526687807215204,6.742208102872295e-05,0.500000000073036,0.5,0.02499999999783744,3.6324831586480607e-06,0.3746147090479861,True
39.800000000000004,17.665571609376695,5.593989665689381,19.767382196304183,-0.00036354737530926466,6.765271531183892e-05,0.5000000000714714,0.5,0.024999999997883788,2.8718429556315967e-06,0.3746163600543141,True
39.85,17.683248063123525,5.611668550923284,19.792382195820753,-0.0003618280543103288,6.784207472354531e-05,0.5000000000699403,0.5,0.02499999999792913,2.4594306924885297e-06,0.3746180231371714,True
39.900000000000006,17.7009245171192,5.629347435908263,19.817382195337267,-0.0003601090852903241,6.799653590594534e-05,0.500000000068442,0.5,0.024999999997973414,2.117197195134276e-06,0.3746196962325317,True
39.95,17.71860097068437,5.647026321323583,19.842382194853663,-0.00035838950755614986,6.812854642945787e-05,0.5000000000669759,0.5,0.02499999999801676,1.613177753562584e-06,0.37462137660426365,True
40.0,17.736277424474086,5.664705206514282,19.867382194370006,-0.00035667024743409487,6.823538098699178e-05,0.500000000065541,0.5,0.024999999998059325,9.659896734446348e-07,0.3746230641354327,True
40.050000000000004,17.753953879862113,5.682384090106782,19.89238219388643,-0.0003549532475863697,6.830796720080912e-05,0.5000000000641369,0.5,0.024999999998100958,4.981458787162581e-07,0.3746247595777944,True
40.1,17.77163033737223,5.700062971577388,19.91738219340299,-0.00035323924868462236,6.834738129390949e-05,0.5000000000627629,0.5,0.02499999999814169,2.982843281535116e-07,0.3746264618710472,True
40.150000000000006,17.78930679623879,5.717741851691637,19.942382192919613,-0.00035152716802637946,6.836693119938177e-05,0.5000000000614184,0.5,0.02499999999818141,2.5971549212685314e-07,0.37462816814555056,True
40.2,17.806983255498643,5.735420731412556,19.96738219243621,-0.0003498156435928592,6.837938781745212e-05,0.5000000000601027,0.5,0.024999999998220338,-9.831497135135356e-08,0.3746298759704749,True
40.25,17.824659715715875,5.753099610176133,19.99238219195283,-0.00034810547307079134,6.83800456340311e-05,0.5000000000588152,0.5,0.024999999998258422,-2.436802366380677e-07,0.3746315859456312,True
40.300000000000004,17.84233617747038,5.770778487402559,20.01738219146954,-0.0003463974764968576,6.836572746260483e-05,0.5000000000575552,0.5,0.024999999998295754,-9.082713071521062e-07,0.37463329819457963,True
40.35,17.86001264189469,5.788457361959452,20.042382190986444,-0.0003446932554049322,6.832731314654339e-05,0.5000000000563222,0.5,0.024999999998332308,-1.3331179447448533e-06,0.37463501382439524,True
40.400000000000006,17.87768911033095,5.80613623250486,20.067382190503672,-0.00034299470773722413,6.825648813446605e-05,0.5000000000551156,0.5,0.024999999998368064,-1.6795432855628409e-06,0.37463673340648684,True
40.45,17.895365582370786,5.823815099447098,20.09238219002119,-0.0003413012560080747,6.816271783471885e-05,0.5000000000539349,0.5,0.02499999999840303,-1.7512802293109795e-06,0.3746384547071955,True
40.5,17.91304205736361,5.841493963436666,20.11738218953893,-0.00033961198021175917,6.805650723606949e-05,0.5000000000527794,0.5,0.02499999999843722,-2.1063164819554045e-06,0.3746401755266352,True
40.550000000000004,17.93071853550662,5.8591728242763965,20.142382189056917,-0.00033792715920172246,6.793760016454709e-05,0.5000000000516488,0.5,0.024999999998470666,-2.3058802487877256e-06,0.37464189566203476,True
40.6,17.948395017451322,5.876851681314868,20.16738218857521,-0.00033624771429063426,6.780219378099696e-05,0.5000000000505423,0.5,0.024999999998503424,-2.819707138195823e-06,0.37464361532149293,True
40.650000000000006,17.966071503930948,5.894530533818949,20.192382188093884,-0.00033457468235436564,6.764556407501397e-05,0.5000000000494595,0.5,0.024999999998535555,-3.14240997824231e-06,0.37464533487112583,True
40.7,17.983747995739343,5.912209380994902,20.21738218761301,-0.0003329091859820189,6.74640476677757e-05,0.5000000000484,0.5,0.024999999998566995,-3.033423555747102e-06,0.37464705427633826,True
40.75,18.00142449144423,5.929888224274807,20.242382187132446,-0.000331249199766255,6.72761732120053e-05,0.5000000000473631,0.5,0.024999999998597675,-3.436348707185303e-06,0.3746487700596851,True
40.800000000000004,18.01910099131917,5.947567063385137,20.267382186652224,-0.0003295951105602707,6.707955409956945e-05,0.5000000000463485,0.5,0.024999999998627707,-3.840580404056295e-06,0.3746504825431163,True
40.85,18.036777497123683,5.965245896566613,20.29238218617251,-0.00032794940652789567,6.685892212698884e-05,0.5000000000453556,0.5,0.024999999998657055,-4.108483656700877e-06,0.3746521937729974,True
40.900000000000006,18.05445400888389,5.982924723793112,20.3173821856933,-0.0003263121246115211,6.661829418641574e-05,0.5000000000443839,0.5,0.024999999998685872,-4.261828427913206e-06,0.37465390251940456,True
40.95,18.0721305261887,6.000603545475667,20.34238218521456,-0.0003246826834819024,6.636513414648437e-05,0.5000000000434331,0.5,0.02499999999871399,-4.617013778043599e-06,0.3746556071469618,True
41.0,18.089807049497267,6.018282361155185,20.36738218473633,-0.0003230617324369587,6.609684537073335e-05,0.5000000000425027,0.5,0.02499999999874158,-4.870995090821695e-06,0.3746573077775518,True
41.050000000000004,18.10748357940954,6.035961170231791,20.392382184258654,-0.0003214501198805465,6.581043392916985e-05,0.5000000000415922,0.5,0.024999999998768507,-4.906834035329226e-06,0.3746590044519449,True
41.1,18.125160115285354,6.053639973345559,20.41738218378148,-0.00031984694054885303,6.551540035515391e-05,0.5000000000407012,0.5,0.024999999998794806,-5.139038119303415e-06,0.3746606952538263,True
41.150000000000006,18.142836657174605,6.071318770446602,20.44238218330481,-0.00031825226499806525,6.521239251966461e-05,0.5000000000398293,0.5,0.024999999998820684,-4.611018364998211e-06,0.37466237992022833,True
41.2,18.16051320358801,6.088997563024002,20.4673821828285,-0.0003166639872060169,6.491818517984083e-05,0.500000000038976,0.5,0.024999999998845893,-4.7075184983527064e-06,0.37466405557520727,True
41.25,18.178189753836072,6.106676351767168,20.49238218235249,-0.0003150811321396389,6.463681551871492e-05,0.500000000038141,0.5,0.02499999999887066,-4.961784795310849e-06,0.37466572199478454,True
41.300000000000004,18.195866310110866,6.12435513448431,20.517382181876982,-0.0003135067996538256,6.434501058061315e-05,0.5000000000373239,0.5,0.02499999999889492,-4.954636824883427e-06,0.37466738299098445,True
41.35,18.213542872318527,6.142033911269274,20.54238218140196,-0.00031194085702677737,6.404585388952723e-05,0.5000000000365243,0.5,0.0249999999989186,-4.767762076718223e-06,0.374669037780748,True
41.400000000000006,18.231219439240817,6.159712683340138,20.56738218092731,-0.0003103815815185065,6.375246936085599e-05,0.5000000000357419,0.5,0.024999999998941827,-5.763797881178881e-06,0.3746706841891177,True
41.45,18.248896013705878,6.177391447869124,20.592382180453292,-0.00030883297246538365,6.343501234695736e-05,0.5000000000349762,0.5,0.024999999998964396,-5.299156132902648e-06,0.37467232708038023,True
41.5,18.266572595526608,6.195070205043301,20.617382179979884,-0.00030729476528987244,6.310174639689858e-05,0.500000000034227,0.5,0.024999999998986593,-5.336254284798465e-06,0.3746739642649071,True
41.550000000000004,18.284249181895348,6.21274895766997,20.642382179506832,-0.0003057629896181558,6.278119983904595e-05,0.5000000000334938,0.5,0.024999999999008246,-5.568709688576809e-06,0.37467559124038435,True
41.6,18.301925774733228,6.230427703828241,20.6673821790343,-0.00030424036216865433,6.245263408166668e-05,0.5000000000327762,0.5,0.02499999999902951,-5.237587435025228e-06,0.3746772114492919,True
41.650000000000006,18.31960237312917,6.24810644442907,20.692382178562212,-0.0003027255945680871,6.212700365626489e-05,0.5000000000320741,0.5,0.024999999999050237,-5.8126303096080415e-06,0.37467882292659316,True
41.7,18.3372789779439,6.265785178611845,20.717382178090638,-0.0003012199039835298,6.17941166093372e-05,0.500000000031387,0.5,0.024999999999070592,-5.476614576861153e-06,0.3746804274820522,True
41.75,18.354955589450114,6.283463906103891,20.7423821776196,-0.0002997236760510436,6.145411852154224e-05,0.5000000000307147,0.5,0.024999999999090444,-5.617002226663442e-06,0.37468202468679757,True
41.800000000000004,18.37263220633058,6.301142628222279,20.76738217714898,-0.0002982350480405692,6.111994035562508e-05,0.5000000000300566,0.5,0.024999999999109984,-5.354182285666987e-06,0.37468361256316307,True
41.85,18.39030882878202,6.318821344770305,20.792382176678796,-0.0002967542981436005,6.078940454190552e-05,0.5000000000294127,0.5,0.024999999999129104,-5.708254802871937e-06,0.37468519147967805,True
41.900000000000006,18.40798545730021,6.336500055252252,20.817382176209087,-0.0002952821274535231,6.0456153970323e-05,0.5000000000287826,0.5,0.024999999999147697,-6.2765657015940794e-06,0.3746867626232624,True
41.95,18.42566209449503,6.354178757058553,20.84238217574007,-0.0002938222266755171,6.009546255636433e-05,0.500000000028166,0.5,0.024999999999165978,-6.142647245375091e-06,0.37468832964667254,True
42.0,18.443338739448468,6.371857451107104,20.867382175271672,-0.00029237329762636384,5.9721847997407096e-05,0.5000000000275626,0.5,0.024999999999183866,-4.608857363260971e-06,0.37468988953644766,True
42.050000000000004,18.461015386059877,6.389536143497813,20.89238217480336,-0.0002909267132088398,5.939784764552591e-05,0.5000000000269722,0.5,0.024999999999201286,-5.193358133017935e-06,0.37469143234655733,True
42.1,18.478692035327708,6.407214833232359,20.917382174335234,-0.0002894838853568502,5.9102088578733e-05,0.5000000000263943,0.5,0.024999999999218477,-6.2568327325655915e-06,0.3746929630126616,True
42.150000000000006,18.496368694791904,6.4248935127716855,20.94238217386792,-0.00028805547653625214,5.8757302359269126e-05,0.5000000000258289,0.5,0.024999999999235217,-5.974694823008745e-06,0.3746944938204494,True
42.2,18.51404536284461,6.44257218372345,20.96738217340127,-0.0002866392130289561,5.838927142765016e-05,0.5000000000252756,0.5,0.024999999999251617,-4.715428290843408e-06,0.3746960193864486,True
42.25,18.531722032803476,6.460250852769214,20.992382172934736,-0.00028522564512736137,5.8067097170932946e-05,0.5000000000247341,0.5,0.024999999999267636,-5.803365369078904e-06,0.3746975286377593,True
42.300000000000004,18.549398707731356,6.477929516846483,21.017382172468572,-0.00028381910410485336,5.775001995356189e-05,0.5000000000242042,0.5,0.02499999999928338,-6.398425953773375e-06,0.37469902934842003,True
42.35,18.56707539342412,6.495608170160055,21.042382172003244,-0.00028242778608962885,5.7382873672851e-05,0.5000000000236857,0.5,0.02499999999929867,-6.555253366564458e-06,0.37470052970623857,True
42.400000000000006,18.584752087931616,6.513286814659841,21.067382171538583,-0.0002810489333166542,5.699335877651368e-05,0.5000000000231783,0.5,0.024999999999313637,-6.158135500104018e-06,0.37470202424215104,True
42.45,18.60242878864328,6.530965452956104,21.092382171074384,-0.0002796788541091762,5.6610992504424467e-05,0.5000000000226817,0.5,0.024999999999328434,-6.0872635558056e-06,0.37470350788142626,True
42.5,18.620105494663388,6.5486440859444635,21.11738217061056,-0.0002783162817913354,5.624254889669001e-05,0.5000000000221958,0.5,0.024999999999342878,-4.410726475145442e-06,0.3747049798788967,True
42.550000000000004,18.63778220202581,6.566322717590605,21.14238217014681,-0.00027695560772532585,5.5926090585800565e-05,0.5000000000217203,0.5,0.024999999999356984,-5.632007458971012e-06,0.3747064345388623,True
42.6,18.655458913344805,6.584001345280564,21.167382169683336,-0.00027560052882196086,5.5623176112185035e-05,0.500000000021255,0.5,0.024999999999370748,-6.018368131152092e-06,0.37470787958125235,True
42.650000000000006,18.673135634979193,6.601679962656227,21.192382169220632,-0.00027426003730974565,5.52724344111688e-05,0.5000000000207997,0.5,0.024999999999384178,-5.7405824010711505e-06,0.37470932424061865,True
42.7,18.69081236320247,6.619358573443676,21.21738216875841,-0.00027292886341702096,5.49184626131849e-05,0.5000000000203542,0.5,0.0249999999993973,-5.12944800141009e-06,0.3747107605416974,True
42.75,18.708489095010428,6.6370371806467805,21.242382168296423,-0.00027160275879075226,5.4590936127141276e-05,0.5000000000199181,0.5,0.02499999999941029,-5.914298208778828e-06,0.3747121839194482,True
42.800000000000004,18.7261658330143,6.6547157816546,21.267382167834885,-0.0002702854160667053,5.425824160798509e-05,0.5000000000194914,0.5,0.024999999999422873,-4.9546457350468904e-06,0.37471360007018095,True
42.85,18.74384257652126,6.672394377159877,21.29238216737373,-0.0002689758554971373,5.3930747444086435e-05,0.5000000000190739,0.5,0.02499999999943523,-5.772740351002974e-06,0.3747150068943026,True
42.900000000000006,18.761519325231685,6.690072967462201,21.317382166912935,-0.0002676736533775254,5.360746461657851e-05,0.5000000000186653,0.5,0.024999999999447256,-5.796818253269998e-06,0.374716405109249,True
42.95,18.77919608228702,6.707751549420464,21.342382166452744,-0.00026638325214317307,5.3259127215210527e-05,0.5000000000182654,0.5,0.02499999999945916,-5.7290616393778e-06,0.3747177989643648,True
43.0,18.796872845375717,6.7254301253459525,21.367382165992968,-0.00026510138295453083,5.291208925251034e-05,0.5000000000178741,0.5,0.024999999999470675,-5.55079688027964e-06,0.37471918390152537,True
43.050000000000004,18.814549613861338,6.743108695875039,21.39238216553356,-0.0002638271458000594,5.257237040856566e-05,0.5000000000174912,0.5,0.024999999999482016,-3.9394113580994584e-06,0.37472055903293666,True
43.1,18.832226383037927,6.760787265713188,21.417382165074173,-0.0002625538858007941,5.228589353589719e-05,0.5000000000171165,0.5,0.024999999999493098,-5.1304331617811104e-06,0.3747219173746895,True
43.150000000000006,18.849903155755484,6.7784658320106965,21.44238216461502,-0.0002612856332559569,5.2011922454631154e-05,0.5000000000167498,0.5,0.024999999999503995,-5.504889659933938e-06,0.37472326699485947,True
43.2,18.867579938146942,6.7961443886352715,21.46738216415655,-0.0002600310609863756,5.169137850280503e-05,0.500000000016391,0.5,0.024999999999514615,-5.514239616974843e-06,0.37472461676660507,True
43.25,18.88525672740388,6.813822938395028,21.492382163698547,-0.00025878619750472373,5.13594163356057e-05,0.5000000000160398,0.5,0.024999999999525055,-6.133574419561349e-06,0.37472596022071214,True
43.300000000000004,18.902933524387095,6.831501480429259,21.517382163241074,-0.0002575522600974042,5.100875084063095e-05,0.5000000000156962,0.5,0.024999999999535227,-7.302801665997028e-06,0.3747272983035278,True
43.35,18.920610332958418,6.849180010876513,21.542382162784403,-0.0002563347099523281,5.060487574903849e-05,0.5000000000153599,0.5,0.02499999999954523,-5.586695843155911e-06,0.37472863580201,True
43.400000000000006,18.9382871472601,6.866858535593933,21.567382162328105,-0.0002551252633854067,5.021727025711353e-05,0.5000000000150309,0.5,0.024999999999555,-4.518536238119257e-06,0.3747299603649654,True
43.45,18.955963959893356,6.884537061979568,21.592382161871654,-0.00025391345745499265,4.991249646790763e-05,0.5000000000147089,0.5,0.02499999999956448,-5.038620015477933e-06,0.3747312626868038,True
43.5,18.97364077610923,6.902215584782901,21.617382161415428,-0.0002527067178913877,4.96240278965443e-05,0.5000000000143938,0.5,0.024999999999573787,-4.894048151824147e-06,0.37473255509973835,True
43.550000000000004,18.991317598624576,6.919894101287353,21.64238216095962,-0.0002515088867070702,4.9324387871862996e-05,0.5000000000140855,0.5,0.02499999999958285,-6.549232210250629e-06,0.37473384192215686,True
