time_s,x_m,y_m,progress_m,lateral_error_m,heading_error_rad,speed_mps,target_speed_mps,drive,steer,clearance_m,reference_valid
0.0,0.0,0.15,0.0,0.15,0.08,0.0,0.8,0.35,-0.3106704489153795,0.20166512260332825,True
0.05,0.0,0.15,0.0,0.15,0.08,0.0,0.8,0.35,-0.31162537857393086,0.20166512260332825,True
0.1,0.0,0.15,0.0,0.15,0.08,0.0,0.8,0.35,-0.31258030823248223,0.20166512260332825,True
0.15000000000000002,0.0014558847563230898,0.15008588331262232,0.0014558847563230898,0.15008588331262232,0.07976841575479243,0.05831443590147568,0.8,0.35,-0.3134311149018707,0.2016454904353171,True
0.2,0.005830631586738995,0.1502168934269292,0.005830631586738995,0.1502168934269292,0.07814123264494366,0.11651566605872463,0.8,0.35,-0.31293015895123,0.201980205540721,True
0.25,0.013130451773368426,0.1501843607267837,0.013130451773368426,0.1501843607267837,0.07369322474943978,0.1744913620874936,0.8,0.35,-0.30930585234395397,0.2032878209319855,True
0.30000000000000004,0.0233426185123787,0.1498970749811019,0.0233426185123787,0.1498970749811019,0.06611617440280945,0.23213093591663345,0.8,0.35,-0.3021032663680121,0.20575383420075724,True
0.35000000000000003,0.03643671760063383,0.14938708837437809,0.03643671760063383,0.14938708837437809,0.056197127987339064,0.2893263743246895,0.8,0.35,-0.2921716342582162,0.20912847872723314,True
0.4,0.052381084930202874,0.14860196427814093,0.052381084930202874,0.14860196427814093,0.04419726929078055,0.3459730318485169,0.8,0.35,-0.2796951267897592,0.2133977874427101,True
0.45,0.07113767276497322,0.14746855204199155,0.07113767276497322,0.14746855204199155,0.030327083284207662,0.40197036999714497,0.8,0.35,-0.2647741589614994,0.21858316369528408,True
0.5,0.09266124761028982,0.1459115667197516,0.09266124761028982,0.1459115667197516,0.014858243635332167,0.4572226321563647,0.8,0.35,-0.24756773182429856,0.2246894949983505,True
0.55,0.11690001145959762,0.14385449412652632,0.11690001145959762,0.14385449412652632,-0.0019034019138270703,0.5116394452686154,0.8,0.35,-0.22826729061242615,0.23058042228002398,True
0.6000000000000001,0.1437963334768285,0.14122551866604593,0.1437963334768285,0.14122551866604593,-0.019610229985382414,0.5651363412513684,0.8,0.3358550320105433,-0.20711355459575176,0.22797465061682093,True
0.65,0.1732879117093046,0.1379620051854963,0.1732879117093046,0.1379620051854963,-0.03787908418888708,0.6176351931036671,0.8,0.26782758362421505,-0.18439706461014022,0.2258802627770446,True
0.7000000000000001,0.20530922314187786,0.1340144741996206,0.20530922314187786,0.1340144741996206,-0.05630149052663441,0.6690645626724839,0.8,0.19975452934769697,-0.16045393517766846,0.22447087965303156,True
0.75,0.23973513329188462,0.1293585744697815,0.23973513329188462,0.1293585744697815,-0.07442444408467079,0.7170298311211682,0.8,0.13509225858590387,-0.13570387774717993,0.22390379331249963,True
0.8,0.2761646412331868,0.12403531710072695,0.2761646412331868,0.12403531710072695,-0.09167270602493904,0.7526642131510216,0.8,0.08662419734957853,-0.11079123760942214,0.22430088340693471,True
0.8500000000000001,0.31399172670749453,0.11815661008066934,0.31399172670749453,0.11815661008066934,-0.10745033690439895,0.7762151229304717,0.8,0.05436646997043429,-0.08649048040536526,0.22571291735237448,True
0.9,0.35264627302442647,0.11186871904814685,0.35264627302442647,0.11186871904814685,-0.12129713078967584,0.7885278386090184,0.8,0.037472832862198296,-0.06349124053718284,0.22811274323298686,True
0.9500000000000001,0.3916589092314387,0.10532732932841271,0.3916589092314387,0.10532732932841271,-0.13292735906151357,0.7925490984883883,0.8,0.03206659607642885,-0.04232081461896634,0.23141213717454284,True
1.0,0.43070752448220784,0.0986718160348367,0.43070752448220784,0.0986718160348367,-0.14224156211839356,0.7911596983348036,0.8,0.0342769653414033,-0.02329273432275811,0.23548716400604952,True
1.05,0.4696070250550236,0.0920131370546991,0.4696070250550236,0.0920131370546991,-0.14929256312501255,0.7870275722513924,0.8,0.04045111469063718,-0.006522705425298675,0.24020192957789496,True
1.1,0.5082844441021932,0.08543113492665091,0.5082844441021932,0.08543113492665091,-0.15423599192472073,0.7821130749504174,0.8,0.04786801866348972,0.008025316777051492,0.24542603027762017,True
1.1500000000000001,0.5467436573754549,0.07897899613593008,0.5467436573754549,0.07897899613593008,-0.15728225542752375,0.7776887012471952,0.8,0.05473148081058484,0.020483561303753152,0.25104345275556206,True
1.2000000000000002,0.5850328231840023,0.07269042903678422,0.5850328231840023,0.07269042903678422,-0.15865958593359147,0.7743933939162939,0.8,0.06011310925635789,0.031031959765505535,0.25695513051064495,True
1.25,0.6232177754824644,0.06658685056303021,0.6232177754824644,0.06658685056303021,-0.15859073116786643,0.7724024296273301,0.8,0.06372838637208736,0.039863500793186096,0.2630775425656571,True
1.3,0.6613637258940491,0.06068293581674012,0.6613637258940491,0.06068293581674012,-0.15728125482952673,0.7715913996692585,0.8,0.06571608632330983,0.04716387684829439,0.2693397869932349,True
1.35,0.6995246290200376,0.054990158615455344,0.6995246290200376,0.054990158615455344,-0.15491571051152747,0.7716864685472559,0.8,0.06643239583769583,0.053102197831743,0.27568061843141856,True
1.4000000000000001,0.7377388318769764,0.04951856063586653,0.7377388318769764,0.04951856063586653,-0.15165816151817055,0.7723739831803749,0.8,0.06629865585591799,0.05782882663054634,0.28204619046718205,True
1.4500000000000002,0.7760290679959106,0.04427728601000748,0.7760290679959106,0.04427728601000748,-0.14765448828773173,0.7733710752617482,0.8,0.06570159468414287,0.061476918350338056,0.28838864648462115,True
1.5,0.8144049958135584,0.03927442324088094,0.8144049958135584,0.03927442324088094,-0.14303497757865208,0.774460649785196,0.8,0.06494237085776004,0.06416530589424314,0.2946654040297703,True
1.55,0.8528667961848203,0.03451658549702794,0.8528667961848203,0.03451658549702794,-0.13791650760314877,0.775500452191477,0.8,0.06422163392322236,0.06600137637663137,0.3008388689178436,True
1.6,0.8914087971486577,0.030008505884641254,0.8914087971486577,0.030008505884641254,-0.13240415337608094,0.7764154862914003,0.8,0.06364812159458769,0.06708333666555111,0.3068763362375928,True
1.6500000000000001,0.9300225187304285,0.025752785833367913,0.9300225187304285,0.025752785833367913,-0.12659229443682127,0.7771822300086254,0.8,0.06325921349021382,0.06750173970781428,0.31274990752774673,True
1.7000000000000002,0.9686988828120009,0.02174983245937779,0.9686988828120009,0.02174983245937779,-0.1205653931855538,0.777810786260466,0.8,0.06304491114982307,0.06734038700745337,0.31843633438982993,True
1.75,1.0074295786795828,0.017997959867508274,1.0074295786795828,0.017997959867508274,-0.11439860390294633,0.7783288991072769,0.8,0.06296968619106949,0.06667680751431364,0.3239167630748566,True
1.8,1.0462077196734954,0.014493602790751084,1.0462077196734954,0.014493602790751084,-0.10815832509379632,0.7787697587155815,0.8,0.06298938997797554,0.06558250578403298,0.3291763948962173,True
1.85,1.0850279872720356,0.011231588171894891,1.0850279872720356,0.011231588171894891,-0.10190275527587982,0.7791640640523431,0.8,0.06306244058493908,0.06412312338923973,0.3342040953138573,True
1.9000000000000001,1.1238864612591106,0.00820542048389365,1.1238864612591106,0.00820542048389365,-0.09568247126258086,0.7795358842760954,0.8,0.0631558157434029,0.06235860043509593,0.33899198655767226,True
1.9500000000000002,1.162780302410873,0.005407551386994338,1.162780302410873,0.005407551386994338,-0.0895410231999177,0.7799014090434134,0.8,0.06324703879785532,0.0603433763557071,0.3435350516755436,True
2.0,1.2017074074556144,0.002829618350183492,1.2017074074556144,0.002829618350183492,-0.08351553020289952,0.7802695719983043,0.8,0.063323523501059,0.0581266372209208,0.3478307676786435,True
2.0500000000000003,1.2406661089172222,0.00046264750802274286,1.2406661089172222,0.00046264750802274286,-0.07763725978444032,0.7806436447038135,0.8,0.06338051237223163,0.055752599887234064,0.351878775794477,True
2.1,1.27965495307343,-0.0017027773400552781,1.27965495307343,-0.0017027773400552781,-0.07193217861075268,0.7810231167387086,0.8,0.06341855802121726,0.053260817596719696,0.35227503493902435,True
2.15,1.3186725610624925,-0.003676374507622237,1.3186725610624925,-0.003676374507622237,-0.06642146781693979,0.7814054199631294,0.8,0.06344117090813428,0.050686492552864636,0.35188658863240707,True
2.2,1.3577175612243828,-0.005468047163715867,1.3577175612243828,-0.005468047163715867,-0.06112200102200562,0.7817872694546341,0.8,0.06345296353638874,0.04806078484316535,0.3516234405346203,True
2.25,1.3967885731773984,-0.007087783892488404,1.3967885731773984,-0.007087783892488404,-0.056046786420503036,0.7821655556763716,0.8,0.06345839615566506,0.04541111136008707,0.3514713102248284,True
2.3000000000000003,1.4358842232184954,-0.008545573156624369,1.4358842232184954,-0.008545573156624369,-0.051205375883106155,0.7825378267239745,0.8,0.06346108188730168,0.04276143181644124,0.3514169138095361,True
2.35,1.4750031737036875,-0.00985132901332672,1.4750031737036875,-0.00985132901332672,-0.04660424428921329,0.7829024528232105,0.8,0.06346353176367506,0.04013252115910887,0.3514479430510802,True
2.4000000000000004,1.514144153882662,-0.011014826444019521,1.514144153882662,-0.011014826444019521,-0.04224714187447171,0.7832585801955386,0.8,0.06346719603654949,0.03754222877296244,0.35155303928536497,True
2.45,1.553305984646937,-0.012045645335798189,1.553305984646937,-0.012045645335798189,-0.03813542166408998,0.7836059717483599,0.8,0.06347266871014892,0.035005725169650975,0.351721762920872,True
2.5,1.5924875938657261,-0.012953122523916566,1.5924875938657261,-0.012953122523916566,-0.03426834338702992,0.7839448098876902,0.8,0.06347995101845576,0.032535736731054726,0.35194455912889955,True
2.5500000000000003,1.631688022022355,-0.013746311451599139,1.631688022022355,-0.013746311451599139,-0.030643354781030377,0.7842755111834591,0.8,0.06348870386887559,0.03014276880483429,0.3522127203102716,True
2.6,1.6709064196960262,-0.014433949015723929,1.6709064196960262,-0.014433949015723929,-0.02725635094035457,0.7845985794475151,0.8,0.06349845091577169,0.027835317202614014,0.35251834595942094,True
2.6500000000000004,1.710142039249473,-0.015024429118521391,1.710142039249473,-0.015024429118521391,-0.024101912292381962,0.7849145059409274,0.8,0.06350871864676669,0.02562006800734938,0.3528543005812555,True
2.7,1.749394223167273,-0.015525782386549435,1.749394223167273,-0.015525782386549435,-0.021173521850880856,0.7852237136863015,0.8,0.06351911639265387,0.023502085565884637,0.353214170320469,True
2.75,1.7886623911323611,-0.01594566147605798,1.7886623911323611,-0.01594566147605798,-0.01846376251692649,0.7855265366286236,0.8,0.06352936817454424,0.021484988600034862,0.3535922189309953,True
2.8000000000000003,1.8279460273729269,-0.016291331368216443,1.8279460273729269,-0.016291331368216443,-0.01596449533116584,0.785823222384292,0.8,0.06353931144507967,0.019571114477035915,0.3539833436522461,True
2.85,1.8672446692331037,-0.016569664067420716,1.8672446692331037,-0.016569664067420716,-0.013667019691015702,0.786113948085902,0.8,0.06354887702024871,0.017761671803283786,0.35438303148061295,True
2.9000000000000004,1.9065578974240436,-0.016787137144671407,1.9065578974240436,-0.016787137144671407,-0.011562216618703717,0.7863988410603535,0.8,0.06355806162420594,0.016056881619368076,0.35478731624111715,True
2.95,1.9458853280444208,-0.01694983560821759,1.9458853280444208,-0.01694983560821759,-0.009640676199109178,0.7866779987679994,0.8,0.06356690087046174,0.014456107566191548,0.35519273678377694,True
3.0,1.9852266062269908,-0.017063456628693865,1.9852266062269908,-0.017063456628693865,-0.007892810306041513,0.7869515049265278,0.8,0.06357544710072616,0.012957975457441385,0.3555962965573891,True
3.0500000000000003,2.024581401151392,-0.01713331669116613,2.024581401151392,-0.01713331669116613,-0.00630895171091812,0.7872194407021434,0.8,0.06358375379379991,0.011548592899394482,0.3559954247520583,True
3.1,2.063949402132667,-0.017164360789125845,2.063949402132667,-0.017164360789125845,-0.00487944062778508,0.787481891166825,0.8,0.063591866408241,0.0101806684025263,0.35638793915089373,True
3.1500000000000004,2.103330315518334,-0.01716117331437136,2.103330315518334,-0.01716117331437136,-0.003594699700611386,0.787738947942923,0.8,0.06359981848341612,0.008846935250305518,0.3567720107895833,True
3.2,2.1427238619772346,-0.017128071234999924,2.1427238619772346,-0.017128071234999924,-0.0024458558375993773,0.7879907092144479,0.8,0.06360763142684778,0.007523220625918978,0.35714588419348553,True
3.25,2.182129774329868,-0.01706945153111026,2.182129774329868,-0.01706945153111026,-0.0014268946957666025,0.7882372782316058,0.8,0.0636153164558785,0.006194393698829334,0.3575068881398123,True
3.3000000000000003,2.2215477974268385,-0.01698987925608818,2.2215477974268385,-0.01698987925608818,-0.0005343533160716905,0.788478761212692,0.8,0.06362287744597712,0.004861482039100559,0.35785143566243227,True
3.35,2.2609776878730448,-0.016894006084080964,2.2609776878730448,-0.016894006084080964,0.00023376138710558663,0.7887152652654529,0.8,0.0636303138141483,0.0034282767314098004,0.3580365701998551,True
3.4000000000000004,2.300419213070203,-0.016786692214959726,2.300419213070203,-0.016786692214959726,0.0008776017367861897,0.7889468966818858,0.8,0.06363762293068569,0.00204681796623918,0.35795270823922004,True
3.45,2.339872150008386,-0.016672901771028686,2.339872150008386,-0.016672901771028686,0.0013966602752159077,0.7891737597460069,0.8,0.06364480184853591,0.000664517549784874,0.3579124121783159,True
3.5,2.3793362845604813,-0.016558271545326228,2.3793362845604813,-0.016558271545326228,0.0017859610525076547,0.7893959560471014,0.8,0.06365184834559051,-0.0007034746233942612,0.35791149765756286,True
3.5500000000000003,2.41881140865317,-0.016448318271665114,2.41881140865317,-0.016448318271665114,0.002043149358033763,0.7896135842077772,0.8,0.06365876139441118,-0.002044253811885273,0.3579451276948019,True
3.6,2.458297316138767,-0.01634788392566355,2.458297316138767,-0.01634788392566355,0.0021705432706984247,0.7898267399038083,0.8,0.06366554122285342,-0.003338029598718422,0.3580077596826404,True
3.6500000000000004,2.497793802085278,-0.016262010626531577,2.497793802085278,-0.016262010626531577,0.0021687052390519943,0.7900355160551643,0.8,0.0636721891293,-0.004575465790243473,0.35809417837740715,True
3.7,2.5373006600248917,-0.016195521216458675,2.5373006600248917,-0.016195521216458675,0.002039519004551515,0.7902400030895791,0.8,0.06367870718843194,-0.0057364680474932565,0.3581990020364011,True
3.75,2.5768176800489777,-0.016152936342362787,2.5768176800489777,-0.016152936342362787,0.0017864091402528678,0.7904402892094616,0.8,0.06368509794431254,-0.006799486280648358,0.35831669987872417,True
3.8000000000000003,2.616344647504931,-0.016138433169152085,2.616344647504931,-0.016138433169152085,0.001414174641918687,0.7906364606216795,0.8,0.06369136414855718,-0.007760236422502773,0.3584416820952927,True
3.85,2.6558813422488505,-0.01615579492167017,2.6558813422488505,-0.01615579492167017,0.000929004532857519,0.790828601713158,0.8,0.06369750856909243,-0.00858616130109495,0.3585683447123441,True
3.9000000000000004,2.6954275384840494,-0.01620826524973516,2.6954275384840494,-0.01620826524973516,0.0003390538710989181,0.7910167951716041,0.8,0.0637035338721199,-0.009274283265081092,0.35869104293732323,True
3.95,2.734983005564764,-0.016298576937213604,2.734983005564764,-0.016298576937213604,-0.0003462987795142917,0.7912011220601862,0.8,0.06370944256629928,-0.009241014895177624,0.3585985798225041,True
4.0,2.7745475093646226,-0.01642883835221788,2.7745475093646226,-0.01642883835221788,-0.0011159320743469705,0.7913816618589736,0.8,0.06371523699222771,-0.009571280745734637,0.3582398077220066,True
4.05,2.8141208145196908,-0.016600455191019065,2.8141208145196908,-0.016600455191019065,-0.0019570421677767304,0.7915584924860304,0.8,0.06372091933976734,-0.0097393143811029,0.3578185430319799,True
4.1000000000000005,2.853702698009709,-0.016810312676322083,2.853702698009709,-0.016810312676322083,-0.002829183966917694,0.7917316903089255,0.8,0.06372649167844636,-0.009747872034045776,0.35734992107374564,True
4.15,2.893292946397155,-0.017056758909867242,2.893292946397155,-0.017056758909867242,-0.003715508415670688,0.7919013301543525,0.8,0.06373195599021805,-0.009605984381098163,0.3568406004413423,True
4.2,2.932891338579936,-0.01734197327860046,2.932891338579936,-0.01734197327860046,-0.004625503183967023,0.7920674853204824,0.8,0.06373731419802166,-0.009279432169318617,0.3562855943770683,True
4.25,2.9724976694225194,-0.017664605419279448,2.9724976694225194,-0.017664605419279448,-0.0055440103501732734,0.7922302275941268,0.8,0.06374256818709581,-0.008744019112451517,0.3556907529398071,True
4.3,3.0121117459203925,-0.018022785383459465,3.0121117459203925,-0.018022785383459465,-0.0064564181785061025,0.7923896272729655,0.8,0.06374771981853265,-0.008015070157326248,0.3550622770642561,True
4.3500000000000005,3.051733390660927,-0.018413895690714277,3.051733390660927,-0.018413895690714277,-0.007346918397861679,0.7925457531920143,0.8,0.06375277093610393,-0.007062566424995227,0.35440746273553947,True
4.4,3.091362446721108,-0.018834268952002124,3.091362446721108,-0.018834268952002124,-0.008196938727561833,0.7926986727530229,0.8,0.06375772336810119,-0.005894829973290743,0.3537354668472492,True
4.45,3.1309987785739963,-0.019279423232556808,3.1309987785739963,-0.019279423232556808,-0.008987478438312643,0.792848451955447,0.8,0.06376257892604406,-0.004516007316940108,0.3530563799952735,True
4.5,3.1706422735706283,-0.019744029325752758,3.1706422735706283,-0.019744029325752758,-0.009698833724668138,0.7929951554278416,0.8,0.0637673394018563,-0.0029043692571661594,0.35238134138371774,True
4.55,3.210292843277268,-0.020221806160012866,3.210292843277268,-0.020221806160012866,-0.010310267348483419,0.79313884645884,0.8,0.06377200656469331,-0.0010861297070174352,0.3517227424810483,True
4.6000000000000005,3.2499504204199283,-0.020705737321526845,3.2499504204199283,-0.020705737321526845,-0.010801620777668622,0.7932795870272097,0.8,0.0637765821581595,0.0009603647780445769,0.3510935358082764,True
4.65,3.289614958257605,-0.021187885012677547,3.289614958257605,-0.021187885012677547,-0.011151896323830526,0.7934174378307526,0.8,0.06378106789827687,0.0032236056058936547,0.3505078431493506,True
4.7,3.32928642554426,-0.021659491369951565,3.32928642554426,-0.021659491369951565,-0.011340298742468701,0.7935524583140202,0.8,0.06378546547228157,0.005691076202717835,0.34998054965567926,True
4.75,3.3689648002473502,-0.022111016437621204,3.3689648002473502,-0.022111016437621204,-0.011346238892034299,0.7936847066949322,0.8,0.06378977653815686,0.008381101431904093,0.34952726889949715,True
4.800000000000001,3.408650063218092,-0.022532015124570672,3.408650063218092,-0.022532015124570672,-0.011148639386285466,0.7938142399904494,0.8,0.06379400272471925,0.011263406339671288,0.3491646757484052,True
4.8500000000000005,3.4483421857778436,-0.02291137233727763,3.4483421857778436,-0.02291137233727763,-0.010727548021871876,0.7939411140414573,0.8,0.06379814563206451,0.014351679483216171,0.34890979945800915,True
4.9,3.48804111968489,-0.023237143161699583,3.48804111968489,-0.023237143161699583,-0.010062728594490372,0.7940653835369983,0.8,0.06380220683219716,0.017632666739473654,0.3487806054861271,True
4.95,3.5277467820816075,-0.02349664364946439,3.5277467820816075,-0.02349664364946439,-0.00913449930822635,0.7941871020379593,0.8,0.063806187869713,0.02108718916685827,0.3487956626895477,True
5.0,3.567459038541198,-0.023676534610380648,3.567459038541198,-0.023676534610380648,-0.007923951336238378,0.794306322000282,0.8,0.06381009026245281,0.024727013554199574,0.3489740007630267,True
5.050000000000001,3.607177685721098,-0.023762707687932608,3.607177685721098,-0.023762707687932608,-0.006412143894857829,0.7944230947977385,0.8,0.06381391550208142,0.028519882498289524,0.34933546834093043,True
5.1000000000000005,3.6469024289768384,-0.02374052638791401,3.6469024289768384,-0.02374052638791401,-0.004581657022253822,0.7945374707442882,0.8,0.06381766505458332,0.03246894933598665,0.3499000382087165,True
5.15,3.6866328610273693,-0.023594718475833026,3.6866328610273693,-0.023594718475833026,-0.0024154081608023267,0.7946494991160185,0.8,0.06382134036068034,0.036558112455273586,0.3506882706350699,True
5.2,3.7263684371905743,-0.02330946013407686,3.7263684371905743,-0.02330946013407686,0.00010273020456472723,0.7947592281726678,0.8,0.06382494283619129,0.040951103281813936,0.3516600296548145,True
5.25,3.766108449652125,-0.022868501328579482,3.766108449652125,-0.022868501328579482,0.002987523772872409,0.794866705178723,0.8,0.0638284738723522,0.04530310008293592,0.3512447632615,True
5.300000000000001,3.805852000639338,-0.022255087847693488,3.805852000639338,-0.022255087847693488,0.006253141180022004,0.7949719764240892,0.8,0.06383193483611686,0.049734124739912476,0.350890185177958,True
5.3500000000000005,3.845597962524377,-0.021450894265831685,3.845597962524377,-0.021450894265831685,0.009920758511692428,0.7950750872443294,0.8,0.06383532707045074,0.054224431343056295,0.35060884007866033,True
5.4,3.8853449517423884,-0.020437894831845407,3.8853449517423884,-0.020437894831845407,0.014002999556661809,0.7951760820404786,0.8,0.06383865189462747,0.058751990248204114,0.35041560526335025,True
5.45,3.9250913265916805,-0.01919932712185762,3.9250913265916805,-0.01919932712185762,0.018501857651101846,0.7952750042984364,0.8,0.06384191060453343,0.06329828344941153,0.35032732897097696,True
5.5,3.964835142593377,-0.01771759098136262,3.964835142593377,-0.01771759098136262,0.023424087850194807,0.7953718966079468,0.8,0.06384510447298049,0.06785486836319982,0.3503603825343301,True
5.550000000000001,4.004574134920341,-0.01597512835505778,4.004550034119336,-0.015978597000743857,0.027257801434623845,0.7954668006811747,0.8,0.06384823475002623,0.07239423525623828,0.3509732722790402,True
5.6000000000000005,4.044305698210482,-0.013954499753626164,4.044097519339628,-0.014280133212414127,0.019856738642915553,0.7955597573708882,0.8,0.06385130266330061,0.076901135939308,0.3548474452737299,True
5.65,4.084026865511858,-0.011638370469806831,4.083680568610878,-0.01281034726943641,0.012876473568526926,0.795650806688258,0.8,0.06385430941833514,0.08135678916802622,0.35837580834065963,True
5.7,4.1237342930378365,-0.009009623385949704,4.123294473122895,-0.011552604372506652,0.006318488579449916,0.7957399878202821,0.8,0.06385725619889301,0.08573714798479437,0.3615733122038086,True
5.75,4.163424250837515,-0.006051492847976549,4.162934996953235,-0.010490502130068118,0.00018208918962818454,0.7958273391468451,0.8,0.06386014416729945,0.09002744313269938,0.3644554194531907,True
5.800000000000001,4.203092612864149,-0.00274758539944053,4.202598351916661,-0.009607893234957253,-0.005535185732299407,0.7959128982574222,0.8,0.06386297446476889,0.09420600487278159,0.36375007988485064,True
5.8500000000000005,4.242734857117235,0.0009179845971799866,4.242281170921303,-0.00888902187707223,-0.010837968578787438,0.7959967019674334,0.8,0.06386574821173012,0.09825523183596054,0.3628995057461938,True
5.9,4.282346067899081,0.004960529459963052,4.281980478779641,-0.008318588871667048,-0.015732878887940508,0.7960787863342578,0.8,0.06386846650814833,0.10215880111495072,0.3620244087602262,True
5.95,4.321920942462063,0.00939472782377478,4.321693662396864,-0.007881810703987104,-0.020228392708483034,0.7961591866729127,0.8,0.06387113043384399,0.10590136521988876,0.36113633974518144,True
6.0,4.361453806508778,0.014234522583892881,4.361418439728319,-0.007564519735115878,-0.02433497104935956,0.796237937571408,0.8,0.06387374104880833,0.10946814821669494,0.360245717283472,True
6.050000000000001,4.4009386309317,0.019493076906272486,4.401152829460143,-0.007353205791269223,-0.02806482500267235,0.7963150729057783,0.8,0.06387629939351662,0.11284898988197979,0.35936185924767317,True
6.1000000000000005,4.440369054523009,0.025182717603914644,4.4408951211835666,-0.007235070263699958,-0.0314317605601534,0.7963906258548032,0.8,0.0638788064892376,0.1160332562740866,0.35849297604634855,True
6.15,4.47973841207633,0.0313148783068381,4.480643846329012,-0.007198080569994552,-0.03445113868038657,0.7964646289144204,0.8,0.063881263338341,0.11901322133027646,0.3576461278702966,True
6.2,4.519039764119797,0.03790007118476252,4.520397751092408,-0.0072309962862459765,-0.037139601457603366,0.7965371139118379,0.8,0.06388367092460133,0.1217862495476732,0.3568272771829894,True
6.25,4.5582659296207435,0.04494786476597606,4.5601557711362934,-0.007323389681674761,-0.03951485474184338,0.7966081120193527,0.8,0.06388603021350009,0.12434682212632808,0.35604132863006943,True
6.300000000000001,4.597409523119324,0.05246685578968976,4.599917007628596,-0.007465673042998273,-0.04159561344977312,0.7966776537678811,0.8,0.0638883421525238,0.12669753936304506,0.35529211349672973,True
6.3500000000000005,4.636462987820756,0.06046468724030093,4.639680706751587,-0.007649080233095494,-0.04340111615955244,0.7967457690602079,0.8,0.06389060767146011,0.12884052863425569,0.35458254472694106,True
6.4,4.675418633408477,0.06894804429364218,4.679446240149497,-0.007865671436382646,-0.04495107947083701,0.7968124871839585,0.8,0.06389282768269053,0.13077999362296747,0.353914619707374,True
6.45,4.714268671776829,0.07792267154132443,4.719213087870114,-0.008108317360601181,-0.046265417321936925,0.7968778368243024,0.8,0.06389500308148004,0.13252535950113473,0.35328951187656205,True
6.5,4.753005246089174,0.08739342455870402,4.758980824540535,-0.008370649361825471,-0.047363903695213976,0.7969418460763916,0.8,0.06389713474626331,0.13408667711761427,0.35270771269110535,True
6.550000000000001,4.791620464559607,0.09736429019504345,4.798749105696805,-0.008647042067994389,-0.04826601954919608,0.7970045424575408,0.8,0.06389922353892821,0.13547517433629944,0.3521690875803349,True
6.6000000000000005,4.830106423814302,0.10783845125202796,4.838517657591036,-0.008932551406568068,-0.04899063085340464,0.7970659529191536,0.8,0.06390127030509571,0.13670206473830232,0.3516730259369518,True
6.65,4.868455227183704,0.11881835734272206,4.878286268734035,-0.009222846451885622,-0.04955581004566434,0.7971261038584017,0.8,0.06390327587439638,0.13777884440421706,0.3512185560162761,True
6.7,4.906659003775786,0.13030577668853086,4.918054781756286,-0.009514160862998292,-0.04997850836153994,0.7971850211296607,0.8,0.06390524106074388,0.13871674913207677,0.3508044841192336,True
6.75,4.9447099247710184,0.14230184763760048,4.957823086315823,-0.00980324472818926,-0.05027473575046726,0.7972427300557094,0.8,0.06390716666260439,0.13952687051799834,0.35042938656142664,True
6.800000000000001,4.98260021801473,0.154807125817979,4.997591112723864,-0.010087320949135722,-0.05045939641698972,0.7972992554386952,0.8,0.0639090534632635,0.14021956949152065,0.35009169778393934,True
6.8500000000000005,5.020322180125286,0.16782163048077564,5.037358826360274,-0.010364042442074332,-0.05054631519658987,0.7973546215708724,0.8,0.06391090223108915,0.14080527592498432,0.3497897427999943,True
6.9,5.057868186810312,0.18134488775650726,5.077126222673307,-0.010631452443443,-0.050548314449173674,0.7974088522451187,0.8,0.06391271371979083,0.14129354659919602,0.3495217524057351,True
6.95,5.09523070183221,0.19537597010594251,5.1168933226459705,-0.010887948644894441,-0.05047713497608103,0.7974619707652314,0.8,0.06391448866867612,0.1416937902547356,0.3492859203008647,True
7.0,5.132402283789713,0.20991353517795772,5.156660168827954,-0.011132247762512258,-0.05034361517118491,0.7975139999560118,0.8,0.06391622780290321,0.1420296196860858,0.3490803851980596,True
7.050000000000001,5.169375591127993,0.2249558628554147,5.196426821816477,-0.011363351743937527,-0.05015754941544387,0.7975649621731394,0.8,0.06391793183373033,0.14246113020659826,0.3489033047424016,True
7.1000000000000005,5.206143386173542,0.24050088864583427,5.2361933570415715,-0.011580517531385722,-0.04992794453459359,0.7976148793128421,0.8,0.06391960145876129,0.143037008245264,0.3487528105776312,True
7.15,5.242698499104677,0.2565463333784351,5.27595986715797,-0.011783123097731461,-0.04966210489573819,0.7976637728213651,0.8,0.06392123736218813,0.1438120772384528,0.34862740751588595,True
7.2,5.279033406928235,0.27309074585449405,5.315726514004269,-0.011969544398290975,-0.04935859781619151,0.7977116637042444,0.8,0.06392284021502984,0.1448582590141289,0.34852913978378286,True
7.25,5.315139931655588,0.29013404319613234,5.355493557859592,-0.012136541340648854,-0.04900601413315536,0.7977585725353876,0.8,0.0639244106753677,0.14616018880774906,0.3484645668338642,True
7.300000000000001,5.351009310161695,0.30767709749342165,5.395261340367133,-0.012279662897358712,-0.048587933271935335,0.797804519465967,0.8,0.06392594938857758,0.14772587686287333,0.3484429183648209,True
7.3500000000000005,5.386631976081582,0.3257220337894932,5.435030307141968,-0.012392882352983962,-0.04808189059105833,0.7978495242331279,0.8,0.0639274569875584,0.14952151589830745,0.34847676180333287,True
7.4,5.421997575069818,0.34427197098509826,5.4748010023902385,-0.012468832635420856,-0.0474627458490165,0.7978936061685173,0.8,0.06392893409295772,0.15149156845533684,0.3485807918732163,True
7.45,5.457095068401766,0.36333062624432466,5.514574056310966,-0.01249919914709547,-0.046705662377674824,0.7979367842066355,0.8,0.06393038131339325,0.15357147809983898,0.3487705757637293,True
7.5,5.491912744726607,0.3829021669072122,5.5543501840775935,-0.012474847340081079,-0.045787081047677924,0.797979076893015,0.8,0.06393179924567156,0.15569581468983953,0.3490621462869663,True
7.550000000000001,5.526438423939376,0.40299071698721617,5.594130165336536,-0.012386342774296292,-0.04468777830053772,0.7980205023922303,0.8,0.06393318847500312,0.15776562287551293,0.34947059565397864,True
7.6000000000000005,5.560659641104735,0.4235999860196279,5.633914828588777,-0.012224352104474454,-0.04339423214144267,0.7980610784957421,0.8,0.06393454957521431,0.15971318220682532,0.35000927815185373,True
7.65,5.594563812169452,0.44473299464702765,5.673705039243064,-0.01197995008697282,-0.04189922623648412,0.7981008226295787,0.8,0.06393588310895576,0.1614632084140621,0.35068932594402935,True
7.7,5.628138515255621,0.466391652147051,5.713501680205956,-0.01164511275298323,-0.04020345939904324,0.7981397518618587,0.8,0.06393718962790801,0.16292311631900688,0.35151868241209205,True
7.75,5.661371736338292,0.48857647329749304,5.753305640049989,-0.011213073958495346,-0.03831567000942449,0.7981778829101588,0.8,0.06393846967298314,0.1640664510990706,0.35250170069817277,True
7.800000000000001,5.694252023531931,0.5112864986098288,5.793117811267039,-0.010678463609783773,-0.0362515078781509,0.7982152321487282,0.8,0.06393972377452405,0.16480774877404125,0.3536393233549302,True
7.8500000000000005,5.726768823746305,0.5345189560163202,5.8329390781870725,-0.0100377653619322,-0.03403468551606881,0.7982518156155551,0.8,0.06394095245249974,0.16513018160239748,0.3549282749355488,True
7.9,5.758912592860251,0.558269332298469,5.872770323702852,-0.00928931193338994,-0.03169486786015885,0.798287649019286,0.8,0.06394215621669803,0.16501902439165778,0.3563616683251279,True
7.95,5.790674984040672,0.5825313298542573,5.912612430519264,-0.008433424492768746,-0.029266914048555415,0.7983227477460024,0.8,0.0639433355669149,0.1644281634669105,0.3579290735743818,True
8.0,5.822049070326919,0.6072967951419145,5.952466281069213,-0.007472600243823471,-0.026790827693529473,0.7983571268658585,0.8,0.06394449099314069,0.163402684045888,0.3596163323312088,True
8.05,5.853029259283916,0.6325560861547812,5.992332770287838,-0.006411169644808871,-0.024308035416109375,0.7983908011395798,0.8,0.06394562297574338,0.16190659617946462,0.36140698300955,True
8.1,5.883611546474814,0.6582979423626315,6.032212797732225,-0.0052555606397815795,-0.02186308935802095,0.7984237850248296,0.8,0.06394673198564885,0.15997550827189488,0.3632814925826109,True
8.15,5.913793441534307,0.6845098005742548,6.072107270251081,-0.004014014697069614,-0.019500348615050123,0.7984560926824424,0.8,0.06394781848451757,0.15764337788267455,0.36521851453491905,True
8.200000000000001,5.943573964838695,0.7111779769033421,6.11201709442417,-0.0026964565555212053,-0.017263895011926825,0.7984877379825297,0.8,0.06394888292491953,0.15489230038880897,0.3671950484845983,True
8.25,5.972953776616372,0.7382876672451408,6.15194315995097,-0.0013145921079696227,-0.015197681204879967,0.7985187345104588,0.8,0.06394992575050495,0.15179804476108005,0.369186305643905,True
8.3,6.001934888143758,0.7658234334010317,6.191886328149884,0.0001186311610394495,-0.013342441595060706,0.7985490955727093,0.8,0.06395094739617312,0.14833914577570784,0.3709299073898108,True
8.35,6.030520851821175,0.7937690780143775,6.231847402128868,0.0015887855722457708,-0.011737792093997945,0.7985788342026076,0.8,0.06395194828823726,0.1445593091480077,0.3699337811121946,True
8.4,6.058716600854387,0.8221079232019318,6.27182710072088,0.003080257862542678,-0.010420744520929448,0.7986079631659441,0.8,0.06395292884458782,0.14049625795787224,0.36883162396241936,True
8.450000000000001,6.086528365631384,0.8508229656321097,6.311826025047331,0.0045763996324765755,-0.009425399854789518,0.7986364949664737,0.8,0.06395388947485213,0.1361253878508454,0.36762985040260565,True
8.5,6.113963808453682,0.8798967856114897,6.351844618174226,0.006059348765829088,-0.00878479217192596,0.7986644418513034,0.8,0.06395483058055151,0.1315147299197451,0.36633642477208317,True
8.55,6.141031682702475,0.9093119438819843,6.391883127285369,0.007510532294170421,-0.008527920053752469,0.7986918158161683,0.8,0.06395575255525551,0.1266325131080085,0.3649612514607147,True
8.6,6.167742053712466,0.9390507741590222,6.431941555296097,0.00891034522064731,-0.008682920339263211,0.7987186286105993,0.8,0.0639566557847342,0.12150801474805734,0.36351557188226613,True
8.65,6.194106155710046,0.9690955492223681,6.472019613785195,0.010238352190410516,-0.00927579216723573,0.7987448917429837,0.8,0.06395754064710653,0.11616629039980886,0.3620121545227747,True
8.700000000000001,6.220136313159929,0.9994285617602536,6.512116671947464,0.01147338500859061,-0.010330567116608624,0.798770616485522,0.8,0.06395840751298731,0.11057148605465984,0.3604651611097084,True
8.75,6.245846122007691,1.0300319579696924,6.552231698974115,0.012593283404867737,-0.011871235071447273,0.7987958138790822,0.8,0.06395925674563054,0.10477732328191355,0.35888985037570476,True
8.8,6.271250118802825,1.0608880397300362,6.592363209635431,0.01357533216994284,-0.013919079836395952,0.798820494737954,0.8,0.06396008870107131,0.0987456418259348,0.3573029432071516,True
8.85,6.296364023242656,1.09197903057005,6.632509199122945,0.014395915894473185,-0.01649551095406432,0.7988446696545054,0.8,0.06396090372826423,0.09249694965936842,0.3557221455098793,True
8.9,6.3212046171372736,1.1232871720556927,6.672667078833373,0.015030667964892455,-0.01962111039530534,0.7988683490037425,0.8,0.06396170216922004,0.0860482171262962,0.3541662971345091,True
8.950000000000001,6.345789665776821,1.154794767426257,6.712833609229522,0.015454556153843486,-0.02331515125614902,0.7988915429477765,0.8,0.06396248435913907,0.07936611986830833,0.3526554444988489,True
9.0,6.370138095562651,1.1864840064722229,6.753004822045514,0.015641634987783516,-0.0275977880290873,0.7989142614401981,0.8,0.063963250626543,0.0724968577879732,0.351210461742035,True
9.05,6.394269672604938,1.2183371987734737,6.793175953069115,0.015565446783911805,-0.03248688768863306,0.7989365142303608,0.8,0.0639640012934043,0.06540927883040004,0.3498536012351227,True
9.1,6.418205211904134,1.2503365602026446,6.833341357056145,0.015198733676925563,-0.038000906663044565,0.7989583108675783,0.8,0.0639647366752725,0.058125361300525376,0.3486079566525543,True
9.15,6.44196644226835,1.2824642772834205,6.873494430006176,0.01451359675306762,-0.044157380573557004,0.798979660705233,0.8,0.06396545708139897,0.05066367494356375,0.3474977701577505,True
9.200000000000001,6.46557590500322,1.3147025310981608,6.913627531393628,0.013481608625288332,-0.050972588298551,0.7990005729048014,0.8,0.06396616281485909,0.04300598576510808,0.3465484400815926,True
9.25,6.48905707185321,1.3470333461022066,6.9537318926943446,0.012073651202134128,-0.05846313147601113,0.7990210564397964,0.8,0.06396685417267227,0.03519800542973478,0.3457862485852523,True
9.3,6.512434024682693,1.3794387666431456,6.9937975531849235,0.010260305738580769,-0.06664309438708947,0.7990411200996276,0.8,0.06396753144591975,0.02722697394982829,0.34523882174658216,True
9.35,6.535731581339595,1.4119006849979931,7.033813271084706,0.008011683359567805,-0.0755263261216943,0.7990607724933831,0.8,0.06396819491986046,0.019123225892062987,0.3449346619361855,True
9.4,6.558975126236676,1.4444008873646101,7.073766457345425,0.005297628155675735,-0.08512467905172183,0.7990800220535333,0.8,0.0639688448740442,0.010914527967794989,0.34490347903449164,True
9.450000000000001,6.582190465181347,1.4769210722385748,7.113643117913222,0.0020878901034548296,-0.09544823356248133,0.7990988770395578,0.8,0.06396948158242316,0.0026065281778530755,0.345175974231853,True
9.5,6.605403849316589,1.5094427399631705,7.1534400562716325,-0.001600939574179632,-0.09861158185633145,0.7991173455414983,0.8,0.0639701053134616,-0.0057534653431000555,0.34476613714350746,True
9.55,6.6286416566554065,1.5419473270463706,7.19329201903044,-0.005051845073073786,-0.08389931588860489,0.799135435483438,0.8,0.06397071633024283,-0.014150698032910511,0.34549896674082214,True
9.600000000000001,6.651930397893381,1.5744161009569626,7.233225198505913,-0.008035241566228172,-0.06994525313690414,0.79915315462691,0.8,0.06397131489057482,-0.022545646422115755,0.3465135993149674,True
9.65,6.675296522158225,1.6068301989099307,7.273226462484911,-0.01058214825753831,-0.0567612180546374,0.7991705105742344,0.8,0.06397190124709358,-0.030896109435923403,0.347770131535175,True
9.700000000000001,6.698766217860866,1.639170670049728,7.313284067118623,-0.012723705086203664,-0.04435513715605843,0.7991875107717882,0.8,0.06397247564736462,-0.039171375511587045,0.349230079267447,True
9.75,6.722365332749871,1.671418434416242,7.353387601382056,-0.014491089057972422,-0.03273242430528501,0.7992041625132068,0.8,0.06397303833398235,-0.0473226143560887,0.35085607403687585,True
9.8,6.746119080226795,1.7035544012135875,7.393527930673381,-0.015915170011279747,-0.021894018943887983,0.7992204729425202,0.8,0.063973589544668,-0.05531075809850894,0.35261278390265954,True
9.850000000000001,6.770051920190379,1.7355594693841188,7.433697115962525,-0.01702638247735415,-0.011837158788759683,0.7992364490572244,0.8,0.06397412951236543,-0.06309366772292309,0.35446682075590896,True
9.9,6.79418737725206,1.7674145838229012,7.473888328181816,-0.017854520535273394,-0.0025548784661355572,0.7992520977112897,0.8,0.06397465846533527,-0.07062861373873607,0.35638708934830854,True
9.950000000000001,6.818547828402314,1.7991008277132867,7.514095754711704,-0.01842849284946403,0.005964100631189906,0.7992674256181075,0.8,0.06397517662724714,-0.07787512876628583,0.3548024029137132,True
10.0,6.84315438127581,1.830599464013638,7.554314500244055,-0.018776186743049636,0.013735363278749357,0.7992824393533756,0.8,0.06397568421727048,-0.08480025130092164,0.3521563297095134,True
10.05,6.86802670458874,1.8618920294925165,7.594540486795218,-0.018924268019189568,0.020778632947283437,0.7992971453579255,0.8,0.06397618145016287,-0.09136581873541258,0.34993190556399356,True
10.100000000000001,6.893182891204884,1.8929604239415174,7.63477035379551,-0.018898014611281884,0.027117888677840044,0.7993115499404903,0.8,0.06397666853635753,-0.09754792660061554,0.34809491796800873,True
10.15,6.918639377446418,1.9237869758615367,7.675001362537449,-0.018721213301314037,0.032780917541062604,0.799325659280416,0.8,0.06397714568204903,-0.10332498658814004,0.34661175355286516,True
10.200000000000001,6.944410846765368,1.9543545392487838,7.715231305127171,-0.018416028270673443,0.03779904396544598,0.799339479430318,0.8,0.06397761308927663,-0.10867803241548626,0.34544961613142167,True
10.25,6.970510176023331,1.9846465763772003,7.7554584204720305,-0.018002914133528627,0.04220659497628876,0.7993530163186816,0.8,0.06397807095600716,-0.11360569946085383,0.34457676933226394,True
10.3,6.996948453299367,2.0146471993124897,7.795681320952635,-0.017500611979198603,0.04604048023394869,0.7993662757524098,0.8,0.06397851947621537,-0.11810227678455706,0.3439626552056134,True
10.350000000000001,7.023734958600145,2.044341255073124,7.835898924937846,-0.016926089722875633,0.04933955011022728,0.7993792634193189,0.8,0.06397895883996314,-0.12217765701738692,0.3435781272900821,True
10.4,7.050877240349893,2.073714342945912,7.876110402154537,-0.016294599252202564,0.052143874092219766,0.7993919848905819,0.8,0.06397938923347737,-0.1258495702738347,0.343395585190427,True
10.450000000000001,7.078381195509337,2.1027528337099057,7.916315127393966,-0.015619734324430989,0.05449393103696121,0.7994044456231233,0.8,0.06397981083922578,-0.12913794591332192,0.34338913064121235,True
10.5,7.1062511510792525,2.1314438910566293,7.956512641226825,-0.014913486869999118,0.05643018915697151,0.7994166509619627,0.8,0.06398022383599178,-0.13206545940636535,0.34353461048919565,True
10.55,7.134490035715818,2.1597754112011995,7.996702623796325,-0.01418642329608534,0.05799179980720581,0.7994286061425117,0.8,0.06398062839894786,-0.1346554680440195,0.3438097961387597,True
10.600000000000001,7.1630995093896335,2.187735991882745,8.036884871851804,-0.013447808347120695,0.05921640769594238,0.7994403162928229,0.8,0.06398102469972748,-0.13693115806254358,0.3441942927027848,True
10.65,7.192080077015889,2.2153149097478133,8.07705927929911,-0.012705709888778493,0.06013948873750785,0.7994517864357932,0.8,0.06398141290649526,-0.13891621299632584,0.3446696060134121,True
10.700000000000001,7.221431199947751,2.2425020932685276,8.117225821459328,-0.01196710359023662,0.060794415865579765,0.7994630214913213,0.8,0.06398179318401623,-0.14063313016029902,0.34521900160988234,True
10.75,7.251151394733691,2.2692881011813197,8.15738454151108,-0.01123796307505467,0.06121254583096003,0.7994740262784211,0.8,0.06398216569372386,-0.14210397650177092,0.3458273749720977,True
10.8,7.2812383293037355,2.2956640967618878,8.197535539402251,-0.010523349689529473,0.061422898028567485,0.7994848055172918,0.8,0.06398253059378609,-0.14334963070760795,0.3464812424457789,True
10.850000000000001,7.311688912635826,2.3216218216294178,8.237678962493765,-0.009827496643215819,0.061452299979361746,0.7994953638313453,0.8,0.06398288803917083,-0.1443908884048495,0.3471686052441856,True
10.9,7.3424993759500845,2.3471535714769667,8.277814997400643,-0.009153884611726733,0.06132551857650259,0.799505705749192,0.8,0.06398323818170976,-0.14524656782968895,0.3478788281624768,True
10.950000000000001,7.373665349746657,2.3722521695116687,8.317943863124052,-0.00850531498603679,0.0610654518205147,0.7995158357065858,0.8,0.06398358117016087,-0.14601553774324869,0.3486025049098955,True
11.0,7.4051819374768115,2.39691093662513,8.3580658053353,-0.007883982192299254,0.06069264892240256,0.7995257580483293,0.8,0.06398391715027013,-0.14684719373316335,0.3493315198103746,True
11.05,7.4370437817470485,2.4211236630927453,8.398181091260751,-0.007291538959425858,0.06022600163218517,0.7995354770301395,0.8,0.06398424626483162,-0.14776998458463997,0.3500587795610958,True
11.100000000000001,7.469245475357463,2.444884142427148,8.438290038885002,-0.006729716887227129,0.059678858443222293,0.7995449968204758,0.8,0.06398456865374659,-0.14889023800098122,0.35077871334216726,True
11.15,7.501782285163101,2.4681852230272745,8.478393080903025,-0.006201517463528396,0.05905236737506348,0.7995543215023294,0.8,0.06398488445408158,-0.1502259373351265,0.3514880065561735,True
11.200000000000001,7.534650092366781,2.4910187403498254,8.518490760752261,-0.005711230193600985,0.05833940017373884,0.7995634550749774,0.8,0.06398519380012509,-0.15177906363510557,0.3521844523949522,True
11.25,7.56784529992786,2.5133754968466624,8.558583728743056,-0.005264396448353307,0.057526205673863684,0.7995724014556996,0.8,0.06398549682344296,-0.1535477565685368,0.3528665141835993,True
11.3,7.601364900459132,2.535245025094596,8.59867275593691,-0.004868046045570541,0.05659302799692446,0.7995811644814608,0.8,0.06398579365293354,-0.15548487768037098,0.3535329150564384,True
11.350000000000001,7.635206080978673,2.55661598879427,8.638758704162925,-0.0045301501709052745,0.05551925276443004,0.799589747910558,0.8,0.06398608441488063,-0.1575302063555296,0.354181701213362,True
11.4,7.669366106444472,2.5774762492855987,8.678842521793927,-0.004259510835765716,0.054284361088864475,0.7995981554242346,0.8,0.06398636923300637,-0.15962261921447893,0.3548100802761884,True
11.450000000000001,7.703842080363664,2.5978131366156,8.718925225952866,-0.004065414654545005,0.05287006005921313,0.7996063906282603,0.8,0.06398664822852257,-0.16167924312751197,0.35541415383936203,True
11.5,7.738630628613982,2.61761389601722,8.75900787517542,-0.003957099853816864,0.05126322166989683,0.7996144570544798,0.8,0.06398692152018097,-0.16361043735281175,0.3559885997563352,True
11.55,7.773727733781728,2.6368659720311296,8.799091554640327,-0.003943441421597746,0.04945674376363918,0.7996223581623284,0.8,0.06398718922432302,-0.16536006905313475,0.3565267348841053,True
11.600000000000001,7.809128551329733,2.655557375643799,8.83917735823836,-0.004032555505673694,0.04745023679198002,0.7996300973403181,0.8,0.06398745145492792,-0.1668230047781117,0.3570207058335194,True
11.65,7.844827207246066,2.6736771540503668,8.879266368378651,-0.004231304569776351,0.04525183165218505,0.7996376779074914,0.8,0.06398770832366053,-0.16795919924461175,0.3574614489796286,True
11.700000000000001,7.880816798753927,2.691215579152712,8.919359654698656,-0.004545144293816201,0.04287666092177711,0.7996451031148467,0.8,0.06398795993991771,-0.16871241819261937,0.3578392717827905,True
11.75,7.91708930704725,2.708164533333267,8.959458264737215,-0.004977751380389846,0.04034761897014527,0.7996523761467338,0.8,0.06398820641087379,-0.16902289951992636,0.3581439886801032,True
11.8,7.953635604498568,2.724517782638597,8.999563223585044,-0.005530790206282288,0.037694769958563856,0.7996595001222204,0.8,0.06398844784152588,-0.16890286030382456,0.3583653096296012,True
11.850000000000001,7.990445628988899,2.74027095144224,9.039675547159515,-0.006204015429343334,0.034952804860374,0.7996664780964317,0.8,0.0639886843347372,-0.16829261002150792,0.35849346352380523,True
11.9,8.027508365931123,2.755421885499519,9.079796237908948,-0.006994935449270863,0.03216193378430887,0.799673313061861,0.8,0.06398891599128036,-0.16722185234266138,0.358519260698257,True
11.950000000000001,8.064812099073738,2.769970481273438,9.119926300309146,-0.007899067013252213,0.029364802778135413,0.7996800079496548,0.8,0.06398914290987938,-0.16569338573379686,0.35843472925340053,True
12.0,8.102344522103486,2.783918773284018,9.16006674133573,-0.008909891361238617,0.026606419919377067,0.7996865656308706,0.8,0.06398936518725111,-0.16369832806479856,0.35823317544752553,True
12.05,8.140092864180449,2.7972709879592585,9.20021856852578,-0.010018841262389675,0.023933057192278562,0.7996929889177095,0.8,0.06398958291814541,-0.16130227992198082,0.35790951705289853,True
12.100000000000001,8.178044178608019,2.810033166546857,9.240382793580611,-0.011215743466642548,0.021389569073016756,0.7996992805647225,0.8,0.06398979619538547,-0.15847743044112567,0.3574606324294728,True
12.15,8.216185360203964,2.822213390784344,9.280560412910571,-0.012488596699113022,0.01902095052049052,0.7997054432699937,0.8,0.06399000510990596,-0.15528662605661192,0.3568851332381773,True
12.200000000000001,8.25450339365734,2.8338213990658097,9.320752397520145,-0.013823998222298272,0.016869347036114368,0.7997114796762975,0.8,0.06399020975079171,-0.1517494355591192,0.3561838288414673,True
12.25,8.292985435541697,2.844868562272043,9.36095966753545,-0.015207172877492217,0.014975261579835588,0.7997173923722332,0.8,0.06399041020531482,-0.14786674329824645,0.35535935656049933,True
12.3,8.331618880986035,2.8553678855988207,9.401183062082115,-0.016621970990622525,0.013377087458031067,0.7997231838933356,0.8,0.06399060655897129,-0.14370821848235982,0.35441633651304333,True
12.350000000000001,8.370391560895193,2.865333562364969,9.441423310550448,-0.018051331575078017,0.01210941318660358,0.7997288567231637,0.8,0.06399079889551704,-0.13924006236479156,0.35336142536093573,True
12.4,8.409291687812452,2.8747812479609003,9.481680988890107,-0.019476982846037303,0.011205540519525603,0.799734413294366,0.8,0.06399098729700287,-0.1345187626667293,0.35220288894295115,True
12.450000000000001,8.448308001117677,2.8837276814047836,9.521956481181519,-0.020879825382758333,0.010695366673575289,0.7997398559897245,0.8,0.06399117184380922,-0.1295486775995849,0.3509508606368468,True
12.5,8.487429768410053,2.8921907259311546,9.56224993217792,-0.02223987356268643,0.01060688328001802,0.7997451871431773,0.8,0.06399135261467996,-0.12432074203202356,0.34961697273041575,True
12.55,8.526646781969982,2.9001894371984065,9.602561196663533,-0.023536170452477967,0.010966697256035024,0.7997504090408204,0.8,0.06399152968675506,-0.11888767903462262,0.348214302452705,True
12.600000000000001,8.565949460025038,2.90774368629898,9.642889790203194,-0.0247471615687949,0.01179861523418635,0.7997555239218882,0.8,0.06399170313560348,-0.11320377851673673,0.34675743136420034,True
12.65,8.60532876013577,2.9148745039402284,9.68323482920198,-0.02585032549435395,0.01312626817044149,0.7997605339797147,0.8,0.06399187303525496,-0.10731368106993906,0.34526205333696514,True
12.700000000000001,8.644776254041373,2.921603749919099,9.723594974905033,-0.026822500683190482,0.014971028443286821,0.7997654413626746,0.8,0.06399203945823088,-0.10120695921422751,0.34374527793280013,True
12.75,8.684284090574373,2.927954223338314,9.763968369534506,-0.027639760384704067,0.017353835687125285,0.799770248175105,0.8,0.06399220247557513,-0.09487274942251908,0.34222523086292556,True
12.8,8.723844967799069,2.933949749428254,9.80435256796935,-0.02827731545225906,0.020295291212726885,0.7997749564782085,0.8,0.06399236215688398,-0.0883509824048659,0.34072113964378725,True
12.850000000000001,8.763452175305744,2.9396148665218584,9.844744473169019,-0.028709826294347672,0.023814148539488822,0.7997795682909377,0.8,0.06399251857033504,-0.08159816960714485,0.3392534830136179,True
12.9,8.803099508970918,2.94497516069407,9.885140256432143,-0.028911058564381403,0.027930098665121944,0.799784085590861,0.8,0.06399267178271652,-0.07465526372317759,0.3378435330774314,True
12.950000000000001,8.842781301017197,2.9500569466121522,9.925535287379716,-0.028854206751636358,0.032660885577694476,0.7997885103150116,0.8,0.06399282185945529,-0.06751024848633459,0.3365138996564916,True
13.0,8.882492364391421,2.95488739086732,9.965924052373104,-0.02851177173268202,0.038024350378668276,0.7997928443607185,0.8,0.0639929688646441,-0.060162410635394306,0.33528807221095547,True
13.05,8.922227950739078,2.9594945524500815,10.006300070125022,-0.027855527206460038,0.04403791100781956,0.79979708958642,0.8,0.06399311286106937,-0.05264766621059509,0.3341906293439014,True
13.100000000000001,8.961983746262746,2.963907107011196,10.046655819083234,-0.02685680939656628,0.05071742178808597,0.799801247812462,0.8,0.06399325391023679,-0.044939338311222786,0.33324730478114284,True
13.15,9.001755785955517,2.968154602357891,10.086982643111789,-0.02548627526072406,0.05807887282332629,0.7998053208218779,0.8,0.06399339207239811,-0.037080387361485646,0.3324847583362571,True
13.200000000000001,9.041540441291726,2.9722671374752725,10.127270683637779,-0.02371424707557482,0.06613622851395408,0.7998093103611547,0.8,0.06399352740657607,-0.029070147671858157,0.33193088469450627,True
13.25,9.081334346964768,2.9762754440203425,10.167508796724785,-0.021510656405893978,0.07490255534259778,0.799813218140981,0.8,0.06399365997058969,-0.020924576976070627,0.33161456598468475,True
13.3,9.121134339029885,2.980210853838691,10.207684477461829,-0.018845108706857683,0.08438993263855829,0.7998170458369824,0.8,0.0639937898210783,-0.012682532135525263,0.3315656597351414,True
13.350000000000001,9.16093741234657,2.98410503991492,10.247783810047185,-0.01568718046856321,0.09460750622188886,0.799820795090439,0.8,0.0639939170135259,-0.00434384215939271,0.3318152817709802,True
13.4,9.200740629649166,2.98799014510691,10.287754781757414,-0.012013349105574375,0.1025052414496612,0.7998244675089904,0.8,0.06399404160228428,0.004044998798741882,0.33325201340932076,True
13.450000000000001,9.24054107585696,2.9918984667009485,10.32745076388396,-0.008429019221653993,0.08767379795810132,0.7998280646673247,0.8,0.0639941636405965,0.01246260865247429,0.34104531986279657,True
13.5,9.280335776359145,2.9958624452462774,10.36723028714773,-0.005316828622811938,0.07360365683174071,0.7998315881078547,0.8,0.06399428318061884,0.020879848509995236,0.3481810587731754,True
13.55,9.320121624662427,2.9999145594040577,10.407080058929239,-0.002645658142642298,0.06030617263108676,0.7998350393413791,0.8,0.0639944002734433,0.029250578226534683,0.35468149640205593,True
13.600000000000001,9.359895326910284,3.004087056021354,10.446988180831283,-0.0003843120506679571,0.04778907633253254,0.7998384198477307,0.8,0.0639945149691191,0.037545943441936395,0.3605704441914696,True
13.65,9.399653320832721,3.0084119516626537,10.486944089126112,0.0014984477416790892,0.036057313361152546,0.7998417310764113,0.8,0.06399462731667395,0.04571887062805273,0.36287609987105096,True
13.700000000000001,9.439391727222143,3.0129207554270265,10.526938499260952,0.00303359311262186,0.025111888924451996,0.7998449744472135,0.8,0.06399473736413454,0.05372862022666992,0.3645483705850435,True
13.75,9.479106295781248,3.0176443101051937,10.566963328661188,0.00425164512619894,0.014949917092137761,0.7998481513508294,0.8,0.06399484515854732,0.061534717743310596,0.366322363381424,True
13.8,9.518792357928643,3.0226126457080977,10.607011610793867,0.005182507279061201,0.00556456218147551,0.799851263149448,0.8,0.0639949507459979,0.06909459585207604,0.36816676154905226,True
13.850000000000001,9.558444801314232,3.027854732050264,10.647077403393437,0.0058552022593218,-0.003055462711953269,0.7998543111773383,0.8,0.06399505417163133,0.07636844943506062,0.36823791021755226,True
13.9,9.59805804395851,3.033398350195927,10.687155689716398,0.006297732820828029,-0.010925594355231048,0.7998572967414227,0.8,0.06399515547967047,0.08332240708563232,0.3654648906758866,True
13.950000000000001,9.637626027740057,3.0392699135118604,10.727242279212836,0.006536895908684164,-0.018065477084290765,0.7998602211218371,0.8,0.06399525471343524,0.08992083778289406,0.36311834627500705,True
14.0,9.67714222596921,3.045494300293675,10.767333708196114,0.006598111491711958,-0.024498903411192235,0.7998630855724799,0.8,0.06399535191536093,0.09613654061822507,0.3611639524193491,True
14.05,9.716599658911303,3.052094745761963,10.807427144299915,0.006505313440470247,-0.030253409618031663,0.7998658913215502,0.8,0.063995447127016,0.1019521126357563,0.35956799443195375,True
14.100000000000001,9.75599092599561,3.059092721795956,10.847520295810149,0.006280829343914388,-0.035360049569253094,0.7998686395720743,0.8,0.06399554038911996,0.10734545329703005,0.35829756196039075,True
14.15,9.795308250271482,3.066507837944298,10.887611327266622,0.005945282104179234,-0.03985304814429394,0.7998713315024222,0.8,0.0639956317415603,0.11231504051943565,0.35732074901313204,True
14.200000000000001,9.834543520486445,3.0743578424379625,10.927698785904608,0.005517592255569819,-0.0437689589900532,0.7998739682668121,0.8,0.06399572122341003,0.1168566628302194,0.356606890557029,True
14.25,9.873688351844475,3.082658570344268,10.96778153428364,0.005014925876356183,-0.04714638730108862,0.7998765509958065,0.8,0.06399580887294375,0.12097715256783267,0.35612668206083353,True
14.3,9.91273414326685,3.091423968724485,11.007858693567574,0.004452718939045589,-0.05002520776937,0.7998790807967961,0.8,0.0639958947276543,0.12469324162062216,0.35585236541442744,True
14.350000000000001,9.951672128008713,3.1006661837872986,11.047929597761609,0.003844763122796677,-0.052445696839912515,0.7998815587544761,0.8,0.06399597882426812,0.12802499109316878,0.3557578745796174,True
14.4,9.990493434692764,3.110395604302296,11.087993753068957,0.0032032456362658425,-0.0544481774946205,0.79988398593131,0.8,0.06399606119876128,0.13099478970003198,0.35581887660037015,True
14.450000000000001,10.029189125393147,3.120621017615276,11.128050809496672,0.0025389023761430442,-0.056071922450029094,0.7998863633679864,0.8,0.06399614188637485,0.1336252214525313,0.3560129141143643,True
14.5,10.067750230677476,3.131349752981988,11.168100537926058,0.0018611576956134657,-0.05735452840837088,0.7998886920838644,0.8,0.06399622092162971,0.13593991533660707,0.3563194250192939,True
14.55,10.106167785846077,3.142587795201329,11.208142810315397,0.0011782333510012225,-0.058331637210290554,0.7998909730774116,0.8,0.06399629833834118,0.1379621406379054,0.3567196943408302,True
14.600000000000001,10.144432864895284,3.1543398880185625,11.248177583064434,0.0004972464467824887,-0.059036836767415946,0.7998932073266323,0.8,0.06399637416963333,0.13971386593951549,0.35719676756714175,True
14.65,10.182536610838387,3.1666096331311353,11.288204883181638,-0.00017569754315624356,-0.0595015640165914,0.799895395789486,0.8,0.06399644844795355,0.14121790757148545,0.35738397582211123,True
14.700000000000001,10.220470261041369,3.1793995889223945,11.32822479698044,-0.0008354122330845416,-0.05975500507115128,0.7998975394042995,0.8,0.06399652120508562,0.14249526911847993,0.3566510108282272,True
14.75,10.258225171709462,3.1927113542365584,11.368237459971386,-0.0014775533484717013,-0.05982425783527995,0.7998996390901685,0.8,0.06399659247216402,0.14356553281644022,0.3559888556606573,True
14.8,10.295792836189916,3.2065456569032103,11.408243048793526,-0.0020985367766881624,-0.05973428816969578,0.7999016957473521,0.8,0.06399666227968633,0.14444899218582247,0.3553938736029656,True
14.850000000000001,10.333164898924872,3.2209024392754175,11.448241774452761,-0.0026954594041282754,-0.05950797102461569,0.7999037102576589,0.8,0.06399673065752705,0.1451996783069154,0.35486236207546157,True
14.9,10.370333170633648,3.235780925127181,11.488233875660285,-0.003266039142392919,-0.0591662714494981,0.799905683484825,0.8,0.06399679763494975,0.1459931278828956,0.3543905555577207,True
14.950000000000001,10.407289635437587,3.2511796974250737,11.528219613917297,-0.0038085430903533305,-0.058728245103615295,0.7999076162748847,0.8,0.06399686324061969,0.1468649482072215,0.35397469378758595,True
15.0,10.444026363961783,3.2670970051772747,11.568199283893549,-0.004321469580704723,-0.05820937394345044,0.7999095094565332,0.8,0.06399692750261586,0.14790364837427541,0.3536118186317353,True
15.05,10.480535053336276,3.2835319285752695,11.608173278652542,-0.004802297296559375,-0.057614136031373275,0.7999113638414816,0.8,0.06399699044844354,0.14915993958912327,0.353303173705823,True
15.100000000000001,10.516806808669221,3.3004847129460986,11.648142106513154,-0.005247093655935134,-0.056936828040785425,0.7999131802248061,0.8,0.06399705210504518,0.1506273580950948,0.353054361462669,True
15.15,10.552832173290362,3.3179564614572277,11.688106372024365,-0.0056508065579924,-0.05616578647572501,0.7999149593852876,0.8,0.06399711249881244,0.15231596166273517,0.3528738343003669,True
15.200000000000001,10.588600907089353,3.335949446954518,11.72806679735638,-0.006006885323008235,-0.0552827435604078,0.7999167020857467,0.8,0.06399717165559722,0.15418693243601206,0.35277346450647845,True
15.25,10.624102079852918,3.3544666840714137,11.768024200019731,-0.0063077011559118995,-0.054267224553402216,0.7999184090733705,0.8,0.06399722960072278,0.1561847367273,0.3527668558070506,True
15.3,10.659324116888085,3.3735116791713815,11.807979482013415,-0.006544783048637622,-0.05309865449423279,0.7999200810800328,0.8,0.06399728635899467,0.15824733583921857,0.3528685014575935,True
15.350000000000001,10.694254850580917,3.393088210181991,11.84793362021177,-0.0067090268597621615,-0.051757738932865505,0.7999217188226083,0.8,0.06399734195471064,0.1603053267086079,0.3530931786259116,True
15.4,10.728881744852652,3.4131998125423784,11.887887638998627,-0.006791242237085903,-0.05022998933543171,0.79992332300328,0.8,0.06399739641167196,0.16226082068969874,0.35345438100275645,True
15.450000000000001,10.763192069328959,3.433849452361436,11.927842593749197,-0.006782509375696208,-0.04850625396852243,0.7999248943098399,0.8,0.06399744975319278,0.1640576189884174,0.3539638065915195,True
15.5,10.797173086342273,3.4550392369250864,11.96779955633831,-0.006674509232413194,-0.04658396255898656,0.7999264334159848,0.8,0.06399750200211043,0.16560299733763287,0.3546306618849324,True
15.55,10.830812354164916,3.476769982342643,12.007759593862504,-0.006460036192898897,-0.044468631856511516,0.7999279409816044,0.8,0.06399755318079492,0.16683112073791234,0.3554607033293756,True
15.600000000000001,10.864097932687383,3.499041029017553,12.047723762357645,-0.0061332500250253046,-0.042173120181241426,0.7999294176530644,0.8,0.06399760331115899,0.16771026192980823,0.35645619012315793,True
15.65,10.897018598813366,3.521850083589229,12.087693102940833,-0.005689913801477882,-0.03971756735843002,0.7999308640634841,0.8,0.06399765241466679,0.16815693441910173,0.35761564967743165,True
15.700000000000001,10.929564156362748,3.5451929547575656,12.127668634505394,-0.00512777619155238,-0.03712975011183761,0.7999322808330076,0.8,0.06399770051234369,0.168179707702746,0.35893337539244974,True
15.75,10.961725481499512,3.569063743027489,12.167651368162527,-0.004446434517252078,-0.03444231219417171,0.7999336685690698,0.8,0.06399774762478455,0.167737299435842,0.36040035583638513,True
15.8,10.993494798900755,3.593454675063437,12.207642304481377,-0.0036476271234554855,-0.03169331987965218,0.7999350278666567,0.8,0.06399779377216315,0.16682121139381317,0.3620038065226758,True
15.850000000000001,11.024865788493448,3.618356215854365,12.247642441856733,-0.0027352067518766807,-0.02892466256144821,0.799936359308561,0.8,0.06399783897424031,0.16546757726159705,0.36372765239940197,True
15.9,11.055833572915652,3.643757331236819,12.287652786301278,-0.0017149283817188632,-0.026179701105401576,0.7999376634656314,0.8,0.06399788325037276,0.16363959227743854,0.36555342213634395,True
15.950000000000001,11.086394943061407,3.669645403731714,12.327674344606871,-0.0005946628416512996,-0.023504261240142044,0.7999389408970181,0.8,0.06399792661952088,0.1614020350352188,0.36745974086057553,True
16.0,11.116548164941875,3.6960066982479036,12.367708130825791,0.0006160756017417255,-0.02094275218135899,0.7999401921504119,0.8,0.06399796910025722,0.1587508523070491,0.36819179309846195,True
16.05,11.146293118136073,3.72282634923251,12.407755151175053,0.0019060160465995649,-0.018539644448391845,0.7999414177622793,0.8,0.06399801071077443,0.15570821779468236,0.3676095067671592,True
16.1,11.17563126150308,3.7500885601858536,12.447816390583284,0.003262288148113319,-0.016338013020214422,0.7999426182580929,0.8,0.06399805146889269,0.15233499755887664,0.3669022206530209,True
16.150000000000002,11.204565452137626,3.7777769412299422,12.487892795646406,0.004670776391203621,-0.014377885022918035,0.7999437941525559,0.8,0.06399809139206777,0.14860331356776946,0.3660720588827703,True
16.2,11.233100122491269,3.8058743970121727,12.527985242671486,0.006115897977216934,-0.012698295997595532,0.7999449459498239,0.8,0.06399813049739785,0.14458496751731603,0.36512288724948955,True
16.25,11.261240967438576,3.8343635631333695,12.568094511986518,0.007581115153049552,-0.0113342682489187,0.7999460741437202,0.8,0.06399816880163142,0.1402727144611774,0.36406070826806725,True
16.3,11.288995062068299,3.863226723681101,12.608221248093594,0.009048773221536447,-0.010319111350415522,0.7999471792179479,0.8,0.06399820632117424,0.13568157724508625,0.36289316029336827,True
16.35,11.316370812156418,3.892445913388346,12.648365919976913,0.010500188003555748,-0.009683836500591125,0.7999482616462973,0.8,0.06399824307209617,0.13086199859434866,0.36162961850468855,True
16.400000000000002,11.343377747159261,3.9220031594723186,12.688528779404653,0.011915943634361308,-0.009456283795597596,0.7999493218928491,0.8,0.0639982790701382,0.1257730747747244,0.3602811707248283,True
16.45,11.370026740426855,3.951880275644026,12.728709810247853,0.013275572614342524,-0.009663746127458905,0.7999503604121733,0.8,0.06399831433071913,0.12047193876092627,0.35886017616214827,True
16.5,11.396329692252257,3.982059188656386,12.768908681608742,0.014557993829595352,-0.010330134477663844,0.7999513776495241,0.8,0.06399834886894229,0.11493756209032054,0.3573806802169601,True
16.55,11.422299687763322,4.012521781647648,12.809124692006526,0.01574127510554888,-0.011478915201393658,0.7999523740410308,0.8,0.06399838269960192,0.1091735049558426,0.35585779720208827,True
16.6,11.447950979775099,4.0432499128849235,12.84935671219856,0.016802645743655722,-0.013132315697116037,0.7999533500138852,0.8,0.06399841583718917,0.10321605864557387,0.3543079470517273,True
16.650000000000002,11.473298798700153,4.07422557865305,12.889603127555784,0.017718736333884218,-0.015310969525655806,0.7999543059865242,0.8,0.06399844829589893,0.09701877933688306,0.35274873471008955,True
16.7,11.498359597862144,4.105430678921757,12.929861769862853,0.018465232056264456,-0.018035779519220196,0.7999552423688094,0.8,0.06399848008963528,0.09062908357644617,0.3511987618635487,True
16.75,11.523150746657125,4.136847268217906,12.970129855233786,0.019017264180064695,-0.021325826314477436,0.7999561595622035,0.8,0.06399851123201757,0.08402136694973186,0.3496778688357779,True
16.8,11.54769069684921,4.168457382553259,13.01040391017319,0.019349169904821936,-0.025200175718343428,0.7999570579599411,0.8,0.06399854173638662,0.07720093993987398,0.34820685850025,True
16.85,11.571998957083302,4.200243033710684,13.05067969651078,0.01943451062890482,-0.029677647633541637,0.7999579379471986,0.8,0.06399857161581016,0.07019625127548564,0.34680756547868286,True
16.900000000000002,11.596095907042038,4.2321863229770305,13.090952139694961,0.01924629401454849,-0.0347758228187427,0.7999587999012587,0.8,0.06399860088308822,0.06297312842144817,0.3455029455235932,True
16.95,11.62000300182275,4.264269231755491,13.131215240387975,0.01875669423907398,-0.04051276532815462,0.7999596441916724,0.8,0.06399862955075888,0.055575130599986824,0.34431687182002435,True
17.0,11.643742464252476,4.296473816098197,13.17146200402253,0.017937429128335333,-0.0469048010959473,0.7999604711804174,0.8,0.06399865763110345,0.04798706888838366,0.34327443102228794,True
17.05,11.667337406024284,4.328782050883627,13.211684352257311,0.016759589200312057,-0.05396787522551416,0.799961281222053,0.8,0.06399868513615195,0.04022363134317424,0.3424017203352458,True
17.1,11.690811752935716,4.361175824546379,13.25187304108742,0.015193719360751626,-0.06171743316774003,0.7999620746638728,0.8,0.06399871207768804,0.03231556365302391,0.341725826983895,True
17.150000000000002,11.71419005085951,4.393637013291285,13.2920175909439,0.013210049150777153,-0.07016692627136778,0.799962851846053,0.8,0.06399873846725421,0.02425071047265688,0.3412750559092659,True
17.2,11.737497575303582,4.42614731965706,13.332106197621453,0.010778345394973483,-0.07932949527804212,0.7999636131017985,0.8,0.06399876431615649,0.016075052802026625,0.3410786156349945,True
17.25,11.760760022694008,4.4586884168895615,13.372125681702927,0.007868287967130122,-0.08921560994530953,0.7999643587574861,0.8,0.06399878963546937,0.007793265022959242,0.341166946281571,True
17.3,11.784003540745381,4.49124183400432,13.412061418623116,0.0044494255124331175,-0.09983471476778603,0.7999650891328035,0.8,0.06399881443604083,-0.0005658273132451448,0.3415713130336159,True
17.35,11.807254594718254,4.523788958300415,13.451886600628693,0.0007358082749564506,-0.09311767436041686,0.7999658045408875,0.8,0.06399883872849663,-0.008963253937279788,0.3471897319740494,True
17.400000000000002,11.830539747351489,4.556311095193459,13.491762817977976,-0.0025440010791877585,-0.0786894859142725,0.7999665052884575,0.8,0.06399886252324495,-0.017384006934774914,0.34949613546396463,True
17.45,11.85388565347625,4.588789370132735,13.531714362523672,-0.005367885819879569,-0.06502824965849852,0.7999671916759472,0.8,0.0639988858304809,-0.025780150893086416,0.3505965317810069,True
17.5,11.877318758343309,4.621204843909284,13.571728658449947,-0.007767050073849693,-0.0521437334683621,0.7999678639976338,0.8,0.06399890866019073,-0.03411893536135928,0.35192317516113153,True
17.55,11.900865220150104,4.653538467496854,13.611794500025592,-0.009772792514183717,-0.04004260873041254,0.7999685225417634,0.8,0.06399893102215629,-0.04236064018147267,0.3534379303403239,True
17.6,11.924550744381918,4.685771104229613,13.65190199660131,-0.011416318436498877,-0.028728143693090406,0.7999691675906755,0.8,0.06399895292595913,-0.05045854805678816,0.35510417455182564,True
17.650000000000002,11.948400327493486,4.717883623961334,13.692042506479577,-0.012728442014736054,-0.01819959529371351,0.7999697994209233,0.8,0.06399897438098454,-0.058375662671041356,0.3568872775802011,True
17.7,11.972438146127661,4.74985690121534,13.732208551911551,-0.013739468760941084,-0.008452356713719578,0.7999704183033925,0.8,0.06399899539642577,-0.06606739059183692,0.3587546763051467,True
17.75,11.996687327033596,4.781671911817375,13.772393730480724,-0.014478929947173327,0.0005227161852429107,0.799971024503418,0.8,0.06399901598128768,-0.07349180004836306,0.36036584042989206,True
17.8,12.021169793718771,4.813309788411926,13.812592617452614,-0.01497540932493344,0.008738829114004589,0.7999716182808966,0.8,0.0639990361443907,-0.08061255583491017,0.3574339643778863,True
17.85,12.04590612794054,4.844751881009231,13.85280066604609,-0.01525638459886202,0.01621352001863308,0.7999721998903994,0.8,0.06399905589437482,-0.08739525775727487,0.3549448404603571,True
17.900000000000002,12.070915393176564,4.875979864417571,13.89301410655207,-0.015348015640003994,0.022968553324771213,0.7999727695812804,0.8,0.063999075239703,-0.09380505184890388,0.3528638945093427,True
17.95,12.09621503649128,4.906975806454583,13.9332298476231,-0.015275023452184967,0.029029722738923125,0.7999733275977838,0.8,0.06399909418866465,-0.09982307983446508,0.3511570264160311,True
18.0,12.121820807924433,4.937722241366853,13.973445382652136,-0.015060583607908294,0.03442633090895009,0.7999738741791484,0.8,0.06399911274937974,-0.10542505144816647,0.3497908815992402,True
18.05,12.147746664595962,4.968202274614701,14.013658700710621,-0.014726191241726,0.03919137473314017,0.7999744095597102,0.8,0.06399913092980195,-0.11060077247574367,0.34873293541623185,True
18.1,12.174004760899074,4.998399638052285,14.053868207140097,-0.014291626259310387,0.043360341413974934,0.7999749339690031,0.8,0.06399914873772183,-0.115349451916369,0.3479518763715957,True
18.150000000000002,12.20060545012577,5.028298750234366,14.094072652662364,-0.013774925291888333,0.04697107390869482,0.799975447631857,0.8,0.06399916618077063,-0.1196686028590683,0.34741766220777615,True
18.2,12.22755728807522,5.0578847885190195,14.134271069965923,-0.013192348001874611,0.050063306581591305,0.7999759507684946,0.8,0.0639991832664232,-0.1235732724009091,0.3471016733995245,True
18.25,12.254867143562347,5.087143680514828,14.174462724419321,-0.012558476583603713,0.05267730712629293,0.7999764435946255,0.8,0.06399920000200117,-0.12708242827784624,0.34697698888556494,True
18.3,12.282540260263236,5.116062140163009,14.21464706964088,-0.011886248361814017,0.05485368815796532,0.7999769263215388,0.8,0.06399921639467634,-0.13021732010168563,0.3470183858326647,True
18.35,12.310580370063592,5.144627661544259,14.25482371303937,-0.011187053576918318,0.05663258677020733,0.7999773991561937,0.8,0.06399923245147371,-0.133000867395119,0.3472024571842978,True
18.400000000000002,12.338989866841793,5.172828453562745,14.294992392361957,-0.010470915886890024,0.058052630233337184,0.7999778623013081,0.8,0.06399924817927435,-0.13545629846142884,0.3475077082562313,True
18.45,12.367769923108701,5.200653417919385,14.33515295379513,-0.009746599899756406,0.059150512120010316,0.7999783159554457,0.8,0.06399926358481836,-0.13760749293100114,0.34791455066424715,True
18.5,12.396920601825125,5.228092125640704,14.3753053339828,-0.009021714546112579,0.05996097366681318,0.799978760313101,0.8,0.06399927867470785,-0.13947726434912272,0.34840518558799594,True
18.55,12.426440961795944,5.255134793242295,14.415449545110551,-0.008302810469185084,0.060516641289986794,0.799979195564783,0.8,0.06399929345540951,-0.1410881878367459,0.34896353728601087,True
18.6,12.456329158100127,5.281772256880382,14.455585662582743,-0.007595473739938012,0.06084779403725038,0.7999796218970964,0.8,0.06399930793325795,-0.14246199831325634,0.3495752130212777,True
18.650000000000002,12.486582534987265,5.307995946987121,14.495713814595122,-0.00690441246501679,0.06098267450785488,0.7999800394928218,0.8,0.06399932211445768,-0.14361970603269836,0.35022731549657393,True
18.7,12.517197710861272,5.333797864145399,14.53583417315537,-0.006233535642139362,0.06094724722231492,0.7999804485309944,0.8,0.06399933600508627,-0.1445806204435038,0.35090842486511586,True
18.75,12.548170660596908,5.359170550837726,14.575946946694218,-0.005586031917423129,0.0607655429012921,0.7999808491869802,0.8,0.06399934961109671,-0.14536731809547423,0.3516084134913222,True
18.8,12.579496791276728,5.384107063199126,14.616052373678425,-0.0049644427383480115,0.060459252051913714,0.7999812416325516,0.8,0.06399936293832023,-0.14606987293372206,0.3523184847936408,True
18.85,12.61117100943162,5.40860094552248,14.656150716829657,-0.00437072675986112,0.0600485528770689,0.7999816260359608,0.8,0.06399937599246851,-0.14673642004897233,0.3530308656641338,True
18.900000000000002,12.643187800108308,5.432646183552872,14.696242259678217,-0.0038063470489713043,0.05955125729452593,0.7999820025620121,0.8,0.06399938877913627,-0.1474008707043305,0.35373896309281383,True
18.95,12.675541606584973,5.456236767801287,14.736327333109124,-0.0032728488163231493,0.05897999107031681,0.7999823713721326,0.8,0.06399940130380369,-0.1481174974745599,0.3544375999311087,True
19.0,12.708227090019294,5.479366338128627,14.776406334479407,-0.002772298675433038,0.05834065911386255,0.7999827326244411,0.8,0.06399941357183853,-0.14889074873448677,0.35512301981964567,True
19.05,12.741239006504546,5.5020282842916,14.81647971375968,-0.0023071310436056512,0.05763521060550292,0.7999830864738162,0.8,0.06399942558849886,-0.1497361745069004,0.3557922429173914,True
19.1,12.774572298002125,5.52421557631135,14.856547981813767,-0.0018803399862259733,0.05686146006888782,0.7999834330719628,0.8,0.0639994373589347,-0.1506509822963081,0.35644292743765466,True
19.150000000000002,12.808222046963088,5.545920763703424,14.896611707569472,-0.0014954558788324963,0.05601432809307927,0.7999837725674768,0.8,0.0639994488881909,-0.1516189929074682,0.3570730360201317,True
19.200000000000003,12.842183338496945,5.56713611573722,14.936671507153617,-0.0011563552756881253,0.055087708321027606,0.7999841051059089,0.8,0.06399946018120865,-0.15261978399032652,0.3576804871386154,True
19.25,12.876451237510603,5.587853617655696,14.976728044261694,-0.0008672555711328855,0.054075114200952464,0.7999844308298272,0.8,0.06399947124282826,-0.15363156287430033,0.35826297425072595,True
19.3,12.911020655351571,5.608065140314082,15.016782019656073,-0.0006325051890575701,0.052970733218505865,0.7999847498788781,0.8,0.06399948207779058,-0.15461494257347147,0.3588178708823186,True
19.35,12.945886252247522,5.627762585341353,15.056834163406894,-0.0004564143377773385,0.0517706957579559,0.7999850623898465,0.8,0.06399949269073953,-0.1555418612443638,0.35934203192540737,True
19.400000000000002,12.981042380248178,5.646937989729916,15.096885230168462,-0.00034314168272439507,0.05047304931473351,0.7999853684967138,0.8,0.06399950308622389,-0.156382229797387,0.3598319133919475,True
19.450000000000003,13.016482982432484,5.66558372380951,15.13693598924954,-0.0002964783157196996,0.049079033686077356,0.799985668330716,0.8,0.06399951326869921,-0.15708988980043978,0.36028341658005214,True
19.5,13.05220152834376,5.68369266115632,15.176987217143749,-0.00031967352642864593,0.04759278999055305,0.7999859620203998,0.8,0.0639995232425299,-0.15765264889620445,0.3606921437842816,True
19.55,13.088191017520465,5.701258252687015,15.217039695625763,-0.00041537617865712974,0.04602162900545875,0.7999862496916776,0.8,0.06399953301199066,-0.15802471473486895,0.36105337546107635,True
19.6,13.124443902849817,5.718274763642323,15.2570942011778,-0.0005853933145774028,0.0443763114314798,0.7999865314678813,0.8,0.06399954258126903,-0.15819159784686157,0.3613622258553859,True
19.650000000000002,13.160952126509578,5.7347373318424,15.297151504210259,-0.0008306573290975768,0.042670542160581804,0.7999868074698158,0.8,0.06399955195446638,-0.15814038424410198,0.3616138183078358,True
19.700000000000003,13.197707134151576,5.750642075219952,15.337212365148638,-0.0011511371106888856,0.04092071472711428,0.7999870778158099,0.8,0.06399956113560028,-0.15783732121289473,0.36180344411995535,True
19.75,13.234699870291236,5.765986255745459,15.377277527684747,-0.0015456879301751821,0.03914631995092055,0.799987342621768,0.8,0.06399957012860598,-0.15729752518709314,0.3619265891980654,True
19.8,13.271920901924142,5.780768186094232,15.417347722667165,-0.00201218591107861,0.03736799758732196,0.799987602001219,0.8,0.06399957893733796,-0.15649209439537173,0.3619793643056046,True
19.85,13.309360404246625,5.794987423822571,15.457423657926874,-0.0025473412240646955,0.035608703543079656,0.7999878560653655,0.8,0.0639995875655719,-0.15543136862906828,0.36195834902421353,True
19.900000000000002,13.347008268002506,5.808644709457308,15.497506017736512,-0.0031467919952492592,0.03389223257716856,0.7999881049231311,0.8,0.06399959601700611,-0.15412472854428558,0.36186092776754797,True
19.950000000000003,13.38485417526634,5.821741957181533,15.537595457686521,-0.0038051349283061186,0.03224321865504687,0.7999883486812073,0.8,0.06399960429526325,-0.15255656252666053,0.3616852592702645,True
20.0,13.422887630328969,5.83428235194025,15.57769259394977,-0.004515838210856754,0.03068688519165569,0.7999885874440993,0.8,0.06399961240389147,-0.15076222759717892,0.3614304379292613,True
20.05,13.461098114181876,5.846270119907364,15.617798001488154,-0.005271501396083523,0.029247727812561408,0.7999888213141707,0.8,0.06399962034636635,-0.1487272338562116,0.3610966223872567,True
20.1,13.499475085744061,5.857710669652937,15.65791219736482,-0.006063712702368646,0.027950347890109084,0.7999890503916874,0.8,0.0639996281260923,-0.1464754087132167,0.3606849379786933,True
20.150000000000002,13.538008086516061,5.868610451092157,15.698035631268791,-0.006883205365295975,0.026818373813694948,0.7999892747748606,0.8,0.06399963574640408,-0.14402689323311807,0.36019764123520437,True
20.200000000000003,13.576686808719947,5.878976880087688,15.738168671403523,-0.007719938796129189,0.025874464511505046,0.7999894945598888,0.8,0.06399964321056796,-0.14137367560275563,0.3596380433462072,True
20.25,13.615501112573403,5.888818404788463,15.7783115846537,-0.008563028408335671,0.025140745668033645,0.7999897098409992,0.8,0.06399965052178345,-0.1385565339559212,0.3590104581651694,True
20.3,13.65444114460153,5.898144227489319,15.818464524164748,-0.009401033704657403,0.02463701892583847,0.799989920710488,0.8,0.06399965768318439,-0.1355648631761443,0.35832044638698657,True
20.35,13.693497322236826,5.906964431083303,15.858627504678896,-0.010221820247160347,0.02438265611740853,0.7999901272587603,0.8,0.06399966469784041,-0.13242433422803576,0.357574403687275,True
20.400000000000002,13.732660399031966,5.915289826162014,15.898800383912725,-0.01101271238162388,0.024395187859075216,0.7999903295743682,0.8,0.06399967156875827,-0.1291539484633833,0.35677982893309046,True
20.450000000000003,13.771921499815884,5.923131866250943,15.938982841053603,-0.011760572555717917,0.024690728229272874,0.7999905277440493,0.8,0.06399967829888324,-0.12574718681272865,0.3559451262924599,True
20.5,13.811272114480529,5.930502714831015,15.979174350690286,-0.012451723865071668,0.025284466187620036,0.7999907218527638,0.8,0.06399968489110011,-0.12224087950499306,0.3550795441784532,True
20.55,13.850704166791528,5.937414981047991,16.019374164401295,-0.013072212846276084,0.02618948084261974,0.7999909119837306,0.8,0.0639996913482346,-0.11862416527465824,0.35419326609165913,True
20.6,13.890209984809326,5.943881846871938,16.05958128239863,-0.01360766966817646,0.027417995552108276,0.7999910982184635,0.8,0.06399969767305469,-0.11491965134496662,0.35329718708962266,True
20.650000000000002,13.929782331177638,5.949916925825203,16.099794431710492,-0.01404344432902197,0.028980820975764154,0.7999912806368057,0.8,0.06399970386827143,-0.11114253132533072,0.3524029459775335,True
20.700000000000003,13.969414410103472,5.955534195853764,16.140012042921228,-0.014364666653047174,0.03088732828001825,0.7999914593169644,0.8,0.06399970993654037,-0.10728673234714582,0.3515228773620801,True
20.75,14.009099848116128,5.960748066204351,16.1802322231351,-0.014556171051508098,0.033146254555952465,0.7999916343355439,0.8,0.06399971588046273,-0.10338358362742651,0.3506698547348767,True
20.8,14.04883272529213,5.965573143560262,16.22045273871764,-0.014602727408783028,0.03576427552705855,0.7999918057675788,0.8,0.06399972170258651,-0.0994230631063869,0.3498574812086808,True
20.85,14.08860754156521,5.970024351327293,16.2606709881742,-0.014488914484767308,0.03874768315439634,0.799991973686566,0.8,0.06399972740540734,-0.09542507580070722,0.3490997277647804,True
20.900000000000002,14.128419223273049,5.974116804479853,16.300883983701,-0.014199242415905295,0.04210131599585889,0.7999921381644965,0.8,0.06399973299136975,-0.09140148406359608,0.34841112655396683,True
20.950000000000003,14.168263113796648,5.977865755347334,16.34108833239855,-0.013718204193249983,0.04582881068126307,0.7999922992718859,0.8,0.06399973846286812,-0.0873493428047846,0.3478066475936653,True
21.0,14.20813494941785,5.981286649319639,16.38128021404343,-0.013030217849603579,0.04993327092980952,0.7999924570778044,0.8,0.06399974382224802,-0.08329401248328305,0.3473015635215212,True
21.05,14.248030864850485,5.984394927642336,16.421455372167404,-0.01211982452629969,0.054416161854613114,0.7999926116499074,0.8,0.0639997490718066,-0.07922940450492263,0.3469115745449581,True
21.1,14.287947361329561,5.987206122449753,16.461609094276298,-0.010971593678979574,0.059278227394471354,0.7999927630544634,0.8,0.0639997542137943,-0.07517293054163433,0.3466526366994873,True
21.150000000000002,14.327881297940063,5.989735749166482,16.50173620395108,-0.009570233467983802,0.06451926337436419,0.7999929113563831,0.8,0.06399975925041532,-0.07113492619446156,0.346540917805387,True
21.200000000000003,14.367829873488745,5.9919992615171624,16.541831053454427,-0.007900639288654698,0.07013761396116704,0.7999930566192468,0.8,0.06399976418382868,-0.06711634375937196,0.34659289328444537,True
21.25,14.407790601776602,5.994012084547049,16.58185619168139,-0.005987915452950965,0.07095901584027897,0.7999931989053322,0.8,0.06399976901614922,-0.06313757938043664,0.3482695051679139,True
21.3,14.447761301266105,5.9957894597881065,16.62182689117089,-0.004210540211893488,0.06398715347974182,0.7999933382756405,0.8,0.06399977374944839,-0.05919791867167347,0.3520540508045048,True
21.35,14.487740066966781,5.997346506861786,16.661805656871564,-0.00265349313821428,0.05739997976569523,0.799993474789923,0.8,0.06399977838575514,-0.055311722440352776,0.3555139385433469,True
21.400000000000002,14.527725253711292,5.998698134933924,16.701790843616077,-0.0013018650660763242,0.05119453545343978,0.7999936085067066,0.8,0.06399978292705684,-0.051489831537314595,0.35866376794023824,True
21.450000000000003,14.56771545530928,5.999858998405396,16.741781045214065,-0.00014100159460372907,0.04536693262908546,0.7999937394833188,0.8,0.06399978737530031,-0.047737346574175596,0.3615182537197876,True
21.5,14.60770948121064,6.000843512357866,16.781775071115426,0.0008435123578660608,0.039912643377341496,0.7999938677759121,0.8,0.0639997917323923,-0.04406976753380408,0.3624051300750495,True
21.55,14.64770633968299,6.001665735128182,16.821771929587776,0.0016657351281823551,0.03482594895068816,0.7999939934394885,0.8,0.06399979600020064,-0.040493243325304164,0.3630688439731907,True
21.6,14.687705214898617,6.002339385249186,16.861770804803403,0.002339385249186421,0.03010038183183079,0.7999941165279228,0.8,0.06399980018055489,-0.03701911015294026,0.36377877403286013,True
21.650000000000002,14.727705448170124,6.002877781422405,16.90177103807491,0.0028777814224048015,0.02572850368701059,0.799994237093986,0.8,0.06399980427524692,-0.03365829772474392,0.36452306595753337,True
21.700000000000003,14.767706519126031,6.003293788664355,16.941772109030815,0.003293788664355368,0.021701855401303673,0.7999943551893672,0.8,0.06399980828603215,-0.030419569671671504,0.3652907007085231,True
21.75,14.807708026554884,6.00359981135614,16.98177361645967,0.003599811356139959,0.018011155374002573,0.7999944708646968,0.8,0.0639998122146299,-0.027312204700939657,0.3660714392734209,True
21.8,14.84770967183854,6.0038077232676,17.021775261743326,0.0038077232675997053,0.014646071375389463,0.7999945841695673,0.8,0.0639998160627242,-0.024347957398129456,0.366855955519205,True
21.85,14.887711242295376,6.0039288431016695,17.06177683220016,0.003928843101669521,0.011595342702447923,0.799994695152555,0.8,0.06399981983196479,-0.021614022800158977,0.36763582044063303,True
21.900000000000002,14.927712596003328,6.003973909796637,17.101778185908113,0.003973909796637365,0.008846858248807732,0.7999948038612409,0.8,0.06399982352396726,-0.01890880870287939,0.3684034992273334,True
21.950000000000003,14.967713648276662,6.003953027227404,17.14177923818145,0.0039530272274044265,0.006387513400640377,0.7999949103422308,0.8,0.06399982714031444,-0.016397000148422575,0.3691524442046997,True
22.0,15.00771436143195,6.003875083550062,17.181779951336736,0.003875083550061831,0.004199499406948425,0.7999950146411756,0.8,0.06399983068255644,-0.014073887776830406,0.3698787710277005,True
22.05,15.047714725708389,6.003748991406043,17.221780315613174,0.003748991406043345,0.0022704612920307335,0.7999951168027905,0.8,0.06399983415221196,-0.011940197903560254,0.37057700435659857,True
22.1,15.087714756834574,6.00358355298232,17.261780346739357,0.0035835529823202705,0.0005898064555022715,0.7999952168708744,0.8,0.06399983755076821,-0.009998339259300762,0.3712412962525296,True
22.150000000000002,15.127714490215812,6.0033859356277475,17.301780080120597,0.0033859356277474717,-0.0008606696489732546,0.7999953148883288,0.8,0.06399984087968225,-0.008240514890375682,0.3713584918150783,True
22.200000000000003,15.167713969111992,6.003162609439089,17.34177955901678,0.0031626094390890813,-0.0020989776047468526,0.799995410897176,0.8,0.06399984414038087,-0.006658101279376984,0.37121427002663676,True
22.25,15.20771323985195,6.00291930225758,17.381778829756733,0.002919302257580192,-0.0031432738257400395,0.799995504938577,0.8,0.06399984733426217,-0.0052412287487569,0.3711477644635883,True
22.3,15.247712348234348,6.002661051684599,17.421777938139133,0.0026610516845986254,-0.004011455592648572,0.7999955970528495,0.8,0.06399985046269513,-0.003979269033452414,0.37114855493432825,True
22.35,15.287711337355551,6.002392298198323,17.46177692726034,0.002392298198323317,-0.004720636568083275,0.799995687279485,0.8,0.06399985352702088,-0.002861507987145683,0.37120707072119585,True
22.400000000000002,15.327710246263827,6.002116931315824,17.501775836168612,0.002116931315823578,-0.0052870486960474895,0.7999957756571655,0.8,0.0639998565285532,-0.0018773125295854312,0.3713145695881339,True
22.450000000000003,15.367709109247423,6.001838339482916,17.541774699152207,0.001838339482915785,-0.005725947208700302,0.7999958622237806,0.8,0.06399985946857865,-0.0010163004420707608,0.37146311263776455,True
22.5,15.407707955562602,6.00155945543439,17.581773545467385,0.0015594554343900668,-0.006051570755166783,0.7999959470164432,0.8,0.06399986234835778,-0.00026844738408638173,0.37164552785868177,True
22.55,15.447706809461307,6.0012827969197025,17.621772399366094,0.0012827969197024558,-0.006277141409394824,0.7999960300715058,0.8,0.06399986516912495,0.00037585353230495055,0.37185536697320104,True
22.6,15.487705690429273,6.00101050499809,17.661771280334058,0.0010105049980904113,-0.006414880637446038,0.7999961114245759,0.8,0.06399986793208944,0.0009257518940692812,0.3720868604289421,True
22.650000000000002,15.527704613558772,6.0007443796765925,17.701770203463557,0.000744379676592466,-0.006476038388446553,0.7999961911105316,0.8,0.06399987063843564,0.001389917339323204,0.3723348715490783,True
22.700000000000003,15.56770359000109,6.000485913167535,17.741769179905873,0.0004859131675347683,-0.006470930076542965,0.7999962691635357,0.8,0.06399987328932373,0.0017765283726304398,0.372594851061439,True
22.75,15.607702627457558,6.000236320943919,17.78176821736234,0.00023632094391867753,-0.0064089782676313364,0.7999963456170514,0.8,0.0639998758858903,0.0020932691393955394,0.37286279272024847,True
22.8,15.64770173067846,5.999996570671935,17.821767320583245,-3.429328065074344e-06,-0.00629875732157128,0.7999964205038559,0.8,0.06399987842924829,0.002347332270011506,0.37312833175569643,True
22.85,15.687700901947904,5.999767409111133,17.86176649185269,-0.00023259088886717905,-0.006148039631779814,0.7999964938560548,0.8,0.06399988092048822,0.002545426285027631,0.3729438152355957,True
22.900000000000002,15.727700141539625,5.999549387059608,17.90176573144441,-0.0004506129403916148,-0.005963842542284762,0.7999965657050958,0.8,0.06399988336067787,0.002693786518557075,0.37278035928142395,True
22.950000000000003,15.767699448133987,5.999342882418927,17.941765038038774,-0.0006571175810732299,-0.005752475277715059,0.7999966360817822,0.8,0.0639998857508635,0.0027981887808603517,0.3726364748640378,True
23.0,15.807698819190755,5.9991481214554065,17.98176440909554,-0.000851878544593454,-0.005519585382443228,0.799996705016286,0.8,0.06399988809206965,0.0028639651413579484,0.3725107170297548,True
23.05,15.84769825127531,5.998965198336002,18.021763841180096,-0.0010348016639980528,-0.005270204285796746,0.7999967725381608,0.8,0.06399989038530002,0.0028960213333146696,0.37240169084573826,True
23.1,15.887697740338407,5.9987940930190975,18.061763330243192,-0.0012059069809025047,-0.00500879169643101,0.799996838676355,0.8,0.06399989263153756,0.0028988553655304246,0.3723080561018093,True
23.150000000000002,15.927697281951279,5.998634687582289,18.101762871856064,-0.0013653124177110953,-0.004739278595108768,0.7999969034592231,0.8,0.06399989483174541,0.0028765769905425985,0.3722285309036747,True
23.200000000000003,15.967696871499014,5.9984867810703415,18.1417624614038,-0.0015132189296584997,-0.004465108648062196,0.7999969669145393,0.8,0.06399989698686667,0.0028329277305242195,0.37216189428107105,True
23.25,16.007696504335918,5.998350102947032,18.181762094240703,-0.0016498970529683632,-0.004189277906420954,0.7999970290695079,0.8,0.06399989909782539,0.00277130120485611,0.37210698792464403,True
23.3,16.047696175906932,5.998224325234399,18.221761765811717,-0.0017756747656010319,-0.003914372693504593,0.7999970899507762,0.8,0.0639999011655264,0.0026947635400800013,0.3720627171566757,True
23.35,16.087695881839316,5.998109073422186,18.2617614717441,-0.0018909265778139783,-0.0036426056126240168,0.7999971495844455,0.8,0.06399990319085612,0.0026060736749821045,0.3720280512327395,True
23.400000000000002,16.127695618008815,5.9980039362289,18.3017612079136,-0.001996063771099621,-0.003375849634417129,0.7999972079960818,0.8,0.06399990517468283,0.002507703401956468,0.3720020230637319,True
23.450000000000003,16.167695380584234,5.9979084742941415,18.34176097048902,-0.0020915257058584658,-0.0031156702453590994,0.7999972652107274,0.8,0.06399990711785705,0.002401857011067408,0.3719837284404762,True
23.5,16.20769516605419,5.997822227879625,18.381760755958975,-0.0021777721203752876,-0.002863355658441504,0.7999973212529117,0.8,0.06399990902121179,0.002290490425826557,0.37197232483613546,True
23.55,16.24769497123938,5.997744723653786,18.421760561144165,-0.002255276346214252,-0.00261994510349819,0.7999973761466609,0.8,0.06399991088556306,0.0021753297399069813,0.37196702985501073,True
23.6,16.287694793293397,5.997675480632028,18.461760383198182,-0.0023245193679723997,-0.002386255228587468,0.7999974299155093,0.8,0.06399991271171006,0.0020578890820628884,0.37196711938994254,True
23.650000000000002,16.327694629694726,5.997614015341645,18.50176021959951,-0.002385984658355156,-0.002162904655494137,0.7999974825825086,0.8,0.06399991450043577,0.0019394877525750222,0.37197192554449443,True
23.700000000000003,16.367694478232202,5.997559846277277,18.541760068136988,-0.002440153722723437,-0.00195033674203047,0.7999975341702384,0.8,0.06399991625250678,0.0018212665887850235,0.37198083437038254,True
23.75,16.407694336985852,5.997512497709439,18.581759926890637,-0.002487502290560606,-0.0017488406116084126,0.7999975847008156,0.8,0.0639999179686743,0.001704203529861478,0.37199328346522287,True
23.8,16.44769420430472,5.997471502905339,18.621759794209506,-0.0025284970946612972,-0.001558570516723485,0.7999976341959035,0.8,0.06399991964967411,0.0015891283619710326,0.372008759470626,True
23.85,16.487694078782994,5.997436406817763,18.66175966868778,-0.0025635931822369784,-0.0013795636077151192,0.7999976826767219,0.8,0.06399992129622675,0.001476736634668226,0.3720267955059532,True
23.900000000000002,16.527693959235457,5.997406768294494,18.70175954914024,-0.0025932317055064047,-0.0012117561816139633,0.7999977301640554,0.8,0.06399992290903818,0.001367602747648039,0.3720469685686829,True
23.950000000000003,16.567693844673112,5.997382161857307,18.741759434577897,-0.0026178381426928965,-0.0010549984882071285,0.7999977766782629,0.8,0.06399992448879982,0.0012621922141804209,0.3720688969282909,True
24.0,16.607693734279575,5.997362179096359,18.78175932418436,-0.002637820903641064,-0.0009090681717876756,0.799997822239286,0.8,0.06399992603618894,0.0011608731136425077,0.3720922375368305,True
24.05,16.647693627388666,5.997346429722528,18.82175921729345,-0.0026535702774719283,-0.0007736824275336372,0.7999978668666575,0.8,0.06399992755186902,0.0010639267506799823,0.372116683476004,True
24.1,16.687693523463555,5.997334542317168,18.86175911336834,-0.0026654576828324394,-0.0006485089512021086,0.7999979105795104,0.8,0.06399992903648964,0.0009715575428063246,0.3721419614574014,True
24.150000000000002,16.7276934220776,5.997326164815716,18.901759011982385,-0.0026738351842841013,-0.0005331757599320027,0.7999979533965852,0.8,0.06399993049068742,0.0008839021616747125,0.37216782938979276,True
24.200000000000003,16.767693322897006,5.997320964758699,18.94175891280179,-0.0026790352413010865,-0.0004272799605231157,0.7999979953362385,0.8,0.06399993191508563,0.0008010379560612254,0.37219407402479504,True
24.25,16.80769322566532,5.997318629340904,18.981758815570107,-0.0026813706590962383,-0.00033039553968594007,0.7999980364164507,0.8,0.06399993331029498,0.0007229906866928889,0.372220508689978,True
24.3,16.84769313018972,5.997318865286854,19.021758720094507,-0.002681134713146349,-0.0002420802485167112,0.7999980766548339,0.8,0.06399993467691352,0.0006497416046468342,0.37224697111642435,True
24.35,16.887693036329043,5.99732139857821,19.06175862623383,-0.0026786014217901055,-0.0001618816509156847,0.799998116068639,0.8,0.0639999360155272,0.0005812339061228041,0.37227332136595226,True
24.400000000000002,16.927692943983427,5.997325974056355,19.101758533888212,-0.0026740259436452973,-8.93424028970215e-05,0.7999981546747637,0.8,0.0639999373267098,0.0005173785970480692,0.3722994398616086,True
24.450000000000003,16.96769285308547,5.997332354921189,19.141758442990255,-0.0026676450788105655,-2.4004826793585374e-05,0.799998192489759,0.8,0.06399993861102353,0.00045805980123010226,0.3723252255236469,True
24.5,17.00769276359275,5.997340322145074,19.181758353497536,-0.002659677854926379,3.4585158712061344e-05,0.7999982295298371,0.8,0.06399993986901906,0.0004031395457455229,0.3723300504276965,True
24.55,17.047692675481564,5.9973496738188805,19.22175826538635,-0.002650326181119489,8.68746949535828e-05,0.799998265810878,0.8,0.06399994110123555,0.0003524620569114359,0.37232387250621257,True
24.6,17.08769258874178,5.997360224445323,19.261758178646566,-0.00263977555467676,0.00013330117146462153,0.7999983013484359,0.8,0.06399994230820143,0.00030585759961504174,0.37232063510809066,True
24.650000000000002,17.12769250337264,5.997371804192999,19.301758093277424,-0.0026281958070013545,0.0001742898946099158,0.7999983361577466,0.8,0.06399994349043395,0.000263145892031457,0.3723200419931221,True
24.700000000000003,17.16769241937938,5.997384258123039,19.341758009284167,-0.0026157418769612306,0.00021025218848431135,0.7999983702537337,0.8,0.06399994464844008,0.00022413912681274053,0.3723218159863929,True
24.75,17.207692336770602,5.997397445398803,19.381757926675387,-0.0026025546011974043,0.00024158388304769326,0.7999984036510147,0.8,0.06399994578271617,0.00018864462878549922,0.37232569863390863,True
24.8,17.247692255556196,5.997411238487711,19.42175784546098,-0.0025887615122890395,0.0002686641475486651,0.7999984363639078,0.8,0.06399994689374866,0.00015646717802593745,0.3723314497481254,True
24.85,17.287692175745825,5.997425522363107,19.46175776565061,-0.00257447763689278,0.0002918546302939918,0.7999984684064376,0.8,0.06399994798201374,0.00012741102593539634,0.37233884686283575,True
24.900000000000002,17.327692097347803,5.997440193712913,19.50175768725259,-0.00255980628708663,0.00031149886873014127,0.7999984997923416,0.8,0.06399994904797791,0.00010128163063340862,0.3723476846148682,True
24.950000000000003,17.367692020368313,5.997455160160832,19.5417576102731,-0.0025448398391683114,0.00032792193660716754,0.7999985305350755,0.8,0.06399995009209816,7.78871366505373e-05,0.3723577740682046,True
25.0,17.407691944810917,5.997470339504924,19.581757534715702,-0.0025296604950764134,0.000341430297684155,0.7999985606478194,0.8,0.06399995111482219,5.7039622536601554e-05,0.3723689419943971,True
25.05,17.44769187067628,5.997485658977567,19.621757460581065,-0.0025143410224330864,0.0003523118380029495,0.7999985901434832,0.8,0.06399995211658838,3.855613862817905e-05,0.37238103012157153,True
25.1,17.487691797962064,5.9975010545300504,19.66175738786685,-0.002498945469949554,0.0003608360511986977,0.7999986190347123,0.8,0.0639999530978263,2.2259555845602105e-05,0.37239389436283593,True
25.150000000000002,17.527691726662948,5.997516470144385,19.701757316567733,-0.002483529855615174,0.00036725435362893177,0.799998647333893,0.8,0.06399995405895642,7.979245055402863e-06,0.3724074040335439,True
25.200000000000003,17.567691656770744,5.997531857174317,19.74175724667553,-0.002468142825683195,0.00037180050828580563,0.7999986750531578,0.8,0.063999955000391,-4.448394797020288e-06,0.372421441065626,True
25.25,17.607691588274594,5.997547173717016,19.78175717817938,-0.002452826282984155,0.00037469113850827757,0.7999987022043905,0.8,0.06399995592253349,-1.5179542888131392e-05,0.37243589922607323,True
25.3,17.647691521161185,5.9975623840164145,19.82175711106597,-0.002437615983585495,0.00037612631443433405,0.7999987287992314,0.8,0.06399995682577932,-2.4362681374361526e-05,0.3724506833455991,True
25.35,17.687691455415017,5.9975774578987915,19.861757045319802,-0.0024225421012085135,0.0003762901969297746,0.7999987548490822,0.8,0.0639999577105157,-3.2138424465321666e-05,0.37246570856258515,True
25.400000000000002,17.72769139101866,5.9975923702408265,19.901756980923444,-0.002407629759173524,0.00037535172540086704,0.7999987803651111,0.8,0.06399995857712198,-3.86394384235228e-05,0.3724808995865574,True
25.450000000000003,17.76769132795302,5.997607100470044,19.941756917857806,-0.0023928995299558053,0.00037346533744860277,0.7999988053582573,0.8,0.06399995942596955,-4.3990440304517934e-05,0.3724961899846727,True
25.5,17.80769126619762,5.997621632097305,19.981756856102404,-0.0023783679026951887,0.0003707717097558933,0.7999988298392359,0.8,0.06399996025742247,-4.8308264311681305e-05,0.372511521494009,True
25.55,17.847691205730815,5.997635952280772,20.0217567956356,-0.002364047719227713,0.00036739851091902276,0.7999988538185424,0.8,0.06399996107183703,-5.1701985636170085e-05,0.37252684336183817,True
25.6,17.887691146530052,5.997650051420613,20.061756736434837,-0.0023499485793871955,0.00036346115814725027,0.7999988773064572,0.8,0.06399996186956254,-5.4273092608881054e-05,0.37254211171552054,True
25.650000000000002,17.927691088572068,5.997663922783507,20.101756678476853,-0.0023360772164933152,0.00035906357086409294,0.7999989003130502,0.8,0.06399996265094089,-5.6115698857669774e-05,0.372557288963167,True
25.700000000000003,17.967691031833084,5.9976775621559515,20.14175662173787,-0.0023224378440485083,0.00035429891525555615,0.7999989228481846,0.8,0.06399996341630718,-5.731678802576231e-05,0.37257234322580457,True
25.75,18.007690976288973,5.997690967525216,20.18175656619376,-0.0023090324747840896,0.00034925033472938164,0.7999989449215219,0.8,0.06399996416598933,-5.795648435541823e-05,0.3725872478013972,True
25.8,18.047690921915414,5.997704138786746,20.2217565118202,-0.002295861213253758,0.00034399166208141723,0.7999989665425252,0.8,0.06399996490030893,-5.81083431925208e-05,0.37260198066076433,True
25.85,18.08769086868802,5.997717077476766,20.261756458592806,-0.002282922523233921,0.0003385881099149488,0.7999989877204641,0.8,0.06399996561958063,-5.783965612986448e-05,0.372616523975162,True
25.900000000000002,18.127690816582458,5.99772978652877,20.301756406487243,-0.0022702134712302424,0.0003330969365318951,0.7999990084644177,0.8,0.06399996632411296,-5.721176612303237e-05,0.3726308636750472,True
25.950000000000003,18.16769076557453,5.997742270052597,20.341756355479315,-0.002257729947403142,0.0003275680851164395,0.7999990287832798,0.8,0.06399996701420772,-5.628038849706849e-05,0.37264498903936016,True
26.0,18.207690715640272,5.997754533134774,20.381756305545057,-0.0022454668652258647,0.0003220447945660548,0.7999990486857611,0.8,0.06399996769016103,-5.509593429656948e-05,0.37265889231449434,True
26.05,18.247690666756,5.997766581658802,20.421756256660785,-0.0022334183411976127,0.000316564180798418,0.7999990681803945,0.8,0.0639999683522625,-5.3703832892273024e-05,0.3726725683619806,True
26.1,18.287690618898377,5.997778422144096,20.461756208803163,-0.0022215778559040444,0.0003111577877791066,0.7999990872755375,0.8,0.06399996900079616,-5.214485121934724e-05,0.37268601433381476,True
26.150000000000002,18.327690572044457,5.9977900616023,20.501756161949242,-0.0022099383976996734,0.00030585210787812295,0.7999991059793767,0.8,0.06399996963603989,-5.045540741125557e-05,0.37269922937427125,True
26.200000000000003,18.367690526171707,5.997801507409753,20.541756116076492,-0.0021984925902467367,0.0003006690714790761,0.7999991242999309,0.8,0.06399997025826612,-4.866787696825739e-05,0.37271221434698754,True
26.25,18.407690481258044,5.997812767194883,20.58175607116283,-0.002187232805116679,0.00029562650603673644,0.7999991422450545,0.8,0.06399997086774142,-4.6810889912065975e-05,0.3727249715860587,True
26.3,18.447690437281846,5.997823848739389,20.62175602718663,-0.0021761512606106592,0.0002907385650100531,0.7999991598224409,0.8,0.06399997146472734,-4.490961768255544e-05,0.3727375046698549,True
26.35,18.48769039422197,5.9978347598920925,20.661755984126756,-0.002165240107907529,0.00028601612729274557,0.7999991770396258,0.8,0.06399997204947971,-4.298604879732735e-05,0.37274981821627123,True
26.400000000000002,18.52769035205776,5.997845508494396,20.701755941962546,-0.0021544915056042058,0.0002814671679258699,0.7999991939039907,0.8,0.06399997262224913,-4.105925251989369e-05,0.37276191769811096,True
26.450000000000003,18.567690310769038,5.9978561023163435,20.741755900673823,-0.002143897683656526,0.00027709710100968653,0.7999992104227656,0.8,0.06399997318328131,-3.9145629998154677e-05,0.37277380927732195,True
26.5,18.607690270336114,5.997866549002325,20.7817558602409,-0.002133450997675368,0.00027290909583798647,0.7999992266030325,0.8,0.06399997373281666,-3.7259152517817335e-05,0.3727854996568278,True
26.55,18.647690230739784,5.997876856025514,20.82175582064457,-0.002123143974485764,0.00026890436736054377,0.7999992424517282,0.8,0.06399997427109086,-3.54115866658873e-05,0.37279699594871807,True
26.6,18.68769019196132,5.997887030650204,20.861755781866105,-0.002112969349796323,0.00026508244214088937,0.7999992579756473,0.8,0.06399997479833462,-3.361270634859519e-05,0.3728083055576037,True
26.650000000000002,18.727690153982465,5.997897079901227,20.90175574388725,-0.002102920098772998,0.000261441401019139,0.7999992731814454,0.8,0.06399997531477399,-3.187049172797764e-05,0.37281943607798423,True
26.700000000000003,18.767690116785424,5.997907010539736,20.94175570669021,-0.0020929894602641497,0.0002579780997162775,0.7999992880756414,0.8,0.06399997582063036,-3.0191315235783504e-05,0.3728303952045137,True
26.75,18.80769008035286,5.9979168290446285,20.981755670257645,-0.0020831709553714717,0.00025468836862869987,0.7999993026646208,0.8,0.06399997631612048,-2.8580114911309757e-05,0.3728411906540989,True
26.8,18.847690044667868,5.997926541598997,21.021755634572653,-0.0020734584010027035,0.0002515671930614023,0.7999993169546382,0.8,0.06399997680145698,-2.7040555395281017e-05,0.3728518300988244,True
26.85,18.88769000971398,5.9979361540809935,21.061755599618767,-0.002063845919006546,0.0002486088751376081,0.7999993309518201,0.8,0.06399997727684778,-2.557517695118256e-05,0.37286232110873646,True
26.900000000000002,18.927689975475158,5.997945672058567,21.101755565379943,-0.0020543279414333426,0.00024580717860332095,0.7999993446621672,0.8,0.06399997774249686,-2.4185532949432168e-05,0.3728726711035797,True
26.950000000000003,18.967689941935756,5.9979551007875695,21.14175553184054,-0.002044899212430451,0.00024315545771775294,0.7999993580915574,0.8,0.06399997819860376,-2.2872316271307843e-05,0.37288288731262503,True
27.0,19.007689909080536,5.997964445212776,21.18175549898532,-0.0020355547872243918,0.00024064677138708644,0.7999993712457484,0.8,0.06399997864536396,-2.1635475139447286e-05,0.3728929767417928,True
27.05,19.047689876894644,5.997973709971385,21.22175546679943,-0.0020262900286152075,0.00023827398366062686,0.7999993841303794,0.8,0.06399997908296914,-2.0474318880463306e-05,0.3729029461473129,True
27.1,19.087689845363602,5.997982899398634,21.261755435268388,-0.00201710060136584,0.00023602985166592893,0.7999993967509745,0.8,0.06399997951160674,-1.938761414504483e-05,0.3729128020152209,True
27.150000000000002,19.127689814473296,5.9979920175351715,21.30175540437808,-0.0020079824648284728,0.0002339071020136068,0.7999994091129444,0.8,0.06399997993146055,-1.837367212394848e-05,0.37292255054604023,True
