time_s,x_m,y_m,progress_m,lateral_error_m,heading_error_rad,speed_mps,target_speed_mps,drive,steer,clearance_m,reference_valid
0.0,0.0,-0.2,0.0,-0.2,-0.15,0.0,0.5,0.35,0.45836623610465826,0.13202048991333573,True
0.05,0.0014463123715000156,-0.200187501709664,0.0014463123715000156,-0.200187501709664,-0.14976841575479244,0.05831443590147568,0.5,0.35,0.45969126105694114,0.13189667495765856,True
0.1,0.005801182227611627,-0.20062417322993428,0.005801182227611627,-0.20062417322993428,-0.14814123264494367,0.11651566605872463,0.5,0.35,0.45997822404348576,0.13190774016884627,True
0.15000000000000002,0.013085400586132653,-0.20110229041126806,0.013085400586132653,-0.20110229041126806,-0.14369322474943977,0.1744913620874936,0.5,0.35,0.4574582865913983,0.13265579884994452,True
0.2,0.023314215394500584,-0.2013717437431828,0.023314215394500584,-0.2013717437431828,-0.13493750967189555,0.23213093591663345,0.5,0.35,0.45023345514988333,0.1348096072424052,True
0.25,0.03647720788063495,-0.20124015331234113,0.03647720788063495,-0.20124015331234113,-0.12119844730279566,0.2893263743246895,0.5,0.30126328471569397,0.4373190403747687,0.1387689108095917,True
0.30000000000000004,0.05231641253296446,-0.200736935982998,0.05231641253296446,-0.200736935982998,-0.10393655520171086,0.3378940135076773,0.5,0.23813176945428077,0.4202452930436604,0.14412402390817547,True
0.35000000000000003,0.07030797066620441,-0.19993265600630442,0.07030797066620441,-0.19993265600630442,-0.08502125222742365,0.37545993118837984,0.5,0.18927568676564582,0.4010222851795709,0.15029795933203122,True
0.4,0.08994819320064548,-0.1987966593367991,0.08994819320064548,-0.1987966593367991,-0.06528025115120527,0.4044697584523338,0.5,0.15152783584254026,0.3804441703826325,0.15709512354421815,True
0.45,0.11084590080506046,-0.19731368752768144,0.11084590080506046,-0.19731368752768144,-0.04532622434144383,0.42684383489895,0.5,0.12239881377030908,0.359109489500991,0.16435741505086823,True
0.5,0.1326984202141243,-0.19548266509182488,0.1326984202141243,-0.19548266509182488,-0.025609356196521712,0.4440824525517584,0.5,0.09994227547982461,0.33747293761500563,0.1719531751787396,True
0.55,0.1552724777481292,-0.19331290499254453,0.1552724777481292,-0.19331290499254453,-0.00645018342799392,0.45735322800753725,0.5,0.08264259300150807,0.3158730834268934,0.1797740041082106,True
0.6000000000000001,0.17838895052587425,-0.190820787858538,0.17838895052587425,-0.190820787858538,0.011931203312554352,0.4675621943213952,0.5,0.06932317433246513,0.29455708500192423,0.18064462582554094,True
0.65,0.20191079514836105,-0.18802713850971603,0.20191079514836105,-0.18802713850971603,0.029390629308428347,0.4754108174994004,0.5,0.059072777358275805,0.27370169586798254,0.17829908541412404,True
0.7000000000000001,0.22573355674665646,-0.18495526949648167,0.22573355674665646,-0.18495526949648167,0.045840176527278405,0.4814412442832914,0.5,0.05118694253232968,0.2534303163493344,0.17656627527501384,True
0.75,0.24977794694634947,-0.1816295865497844,0.24977794694634947,-0.1816295865497844,0.0612329286447634,0.4860719306443402,0.5,0.045121823707531164,0.233826408401966,0.1754298650324572,True
0.8,0.27398406413091714,-0.17807463471369778,0.27398406413091714,-0.17807463471369778,0.07555140151743865,0.4896255323291072,0.5,0.04045801537898409,0.21494382372195722,0.17486452097302896,True
0.8500000000000001,0.2983069072532414,-0.17431447373158238,0.2983069072532414,-0.17431447373158238,0.08879891519364813,0.4923506420513702,0.5,0.036872342506274816,0.19681463471385569,0.17483939896776574,True
0.9,0.3227129024080154,-0.17037229046588495,0.3227129024080154,-0.17037229046588495,0.10099324185563058,0.4944386745324367,0.5,0.034115936796808646,0.17945500690785882,0.175320615897387,True
0.9500000000000001,0.3471772186912742,-0.16627017662641858,0.3471772186912742,-0.16627017662641858,0.11216197728853873,0.49603694931431797,0.5,0.031997243622745294,0.16286956696462526,0.17627296367386372,True
1.0,0.37168169704408194,-0.16202901833758301,0.37168169704408194,-0.16202901833758301,0.12233919757919044,0.49725880801481254,0.5,0.03036887720160852,0.14705463173011238,0.17766107229075248,True
1.05,0.3962132539212301,-0.15766845894691714,0.3962132539212301,-0.15766845894691714,0.131563063267281,0.49819142673951866,0.5,0.029117468184834384,0.13200058389099906,0.17945017832555166,True
1.1,0.4207626520699863,-0.1532069079528013,0.4207626520699863,-0.1532069079528013,0.13987411575967093,0.49890184194267007,0.5,0.02815583164214232,0.11769361301844193,0.18160661481420237,True
1.1500000000000001,0.4453235547657158,-0.14866157745903683,0.4453235547657158,-0.14866157745903683,0.14731407591239232,0.4994415942890306,0.5,0.02741693052856662,0.10411698739803922,0.18409810697327028,True
1.2000000000000002,0.4698917987277361,-0.14404853372762902,0.4698917987277361,-0.14404853372762902,0.15392500463558947,0.4998503051131473,0.5,0.026849226221408822,0.09125198050280935,0.18689393451723782,True
1.25,0.49446483566367333,-0.13938275575209672,0.49446483566367333,-0.13938275575209672,0.15974872301750104,0.50015842943052,0.5,0.02641309929417144,0.07907854422171473,0.18996500377105285,True
1.3,0.5190413038271887,-0.13467819578134876,0.5190413038271887,-0.13467819578134876,0.16482641746848992,0.5003893742723036,0.5,0.026078095287505373,0.06757579699386039,0.19328385999515005,True
1.35,0.54362069982721,-0.1299478387610222,0.54362069982721,-0.1299478387610222,0.16919837602920587,0.5005611281776585,0.5,0.02582080597467868,0.05672237706442539,0.19682466113600444,True
1.4000000000000001,0.5682031277631159,-0.12520375900853273,0.5682031277631159,-0.12520375900853273,0.17290381709741248,0.5006875143674371,0.5,0.025623239877965588,0.04649669773794369,0.2005631276504224,True
1.4500000000000002,0.5927891080294077,-0.12045717330930898,0.5927891080294077,-0.12045717330930898,0.17598078282808424,0.500779154338985,0.5,0.025471569287628934,0.03687713162592537,0.20447647840707117,True
1.5,0.6173794321891573,-0.11571849016603458,0.6173794321891573,-0.11571849016603458,0.17846607743292411,0.5008442086978063,0.5,0.0253551669243449,0.027842143596064833,0.20854335940643332,True
1.55,0.6419750534346018,-0.11099735525754731,0.6419750534346018,-0.11099735525754731,0.18039523635923108,0.5008889466658863,0.5,0.02526586536905628,0.019370386766178672,0.21274376978501192,True
1.6,0.6665770045507811,-0.10630269334431702,0.6665770045507811,-0.10630269334431702,0.18180251646540874,0.5009181838521375,0.5,0.025197387792740562,0.01144077194870021,0.21705898799400228,True
1.6500000000000001,0.6911863371407354,-0.1016427469447514,0.6911863371407354,-0.1016427469447514,0.18272090027407492,0.5009356187380609,0.5,0.025144910390305933,0.004032518068249442,0.22147149996017684,True
1.7000000000000002,0.7158040772871519,-0.09702511213596579,0.7158040772871519,-0.09702511213596579,0.1831821094979064,0.5009440913003675,0.5,0.025104726064065632,-0.0028748110315041046,0.22596493029989417,True
1.75,0.7404311939145866,-0.09245677182747294,0.7404311939145866,-0.09245677182747294,0.18321662453445406,0.5009457817809982,0.5,0.025073985937752702,-0.009301279510190644,0.2305239771612856,True
1.8,0.7650685769547004,-0.08794412683182397,0.7650685769547004,-0.08794412683182397,0.18285370768608697,0.5009423634518774,0.5,0.025050500694965606,-0.015266559415683837,0.23513435094093293,True
1.85,0.789717023062827,-0.08349302502239338,0.789717023062827,-0.08349302502239338,0.18212142860460723,0.5009351200197407,0.5,0.025032587899364692,-0.02078991557207665,0.23978271690785188,True
1.9000000000000001,0.8143772271325104,-0.0791087888313678,0.8143772271325104,-0.0791087888313678,0.18104669097711668,0.5009250358541,0.5,0.025018954655638737,-0.025890194092914362,0.24445664163306055,True
1.9500000000000002,0.8390497782397885,-0.07479624130423008,0.8390497782397885,-0.07479624130423008,0.17965525982553404,0.5009128653282463,0.5,0.02500860743198649,-0.03058581355912866,0.24914454304217218,True
2.0,0.8637351589472706,-0.07055973089267599,0.8637351589472706,-0.07055973089267599,0.17797178903369368,0.5008991861077786,0.5,0.025000782757407893,-0.03489475819848182,0.25383564386378576,True
2.0500000000000003,0.8884337471296264,-0.06640315513697875,0.8884337471296264,-0.06640315513697875,0.1760198488769527,0.5008844401023528,0.5,0.02499489396193348,-0.03883457261359814,0.25851992822585507,True
2.1,0.9131458196623876,-0.06232998336170709,0.9131458196623876,-0.06232998336170709,0.1738219534338996,0.500868964936385,0.5,0.024990490246196827,-0.04242235775290317,0.2631881011473778,True
2.15,0.9378715574567553,-0.058343278485398206,0.9378715574567553,-0.058343278485398206,0.17139958782540518,0.5008530181334622,0.5,0.02498722522628492,-0.04567476792063038,0.2678315506779715,True
2.2,0.962611051433455,-0.05444571802507036,0.962611051433455,-0.05444571802507036,0.16877323526522522,0.500836795701192,0.5,0.024984832760427404,-0.048608008691348036,0.2724423124493224,True
2.25,0.9873643091154853,-0.05063961435999882,0.9873643091154853,-0.05063961435999882,0.16596240392739395,0.5008204464127813,0.5,0.02498310837181888,-0.05123783564063212,0.2770130364174906,True
2.3000000000000003,1.0121312615881775,-0.04692693430560262,1.0121312615881775,-0.04692693430560262,0.16298565364491469,0.5008040827815585,0.5,0.02498189497208407,-0.05357955383336146,0.28153695559188574,True
2.35,1.0369117706293733,-0.0433093180372225,1.0369117706293733,-0.0433093180372225,0.15986062245606475,0.5007877894940383,0.5,0.02498107188979116,-0.055648018029614,0.28600785656422445,True
2.4000000000000004,1.0617056358558568,-0.039788097394656524,1.0617056358558568,-0.039788097394656524,0.15660405301197908,0.500771629889896,0.5,0.024980546438893587,-0.05745763357886505,0.2904200516681943,True
2.45,1.086512601766843,-0.03636431359123344,1.086512601766843,-0.03636431359123344,0.15323181885409556,0.5007556509410105,0.5,0.024980247439102973,-0.05902235797868877,0.29476835261740025,True
2.5,1.111332364593168,-0.03303873434565536,1.111332364593168,-0.03303873434565536,0.1497589505639033,0.5007398870770622,0.5,0.02498012023631873,-0.06035570307626549,0.2990480454851507,True
2.5500000000000003,1.1361645788832742,-0.0298118704505752,1.1361645788832742,-0.0298118704505752,0.14619966178112034,0.5007243631247253,0.5,0.024980122875848547,-0.061470737891000445,0.30325486690459885,True
2.6,1.16100886377523,-0.026683991788670862,1.16100886377523,-0.026683991788670862,0.14256737508049772,0.5007090965656766,0.5,0.024980223161546435,-0.06238009203534195,0.30738498138158843,True
2.6500000000000004,1.1858648089187445,-0.023655142804647047,1.1858648089187445,-0.023655142804647047,0.138874747692219,0.5006940992711306,0.5,0.02498039639577694,-0.06309595970907109,0.31143495962524237,True
2.7,1.2107319800230627,-0.020725157439975724,1.2107319800230627,-0.020725157439975724,0.1351336970465123,0.5006793788341023,0.5,0.02498062364259353,-0.06363010424033072,0.3154017578128776,True
2.75,1.2356099240163312,-0.017893673536139805,1.2356099240163312,-0.017893673536139805,0.13135542611965928,0.5006649395925383,0.5,0.024980890393006938,-0.06399386314473696,0.31928269771626894,True
2.8000000000000003,1.2604981738098646,-0.015160146711555994,1.2604981738098646,-0.015160146711555994,0.12755044855607328,0.5006507834148964,0.5,0.024981185539258693,-0.06419815367220646,0.3230754476256542,True
2.85,1.2853962526670966,-0.012523863717123915,1.2853962526670966,-0.012523863717123915,0.12372861353945722,0.5006369103031806,0.5,0.02498150058656547,-0.06425347880977997,0.3267780040162464,True
2.9000000000000004,1.3103036781820858,-0.009983955275398053,1.3103036781820858,-0.009983955275398053,0.11989913038516961,0.5006233188557055,0.5,0.024981829047359353,-0.06416993370769804,0.3303886739094396,True
2.95,1.3352199658765151,-0.007539408408637996,1.3352199658765151,-0.007539408408637996,0.11607059282572085,0.500610006622077,0.5,0.024982165975777015,-0.06395721249535471,0.3339060578874442,True
3.0,1.3601446324273039,-0.005189078261404503,1.3601446324273039,-0.005189078261404503,0.11225100296169843,0.5005969703753533,0.5,0.024982507609929542,-0.06362461545347373,0.3373290337258258,True
3.0500000000000003,1.3850771985394306,-0.002931699423886836,1.3850771985394306,-0.002931699423886836,0.10844779485127952,0.5005842063205755,0.5,0.02498285109700119,-0.06318105650889157,0.3406567406134129,True
3.1,1.4100171914804145,-0.0007658967627323511,1.4100171914804145,-0.0007658967627323511,0.10466785771273966,0.5005717102544077,0.5,0.024983194282003907,-0.06263507101867198,0.34388856393335465,True
3.1500000000000004,1.4349641472942487,0.0013098042332289404,1.4349641472942487,0.0013098042332289404,0.10091755871592357,0.5005594776872202,0.5,0.02498353554544983,-0.06199482381086337,0.3444045121163498,True
3.2,1.4599176127134939,0.0032969675843393287,1.4599176127134939,0.0032969675843393287,0.0972027653404333,0.5005475039363225,0.5,0.024983873678616896,-0.06126811745001698,0.34346930964319694,True
3.25,1.4848771467887898,0.005197237419898518,1.4848771467887898,0.005197237419898518,0.09352886728023944,0.5005357841970364,0.5,0.024984207787706426,-0.060462400696558845,0.342611499725273,True
3.3000000000000003,1.5098423222552897,0.007012329037130193,1.5098423222552897,0.007012329037130193,0.08990079787647952,0.5005243135967519,0.5,0.02498453722020217,-0.05958477713023607,0.34182788023650695,True
3.35,1.5348127266555123,0.00874402040951839,1.5348127266555123,0.00874402040951839,0.08632305506232021,0.5005130872359179,0.5,0.02498486150829216,-0.058642013909080824,0.3411153015269082,True
3.4000000000000004,1.5597879632378957,0.010394144134184184,1.5597879632378957,0.010394144134184184,0.08279972180588817,0.5005021002190031,0.5,0.024985180325402815,-0.05764055063665172,0.3404706702965835,True
3.45,1.5847676516499407,0.011964579807506637,1.5847676516499407,0.011964579807506637,0.07933448603938166,0.5004913476777607,0.5,0.024985493452809336,-0.05658650831167393,0.3398909530672181,True
3.5,1.6097514284443062,0.013457246817780513,1.6097514284443062,0.013457246817780513,0.07593066006453619,0.5004808247885901,0.5,0.02498580075399045,-0.055485698335599,0.33937317926426736,True
3.5500000000000003,1.6347389474155776,0.014874097543349203,1.6347389474155776,0.014874097543349203,0.07259119942660791,0.5004705267853731,0.5,0.024986102154933142,-0.05434363155502073,0.3389144439244933,True
3.6,1.6597298797846973,0.01621711094435528,1.6597298797846973,0.01621711094435528,0.06931872125094443,0.5004604489688426,0.5,0.024986397629010573,-0.053165527317293536,0.33851191004457637,True
3.6500000000000004,1.6847239142472568,0.017488286536012494,1.6847239142472568,0.017488286536012494,0.06611552203801965,0.5004505867132975,0.5,0.024986687185374806,-0.051956322519101886,0.3381628105873389,True
3.7,1.709720756901001,0.018689638731120683,1.709720756901001,0.018689638731120683,0.0629835949145097,0.5004409354712887,0.5,0.02498697086004847,-0.05072068062910237,0.3378644501626984,True
3.75,1.7347201310670268,0.019823191539416543,1.7347201310670268,0.019823191539416543,0.059924646339575956,0.500431490776755,0.5,0.02498724870909297,-0.04946300066710477,0.33761420640081685,True
3.8000000000000003,1.759721777018263,0.02089097361127598,1.759721777018263,0.02089097361127598,0.056940112266995274,0.500422248246979,0.5,0.02498752080336995,-0.04818742612355971,0.3374095310350834,True
3.85,1.7847254516279158,0.021895013613254775,1.7847254516279158,0.021895013613254775,0.054031173765136435,0.5004132035836449,0.5,0.0249877872245283,-0.046897853804387275,0.3372479507125743,True
3.9000000000000004,1.8097309279496763,0.022837335922969975,1.8097309279496763,0.022837335922969975,0.051198772098027506,0.5004043525732161,0.5,0.024988048061932135,-0.04559794258738405,0.3371270675494942,True
3.95,1.83473799474059,0.02371995663088157,1.83473799474059,0.02371995663088157,0.04844362327189283,0.5003956910867992,0.5,0.024988303410311937,-0.0442911220776192,0.3370445594488519,True
4.0,1.859746455936636,0.024544879836628706,1.859746455936636,0.024544879836628706,0.04576623205256546,0.5003872150796217,0.5,0.024988553367971737,-0.04298060115033593,0.33699818019726596,True
4.05,1.8847561300902076,0.025314094227703636,1.8847561300902076,0.025314094227703636,0.04316690546010484,0.5003789205902242,0.5,0.02498879803542157,-0.04166937637093838,0.3369857593573605,True
4.1000000000000005,1.9097668497778835,0.02602956992840599,1.9097668497778835,0.02602956992840599,0.040645765747775765,0.500370803739438,0.5,0.024989037514339063,-0.040360240282650846,0.33700520197170647,True
4.15,1.9347784609860903,0.026693255607206635,1.9347784609860903,0.026693255607206635,0.03820276287327861,0.5003628607292102,0.5,0.024989271906781636,-0.039055789553393845,0.3370544880937072,True
4.2,1.9597908224815168,0.027307075830860752,1.9597908224815168,0.027307075830860752,0.03583768647076795,0.5003550878413172,0.5,0.024989501314592318,-0.03775843297432878,0.3371316721602314,True
4.25,1.984803805172425,0.02787292865384096,1.984803805172425,0.02787292865384096,0.03355017733276289,0.5003474814360022,0.5,0.024989725838953328,-0.036470399303378184,0.3372348822201666,True
4.3,2.009817291466341,0.02839268343191021,2.009817291466341,0.02839268343191021,0.031339738411543236,0.5003400379505613,0.5,0.024989945580053758,-0.03519564141457979,0.3373623190324254,True
4.3500000000000005,2.0348311748607695,0.02886817092290226,2.0348311748607695,0.02886817092290226,0.029205688848260157,0.500332753897899,0.5,0.024990160636843953,-0.0339541581613668,0.3375122795399187,True
4.4,2.059845361337159,0.029301103956036374,2.059845361337159,0.029301103956036374,0.027146634621498,0.5003256258650667,0.5,0.024990371106857198,-0.032751358477940765,0.33768339170114026,True
4.45,2.0848597685865173,0.02969304949250653,2.0848597685865173,0.02969304949250653,0.02516042533680445,0.5003186505117964,0.5,0.024990577086081756,-0.03158710711040265,0.3378746559307422,True
4.5,2.10987432281417,0.030045497451526983,2.10987432281417,0.030045497451526983,0.023244754141935,0.5003118245690374,0.5,0.024990778668873115,-0.030462179011031355,0.33808520064206116,True
4.55,2.1348889575628367,0.030359877516392398,2.1348889575628367,0.030359877516392398,0.02139729575458612,0.5003051448375042,0.5,0.02499097594789451,-0.029387254654720977,0.3383142247413772,True
4.6000000000000005,2.1599036140024146,0.030637513226731344,2.1599036140024146,0.030637513226731344,0.01961538428964787,0.5002986081862366,0.5,0.02499116901408205,-0.028364067176072108,0.33856113815767197,True
4.65,2.184918240241095,0.030879606979480462,2.184918240241095,0.030879606979480462,0.01789598474839853,0.5002922115511805,0.5,0.02499135795662515,-0.027391027167896244,0.33882558536164287,True
4.7,2.209932789611282,0.03108728428157949,2.209932789611282,0.03108728428157949,0.016236058462898145,0.5002859519337876,0.5,0.024991542862961697,-0.02646694861621079,0.339107293448923,True
4.75,2.234947219917743,0.0312616066696502,2.234947219917743,0.0312616066696502,0.014632649983443918,0.5002798263996378,0.5,0.02499172381878229,-0.025595067952346555,0.33940603328423447,True
4.800000000000001,2.25996149324441,0.03140355351461518,2.25996149324441,0.03140355351461518,0.013082743313928644,0.5002738320770862,0.5,0.024991900908041872,-0.024774724728706676,0.3397216797947229,True
4.8500000000000005,2.284975575466354,0.031514017205430817,2.284975575466354,0.031514017205430817,0.011583246229876333,0.5002679661559336,0.5,0.024992074212977493,-0.024003840156934932,0.3400542212246549,True
4.9,2.3099894354914006,0.03159382441458871,2.3099894354914006,0.03159382441458871,0.010131148521649863,0.5002622258861227,0.5,0.024992243814129112,-0.023280288833922937,0.3404036909032046,True
4.95,2.3350030448234524,0.03164374461742494,2.3350030448234524,0.03164374461742494,0.00872356556746268,0.5002566085764588,0.5,0.024992409790364756,-0.02260147945539565,0.34077014552750656,True
5.0,2.3600163772323497,0.03166449538167519,2.3600163772323497,0.03166449538167519,0.007357753545089074,0.5002511115933573,0.5,0.024992572218906113,-0.021965391169116968,0.3411536550506958,True
5.050000000000001,2.3850294084853383,0.0316567455641325,2.3850294084853383,0.0316567455641325,0.006031106274098435,0.5002457323596148,0.5,0.024992731175357247,-0.02137021887382931,0.3415543001148878,True
5.1000000000000005,2.4100421161225896,0.031621115323792325,2.4100421161225896,0.031621115323792325,0.004741131768181786,0.500240468353206,0.5,0.024992886733733337,-0.020813664877960648,0.3419721787094228,True
5.15,2.4350544792226096,0.031558180079122054,2.4350544792226096,0.031558180079122054,0.003485460443789146,0.500235317106106,0.5,0.02499303896649014,-0.020288686751708616,0.3424073995414322,True
5.2,2.4600664781522514,0.031468495572013505,2.4600664781522514,0.031468495572013505,0.0022620010121358215,0.5002302762031363,0.5,0.024993187944553647,-0.01979268573045607,0.34286001049068815,True
5.25,2.485078094510758,0.03135260726111958,2.485078094510758,0.03135260726111958,0.001068949401679562,0.5002253432808351,0.5,0.024993333737350264,-0.019324674942625054,0.3433299862428374,True
5.300000000000001,2.510089311124584,0.031211031100145538,2.510089311124584,0.031211031100145538,-9.539155547658661e-05,0.5002205160263516,0.5,0.02499347641283658,-0.019219977417250032,0.3437606381766427,True
5.3500000000000005,2.535100110204745,0.031042844050739794,2.535100110204745,0.031042844050739794,-0.0012426719367974457,0.5002157921763637,0.5,0.0249936160375288,-0.018810483044396083,0.3435881789936046,True
5.4,2.5601104713436715,0.030848138827609176,2.5601104713436715,0.030848138827609176,-0.0023746344584240344,0.5002111695160177,0.5,0.02499375267653261,-0.018400272322625096,0.3434469478314436,True
5.45,2.5851203796241142,0.03062865117378888,2.5851203796241142,0.03062865117378888,-0.0034821849470396972,0.5002066458778922,0.5,0.02499388639357158,-0.018001464464485552,0.343337899836993,True
5.5,2.6101298215544855,0.030384947773153405,2.6101298215544855,0.030384947773153405,-0.004565642407473709,0.5002022191409824,0.5,0.024994017251015847,-0.017613382955912565,0.34326036395869675,True
5.550000000000001,2.635138784799028,0.030117536501062612,2.635138784799028,0.030117536501062612,-0.0056256664272711756,0.5001978872297069,0.5,0.024994145309910298,-0.017222647769742094,0.34321362738554734,True
5.6000000000000005,2.6601472585300177,0.029826967604850273,2.6601472585300177,0.029826967604850273,-0.006662498115051355,0.5001936481129355,0.5,0.02499427063000217,-0.01682693790692054,0.34319705938892686,True
5.65,2.6851552337853097,0.02951385418534281,2.6851552337853097,0.02951385418534281,-0.0076759111777140255,0.5001894998030374,0.5,0.02499439326976845,-0.016427877476438035,0.3432101050394596,True
5.7,2.710162703278174,0.029178818459241133,2.710162703278174,0.029178818459241133,-0.00866565856823713,0.5001854403549503,0.5,0.02499451328644191,-0.016025260418020545,0.34325220648032645,True
5.75,2.7351696613006764,0.02882248246283652,2.7351696613006764,0.02882248246283652,-0.009631535440088719,0.5001814678652687,0.5,0.024994630736038005,-0.01560410374737635,0.3433227935985523,True
5.800000000000001,2.7601761043971518,0.028445536815932863,2.7601761043971518,0.028445536815932863,-0.010572884831953823,0.5001775804713529,0.5,0.02499474567337965,-0.015162708269137307,0.34342136144593993,True
5.8500000000000005,2.7851820318606597,0.028048761922435668,2.7851820318606597,0.028048761922435668,-0.011488553251263672,0.5001737763504549,0.5,0.024994858152123142,-0.014703992847817508,0.3435474619079322,True
5.9,2.810187445233042,0.027632962309795138,2.810187445233042,0.027632962309795138,-0.012377423540900455,0.5001700537188655,0.5,0.02499496822478238,-0.01422883205762101,0.3437006116772713,True
5.95,2.835192348131937,0.02719895382237914,2.835192348131937,0.02719895382237914,-0.013238491481454161,0.5001664108310778,0.5,0.02499507594275275,-0.013721180139983488,0.3438802824974686,True
6.0,2.8601967472695677,0.026747640508428698,2.8601967472695677,0.026747640508428698,-0.01407030133403774,0.5001628459789694,0.5,0.024995181356335418,-0.013180050272292949,0.3440859910105757,True
6.050000000000001,2.8852006530332694,0.02628003787232323,2.8852006530332694,0.02628003787232323,-0.014870890464444435,0.5001593574910018,0.5,0.024995284514760015,-0.012609596694482103,0.34431729165033054,True
6.1000000000000005,2.9102040785839316,0.025797197442044558,2.9102040785839316,0.025797197442044558,-0.015638390574002445,0.5001559437314373,0.5,0.02499538546620716,-0.012011644496470278,0.3445736745107965,True
6.15,2.935207039555937,0.025300191390634025,2.935207039555937,0.025300191390634025,-0.01637111137967472,0.5001526030995722,0.5,0.024995484257831185,-0.011369649089632282,0.34485455617299454,True
6.2,2.9602095553520473,0.02479019510173621,2.9602095553520473,0.02479019510173621,-0.017066924574611515,0.5001493340289865,0.5,0.024995580935781535,-0.010683266778241983,0.3451593789257714,True
6.25,2.9852116497227623,0.02426851172679065,2.9852116497227623,0.02426851172679065,-0.01772319930438411,0.5001461349868103,0.5,0.024995675545224007,-0.0099576878714786,0.34548760511846016,True
6.300000000000001,3.010213349416582,0.02373648996241283,3.010213349416582,0.02373648996241283,-0.018337449035888003,0.5001430044730046,0.5,0.024995768130361744,-0.009195661464526867,0.3458386086835117,True
6.3500000000000005,3.0352146836931335,0.023195506157111623,3.0352146836931335,0.023195506157111623,-0.018907423584560476,0.5001399410196591,0.5,0.024995858734455745,-0.008380467952342282,0.3462116661151008,True
6.4,3.060215685781403,0.022647050498418357,3.060215685781403,0.022647050498418357,-0.019430457064236965,0.5001369431903036,0.5,0.024995947399844388,-0.007512384632597429,0.3466060625440386,True
6.45,3.0852163933599184,0.02209275255284039,3.0852163933599184,0.02209275255284039,-0.019903394341983568,0.5001340095792347,0.5,0.024996034167963727,-0.006597479802659587,0.3470210878609652,True
6.5,3.110216846731285,0.021534294132049967,3.110216846731285,0.021534294132049967,-0.020323269194941755,0.5001311388108576,0.5,0.02499611907936598,-0.005639210585293904,0.34745592423861094,True
6.550000000000001,3.135217088108174,0.02097338986590315,3.135217088108174,0.02097338986590315,-0.02068739891267405,0.5001283295390406,0.5,0.024996202173738494,-0.004621133975722592,0.34790963797428615,True
6.6000000000000005,3.16021716307854,0.020411874762275992,3.16021716307854,0.020411874762275992,-0.020992714377265312,0.5001255804464846,0.5,0.024996283489922413,-0.0035440117406450784,0.34838128936718243,True
6.65,3.1852171208695594,0.01985173006230779,3.1852171208695594,0.01985173006230779,-0.02123567985412798,0.5001228902441053,0.5,0.024996363065930286,-0.0024146426325252204,0.3488699306100438,True
6.7,3.210217012066517,0.019294993612021676,3.210217012066517,0.019294993612021676,-0.02141298460244082,0.5001202576704294,0.5,0.02499644093896357,-0.0012370427465131996,0.34937449209990235,True
6.75,3.2352168876295133,0.018743739170578592,3.2352168876295133,0.018743739170578592,-0.02152163967814115,0.5001176814910031,0.5,0.024996517145430348,4.67351055412137e-06,0.34989377496362223,True
6.800000000000001,3.2602168001934104,0.018200163780578267,3.2602168001934104,0.018200163780578267,-0.021558302879484,0.5001151604978132,0.5,0.02499659172096177,0.001309119591573205,0.3504265626167112,True
6.8500000000000005,3.285216803979193,0.017666612530285144,3.285216803979193,0.017666612530285144,-0.021519200474743736,0.5001126935087216,0.5,0.024996664700428467,0.0026691422496089453,0.3509716193184973,True
6.9,3.3102169521204896,0.017145488893598182,3.3102169521204896,0.017145488893598182,-0.021400812727096624,0.50011027936691,0.5,0.024996736117957365,0.004080152344913777,0.3515275784692522,True
6.95,3.3352172953966335,0.016639233603206075,3.3352172953966335,0.016639233603206075,-0.021199969143212247,0.5001079169403388,0.5,0.024996806006946804,0.00555717019808092,0.3520929360571252,True
7.0,3.3602178831593386,0.016150409152742386,3.3602178831593386,0.016150409152742386,-0.020913188612658815,0.500105605121216,0.5,0.024996874400082247,0.007098264957144593,0.3526661606720789,True
7.050000000000001,3.385218762798952,0.015681723549342136,3.385218762798952,0.015681723549342136,-0.020536600248362246,0.5001033428254777,0.5,0.02499694132935153,0.008695947033865496,0.35324569347517987,True
7.1000000000000005,3.4102199767597683,0.01523594190255239,3.4102199767597683,0.01523594190255239,-0.020066613142626696,0.5001011289922802,0.5,0.02499700682605968,0.010345262370887438,0.3538298399217576,True
7.15,3.435221560993379,0.014815865446669213,3.435221560993379,0.014815865446669213,-0.019500006269375973,0.5000989625835024,0.5,0.02499707092084355,0.012059960402444229,0.35441676460823135,True
7.2,3.4602235453402708,0.0144244116202468,3.4602235453402708,0.0144244116202468,-0.018833296400123347,0.5000968425832596,0.5,0.024997133643685686,0.013837487390303754,0.35500459766559594,True
7.25,3.4852259524579376,0.01406463530676817,3.4852259524579376,0.01406463530676817,-0.018062666581150872,0.500094767997427,0.5,0.02499719502392847,0.01567029260139877,0.3555914351143742,True
7.300000000000001,3.5102287946760504,0.01373964421877464,3.5102287946760504,0.01373964421877464,-0.017184599895102834,0.5000927378531737,0.5,0.024997255090287978,0.017553143736336402,0.3561752372612831,True
7.3500000000000005,3.535232072209638,0.013452578978565123,3.535232072209638,0.013452578978565123,-0.01619595911174158,0.5000907511985065,0.5,0.024997313870866737,0.019497865631645038,0.356753825415542,True
7.4,3.56023577282944,0.013206685109731707,3.56023577282944,0.013206685109731707,-0.01509340999441395,0.5000888071018242,0.5,0.024997371393167232,0.021501649744376693,0.3573249802418057,True
7.45,3.585239870257089,0.013005332318908885,3.585239870257089,0.013005332318908885,-0.013873349039733168,0.50008690465148,0.5,0.0249974276841048,0.023556794343005154,0.3578864443603722,True
7.5,3.6102443210403794,0.012851936043000995,3.6102443210403794,0.012851936043000995,-0.012532484512178586,0.5000850429553547,0.5,0.02499748277001952,0.02565776823419451,0.3584358298110271,True
7.550000000000001,3.6352490625657774,0.012749937033685354,3.6352490625657774,0.012749937033685354,-0.011067917431862927,0.5000832211404386,0.5,0.024997536676688966,0.027814386384752705,0.3589706146976769,True
7.6000000000000005,3.660254012004065,0.012702865193589938,3.660254012004065,0.012702865193589938,-0.009476620115122233,0.5000814383524215,0.5,0.02499758942934027,0.030023397392538776,0.35948823361306687,True
7.65,3.685259064222301,0.012714356076820919,3.685259064222301,0.012714356076820919,-0.007755368168585664,0.500079693755293,0.5,0.02499764105266128,0.03227708969749005,0.35998608175605284,True
7.7,3.710264088864489,0.012788079279454008,3.710264088864489,0.012788079279454008,-0.005901262113319285,0.5000779865309501,0.5,0.024997691570812827,0.034569743133637074,0.3604614325952502,True
7.75,3.735268928306497,0.012927718784823006,3.735268928306497,0.012927718784823006,-0.003911800868607415,0.500076315878814,0.5,0.024997741007439074,0.036909011509264365,0.36091143570563167,True
7.800000000000001,3.7602733959442554,0.013137027568619036,3.7602733959442554,0.013137027568619036,-0.0017844242249450103,0.5000746810154539,0.5,0.024997789385679484,0.039290916659874726,0.3613331977283874,True
7.8500000000000005,3.785277273766042,0.01341983953810988,3.785277273766042,0.01341983953810988,0.0004835391580461793,0.5000730811742212,0.5,0.024997836728178645,0.041464520138632104,0.36143656395067875,True
7.9,3.8102803127700735,0.013778988396054846,3.8102803127700735,0.013778988396054846,0.002887169803679538,0.5000715156048887,0.5,0.024997883057097492,0.04390242894661231,0.360364044347535,True
7.95,3.835282234047899,0.014218048179037716,3.835282234047899,0.014218048179037716,0.005428150902215266,0.5000699835732997,0.5,0.024997928394123153,0.04638682991126482,0.35917164046686484,True
8.0,3.860282714453925,0.014741816522973652,3.860282714453925,0.014741816522973652,0.008115757431787982,0.5000684843610231,0.5,0.024997972760479624,0.04890493211474295,0.35785194655217567,True
8.05,3.885281390254554,0.01535430386482249,3.885281390254554,0.01535430386482249,0.010952398205406099,0.5000670172650175,0.5,0.024998016176937053,0.05144913634988556,0.3564003960148547,True
8.1,3.9102778552240256,0.016059490940571707,3.9102778552240256,0.016059490940571707,0.01393987659497113,0.5000655815973005,0.5,0.02499805866382174,0.0540131687770378,0.35481264460827233,True
8.15,3.93527165890639,0.01686134181499087,3.93527165890639,0.01686134181499087,0.017079584511211922,0.5000641766846273,0.5,0.024998100241025396,0.05659991996567566,0.35308449977632317,True
8.200000000000001,3.9602623042587246,0.017763837397313426,3.9602623042587246,0.017763837397313426,0.020372814926566833,0.5000628018681741,0.5,0.02499814092801471,0.059204707360803056,0.35121179494842114,True
8.25,3.985249245297678,0.018770981476443696,3.985249245297678,0.018770981476443696,0.02382080930788393,0.5000614565032295,0.5,0.02499818074384021,0.0618206000865516,0.3491903699728488,True
8.3,4.010231885971815,0.01988675600410077,4.010300255588527,0.019869191037027306,0.02399104630481446,0.5000601399588928,0.5,0.024998219707144907,0.06444183673464252,0.34804212313173,True
8.35,4.035209579015065,0.021115106897862737,4.035457633611724,0.020907030519767028,0.019365090833451747,0.5000588516177771,0.5,0.02499825783617354,0.0670680404068938,0.3483653341559175,True
8.4,4.0601816240288535,0.02245996178369988,4.060627457866531,0.02185183258927233,0.014891506660506516,0.5000575908757208,0.5,0.02499829514878075,0.06997684551640088,0.3487394129489072,True
8.450000000000001,4.085147219618824,0.023926412069640874,4.085808491350617,0.022708605160472763,0.010579319421461217,0.5000563571415038,0.5,0.024998331662439446,0.0725782181968596,0.34915639064164683,True
8.5,4.110105532714929,0.025518520587899624,4.110999595629604,0.023481345648907956,0.006428206305374849,0.5000551498365706,0.5,0.024998367394248724,0.0751564114972741,0.34961207283269613,True
8.55,4.135055737558615,0.027238900191076634,4.136199708250612,0.024172617777593306,0.0024286908417087347,0.5000539683947589,0.5,0.024998402360942355,0.07772088793474015,0.3501064304100616,True
8.6,4.159996914795676,0.029091211175720406,4.161407815953385,0.02478605067509747,-0.001419953674846139,0.500052812262034,0.5,0.02499843657889618,0.08026775353460594,0.34979234924194835,True
8.65,4.184928086847686,0.031079105466102958,4.1866229692673915,0.02532528243757391,-0.005118313218815104,0.5000516808962294,0.5,0.02499847006413573,0.08279204889733742,0.3481562224907061,True
8.700000000000001,4.20984822000434,0.03320616638699707,4.211844280766618,0.025793899777097246,-0.008667252585820837,0.5000505737667923,0.5,0.02499850283234394,0.08528952299411069,0.34663665348381545,True
8.75,4.234756224841693,0.03547589958240087,4.237070922619923,0.02619542890614614,-0.012067933821725564,0.5000494903545347,0.5,0.0249985348988685,0.08775689072008633,0.34522958382380864,True
8.8,4.259650956360654,0.03789173259487383,4.26230212413601,0.02653333515090488,-0.015321755336596103,0.5000484301513906,0.5,0.024998566278728613,0.0901907060193701,0.34393095353207126,True
8.85,4.284531214400047,0.040457012106077515,4.287537169317221,0.02681102027468625,-0.018430357936379968,0.5000473926601768,0.5,0.024998596986622514,0.09258697119099592,0.34273670258211086,True
8.9,4.309395744715823,0.043174995141483624,4.3127753942923315,0.02703181379201066,-0.021395597983452655,0.5000463773943611,0.5,0.024998627036933733,0.09494225775548137,0.3416427880479306,True
8.950000000000001,4.334243240210937,0.04604884270524951,4.338016184715941,0.0271989667470677,-0.024219584427624997,0.5000453838778327,0.5,0.02499865644373848,0.09725252107787571,0.34064517987483345,True
9.0,4.359072342461817,0.0490816134459478,4.363258973135434,0.02731564554462221,-0.026904658168540943,0.50004441164468,0.5,0.024998685220811796,0.09951485812252979,0.33973987352844287,True
9.05,4.383881643344055,0.052276259403359254,4.388503236399112,0.027384927883600925,-0.029453391538077772,0.5000434602389718,0.5,0.024998713381634143,0.10172705693192513,0.3389228945160925,True
9.1,4.408669686230791,0.055635628064950204,4.413748493291607,0.027409805041324717,-0.03186852627353334,0.5000425292145436,0.5,0.02499874093939734,0.10388619641480562,0.33819031449316694,True
9.15,4.433434967939204,0.05916245795698678,4.438994302068493,0.027393177676863903,-0.03415295938689339,0.5000416181347882,0.5,0.02499876790701128,0.10598853368358048,0.3375382596482358,True
9.200000000000001,4.458175941719017,0.06285936759192272,4.464240257771253,0.027337844942242832,-0.03630982649986643,0.5000407265724511,0.5,0.02499879429710964,0.1080321362460303,0.3369628972118276,True
9.25,4.482891019569221,0.06672885382343133,4.489485989850169,0.027246503025754994,-0.03834240542740685,0.5000398541094304,0.5,0.024998820122055735,0.11001593432177945,0.3364604651052475,True
9.3,4.507578573600844,0.07077329865376611,4.514731160210656,0.027121752197307746,-0.04025412569096526,0.5000390003365803,0.5,0.024998845393948442,0.11193864749662813,0.33602726196559785,True
9.35,4.532236938152431,0.07499496938362234,4.539975461153629,0.026966097155131735,-0.04204847459069952,0.5000381648535196,0.5,0.024998870124627884,0.1137965495907274,0.33565967399260876,True
9.4,4.556864413956077,0.07939600524125996,4.565218612802357,0.026781933706954603,-0.043729076960836825,0.5000373472684438,0.5,0.024998894325680622,0.11558946147296172,0.3353541647042528,True
9.450000000000001,4.581459270916304,0.08397841723284007,4.590460361079472,0.02657154871713565,-0.04529975170134537,0.5000365471979415,0.5,0.024998918008445583,0.11731756966447048,0.3351072582721323,True
9.5,4.606019748746029,0.08874410203310587,4.615700476443676,0.02633713422028511,-0.04676426039861509,0.5000357642668145,0.5,0.02499894118401901,0.1189804741559116,0.3349155982784013,True
9.55,4.630544059623979,0.09369484080028749,4.640938752105609,0.02608078631615239,-0.04812640334986761,0.5000349981079019,0.5,0.024998963863259657,0.1205764977210772,0.33477592039660575,True
9.600000000000001,4.6550303922303575,0.09883229083368042,4.66617500194722,0.025804496766426967,-0.0493900903946741,0.5000342483619078,0.5,0.024998986056794112,0.12210635310665761,0.334685039805089,True
9.65,4.679476914242842,0.10415798813266924,4.691409059007461,0.025510155558637213,-0.050559203222488996,0.5000335146772334,0.5,0.024999007775021197,0.12357105825888257,0.33463988823572843,True
9.700000000000001,4.703881773225153,0.10967335827802902,4.716640774503029,0.02519956189891712,-0.05163763363412177,0.5000327967098115,0.5,0.024999029028117594,0.12497209946856838,0.3346374914025745,True
9.75,4.728243098384332,0.11537972082685137,4.741870016650461,0.024874428639795318,-0.05262917080650575,0.5000320941229451,0.5,0.024999049826042136,0.12631053469977616,0.3346749968331215,True
9.8,4.752559002691722,0.12127829131132432,4.767096669451968,0.02453638425743655,-0.053537574480977686,0.5000314065871502,0.5,0.02499907017854058,0.12758788529656437,0.3347496501763124,True
9.850000000000001,4.776827585017432,0.12737018306749245,4.7923206315453735,0.024186974627991437,-0.05436648438353281,0.5000307337800006,0.5,0.024999090095149928,0.1288053798998793,0.3348588192465999,True
9.9,4.801046932060488,0.1336564099076441,4.817541815170342,0.02382766563710961,-0.055119504382966915,0.5000300753859773,0.5,0.024999109585203228,0.12996463855380427,0.3349999665791152,True
9.950000000000001,4.825215120291604,0.14013788847059708,4.842760145185035,0.023459845438113008,-0.055800169597257865,0.5000294310963201,0.5,0.024999128657833675,0.13106692003660994,0.3351706563102067,True
10.0,4.849330217848713,0.1468154405640122,4.867975558145409,0.023084826677979457,-0.05641184105535582,0.500028800608883,0.5,0.02499914732197919,0.13211376541356895,0.33536858206242526,True
10.05,4.873390286521624,0.15368979493187684,4.893188001409552,0.02270384810894797,-0.056957946366653654,0.5000281836279923,0.5,0.024999165586386422,0.13310666919107414,0.33559149528236526,True
10.100000000000001,4.897393383348581,0.16076159044623733,4.9183974323797,0.02231807763770825,-0.057441674488488914,0.5000275798643083,0.5,0.024999183459614684,0.13404724643529348,0.33583729022419206,True
10.15,4.921337562256748,0.16803137875174712,4.943603817766919,0.021928614797835293,-0.05786627140155176,0.5000269890346898,0.5,0.02499920095003998,0.1349367682427016,0.33610391557695657,True
10.200000000000001,4.945220875923529,0.17549962581718462,4.968807132839391,0.021536492075065184,-0.05823477849128533,0.5000264108620603,0.5,0.02499921806585938,0.1357768286971579,0.336389448555122,True
10.25,4.969041377451588,0.1831667140722618,4.994007360749063,0.021142676809825917,-0.05855024168316186,0.5000258450752794,0.5,0.024999234815094376,0.13656923472191798,0.33669203221611343,True
10.3,4.992797121287686,0.19103294697726422,5.0192044920501235,0.020748075606168145,-0.05881554619799323,0.5000252914090146,0.5,0.024999251205594552,0.13731533021812997,0.3370099186012031,True
10.350000000000001,5.016486164799848,0.1990985507642459,5.044398524089571,0.020353535809918853,-0.059033543179431935,0.5000247496036176,0.5,0.024999267245041812,0.13801660289652798,0.3373414304049667,True
10.4,5.040106569998203,0.20736367558496063,5.06958946039718,0.01995984634505803,-0.0592069399896995,0.5000242194050022,0.5,0.024999282940953382,0.1386745134059019,0.3376849916518325,True
10.450000000000001,5.063656404708761,0.21582839836635379,5.094777310214328,0.01956774030657917,-0.059338386007660664,0.5000237005645249,0.5,0.02499929830068578,0.13929076340222424,0.33803910010489097,True
10.5,5.087133743502276,0.2244927261087035,5.119962088084703,0.01917789801458118,-0.05943046609549729,0.5000231928388691,0.5,0.024999313331437897,0.13986655518531987,0.3384023259314922,True
10.55,5.110536669055659,0.2333565975064717,5.145143813372595,0.018790948310031,-0.05948564868413936,0.5000226959899301,0.5,0.024999328040254586,0.14040462648386318,0.33877332525836096,True
10.600000000000001,5.133863271815513,0.24241988940631543,5.1703225101156525,0.018407474936580452,-0.05950628429200244,0.500022209784704,0.5,0.02499934243402998,0.14095846453114957,0.33915083407671054,True
10.65,5.1571115769414835,0.2516826287097304,5.195498219973104,0.01802824043756839,-0.05949303073032031,0.5000217339951785,0.5,0.024999356519510404,0.14155903392539285,0.33953389940327433,True
10.700000000000001,5.180279477860354,0.2611451537095506,5.220671012475042,0.017654360254836438,-0.059444061883664134,0.5000212683982254,0.5,0.024999370303297987,0.1422027347908542,0.3399219338252527,True
10.75,5.203364786577457,0.27080793704503636,5.2458409742306324,0.017287119739652055,-0.059356667145227415,0.5000208127754966,0.5,0.02499938379185336,0.14288587821425416,0.34031443627079117,True
10.8,5.226365275508426,0.2806714571525765,5.271008201179825,0.01692783980716451,-0.05922841420823832,0.5000203669133213,0.5,0.024999396991499133,0.1436372694472112,0.34071079039003027,True
10.850000000000001,5.249278628778509,0.2907363197501238,5.296172806669655,0.016578008151744143,-0.059056053474385195,0.5000199306026061,0.5,0.02499940990842226,0.14446840882936307,0.34111045019900543,True
10.9,5.272102402299048,0.30100333960777076,5.3213349271172214,0.016239370401269156,-0.05883520888944049,0.5000195036387367,0.5,0.02499942254867728,0.14537119260839762,0.34151293858774145,True
10.950000000000001,5.294834063839052,0.3114734157326425,5.346494714621256,0.015913800308331998,-0.058561310722265614,0.5000190858214821,0.5,0.024999434918189217,0.14633674805068544,0.3419177078206769,True
11.0,5.317471023221254,0.32214744708384946,5.3716523321017355,0.015603211336133356,-0.058230418044926464,0.5000186769549005,0.5,0.02499944702275643,0.14737101504596284,0.34232399042937867,True
11.05,5.340010613181737,0.3330263737960255,5.396807956297885,0.015309602939147156,-0.057838557035517935,0.5000182768472479,0.5,0.02499945886805274,0.14847052485740472,0.34273094452564923,True
11.100000000000001,5.362450076864818,0.34411119723694955,5.421961779320073,0.015035084864296597,-0.05738173673983482,0.5000178853108874,0.5,0.02499947045963074,0.14962349267478725,0.3431376252744047,True
11.15,5.3847865953471885,0.35540290845645056,5.447114004356123,0.014781801734777607,-0.056856483455788975,0.5000175021622021,0.5,0.024999481802924148,0.15081848544519882,0.34354290600302245,True
11.200000000000001,5.407017306893418,0.36690244368694214,5.47226484304861,0.014551885736514229,-0.05625996200916117,0.5000171272215084,0.5,0.024999492903250094,0.15204260933604458,0.34394549055425405,True
11.25,5.429139317618085,0.37861066354983636,5.4974145142941895,0.01434743440960385,-0.05559003950920666,0.5000167603129717,0.5,0.024999503765812277,0.15328279483833637,0.3443439170597419,True
11.3,5.4511497146813515,0.3905283295522112,5.522563242810379,0.014170484892122796,-0.05484545453044892,0.5000164012645244,0.5,0.02499951439570277,0.15452793330673342,0.3447365345891401,True
11.350000000000001,5.473045574605878,0.4026560933279196,5.547711258441023,0.01402300169734308,-0.05402561488446301,0.5000160499077849,0.5,0.024999524797904498,0.15576683988183682,0.3451215736830475,True
11.4,5.494823971063805,0.41499448824828,5.572858795560313,0.013906866781658365,-0.05313060098411804,0.5000157060779786,0.5,0.02499953497729395,0.15697466517071318,0.34549715500120737,True
11.450000000000001,5.516482013264157,0.4275438633900008,5.59800608903441,0.013823804371859547,-0.05216164112689281,0.500015369613861,0.5,0.024999544938642874,0.158136160576471,0.34586122620855253,True
11.5,5.53801687515862,0.44030434345172365,5.623153371890472,0.01377533289526305,-0.05112111605294001,0.5000150403576412,0.5,0.02499955468662126,0.1592444565610279,0.3462116078529469,True
11.55,5.5594257808025915,0.4532758745470211,5.648300878024923,0.01376281300429618,-0.05001207633634974,0.5000147181549092,0.5,0.024999564225798857,0.16029283246790485,0.3465460844392949,True
11.600000000000001,5.580706000247507,0.4664582455337983,5.673448843282495,0.013787468909463016,-0.048837985190570365,0.5000144028545623,0.5,0.02499957356064755,0.16125144566451718,0.3468624570238129,True
11.65,5.601854908339067,0.47985099665334036,5.698597500201427,0.013850280639110032,-0.04760353245702387,0.5000140943087351,0.5,0.024999582695543608,0.16210831469964726,0.3471584136636396,True
11.700000000000001,5.622870022589492,0.49345337612296664,5.723747075836823,0.013951928067973483,-0.046314436737922904,0.5000137923727296,0.5,0.02499959163476946,0.16286384056052636,0.3474316415346752,True
11.75,5.643748963157586,0.5072644333972549,5.748897796992336,0.014092891785152922,-0.0449770083243789,0.5000134969049476,0.5,0.024999600382515863,0.1635173845642901,0.3476798519566278,True
11.8,5.664489438155056,0.5212830596667983,5.774049892100437,0.014273495441264907,-0.043597448421699436,0.5000132077668241,0.5,0.02499960894288396,0.16403985910663665,0.34790094119811044,True
11.850000000000001,5.685089315673011,0.5355078846219268,5.799203585645525,0.014493780184668995,-0.04218286001295957,0.5000129248227627,0.5,0.024999617319887042,0.16442437924435807,0.34809282114176276,True
11.9,5.705546664521764,0.5499372357420512,5.824359096325324,0.014753448429323624,-0.04074143677054143,0.5000126479400717,0.5,0.02499962551745229,0.16467903306189183,0.34825341921589387,True
11.950000000000001,5.725859692417048,0.5645692607953585,5.849516643100348,0.015051999887982288,-0.039281338193255966,0.500012376988902,0.5,0.02499963353942284,0.16480949238000162,0.3483808693032401,True
12.0,5.746026720505386,0.5794019811866253,5.87467644707263,0.015388789573753031,-0.03781036866074816,0.500012111842186,0.5,0.0249996413895597,0.16478808290012026,0.34847354730015545,True
12.05,5.766046267367758,0.5944331781439879,5.8998387255671805,0.015762885945885697,-0.03633687991938572,0.5000118523755782,0.5,0.02499964907154321,0.16461420791836404,0.3485299494494045,True
12.100000000000001,5.785917088150857,0.6096603578886126,5.925003690423985,0.01617301935946177,-0.03487025810363642,0.5000115984673971,0.5,0.024999656588974902,0.16430139785129239,0.34854860088543704,True
12.15,5.805638093129502,0.6250808916792907,5.950171553590633,0.016617742489712733,-0.03341931869867398,0.5000113499985674,0.5,0.024999663945379353,0.16386034093373472,0.34852836399364895,True
12.200000000000001,5.825208316409418,0.6406920703114484,5.975342528076764,0.017095491742757294,-0.03199220285818494,0.5000111068525653,0.5,0.02499967114420535,0.16326448407573776,0.34846840811544816,True
12.25,5.844627008679448,0.65649098463472,6.000516821835346,0.017604434980490986,-0.030597589320851548,0.5000108689153627,0.5,0.024999678188828117,0.16251753217380802,0.3483680076087424,True
12.3,5.863893675748796,0.6724744924372774,6.025694635675878,0.018142420763280653,-0.029244725919918446,0.5000106360753744,0.5,0.024999685082550488,0.16163661356602232,0.34822658322821676,True
12.350000000000001,5.883007980722792,0.6886393668837417,6.050876167613241,0.01870715430615293,-0.027942405607107812,0.5000104082234057,0.5,0.024999691828604554,0.1606346169179082,0.3480438265707434,True
12.4,5.901969710484459,0.7049823462613239,6.076061612593346,0.01929625581935504,-0.02669827123404378,0.500010185252601,0.5,0.024999698430153112,0.1594855063000876,0.3478198468078679,True
12.450000000000001,5.9207788767415765,0.7215000102409806,6.1012511562001475,0.019907099322492024,-0.025520537507223273,0.5000099670583937,0.5,0.02499970489029146,0.15819490589246277,0.3475548276792724,True
12.5,5.93943575388439,0.7381887478379767,6.126444971997971,0.020536762460081407,-0.024417971252334362,0.5000097535384577,0.5,0.024999711212048217,0.15678224025900875,0.3472490837033102,True
12.55,5.957940767745098,0.7550449084463666,6.151643224352878,0.02118221217026298,-0.02339857641235077,0.5000095445926582,0.5,0.024999717398387692,0.1552603386349647,0.346903261515878,True
12.600000000000001,5.97629446177242,0.7720648451351353,6.176846067008217,0.021840357886255733,-0.02246937666476367,0.5000093401230064,0.5,0.024999723452210125,0.1536025364862817,0.3465183519949161,True
12.65,5.994497608451622,0.7892447853281801,6.202053636534182,0.02250787921816919,-0.021637748012863223,0.5000091400336119,0.5,0.024999729376354064,0.1518157989540934,0.3460954719431587,True
12.700000000000001,6.01255124352276,0.8065808033180881,6.227266049087628,0.0231811811637352,-0.0209117142092502,0.5000089442306388,0.5,0.024999735173597184,0.14991945509956028,0.3456358226092561,True
12.75,6.030456545690533,0.8240689682260341,6.252483401684488,0.023856582929101672,-0.02029843860830749,0.5000087526222615,0.5,0.02499974084665752,0.14792584832376163,0.3451409455677318,True
12.8,6.04821480481674,0.8417053795703313,6.277705769789177,0.024530363917970824,-0.019804241489985833,0.5000085651186214,0.5,0.024999746398195122,0.14580675025187392,0.34461267303499105,True
12.850000000000001,6.06582754139534,0.8594860363853539,6.302933200466898,0.025198584910784253,-0.019435736980373926,0.5000083816317847,0.5,0.02499975183081284,0.14357027352991936,0.3440529731175032,True
12.9,6.0832965371565555,0.8774068137829591,6.328165708381325,0.025857048509015292,-0.01920019820347818,0.5000082020757018,0.5,0.024999757147057832,0.14123439695729917,0.3434638827522815,True
12.950000000000001,6.100623707750306,0.8954636061182389,6.3534032757598,0.026501489030894047,-0.019104164048612038,0.5000080263661661,0.5,0.024999762349422826,0.13881045040737955,0.3428477292496136,True
13.0,6.117811075814555,0.913652353282983,6.378645849113581,0.0271276085569298,-0.019153164566505728,0.500007854420775,0.5,0.02499976744034718,0.13626931657939045,0.3422071763893875,True
13.05,6.13486089391521,0.9319689136587008,6.403893331892599,0.02773089871686999,-0.019353259117690147,0.5000076861588911,0.5,0.024999772422217865,0.13361963755925316,0.34154495069018476,True
13.100000000000001,6.151775671349429,0.9504090443259935,6.429145579530146,0.028306606429260882,-0.01971117605542172,0.5000075215016047,0.5,0.02499977729737079,0.13087863348324433,0.34086383573295925,True
13.15,6.168558040913926,0.968968538908677,6.454402398453829,0.028849924228801463,-0.020232739194583793,0.5000073603716961,0.5,0.02499978206809184,0.12805490025310598,0.34016694656888896,True
13.200000000000001,6.18521074080973,0.987643242077369,6.479663541953506,0.029356012089787387,-0.020923108971460325,0.5000072026936004,0.5,0.024999786736617794,0.1251205305910572,0.33945763797061224,True
13.25,6.201736737280948,1.0064289296627773,6.50492870196582,0.029819824862799264,-0.021787841737532124,0.500007048393371,0.5,0.024999791305137947,0.12208391016765299,0.3387393663072139,True
13.3,6.218139243669212,1.025321295637477,6.53019750311959,0.030236088547058393,-0.022833133686479545,0.5000068973986456,0.5,0.02499979577579412,0.11896148099113896,0.33801564306961585,True
13.350000000000001,6.234421588205193,1.044316078718808,6.555469501073356,0.030599482421544727,-0.02406442890735494,0.5000067496386119,0.5,0.02499980015068288,0.1157601005241297,0.3372902637863645,True
13.4,6.250587200409641,1.0634090706379038,6.580744177705814,0.03090465388272642,-0.025486466725006207,0.500006605043975,0.5,0.024999804431855333,0.11245278491243565,0.3365672802469243,True
13.450000000000001,6.266639732889477,1.0825960027066983,6.606020931557661,0.03114605149569374,-0.02710434707239351,0.5000064635469239,0.5,0.02499980862131912,0.10904851902062118,0.33585085557706096,True
13.5,6.28258307254009,1.1018725386247479,6.63129907086026,0.03131791148438786,-0.028924002403741152,0.5000063250811008,0.5,0.024999812721038493,0.10556305341128001,0.3351451412652242,True
13.55,6.298421208565308,1.1212343918656515,6.6565778117975105,0.03141443406270594,-0.030950320377010843,0.5000061895815691,0.5,0.02499981673293581,0.10200109105746388,0.33445465365780525,True
13.600000000000001,6.314158227372713,1.140677324788787,6.681856272936166,0.0314297866024128,-0.03318763132303426,0.5000060569847833,0.5,0.02499982065889239,0.09833812939015894,0.3337841285538682,True
13.65,6.329798428566572,1.1601970448611425,6.7071334641001945,0.031357948238127355,-0.035640914603863094,0.5000059272285595,0.5,0.02499982450074888,0.09458373658999161,0.3331383248038986,True
13.700000000000001,6.345346325644137,1.1797892045806195,6.732408278708498,0.031192709694058116,-0.038315354396662116,0.5000058002520457,0.5,0.024999828260306917,0.09075243360724158,0.33252215711956395,True
13.75,6.360806521121742,1.1994495049180967,6.75767949238002,0.030927835920684217,-0.041215529681938534,0.5000056759956933,0.5,0.02499983193932936,0.08684801776321581,0.33194077210897055,True
13.8,6.376183706730655,1.2191736888182978,6.782945756793922,0.03055706255714318,-0.04434534997433359,0.5000055544012298,0.5,0.024999835539541364,0.08284894560668574,0.3313995714909973,True
13.850000000000001,6.391482768794143,1.2389574494705788,6.808205587114335,0.030073957450375912,-0.047709253541240004,0.5000054354116308,0.5,0.02499983906263113,0.07876538517251977,0.33090400288677724,True
13.9,6.406708781224863,1.2587964340996658,6.83345735407152,0.029471929853396337,-0.05131195714384784,0.5000053189710936,0.5,0.02499984251025042,0.07461082459308643,0.33045962665738615,True
13.950000000000001,6.421866889384198,1.2786863337808811,6.858699283564235,0.028744378649289498,-0.05515740989964846,0.5000052050250107,0.5,0.02499984588401616,0.07038845144735999,0.33007227386171956,True
14.0,6.436962314698318,1.2986228724240545,6.883929450228359,0.027884683680937612,-0.059249003212347606,0.5000050935199447,0.5,0.02499984918551016,0.06608088744349745,0.32974799467733773,True
14.05,6.452000445032705,1.3186017289597254,6.909145764028275,0.026886088913206645,-0.0635905525153504,0.500004984403603,0.5,0.02499985241628051,0.061698251131994813,0.3294928928284141,True
14.100000000000001,6.466986821925444,1.3386185430818398,6.93434596284556,0.025741718521185945,-0.06818597130093908,0.5000048776248128,0.5,0.024999855577842327,0.057253486551878,0.32931320713874623,True
14.15,6.481927036393417,1.358668990553046,6.959527613686786,0.02444470786497286,-0.0730384268502311,0.5000047731334981,0.5,0.024999858671677977,0.052749576359411535,0.3292154260281077,True
14.200000000000001,6.49682673447087,1.3787487707068984,6.984688106683464,0.022988194438445585,-0.07815061396685985,0.5000046708806553,0.5,0.02499986169923832,0.048173802744812366,0.32920621832555663,True
14.25,6.511691691358992,1.3988535420482602,7.009824641868748,0.021365223419762634,-0.08352540150423071,0.5000045708183306,0.5,0.02499986466194291,0.043536625918023424,0.3292923439893636,True
14.3,6.526527792437238,1.4189789303904405,7.034934223553604,0.019568771384392926,-0.08916560985087052,0.5000044728995976,0.5,0.024999867561181194,0.038850058220545935,0.3294806971621881,True
14.350000000000001,6.5413409441889865,1.4391205889279564,7.0600136637288085,0.017591857153018604,-0.0950735132985775,0.5000043770785352,0.5,0.024999870398312526,0.03411781443115751,0.3297783392381046,True
14.4,6.556137079026014,1.4592741857311775,7.085059577477951,0.015427534549384166,-0.10125080364388916,0.5000042833102059,0.5,0.024999873174667404,0.029332167482165987,0.3301925168406644,True
14.450000000000001,6.570922209748682,1.4794353544521086,7.110068371826769,0.013068824048797924,-0.10769894026635185,0.5000041915506349,0.5,0.024999875891547674,0.02450346819133753,0.3307306314790005,True
14.5,6.5857024084847,1.4995997022036343,7.135036243032295,0.010508739121152924,-0.11441978747380521,0.5000041017567897,0.5,0.024999878550227332,0.019643198406504764,0.3314000357210258,True
14.55,6.600483733414633,1.5197628556743168,7.159863416413108,0.007852465542817277,-0.10920145560282511,0.5000040138865594,0.5,0.02499988115195299,0.014757266518095183,0.3355236932609714,True
14.600000000000001,6.6152722263808,1.5399204538296023,7.184686592247548,0.005378338330181834,-0.09990352824827575,0.5000039278987352,0.5,0.02499988369794481,0.009841454254476552,0.3406229220636411,True
14.65,6.630073952378965,1.5600681098522917,7.209547347548469,0.003093834702102857,-0.0908847274091572,0.5000038437529911,0.5,0.024999886189396726,0.00490603271391925,0.34546644295078355,True
14.700000000000001,6.64489498214324,1.580201415522941,7.2344422083668025,0.0009919011191814307,-0.08214769577690972,0.5000037614098652,0.5,0.024999888627476995,-3.790436407022759e-05,0.3500591925531159,True
14.75,6.659741330379299,1.6003159782502674,7.259367905443503,-0.0009345121177089617,-0.0736943297322934,0.5000036808307409,0.5,0.02499989101332889,-0.004982696661991365,0.35253735242146916,True
14.8,6.674618947729543,1.620407418413855,7.284321369465371,-0.0026924414907273835,-0.06552585727938054,0.5000036019778287,0.5,0.02499989334807111,-0.009926325835242222,0.35312855882079486,True
14.850000000000001,6.689533736959046,1.6404713491245613,7.309299724192687,-0.004288931093702448,-0.0576432869489999,0.5000035248141487,0.5,0.024999895632798655,-0.014858922002259906,0.3538081063337916,True
14.9,6.704491537194371,1.6605033798597952,7.334300282586582,-0.005731014030457157,-0.05004716322332825,0.5000034493035133,0.5,0.02499989786858283,-0.019770150247762748,0.354567694977855,True
14.950000000000001,6.719498083763278,1.6804991385131316,7.359320543372646,-0.007025663551824133,-0.042737318941982516,0.50000337541051,0.5,0.024999900056472114,-0.02465156151423969,0.3553993538075527,True
15.0,6.734558997390862,1.7004542722526639,7.384358184240456,-0.008179780617816941,-0.03571315565406041,0.5000033031004851,0.5,0.02499990219749236,-0.02949708105614054,0.3562953725857104,True
15.05,6.74967978438986,1.7203644407158807,7.409411054320318,-0.009200195191705523,-0.028973352686150644,0.5000032323395271,0.5,0.02499990429264772,-0.03429773511167928,0.35724838521832614,True
15.100000000000001,6.764865823608033,1.740225319545487,7.434477167289262,-0.010093651091506048,-0.022516268186057897,0.5000031630944511,0.5,0.024999906342920597,-0.039044817265779595,0.35825126735987806,True
15.15,6.780122345190489,1.7600326107105697,7.459554694258675,-0.01086678054316199,-0.016339621657112783,0.500003095332783,0.5,0.024999908349272536,-0.04372952798623179,0.3592972538418402,True
15.200000000000001,6.795454418063685,1.7797820470885573,7.484641955855942,-0.011526089462737161,-0.010440617482981973,0.5000030290227444,0.5,0.024999910312644202,-0.04834335962858345,0.36037991632416944,True
15.25,6.8108669378106095,1.7994693975355383,7.509737414093353,-0.012077943068128177,-0.00481583065155211,0.5000029641332377,0.5,0.02499991223395639,-0.052878733115294105,0.3614932102682535,True
15.3,6.826364618433325,1.8190904698141477,7.534839664094741,-0.012528556180919833,0.0005386387578937278,0.5000029006338316,0.5,0.02499991411411009,-0.05732944515472232,0.36231148624895293,True
15.350000000000001,6.841951988833345,1.8386411106601745,7.55994742590843,-0.012883989296597783,0.005627098029291511,0.5000028384947464,0.5,0.024999915953986998,-0.061687339309177816,0.3604467504177792,True
15.4,6.8576333814518895,1.8581172126006893,7.585059536466382,-0.013150134585862772,0.01045451857156221,0.5000027776868405,0.5,0.024999917754449933,-0.0659429885909493,0.35875176095679734,True
15.450000000000001,6.87341291156464,1.8775147290258336,7.6101749413268145,-0.013332689696350172,0.015026096814562462,0.5000027181815968,0.5,0.024999919516343255,-0.07009189732417465,0.3572188386923896,True
15.5,6.889294477996779,1.8968296736827226,7.635292686625173,-0.013437158246200768,0.019347801987606213,0.5000026599511089,0.5,0.024999921240493012,-0.07413010469214844,0.3558402984260842,True
15.55,6.9052817733369425,1.9160581132092591,7.660411911766911,-0.013468862275870411,0.02342561817208666,0.5000026029680683,0.5,0.02499992292770783,-0.07805234748109832,0.3546086613394496,True
15.600000000000001,6.921378276185917,1.935196174293202,7.6855318422097145,-0.013432931704930203,0.02726610466126933,0.5000025472057514,0.5,0.02499992457877891,-0.08185021596869652,0.35351650072465507,True
15.65,6.937587231016518,1.9542400617933255,7.710651781868567,-0.013334277424321452,0.030876053012129367,0.5000024926380072,0.5,0.02499992619448059,-0.08552271499336256,0.35255657023067843,True
15.700000000000001,6.95391165405407,1.9731860570424946,7.735771106461,-0.013177597201399287,0.03426265869855294,0.500002439239245,0.5,0.024999927775570304,-0.08906899930321532,0.3517217474690005,True
15.75,6.970354354448536,1.9920305038195294,7.760889258142207,-0.012967401306064281,0.0374330575448788,0.5000023869844221,0.5,0.024999929322789723,-0.09248698743038249,0.35100514370470615,True
15.8,6.986917930363443,2.0107698148415105,7.786005739698835,-0.012708005813590302,0.040394775988584215,0.5000023358490324,0.5,0.02499993083686433,-0.0957724165389128,0.3503999779328298,True
15.850000000000001,7.0036047570687465,2.0294004857664687,7.81112010847064,-0.012403515031850571,0.043155297404973036,0.5000022858090948,0.5,0.02499993231850418,-0.09892717860070792,0.34989972032724664,True
15.9,7.020416997057932,2.0479190915137124,7.836231971602105,-0.012057832187739693,0.04572230144309808,0.5000022368411419,0.5,0.024999933768404002,-0.1019532275571565,0.34949801047937323,True
15.950000000000001,7.037356621118058,2.0663222730359,7.861340982499049,-0.011674684639283821,0.048103299500871895,0.5000021889222089,0.5,0.024999935187243843,-0.10485272105311312,0.34918873707426645,True
16.0,7.054425412649381,2.0846067380321665,7.88644683684508,-0.011257627319128417,0.050305865228727493,0.5000021420298233,0.5,0.024999936575689045,-0.10762810857116871,0.3489659658107629,True
16.05,7.071624972998488,2.1027692609295685,7.911549268976417,-0.010810047424232729,0.05233732163829307,0.5000020961419938,0.5,0.024999937934390582,-0.11028179153626211,0.34882402413008473,True
16.1,7.088956726376858,2.1208066833219203,7.936648048513312,-0.010335168485265028,0.054204912520721134,0.5000020512372001,0.5,0.024999939263985704,-0.11281633778246769,0.34875744570102624,True
16.150000000000002,7.10642192454693,2.138715914709421,7.961742977233173,-0.00983605404684796,0.05591567954782583,0.5000020072943832,0.5,0.024999940565097925,-0.11523429290121252,0.3487610008511005,True
16.2,7.124021651777905,2.1564939330730653,7.986833886202442,-0.00931561163451329,0.05747657697753816,0.5000019642929349,0.5,0.024999941838337487,-0.11753853412165101,0.3488296578408322,True
16.25,7.1417568304229935,2.174137784911521,8.011920633184427,-0.008776597510696258,0.058894521760126,0.5000019222126888,0.5,0.02499994308430132,-0.11973186537435225,0.3489585622456526,True
16.3,7.159628226613068,2.191644585146826,8.037003100276118,-0.008221621567864199,0.06017602790567089,0.5000018810339103,0.5,0.024999944303573905,-0.12181677592189481,0.3491431364307658,True
16.35,7.1776364540864455,2.2090115187824018,8.062081191590693,-0.007653149626103999,0.06132769468627718,0.5000018407372877,0.5,0.024999945496726905,-0.12379632431958017,0.3493789347297001,True
16.400000000000002,7.195781979790591,2.226235840902877,8.087154831260143,-0.00707350810730932,0.06235584107877157,0.500001801303923,0.5,0.02499994666431978,-0.12567333278900703,0.3496617432398295,True
16.45,7.214065130024582,2.2433148760556123,8.112223961662906,-0.006484889475651234,0.06326661467103056,0.5000017627153229,0.5,0.024999947806900222,-0.12745075565285285,0.34998754169279345,True
16.5,7.232486095301926,2.260246018779354,8.137288541705011,-0.005889355911377238,0.06406617328497044,0.5000017249533905,0.5,0.024999948925003967,-0.12913156295733608,0.3503524463005749,True
16.55,7.251044935990281,2.2770267332794836,8.16234854531687,-0.0052888440801913735,0.06476026297923998,0.5000016880004163,0.5,0.024999950019155247,-0.13071862560528386,0.35075282570735855,True
16.6,7.269741587316092,2.293654553622695,8.187403960031592,-0.004685169031509324,0.06535457785710519,0.5000016518390704,0.5,0.024999951089867422,-0.13221467638859583,0.3511851923133028,True
16.650000000000002,7.2885758638628895,2.3101270843656287,8.212454785639501,-0.004080027376050709,0.06585464766792981,0.500001616452394,0.5,0.024999952137642514,-0.13362310852862133,0.3516462306556258,True
16.7,7.307547466140514,2.3264419988835625,8.237501033155526,-0.003475003491232857,0.06626582178405736,0.500001581823792,0.5,0.024999953162971694,-0.13494643377442844,0.35213279500555045,True
16.75,7.326655985345968,2.3425970393852737,8.26254272373051,-0.0028715732047806357,0.0665933947400591,0.500001547937024,0.5,0.0249999541663361,-0.13618780081535356,0.35264186877667314,True
16.8,7.345900907672814,2.3585900172978174,8.287579887615546,-0.0022711068427870313,0.06684225565381319,0.5000015147761984,0.5,0.024999955148206045,-0.13735120149704605,0.3531706617798296,True
16.85,7.365281623574632,2.374418807948549,8.312612563715744,-0.0016748797546062544,0.06701726062226021,0.5000014823257635,0.5,0.02499995610904199,-0.13849389599528322,0.3537164918028636,True
16.900000000000002,7.3847975834150335,2.39008117624786,8.337640814262597,-0.001084305852991603,0.06712136508431621,0.5000014505705008,0.5,0.02499995704929467,-0.13964562325006083,0.35427708831726473,True
16.95,7.404448401896176,2.4055746449587567,8.362664735508016,-0.0005011055196957349,0.06715496640095953,0.5000014194955181,0.5,0.024999957969404903,-0.1408036903331175,0.3548506133222862,True
17.0,7.424233722679631,2.4208966356401525,8.387684444351653,7.288858617791641e-05,0.06711758799436274,0.500001389086242,0.5,0.02499995886980418,-0.14196612899029262,0.35528959318813547,True
17.05,7.444153136648958,2.4360445599309086,8.412700069841296,0.0006358530575089838,0.06700895288906084,0.5000013593284114,0.5,0.02499995975091474,-0.14316374000712725,0.35475791081975283,True
17.1,7.464206268693627,2.4510157129907015,8.437711762056864,0.0011858358761472614,0.06682797475207547,0.5000013302080705,0.5,0.024999960613149907,-0.14440787371138047,0.3542600454853148,True
17.150000000000002,7.484392826726113,2.4658072031757077,8.462719697513483,0.001720670336792421,0.06657217706805996,0.5000013017115627,0.5,0.024999961456913973,-0.1456922654247728,0.3537988828689448,True
17.2,7.504712513897463,2.4804160491980976,8.48772407021154,0.002238104573114192,0.06623898792677874,0.5000012738255238,0.5,0.024999962282602595,-0.14700931773746845,0.3533774240313392,True
17.25,7.525164975815532,2.4948392426863366,8.512725086053948,0.0027358821615310436,0.06582619177933335,0.5000012465368762,0.5,0.024999963090603053,-0.1483655060452362,0.35299857493314346,True
17.3,7.5457498256311855,2.5090737145595337,8.537722965425852,0.0032116991894028677,0.06533184359338085,0.500001219832822,0.5,0.02499996388129426,-0.14975864210864737,0.35266521426296515,True
17.35,7.566466656854361,2.523116314101317,8.562717944493349,0.0036631787824021227,0.06475356925035136,0.5000011937008378,0.5,0.02499996465504691,-0.15117871392177445,0.3523804207304143,True
17.400000000000002,7.587314999508507,2.5369638635064753,8.587710270344918,0.004087939735583421,0.06408947998465053,0.5000011681286685,0.5,0.024999965412223987,-0.15261487751631445,0.35214714114524953,True
17.45,7.608294291271377,2.5506131976476776,8.612700197612194,0.004483644344139115,0.06333849350268272,0.5000011431043212,0.5,0.02499996615318052,-0.1540552687306441,0.35196804995446895,True
17.5,7.629403864419768,2.5640611856717963,8.63768798670203,0.004848022305484988,0.062499973287173605,0.5000011186160603,0.5,0.024999966878263915,-0.15548775718672012,0.35184562916747664,True
17.55,7.65064293434464,2.5773047525256843,8.662673902131825,0.005178893704865727,0.06157412579023547,0.5000010946524015,0.5,0.02499996758781424,-0.1569022247018559,0.3517820304962296,True
17.6,7.672010595841727,2.5903408911348573,8.687658211661798,0.005474179983488108,0.06056171006994793,0.5000010712021062,0.5,0.02499996828216442,-0.15828928112993884,0.35177914771037155,True
17.650000000000002,7.69350582329944,2.603166669749967,8.712641185821482,0.005731908821030374,0.05946425377324205,0.5000010482541771,0.5,0.024999968961639866,-0.15962528960574432,0.3518385488368886,True
17.7,7.7151274346984,2.615779295807427,8.737623093536161,0.005950286106761923,0.058284164293553105,0.5000010257978521,0.5,0.024999969626559336,-0.16089541159727005,0.35196137127064464,True
17.75,7.736874069850994,2.6281761648321575,8.762604199328187,0.006127747796578018,0.057025013685937265,0.5000010038225997,0.5,0.024999970277234693,-0.1620936258567546,0.35214818646551266,True
17.8,7.75874422359965,2.6403548261299608,8.787584766377833,0.006262912443269719,0.05569112643301599,0.5000009823181143,0.5,0.024999970913970843,-0.1632145361145476,0.35239916537537386,True
17.85,7.7807362658171275,2.65231296504263,8.812565058087227,0.006354554954108878,0.05428699640600199,0.5000009612743106,0.5,0.024999971537066706,-0.16423180510010787,0.3527142724953549,True
17.900000000000002,7.80284839846363,2.664048488534662,8.837545333063522,0.00640170135668993,0.05281819959577017,0.5000009406813197,0.5,0.024999972146814327,-0.16513200488582547,0.35309290578830566,True
17.95,7.825078633134597,2.67555958633244,8.862525842435288,0.006403692353679499,0.05129145885430564,0.5000009205294842,0.5,0.024999972743499552,-0.16591599156649126,0.3535338127474606,True
18.0,7.847424846797263,2.686844661323246,8.887506835181672,0.006360095067692946,0.04971394086724923,0.5000009008093531,0.5,0.024999973327402475,-0.16658546592764273,0.3540353810840876,True
18.05,7.869884818546658,2.6979022835003255,8.912488561206713,0.006270644902257143,0.04809267893938274,0.5000008815116784,0.5,0.024999973898796678,-0.16711531081149922,0.3545958636413066,True
18.1,7.892456184394842,2.708731288507473,8.93747126617533,0.0061353536449387505,0.04643541823073821,0.50000086262741,0.5,0.024999974457950255,-0.1674960466179184,0.35521302414733913,True
18.150000000000002,7.91513641459783,2.719330847009811,8.96245518889216,0.005954581467366662,0.044751013562092934,0.5000008441476914,0.5,0.024999975005125456,-0.1677359089899441,0.35588394822685615,True
18.2,7.937922882343869,2.7297003654246543,8.987440567429447,0.005728917668323094,0.043048359867049524,0.5000008260638564,0.5,0.02499997554057874,-0.16784355929090358,0.3566054726702691,True
18.25,7.960812908813029,2.7398394176626364,9.012427642412902,0.005459100092484478,0.04133566344557249,0.5000008083674241,0.5,0.024999976064561266,-0.16779653958434088,0.3573744782465188,True
18.3,7.9838037169929175,2.7497478524292553,9.03741665168526,0.005146132419012711,0.03962184718055395,0.5000007910500952,0.5,0.024999976577318877,-0.167589056732311,0.35818736306213006,True
18.35,8.006892408024285,2.759425869273471,9.062407827427462,0.004791363695339689,0.03791645091218309,0.5000007741037484,0.5,0.0249999770790919,-0.16723567943162299,0.3590399912911242,True
18.400000000000002,8.030076034349626,2.768873896884352,9.08740140175041,0.004396348166053197,0.03622880769326143,0.5000007575204363,0.5,0.02499997757011585,-0.16674968952094302,0.35992807351700973,True
18.45,8.053351645774773,2.7780925105693774,9.112397609152744,0.0039627523112574035,0.03456746559793056,0.5000007412923817,0.5,0.024999978050620795,-0.16611086123797278,0.3608474293001215,True
18.5,8.076716241925892,2.7870825485072226,9.137396680871484,0.0034924815814948986,0.0329411210357095,0.5000007254119742,0.5,0.024999978520832133,-0.16531577626697785,0.3617935884601385,True
18.55,8.100166748226687,2.795845191874182,9.162398841616941,0.0029877647227071285,0.031359182883230474,0.5000007098717661,0.5,0.024999978980970363,-0.16438237936914177,0.3627615417553436,True
18.6,8.123700085967334,2.804381831419175,9.187404313693582,0.002451005097627706,0.029830676039279413,0.5000006946644697,0.5,0.024999979431251262,-0.16332725709170673,0.3637462107604569,True
18.650000000000002,8.147313216478796,2.8126939740662387,9.212413318288135,0.0018846791348181035,0.02836345700671011,0.500000679782953,0.5,0.024999979871886034,-0.16213057044099874,0.36474278056463527,True
18.7,8.171003093309242,2.820783366730115,9.237426069585092,0.0012914706197375615,0.026965654717677034,0.500000665220237,0.5,0.024999980303081374,-0.16078979530293352,0.365746144393551,True
18.75,8.194766636556862,2.8286520837564497,9.26244277092423,0.0006743630569996046,0.02564583048434044,0.5000006509694922,0.5,0.024999980725039336,-0.15932448404175484,0.3667507647379951,True
18.8,8.218600798164067,2.8363023841266033,9.287463617317991,3.648473001101527e-05,0.024412262942249907,0.5000006370240353,0.5,0.024999981137957934,-0.1577517910929846,0.3677510388767964,True
18.85,8.242502600806509,2.8437366149693974,9.312488795419569,-0.0006189934666132625,0.023271936188518083,0.5000006233773262,0.5,0.024999981542030886,-0.15605152332758085,0.36750371276166005,True
18.900000000000002,8.266469090826272,2.8509573427433224,9.337518477482632,-0.0012887169199053904,0.02223197962280632,0.500000610022965,0.5,0.024999981937447575,-0.15422126350873278,0.36713981907944165,True
18.95,8.290497313614146,2.8579674426707795,9.362552817060452,-0.001969053054886761,0.021300198943734083,0.5000005969546889,0.5,0.024999982324393488,-0.1522801090097773,0.3667336212920388,True
19.0,8.314584371536744,2.8647699535430395,9.387591949881452,-0.00265624566016911,0.020483888860644284,0.5000005841663692,0.5,0.024999982703050042,-0.15024521449085904,0.3662866882228071,True
19.05,8.338727457413702,2.871367980291909,9.412635992698526,-0.0033465160780564605,0.019789242883528457,0.5000005716520085,0.5,0.02499998307359471,-0.14809534488563292,0.36580093747513215,True
19.1,8.362923810228935,2.8777648288251387,9.437685037113699,-0.0040359195695620865,0.01922245197544792,0.5000005594057378,0.5,0.024999983436201505,-0.145827451654107,0.3652784569783678,True
19.150000000000002,8.387170691238017,2.8839640992833693,9.462739144628497,-0.004720247532779177,0.018790611449672198,0.5000005474218141,0.5,0.02499998379104032,-0.14345973053994068,0.36472133657271233,True
19.200000000000003,8.411465434914781,2.8899695392246842,9.487798346123046,-0.005395181105565199,0.018500173651068486,0.5000005356946171,0.5,0.024999984138277594,-0.14100835238244888,0.36413197115544277,True
19.25,8.43580547699393,2.895784947616541,9.512862639786025,-0.006056389522810148,0.0183566675806231,0.5000005242186472,0.5,0.024999984478076116,-0.13845142201778204,0.36351304624898106,True
19.3,8.460188313904316,2.901414311189615,9.537931984605692,-0.006699386338029705,0.018365669294821252,0.5000005129885222,0.5,0.024999984810595365,-0.1357853005430661,0.3628673970343834,True
19.35,8.484611480947425,2.906861897592717,9.563006294600854,-0.0073194324000050645,0.018533517142645062,0.5000005019989757,0.5,0.024999985135991186,-0.1330268871609236,0.36219789571432254,True
19.400000000000002,8.50907259580366,2.912132110467202,9.588085437111083,-0.007911685689656136,0.018866262498100195,0.5000004912448538,0.5,0.024999985454416267,-0.13019140227302659,0.36150761207532456,True
19.450000000000003,8.53356938160256,2.91722939571889,9.613169230015796,-0.00847129648832963,0.019368805322281746,0.5000004807211131,0.5,0.02499998576601979,-0.1272563391258539,0.3607999741827869,True
19.5,8.558099630415816,2.922158377656967,9.638257434557978,-0.008993265266682076,0.020046259129581467,0.5000004704228183,0.5,0.024999986070948086,-0.12421827733386301,0.3600785094584824,True
19.55,8.582661184073935,2.9269239488113867,9.66334974850383,-0.009472349839012085,0.020904630024864482,0.5000004603451397,0.5,0.024999986369343908,-0.12109277223531348,0.359346738963555,True
19.6,8.607251970823222,2.931531126983301,9.68844580356765,-0.00990321192253021,0.02194931480362439,0.5000004504833511,0.5,0.024999986661347427,-0.11789393349551144,0.35860847457703593,True
19.650000000000002,8.631870023036978,2.935984967775814,9.71354516206649,-0.010280505475995686,0.023184992827877008,0.5000004408328276,0.5,0.024999986947095487,-0.11459938713848573,0.3578677635419709,True
19.700000000000003,8.656513445085393,2.940290697305979,9.73864730873538,-0.010598739520440171,0.024616408032339887,0.5000004313890434,0.5,0.024999987226722063,-0.11120617966167981,0.3571287967095097,True
19.75,8.681180396728518,2.9444537963007833,9.763751642593434,-0.010852191949603376,0.02624917845342106,0.5000004221475695,0.5,0.02499998750035847,-0.1077292096015268,0.35639575852341654,True
19.8,8.705869123458228,2.948479859169274,9.788857473923779,-0.011035053287270793,0.028088379902139998,0.500000413104072,0.5,0.024999987768132823,-0.1041809428725892,0.35567310136056285,True
19.85,8.730577968952167,2.952374515515857,9.813964020549257,-0.011141505855360402,0.030138323354072627,0.5000004042543097,0.5,0.024999988030170686,-0.10054049899336931,0.35496553273067144,True
19.900000000000002,8.755305347123633,2.9561435566657273,9.839070398372321,-0.011165594289887896,0.03240350881561502,0.5000003955941322,0.5,0.024999988286595172,-0.0968056654387547,0.35427786612521817,True
19.950000000000003,8.780049728147771,2.959793009572827,9.864175611970806,-0.011101150600391031,0.034889064597295155,0.5000003871194783,0.5,0.024999988537526392,-0.09299022321848578,0.3536149694920895,True
20.0,8.804809661754572,2.963329004845916,9.889278551490369,-0.0109419285623971,0.03759982866943956,0.5000003788263734,0.5,0.024999988783082013,-0.089106234000881,0.352981902176374,True
20.05,8.829583785789811,2.9667577038083093,9.914377988947706,-0.010681677623852779,0.0405396843702317,0.5000003707109284,0.5,0.024999989023377137,-0.08513435429062298,0.35238403637277727,True
20.1,8.854370802044523,2.9700854155984353,9.93947256748702,-0.010314024369116142,0.04371279058651235,0.5000003627693373,0.5,0.024999989258524487,-0.08107352057944245,0.3518268174943569,True
20.150000000000002,8.879169463553247,2.9733186636296844,9.964560790800782,-0.009832406121449967,0.04712385481637227,0.5000003549978758,0.5,0.024999989488634432,-0.07693715973646881,0.35131575382126734,True
20.200000000000003,8.903978592239087,2.976464059459154,9.989641020717716,-0.00923019960680537,0.050777094298309254,0.500000347392899,0.5,0.024999989713814924,-0.07273598923053687,0.35085659301559946,True
20.25,8.928797083318818,2.979528240156661,10.014711473813653,-0.008500785099603524,0.05467600457367453,0.5000003399508406,0.5,0.02499998993417149,-0.06845391589519113,0.3504553262586426,True
20.3,8.953623884522527,2.98251797246448,10.039770209729905,-0.0076374423977145665,0.058824182366441664,0.5000003326682104,0.5,0.024999990149807406,-0.06409145823920318,0.3501180547640853,True
20.35,8.978457985029808,2.9854402048647684,10.064815120310797,-0.006633300091589715,0.06322574935039954,0.5000003255415931,0.5,0.024999990360823825,-0.059660939915094045,0.3498509209540932,True
20.400000000000002,9.003298426935629,2.9883019564053788,10.089843928330742,-0.0054814496635257354,0.06788414696522024,0.5000003185676465,0.5,0.024999990567319736,-0.055172892221193044,0.349660345588316,True
20.450000000000003,9.028144306558158,2.991110261966935,10.114854185085674,-0.0041750025799149205,0.07280225621983744,0.5000003117430999,0.5,0.024999990769391967,-0.050614814430245694,0.34955293678725907,True
20.5,9.052994756859652,2.993872258054732,10.139843258823547,-0.0027070062250094153,0.07798301965782763,0.5000003050647528,0.5,0.024999990967135323,-0.04598865843949685,0.3495353966655069,True
20.55,9.077848936849836,2.9965952249359344,10.164808324421381,-0.0010704043899833493,0.08342933983192075,0.5000002985294733,0.5,0.02499999116064248,-0.0413064114466223,0.3496145927789557,True
20.6,9.102706038293105,2.9992864887265607,10.189746364232635,0.0007418612113001041,0.08914400577034337,0.5000002921341964,0.5,0.024999991350004195,-0.03657821086192936,0.34831375781877505,True
20.650000000000002,9.127565284600243,3.0019533740939335,10.21465416752423,0.0027368003226470334,0.09512879455579533,0.5000002858759229,0.5,0.024999991535309345,-0.03179644072681523,0.3446177078994113,True
20.700000000000003,9.152425916036316,3.0046032691920885,10.239528320597804,0.004921435869009373,0.10138553288597311,0.5000002797517179,0.5,0.024999991716644854,-0.026964410527851774,0.3406605095399939,True
20.75,9.177287179708104,3.007243656070667,10.264365198657027,0.007302830502010703,0.1079160624598269,0.5000002737587093,0.5,0.024999991894095675,-0.022093429926320445,0.33643543437111134,True
20.8,9.202148331979085,3.0098820322110225,10.289200588155994,0.009876021123483666,0.11072461478518579,0.5000002678940865,0.5,0.024999992067744982,-0.01823319935518201,0.3330713859721497,True
20.85,9.227009119198918,3.0125215549049287,10.314169796641869,0.01236220747708084,0.10120173712245753,0.5000002621550991,0.5,0.02499999223767437,-0.01324898424449173,0.3332717222789321,True
20.900000000000002,9.251868877315024,3.0151689058218967,10.339177973428152,0.014648939466655212,0.09192904440069774,0.5000002565390558,0.5,0.02499999240396331,-0.008194021394383707,0.3336143864990059,True
20.950000000000003,9.276726374008817,3.017835864209809,10.364221007149743,0.016747571555546438,0.08294343143824891,0.5000002510433227,0.5,0.024999992566689958,-0.003120304758483729,0.33407619457040494,True
21.0,9.301580809317722,3.020530245328389,10.389295446720363,0.018665549126866337,0.07424868760738547,0.5000002456653224,0.5,0.02499999272593066,0.0019601075365509885,0.334647242531834,True
21.05,9.326431382408558,3.02325965007187,10.414398069787271,0.020410154174127844,0.06584664157427764,0.5000002404025329,0.5,0.024999992881760025,0.007044095781735995,0.3353184106605828,True
21.1,9.351277265854906,3.0260316297977905,10.439525860571276,0.021988666592162275,0.0577385943357777,0.500000235252486,0.5,0.024999993034251006,0.01212399329131748,0.3360807985489553,True
21.150000000000002,9.376117597647452,3.0288536950205516,10.464676003931572,0.023408369522082566,0.04992548160336901,0.5000002302127665,0.5,0.024999993183475358,0.017952069362932626,0.33692567380163996,True
21.200000000000003,9.400951125109113,3.0317364404033422,10.489845745638622,0.024679687924079385,0.042430381677555216,0.5000002252810108,0.5,0.024999993329502975,0.022902217719091254,0.33783477383301175,True
21.25,9.42577685549916,3.034687565127858,10.515032715032117,0.025810178362371334,0.035250251566541005,0.5000002204549062,0.5,0.02499999347240226,0.027788876826828485,0.33880031817368195,True
21.3,9.45059417356296,3.037710898738167,10.540234838991939,0.026803540042807276,0.02835780967354043,0.5000002157321893,0.5,0.02499999361224022,0.03263475800579623,0.3398255762225525,True
21.35,9.475402072639872,3.0408132442432847,10.565450055610256,0.02766649334473786,0.021750682783528125,0.5000002111106453,0.5,0.02499999374908251,0.037432029396675504,0.3409036303122924,True
21.400000000000002,9.50019948076695,3.044001388694371,10.590676461526503,0.028405774201913373,0.015426902879004958,0.5000002065881067,0.5,0.024999993882993298,0.042172371241217366,0.34202749141534167,True
21.450000000000003,9.524985270590122,3.0472819770420068,10.615912309004482,0.029028005671600528,0.009383960605243727,0.5000002021624527,0.5,0.024999994014035413,0.04684641488071945,0.3431905025616716,True
21.5,9.549758257999791,3.050661492807876,10.641155997901931,0.02953967712125441,0.003618795841628067,0.5000001978316077,0.5,0.024999994142270207,0.05144583572872577,0.3443863613389312,True
21.55,9.574517200870387,3.054146243793002,10.666406067239175,0.02994712870962549,-0.0018722407519670414,0.5000001935935405,0.5,0.02499999426775796,0.05596396778794857,0.34449703519217134,True
21.6,9.599260797001513,3.0577423594893207,10.691661186701358,0.03025654787592695,-0.007093278547134291,0.5000001894462639,0.5,0.024999994390557324,0.06039416056719531,0.3426399107112048,True
21.650000000000002,9.6239876828704,3.061455786333824,10.716920148389097,0.030473963862223216,-0.012048855841189643,0.5000001853878326,0.5,0.024999994510726112,0.06472533354129882,0.340956685860481,True
21.700000000000003,9.648696436289896,3.065292258519219,10.742181858366177,0.030605217748449137,-0.016744119715477596,0.5000001814163436,0.5,0.02499999462832044,0.06895136581533345,0.3394395335064409,True
21.75,9.67338557791519,3.0692572849663864,10.767445328103497,0.03065594889638532,-0.021184729628054014,0.5000001775299341,0.5,0.024999994743395756,0.07306815398824071,0.33808070551648717,True
21.8,9.698053569301672,3.0733561657363038,10.792709666780928,0.030631611231796623,-0.025376710188346252,0.5000001737267816,0.5,0.024999994856005753,0.07707173622206205,0.3368725611754853,True
21.85,9.722698813371231,3.077593992885338,10.817974073991552,0.03053747396270513,-0.029326328198265805,0.5000001700051026,0.5,0.024999994966203382,0.08095246057870739,0.33580760322225994,True
21.900000000000002,9.747319660053972,3.0819756205396187,10.843237831818488,0.030378591262781713,-0.033040318958786535,0.5000001663631515,0.5,0.024999995074040344,0.08470678842421832,0.3348784420293369,True
21.950000000000003,9.771914410134388,3.0865056542733385,10.868500297341,0.030159791449356484,-0.036525800304926775,0.5000001627992204,0.5,0.02499999517956718,0.08833457223984804,0.33407783196030766,True
22.0,9.796481313140267,3.091188481362636,10.893760897019387,0.02988570754701112,-0.039790079106988424,0.5000001593116381,0.5,0.02499999528283331,0.09183433946983627,0.33339869719022136,True
22.05,9.821018568896351,3.096028276580701,10.919019121042119,0.029560783202922183,-0.042840500766099764,0.5000001558987689,0.5,0.024999995383887134,0.09520072210744271,0.3328341689155827,True
22.1,9.845524334491623,3.1010289782766494,10.94427451673503,0.02918924849407073,-0.04568465058343807,0.5000001525590122,0.5,0.02499999548277614,0.09843388998143461,0.33237754977953016,True
22.150000000000002,9.869996728027347,3.1061942885017824,10.969526683066343,0.028775120017045675,-0.04833027548565497,0.5000001492908017,0.5,0.024999995579546762,0.10153609475120698,0.33202233565210937,True
22.200000000000003,9.894433827398936,3.111527701425324,10.994775266982971,0.02832222968766269,-0.05078511609647113,0.5000001460926048,0.5,0.024999995674244317,0.10450920637983632,0.33176223442948594,True
22.25,9.918833672213239,3.1170325120528215,11.020019959438613,0.02783423361951637,-0.05305675165429959,0.5000001429629216,0.5,0.02499999576691312,0.10735573849872959,0.33159120062100345,True
22.3,9.94319426670845,3.122711819707673,11.045260491516801,0.027314615679196234,-0.05515269646860058,0.5000001399002844,0.5,0.024999995857596744,0.1100784958135828,0.3315034021123676,True
22.35,9.96751358210903,3.128568534795993,11.070496631036576,0.02676669436204637,-0.05708029733870287,0.5000001369032567,0.5,0.024999995946337717,0.11267936731317055,0.3314932414163415,True
22.400000000000002,9.991789560187947,3.1346053798090825,11.095728179119492,0.026193623774477585,-0.05884684154028966,0.5000001339704332,0.5,0.024999996033177676,0.11516162689498644,0.33155532180666714,True
22.450000000000003,10.016020116158368,3.14082489415885,11.120954967216186,0.02559839847790435,-0.06045933397517836,0.5000001311004384,0.5,0.024999996118157237,0.11752746673999115,0.3316845053860813,True
22.5,10.040203141508709,3.147229439301688,11.14617685440103,0.024983858594964894,-0.061924800792848345,0.5000001282919263,0.5,0.02499999620131638,0.11978002819831464,0.33187581865981375,True
22.55,10.064336507314326,3.153821201762926,11.171393724762746,0.024352692729952323,-0.06325002489275502,0.5000001255435799,0.5,0.024999996282693997,0.12192188455979594,0.33212452465490394,True
22.6,10.08841806697424,3.16060219873954,11.196605485164243,0.023707443483843064,-0.06444165342807803,0.5000001228541101,0.5,0.02499999636232836,0.12395631982200914,0.33242608493478365,True
22.650000000000002,10.112445659129108,3.167574282696469,11.221812063138682,0.02305051190278205,-0.06550616341811896,0.5000001202222558,0.5,0.024999996440256692,0.12588595636823258,0.33277616376934227,True
22.700000000000003,10.136417110512646,3.1747391460584895,11.247013404972874,0.022384161984446774,-0.0664498599584043,0.5000001176467826,0.5,0.02499999651651565,0.12771341432960262,0.3331706228998407,True
22.75,10.160330239586578,3.1820983227638835,11.272209473737519,0.021710521903274348,-0.06727892564149612,0.5000001151264828,0.5,0.024999996591140963,0.12944223455267798,0.33360550491834584,True
22.8,10.184182858539149,3.189653196021043,11.297400247891883,0.02103159158029126,-0.06799936283855557,0.5000001126601743,0.5,0.024999996664167624,0.13107521368445763,0.33407704124938076,True
22.85,10.207972775653458,3.1974050039645014,11.322585719898807,0.02034924807307678,-0.06861698805109734,0.5000001102467007,0.5,0.024999996735629703,0.13261483540564314,0.3345816473649373,True
22.900000000000002,10.231697799070613,3.205354840083337,11.34776589459596,0.01966524550877156,-0.06913746335287951,0.5000001078849299,0.5,0.0249999968055609,0.13406480184012265,0.33511591286304554,True
22.950000000000003,10.255355738436766,3.213503661022891,11.372940788205206,0.01898122261001753,-0.06956623903856075,0.5000001055737543,0.5,0.024999996873994085,0.13542788573650386,0.33567660957851403,True
23.0,10.278944406736583,3.2218522929245883,11.398110427358407,0.01829870870656779,-0.06990866380511801,0.5000001033120901,0.5,0.024999996940961246,0.13670694760409138,0.3362606530862924,True
23.05,10.302461623469203,3.230401432929758,11.42327484787226,0.017619124681058165,-0.0701698309295466,0.5000001010988766,0.5,0.02499999700649385,0.13790452274104767,0.3368651452743825,True
23.1,10.325905217158764,3.239151652827411,11.44843409376412,0.01694378609430846,-0.07035473412693455,0.500000098933076,0.5,0.024999997070622487,0.1390620321335569,0.3374873257399976,True
23.150000000000002,10.349272975333415,3.24810355775231,11.473588227956476,0.016274069547633083,-0.07046707657547463,0.5000000968136724,0.5,0.024999997133377274,0.1402281912030564,0.3381247472037094,True
23.200000000000003,10.372562563503868,3.2572580096064883,11.498737348377977,0.015611650064216361,-0.07050776006455711,0.500000094739672,0.5,0.024999997194787696,0.14140214923832808,0.33877547185798773,True
23.25,10.395771549890922,3.2666160199732075,11.523881579871876,0.014958392535161548,-0.07047633475783649,0.500000092710102,0.5,0.02499999725488257,0.14258057004470256,0.33943776284850996,True
23.3,10.418897465598784,3.2761785624008155,11.549021059964016,0.014316155830031837,-0.07037250632076192,0.5000000907240107,0.5,0.024999997313690053,0.1437845481151486,0.34010984690948753,True
23.35,10.44193777360868,3.2859466549151013,11.574155944768101,0.013686881487164909,-0.0701953555866097,0.5000000887804666,0.5,0.024999997371237804,0.1450379742766347,0.340790050047051,True
23.400000000000002,10.46488981712296,3.295921483575555,11.59928641808806,0.013072728010227545,-0.06994266661401594,0.5000000868785583,0.5,0.024999997427552666,0.146333297958089,0.34147685659443805,True
23.450000000000003,10.48775084306818,3.306104317896768,11.624412684980696,0.01247598459439529,-0.06961178893037268,0.5000000850173938,0.5,0.02499999748266123,0.1476638238898268,0.34216874792116964,True
23.5,10.510518044309894,3.3164963920435104,11.649534962740145,0.01189894645100552,-0.06920041011699574,0.5000000831961002,0.5,0.024999997536589207,0.14903194169372652,0.34286410524735267,True
23.55,10.533188547681418,3.327098932708304,11.67465348283343,0.011343946172019075,-0.06870637555895148,0.5000000814138236,0.5,0.024999997589361823,0.15043966917693816,0.3435612303155109,True
23.6,10.55575939872494,3.337913190364667,11.699768493007877,0.010813389498057206,-0.06812748528086437,0.5000000796697279,0.5,0.024999997641003892,0.15187675664514622,0.3442583682885835,True
23.650000000000002,10.578227579266224,3.3489403907744775,11.724880253414685,0.010309705120181928,-0.0674616664986098,0.5000000779629953,0.5,0.024999997691539735,0.15333226894305044,0.344953708538036,True
23.700000000000003,10.60059003314217,3.360181674777284,11.749989031902757,0.009835280588013008,-0.06670757334770328,0.5000000762928253,0.5,0.024999997740992982,0.15479462823348147,0.3456452761937067,True
23.75,10.622843677363488,3.3716380778753194,11.775095102283942,0.009392440414205557,-0.06586450841373587,0.5000000746584347,0.5,0.02499999778938681,0.1562512407444486,0.3463309764445367,True
23.8,10.644985415339233,3.383310508140205,11.800198742476816,0.008983421760159559,-0.06493250334967376,0.5000000730590569,0.5,0.024999997836743944,0.15769134586461653,0.34700859532268213,True
23.85,10.667012147291736,3.395199732941798,11.825300233308834,0.00861035921728267,-0.06391223539211499,0.5000000714939421,0.5,0.02499999788308642,0.1591051005587372,0.3476758385233757,True
23.900000000000002,10.688920777160147,3.407306374644491,11.850399857971235,0.008275279083609805,-0.06280521326473582,0.500000069962356,0.5,0.02499999792843625,0.16047171488891587,0.3483302829327457,True
23.950000000000003,10.71070824341129,3.4196308598302734,11.8754978982537,0.007980041380708722,-0.061613574375228804,0.5000000684635806,0.5,0.024999997972814443,0.16177229843817126,0.3489694923399195,True
24.0,10.732371555691556,3.4321733643718053,11.900594630735142,0.007726275398247875,-0.06034089576050633,0.5000000669969128,0.5,0.024999998016241965,0.1630005439906347,0.34959084680400976,True
24.05,10.75390778950597,3.444933845310513,11.925690329084372,0.007515411234931367,-0.05899145932746419,0.5000000655616648,0.5,0.02499999805873927,0.16415109895529445,0.3501917218727182,True
24.1,10.775314074541798,3.4579120806303165,11.950785266685244,0.00734872103707295,-0.057569783463802926,0.5000000641571635,0.5,0.024999998100326173,0.16520097261255348,0.35076958172063244,True
24.150000000000002,10.796587639636991,3.4711076024326117,11.975879712151723,0.007227239521278404,-0.05608136640179662,0.5000000627827503,0.5,0.024999998141022054,0.16613205883787371,0.3513218426879078,True
24.200000000000003,10.817725862033516,3.4845196319439364,12.000973925436014,0.007151683792210775,-0.05453295344842235,0.5000000614377806,0.5,0.0249999981808462,0.1669437101842282,0.35184587450761184,True
24.25,10.838726247447479,3.498147142394976,12.026068162259193,0.007122517985655292,-0.052931801823262514,0.5000000601216237,0.5,0.02499999821981724,0.16763954431998385,0.35233914694109864,True
24.3,10.859586397617095,3.511988935344407,12.051162678824273,0.007140035480448849,-0.05128514227004832,0.5000000588336623,0.5,0.024999998257953338,0.16819694097630344,0.3527993027012162,True
24.35,10.880304063355915,3.5260435675508637,12.076257727197216,0.0072042689329893965,-0.04960066491414272,0.5000000575732924,0.5,0.02499999829527245,0.1686019179540874,0.3532241058728037,True
24.400000000000002,10.900877205086669,3.540309275890759,12.10135355120262,0.007314894515826726,-0.0478873498654373,0.5000000563399228,0.5,0.02499999833179209,0.16886202273111411,0.35361129530776253,True
24.450000000000003,10.921303951129442,3.5547840727761835,12.126450392270563,0.0074713343686382576,-0.04615425548859408,0.5000000551329753,0.5,0.02499999836752939,0.1689868913641733,0.35395883282216656,True
24.5,10.941582551382147,3.569465837154127,12.151548494087711,0.007672857459599319,-0.04440992171222391,0.5000000539518836,0.5,0.02499999840250122,0.1689577885364822,0.3542649757385099,True
24.55,10.961711436241417,3.584352236834643,12.176648097720232,0.007918481649972279,-0.04266316502023438,0.500000052796094,0.5,0.024999998436723805,0.16876390562695456,0.35452814367063845,True
24.6,10.981689281804615,3.5994406518855926,12.201749437502686,0.008206872969637553,-0.04092375633126932,0.5000000516650644,0.5,0.024999998470213315,0.16841935666091418,0.35474682121517376,True
24.650000000000002,11.001514953793656,3.614728282183301,12.226852746330641,0.008536464886149073,-0.03920130620686357,0.5000000505582645,0.5,0.024999998502985357,0.1679394050246102,0.35491976303689254,True
24.700000000000003,11.021187445008191,3.6302122513567148,12.251958259607877,0.008905578004553981,-0.03750453420093036,0.5000000494751751,0.5,0.02499999853505526,0.16730620219390402,0.3550460880288402,True
24.75,11.040705943756455,3.645889518394173,12.277066209655295,0.009312307119169326,-0.0358422954817772,0.5000000484152882,0.5,0.0249999985664382,0.16651257351349388,0.35512509351866706,True
24.8,11.060069903022248,3.6617567993902744,12.302176821360263,0.0097544159199023,-0.03422413996868967,0.5000000473781069,0.5,0.02499999859714887,0.16557653779703943,0.355156197262243,True
24.85,11.079278968178738,3.6778106856865596,12.327290316402722,0.01022947333686128,-0.03265922564884538,0.5000000463631448,0.5,0.02499999862720149,0.16451598143137308,0.355139119031756,True
24.900000000000002,11.09833290717793,3.6940477452227696,12.352406915554837,0.010734974768618948,-0.031155857750517102,0.5000000453699257,0.5,0.024999998656610404,0.16331286535509473,0.35507389547526236,True
24.950000000000003,11.117231688110849,3.7104644257530834,12.37752683259342,0.01126821645506649,-0.029721983567687182,0.500000044397984,0.5,0.024999998685389338,0.16196223306186114,0.35496086225909906,True
25.0,11.135975549953814,3.727056978066959,12.402650269725386,0.011826189742274562,-0.02836659795374985,0.5000000434468638,0.5,0.02499999871355168,0.16048347790902504,0.35480034860629894,True
25.05,11.154564918375161,3.743821576855144,12.427777420288841,0.012405726210587855,-0.027097954677983257,0.5000000425161191,0.5,0.02499999874111069,0.1588946698923111,0.3545930570536314,True
25.1,11.173000334103314,3.760754413157935,12.452908469357125,0.01300361269687307,-0.025923347201827096,0.5000000416053133,0.5,0.02499999876807936,0.1571777064968226,0.35434001438855245,True
25.150000000000002,11.191282535937582,3.777851595680252,12.478043587487974,0.013616460557654149,-0.024850004001797377,0.5000000407140194,0.5,0.024999998794470277,0.15532772137374562,0.35404244101232046,True
25.200000000000003,11.20941253305191,3.795109075507001,12.503182925793219,0.014240599722809182,-0.023885781010419493,0.5000000398418193,0.5,0.024999998820295823,0.15336410894784075,0.35370165432553824,True
25.25,11.227391514617933,3.8125227625845155,12.528326616994155,0.014872224051709007,-0.023038207012436085,0.5000000389883039,0.5,0.024999998845568222,0.15130483972408398,0.3533192046916414,True
25.3,11.245220774064494,3.8300886135986936,12.553474774789574,0.015507505460597065,-0.02231355625844156,0.5000000381530731,0.5,0.02499999887029911,0.14912991294082606,0.3528970353856631,True
25.35,11.262901799970939,3.8478025295274265,12.578627487309774,0.01614245521439537,-0.021718157563864752,0.5000000373357352,0.5,0.02499999889450022,0.146834762550145,0.352437237793705,True
25.400000000000002,11.280436350102796,3.8656602819716452,12.603784811657658,0.01677281791559078,-0.021259133347684034,0.5000000365359066,0.5,0.02499999891818297,0.14443761901500496,0.3519419409275059,True
25.450000000000003,11.297826354197484,3.8836576267618796,12.628946773600202,0.017394219168636142,-0.02094312664722242,0.5000000357532126,0.5,0.02499999894135822,0.14195569028641886,0.35141353931982566,True
25.5,11.315073838182999,3.901790383933775,12.654113365872448,0.01800227404930092,-0.02077564558320344,0.5000000349872858,0.5,0.02499999896403712,0.13936683744336242,0.35085477883146143,True
25.55,11.332181021680137,3.9200543340039884,12.67928454119986,0.01859244320049743,-0.020762519258515355,0.5000000342377673,0.5,0.02499999898623008,0.13666749036654408,0.3502684732826402,True
25.6,11.349150390214463,3.938445149582354,12.70446020612486,0.019159931996686613,-0.020910046231226942,0.5000000335043053,0.5,0.024999999007947662,0.13387500333503857,0.3496575626979299,True
25.650000000000002,11.36598458965756,3.956958507896948,12.72964021964258,0.01969984331620267,-0.021224341250759227,0.500000032786556,0.5,0.02499999902920001,0.13100439191699417,0.3490251540749012,True
25.700000000000003,11.382686357126042,3.9755901573164616,12.754824390540218,0.020207272068962952,-0.021710359805451995,0.5000000320841828,0.5,0.024999999049997102,0.12803314128377033,0.34837471516376084,True
25.75,11.399258621731233,3.9943358160630638,12.780012469730671,0.020677161156443982,-0.022373336817788636,0.5000000313968562,0.5,0.02499999907034856,0.12495802908432792,0.3477097962444505,True
25.8,11.415704571472624,4.013191111665177,12.805204143122282,0.021104210230027357,-0.0232192152123345,0.5000000307242539,0.5,0.024999999090264166,0.12179495208758569,0.34703399672048835,True
25.85,11.432027546714984,4.032151685562849,12.830399029337002,0.021483023950795203,-0.024253550617737818,0.5000000300660605,0.5,0.0249999991097531,0.11855869652589247,0.3463511405682962,True
25.900000000000002,11.448230971497338,4.051213253919003,12.855596676543009,0.02180820280530943,-0.025480971644095792,0.5000000294219674,0.5,0.024999999128824436,0.11522525797039374,0.34566534533096815,True
25.950000000000003,11.464318457599735,4.070371508095965,12.880796553665771,0.02207419848007363,-0.02690625966241733,0.5000000287916724,0.5,0.024999999147487316,0.11179350148841281,0.34498085050692606,True
26.0,11.480293866353755,4.089622060492675,12.905998042022823,0.022275231213695797,-0.028535004882489723,0.5000000281748799,0.5,0.024999999165750426,0.10827754466320447,0.3443019093519761,True
26.05,11.496161198460532,4.108960544509406,12.931200432681212,0.02240543816348588,-0.030372343273264768,0.5000000275713007,0.5,0.02499999918362227,0.10469084637582046,0.343633013224516,True
26.1,11.511924534723978,4.128382662364676,12.956402922756627,0.022458949248374,-0.032422520327282434,0.5000000269806518,0.5,0.02499999920111112,0.10101110172194183,0.3429789447276448,True
26.150000000000002,11.527588133000963,4.147884095994367,12.981604605488041,0.022429755589118743,-0.03469010271495143,0.5000000264026562,0.5,0.024999999218225346,0.097237422804124,0.3423445553755425,True
26.200000000000003,11.543156484740681,4.16746045817132,13.006804460560229,0.022311635071034376,-0.037180228832685236,0.5000000258370426,0.5,0.024999999234973046,0.0933841341467827,0.34173476906809425,True
26.25,11.558634205641397,4.187107384523313,13.032001351569352,0.02209829564031703,-0.03989757160636754,0.500000025283546,0.5,0.024999999251361878,0.08946265378051893,0.34115474438483984,True
26.3,11.574025982103374,4.206820572809097,13.05719402223424,0.021783442172065414,-0.04284609078786361,0.5000000247419067,0.5,0.02499999926739968,0.08545283440338262,0.3406098811611763,True
26.35,11.5893366650138,4.226595699386234,13.082381085031596,0.02136065195715084,-0.04602982662932553,0.5000000242118708,0.5,0.02499999928309382,0.0813554877694396,0.3401057147126788,True
26.400000000000002,11.60457131355231,4.246428380866711,13.107561010758959,0.020823317793419036,-0.049453455261157186,0.5000000236931896,0.5,0.024999999298451824,0.07718386367247827,0.3396478136825065,True
26.450000000000003,11.619735091615015,4.266314255068165,13.132732126658176,0.02016478076610775,-0.053121231119024226,0.50000002318562,0.5,0.024999999313480743,0.07294842649151051,0.3392419577469399,True
26.5,11.63483322208616,4.286249010963085,13.157892612829233,0.019378386262644452,-0.05703640190680659,0.5000000226889237,0.5,0.02499999932818776,0.0686321231071673,0.33889425233761344,True
26.55,11.649871069335425,4.306228316170115,13.183040490033179,0.01845737639092824,-0.06120265089408583,0.500000022202868,0.5,0.024999999342579772,0.06423733693328307,0.3386108192908811,True
26.6,11.664854172573705,4.3262477860578965,13.208173609092956,0.017394847085739986,-0.06562392101718151,0.5000000217272248,0.5,0.024999999356663503,0.0597763295954538,0.33839789413168275,True
26.650000000000002,11.67978815127575,4.34630305244373,13.233289650335669,0.016183867359828463,-0.07030360017135084,0.5000000212617712,0.5,0.024999999370445353,0.05525946163395086,0.33826194456080627,True
26.700000000000003,11.69467866443381,4.366389787333419,13.258386120975882,0.014817528780431204,-0.0752444633611231,0.5000000208062888,0.5,0.024999999383932093,0.050673021043157636,0.3382096384712181,True
26.75,11.709531479908689,4.386503641590452,13.283460342977623,0.013288856471337455,-0.08044920970096503,0.500000020360564,0.5,0.024999999397129876,0.04602092389051633,0.3382477798295509,True
26.8,11.724352499486848,4.406640219251853,13.30850944320192,0.0115907772869452,-0.08592083367899639,0.5000000199243878,0.5,0.02499999941004493,0.04131541184021557,0.33838323699713396,True
26.85,11.739147671508768,4.42679513684699,13.333530355351527,0.009716228797841998,-0.09166191193199491,0.5000000194975557,0.5,0.024999999422683238,0.03656597508118563,0.338623040585622,True
26.900000000000002,11.753922957050973,4.446964040200064,13.358519818995154,0.007658200269200806,-0.09767396146293082,0.5000000190798674,0.5,0.024999999435050872,0.031763424748925,0.3389745255175929,True
26.950000000000003,11.768684385201437,4.467142554159802,13.383474368807939,0.005409662884657365,-0.10395885360360424,0.500000018671127,0.5,0.024999999447153587,0.026913489626277827,0.33944499934007244,True
27.0,11.783438065602624,4.487326265242361,13.40839032744552,0.0029635541455156947,-0.11051821122413928,0.5000000182711429,0.5,0.024999999458996964,0.022027501058296393,0.3400419318472778,True
27.05,11.798190115097018,4.507510767950237,13.433262374660183,0.0003362719590025373,-0.1116964368401352,0.5000000178797276,0.5,0.02499999947058662,0.01711555755287331,0.34233776879682043,True
27.1,11.812946627728431,4.527691677921916,13.458143677695038,-0.0021793773184681036,-0.10223808418537794,0.5000000174966973,0.5,0.024999999481928086,0.012172879024185105,0.34316150279830315,True
27.150000000000002,11.82771371225503,4.547864595125943,13.483063674726866,-0.004501659904803446,-0.09305996570135833,0.5000000171218726,0.5,0.024999999493026528,0.0072062754455209065,0.3434402750737918,True
27.200000000000003,11.842497499144768,4.568025090037254,13.50801877908592,-0.006637673279348431,-0.08416511203685295,0.5000000167550775,0.5,0.02499999950388725,0.002227549266474382,0.34383726427906014,True
27.25,11.857304077457101,4.588168741481984,13.53300561235604,-0.00859452923846744,-0.07555553184383469,0.5000000163961402,0.5,0.024999999514515297,-0.0027535571915620048,0.3443434422113353,True
27.3,11.872139468918723,4.608291146946247,13.558021001808228,-0.010379322325467732,-0.06723272090728173,0.5000000160448923,0.5,0.024999999524915613,-0.0077353118620613216,0.34495000812800886,True
27.35,11.887009645445882,4.628387901150626,13.583061973094505,-0.011999152211824255,-0.05919772347937901,0.500000015701169,0.5,0.024999999535093128,-0.012709468957665946,0.3456483501279952,True
27.400000000000002,11.90192052515473,4.6484545907662715,13.608125745451753,-0.013461119645354121,-0.05145135563286718,0.5000000153648092,0.5,0.024999999545052613,-0.01766607080003915,0.346429985075288,True
27.450000000000003,11.916877933783844,4.668486814934148,13.63320972859248,-0.014772279607071462,-0.043993722019264436,0.500000015035655,0.5,0.024999999554798768,-0.02259553318957962,0.34728674531334597,True
27.5,11.931887585449722,4.688480192011973,13.658311516647835,-0.015939618426957236,-0.03682435458568012,0.5000000147135523,0.5,0.0249999995643361,-0.027491734372737227,0.34821076236953763,True
27.55,11.94695508055878,4.708430354159598,13.683428880651016,-0.01697005224152015,-0.029942147474453232,0.5000000143983497,0.5,0.024999999573669152,-0.03234613041468422,0.34919448775794903,True
27.6,11.962085897393884,4.72833294709366,13.708559761345732,-0.01787041765158912,-0.02334568546515281,0.5000000140898997,0.5,0.024999999582802225,-0.03714970649283897,0.35023060584789745,True
27.650000000000002,11.977285370170135,4.748183640521038,13.733702262112095,-0.01864744548679504,-0.017032859172614656,0.5000000137880574,0.5,0.024999999591739763,-0.04189437425672002,0.351312171896669,True
27.700000000000003,11.992558677230262,4.767978131774751,13.758854640993004,-0.019307747076746186,-0.011001056594853953,0.5000000134926813,0.5,0.024999999600485805,-0.04657046823277316,0.3524325688942741,True
27.75,12.00791082635818,4.787712152379593,13.784015302540011,-0.019857796780019914,-0.005247023574259879,0.500000013203633,0.5,0.024999999609044497,-0.051170293597052614,0.3535855650686206,True
27.8,12.023346643002414,4.8073814732772995,13.809182789385854,-0.02030391795139115,0.00023294673779794553,0.5000000129207769,0.5,0.024999999617419687,-0.0556872427413663,0.35462690025961996,True
27.85,12.038870768590874,4.8269819031810375,13.834355773791163,-0.020652281395517898,0.005443043125856972,0.5000000126439803,0.5,0.0249999996256155,-0.06011446651658337,0.35273299444376915,True
27.900000000000002,12.054487653364896,4.846509291777027,13.85953304945234,-0.02090889679717494,0.010387971845721378,0.5000000123731134,0.5,0.024999999633635736,-0.0644413346864206,0.35101267536393765,True
27.950000000000003,12.070201533667854,4.865959545813504,13.884713523125557,-0.021079584226370726,0.015073018145816741,0.5000000121080491,0.5,0.024999999641484284,-0.06866182156065732,0.34945809836992037,True
28.0,12.086016422704873,4.88532863599378,13.909896206170602,-0.021169962159783496,0.019503844234145196,0.5000000118486633,0.5,0.02499999964916457,-0.07277260956137142,0.3480615375917051,True
28.05,12.101936125130916,4.904612585994726,13.935080206945926,-0.021185465486405416,0.0236865108382166,0.5000000115948341,0.5,0.0249999996566804,-0.07676871773874526,0.34681536263360313,True
28.1,12.117964235018357,4.9238074748090765,13.960264723514626,-0.021131342389041477,0.027627387481767407,0.5000000113464426,0.5,0.024999999664035266,-0.08064135415631622,0.34571206880620714,True
28.150000000000002,12.13410411259637,4.942909456869242,13.985449035792909,-0.021012623712905174,0.03133325736526227,0.5000000111033722,0.5,0.024999999671232575,-0.08438747916772646,0.3447442772946576,True
28.200000000000003,12.150358882239587,4.961914766502186,14.010632498337142,-0.02083411884871262,0.03481126056226547,0.5000000108655092,0.5,0.024999999678275587,-0.08800700735891055,0.34390475614417987,True
28.25,12.166731455661505,4.980819702374774,14.035814534722855,-0.020600443880032307,0.038068694509005414,0.5000000106327417,0.5,0.024999999685167803,-0.09149778539715805,0.3431864502295511,True
28.3,12.183224534121482,4.999620628851924,14.060994631776019,-0.020316022863329557,0.04111292854925719,0.5000000104049608,0.5,0.024999999691912245,-0.09485544660609346,0.34258250410062085,True
28.35,12.19984059379631,5.018313991946952,14.086172333182748,-0.01998506692219628,0.043951592127738914,0.5000000101820595,0.5,0.024999999698512215,-0.09808031598883007,0.3420862269850371,True
28.400000000000002,12.216581890939711,5.036896319772015,14.111347234250399,-0.019611578499936284,0.04659244168840504,0.5000000099639333,0.5,0.024999999704970872,-0.10117417449863114,0.3416911264089788,True
28.450000000000003,12.23345048158932,5.0553642107226775,14.136518978027105,-0.01919937464019121,0.04904305794710151,0.50000000975048,0.5,0.024999999711291184,-0.10413933656632944,0.34139097165613286,True
28.5,12.250448230707741,5.073714330226452,14.161687251384805,-0.018752096685927852,0.0513111440953844,0.5000000095415994,0.5,0.02499999971747601,-0.10697840866749278,0.3411796957698716,True
28.55,12.267576818591966,5.091943409800656,14.186851781311681,-0.018273216407002933,0.05340420304793392,0.5000000093371936,0.5,0.024999999723528364,-0.10969379545081002,0.34105148171735017,True
28.6,12.284837745447234,5.110048247779664,14.212012331387115,-0.01776603964501698,0.055329475047989574,0.5000000091371666,0.5,0.024999999729451158,-0.11228763761152219,0.3410007750563614,True
28.650000000000002,12.302232334287169,5.128025711682866,14.237168698389336,-0.017233707608154014,0.05709418991464111,0.5000000089414247,0.5,0.024999999735247032,-0.11476303737412986,0.3410222078790008,True
28.700000000000003,12.319761737319007,5.145872737598921,14.262320709398619,-0.01667920272426284,0.05870548636560691,0.5000000087498762,0.5,0.024999999740918728,-0.11712272052474276,0.3411106149059615,True
28.75,12.337426942617352,5.163586329257875,14.287468219184207,-0.016105354885578065,0.0601703346497694,0.5000000085624311,0.5,0.024999999746468878,-0.11936891294234606,0.3412610481529409,True
28.8,12.355228776409707,5.181163561163231,14.312611107462581,-0.015514841689645304,0.06149532416229575,0.5000000083790016,0.5,0.024999999751900117,-0.12150514394809238,0.3414688365517645,True
28.85,12.373167910129139,5.198601577374294,14.337749276734279,-0.014910195081391115,0.06268735432692485,0.5000000081995016,0.5,0.02499999975721503,-0.12353402377663626,0.34172937835997896,True
28.900000000000002,12.391244866931464,5.21589759064579,14.362882650291557,-0.014293807314184268,0.06375266908510058,0.5000000080238469,0.5,0.024999999762416222,-0.12545836314495748,0.3420384127785955,True
28.950000000000003,12.409460024698234,5.233048884893265,14.388011170099867,-0.013667932032461033,0.06469759340854198,0.5000000078519552,0.5,0.024999999767505977,-0.1272806775880812,0.34239180492603793,True
29.0,12.42781362082873,5.250052815993935,14.41313479498293,-0.01303468774039563,0.06552841662822873,0.5000000076837459,0.5,0.02499999977248667,-0.12900477256041787,0.34278557502420426,True
29.05,12.446305760151763,5.2669068093739515,14.438253499252609,-0.012396065682232758,0.06625100459812361,0.5000000075191401,0.5,0.024999999777360553,-0.1306332152399942,0.3432160012317413,True
29.1,12.464936420760418,5.283608359409463,14.463367271311398,-0.011753934918697893,0.06687115542735034,0.5000000073580606,0.5,0.024999999782130012,-0.13216884217126942,0.34367951098485583,True
29.150000000000002,12.483705456438008,5.300155032238588,14.488476112058743,-0.011110042534010215,0.06739456866148996,0.5000000072004318,0.5,0.02499999978679738,-0.13361513066017724,0.3441726887903598,True
29.200000000000003,12.502612604381246,5.316544463050732,14.5135800339193,-0.0104660214193383,0.06782663878223083,0.5000000070461799,0.5,0.0249999997913647,-0.1349743079613945,0.3446923270510971,True
29.25,12.521657488965898,5.332774357278349,14.538679059609564,-0.009823392452281374,0.06817271162333449,0.5000000068952324,0.5,0.024999999795834196,-0.13624989035413837,0.3452353492654291,True
29.3,12.540839626764033,5.348842490386468,14.563773221125007,-0.009183568491373657,0.06843790407150542,0.5000000067475185,0.5,0.02499999980020802,-0.13744436843533547,0.34579885723117715,True
29.35,12.560158432605133,5.364746706328466,14.588862558931943,-0.008547859994243028,0.06862715544587417,0.5000000066029692,0.5,0.02499999980448807,-0.13857807902574887,0.3463801099796676,True
29.400000000000002,12.579613271394436,5.380484863501886,14.613947126047725,-0.00791755004933078,0.06874472084550287,0.5000000064615164,0.5,0.024999999808676406,-0.13967861326057973,0.34697659392606783,True
29.450000000000003,12.59920354152117,5.396054738585882,14.63902699593881,-0.007294021726959374,0.06879341476947763,0.5000000063230939,0.5,0.02499999981277508,-0.1407461981225596,0.34758611258613004,True
29.5,12.618928640642059,5.411454059681453,14.664102258611905,-0.006678711123922235,0.06877539437351932,0.5000000061876368,0.5,0.024999999816785905,-0.14178088257497512,0.34820660777255136,True
29.55,12.63878789785328,5.426680583597307,14.689173012967746,-0.006073005248428776,0.0686925115010466,0.5000000060550815,0.5,0.024999999820710876,-0.14279366885271808,0.3488361601883153,True
29.6,12.658780603524887,5.4417320619848,14.714239369356001,-0.005478287531607726,0.068546405283052,0.500000005925366,0.5,0.024999999824551693,-0.14379849994138452,0.3494729170969083,True
29.650000000000002,12.678906052541107,5.456606187230825,14.739301453821291,-0.004896007420402355,0.06833820247681377,0.5000000057984292,0.5,0.02499999982831033,-0.1447939054153077,0.3501151088221001,True
29.700000000000003,12.69916352096271,5.471300617008648,14.76435940535201,-0.004327647219123396,0.06806829676346283,0.5000000056742118,0.5,0.024999999831988355,-0.1457779455674058,0.35076114537586744,True
29.75,12.71955222655904,5.485813022457502,14.789413371280077,-0.0037746605341550062,0.06773742322954424,0.5000000055526554,0.5,0.024999999835587542,-0.14675290398088736,0.3514093687869858,True
29.8,12.740071337188228,5.500141078861911,14.814463507823719,-0.0032384853466355503,0.06734618764089872,0.5000000054337032,0.5,0.024999999839109655,-0.14772259762846443,0.352058175421212,True
29.85,12.760719986145482,5.514282445915905,14.839509981455013,-0.0027205695539809166,0.06689519089052252,0.5000000053172992,0.5,0.02499999984255628,-0.14868489776269647,0.3527059545738905,True
29.900000000000002,12.781497263161224,5.5282347789144755,14.864552967620194,-0.002222357253002394,0.06638474470516154,0.5000000052033887,0.5,0.02499999984592923,-0.1496355178259641,0.3533511840219375,True
29.950000000000003,12.802402193790746,5.541995757305016,14.889592648134125,-0.0017452542253620837,0.06581547365387065,0.5000000050919187,0.5,0.024999999849229744,-0.15057161110369285,0.35399229113863256,True
30.0,12.823433735348946,5.555563093021462,14.914629210368412,-0.0012906194415295894,0.06518821773211825,0.5000000049828365,0.5,0.024999999852459712,-0.15148935805357605,0.3546276892916872,True
30.05,12.84459077629336,5.568934534635904,14.939662846803184,-0.0008597619285603944,0.06450407802818137,0.5000000048760912,0.5,0.024999999855620368,-0.15238534165859738,0.3552557676419355,True
30.1,12.865872133149518,5.582107875412451,14.964693754285001,-0.0004539330016825026,0.06376431486031853,0.5000000047716326,0.5,0.024999999858713363,-0.15325718120625118,0.3558749280754907,True
30.150000000000002,12.887276552480987,5.595080954554139,14.989722133837954,-7.432690128746753e-05,0.06297036409706258,0.5000000046694119,0.5,0.024999999861740112,-0.1540970589711773,0.3564835796696084,True
30.200000000000003,12.908802699997269,5.607851678043958,15.014748189007575,0.00027794201233516294,0.06212397011768356,0.5000000045693809,0.5,0.024999999864702062,-0.15489634093139137,0.35652423887814993,True
30.25,12.930449143808483,5.620418050900438,15.039772123506841,0.0006018748563518226,0.06122737479517848,0.5000000044714928,0.5,0.024999999867600518,-0.15565383308707667,0.35645918064677345,True
30.3,12.952214366471024,5.6327781672228525,15.064794142075703,0.0008965729320844421,0.06028311775713613,0.5000000043757019,0.5,0.024999999870436766,-0.15636766854579406,0.35643724281204614,True
30.35,12.974096780404395,5.64493019311887,15.089814451701708,0.0011612147326655496,0.05929389175702704,0.500000004281963,0.5,0.024999999873212345,-0.15702873904703177,0.3564584875205934,True
30.400000000000002,12.996094711757344,5.656872399544692,15.114833259272581,0.0013950919812564608,0.058262602917325546,0.5000000041902323,0.5,0.0249999998759284,-0.15762650865560085,0.3565228012871958,True
30.450000000000003,13.01820638051129,5.6686032054460895,15.139850768791169,0.0015976565054125198,0.05719287113677174,0.5000000041004666,0.5,0.0249999998785863,-0.15816151722449423,0.3566297029878396,True
30.5,13.040429919125831,5.680121159245056,15.164867182881041,0.0017684946745690061,0.0560885599744142,0.500000004012624,0.5,0.02499999988118725,-0.1586342804194621,0.35677850480783224,True
30.55,13.062763398060794,5.691424905152761,15.189882705003424,0.0019072854351507018,0.05495350234696128,0.5000000039266631,0.5,0.02499999988373262,-0.1590366478750025,0.3569684332903466,True
30.6,13.085204811545808,5.702513216613558,15.21489753721068,0.002013836347836023,0.05379176298768629,0.5000000038425437,0.5,0.024999999886223437,-0.1593570692781488,0.3571985170804144,True
30.650000000000002,13.107752054205465,5.713385050937514,15.23991187689597,0.0020881426650446373,0.05260800301061797,0.5000000037602265,0.5,0.024999999888660814,-0.1595989205950724,0.3574674217788283,True
30.700000000000003,13.130402943663709,5.724039523745243,15.264925918593317,0.002130354280958761,0.0514071911502445,0.5000000036796727,0.5,0.024999999891045933,-0.15976578054087032,0.35777356615474054,True
30.75,13.153155254633864,5.734475856883542,15.289939856932309,0.0021407140695996964,0.05019396754903366,0.5000000036008445,0.5,0.02499999989338003,-0.15985000595757204,0.3581153681612625,True
30.8,13.176006703586916,5.744693416759733,15.314953884124973,0.002119599233534596,0.04897321496476037,0.5000000035237051,0.5,0.02499999989566405,-0.15984119460842428,0.35849103783479497,True
30.85,13.198954925055675,5.7546917749711595,15.339968186573287,0.002067586398118256,0.04775024269985706,0.5000000034482182,0.5,0.024999999897899236,-0.15974489039125495,0.35889845848044877,True
30.900000000000002,13.221997497401354,5.764470674073337,15.36498294678265,0.0019854100239527087,0.04653062621971826,0.5000000033743484,0.5,0.024999999900086507,-0.1595676162373371,0.35933527453370806,True
30.950000000000003,13.245131979386098,5.774029964436029,15.3899983462869,0.0018738902848810485,0.045319456920247525,0.5000000033020611,0.5,0.02499999990222687,-0.1593028946676307,0.3597991818270452,True
31.0,13.268355895871506,5.783369642728122,15.415014563064453,0.001733974557086657,0.04412194361770433,0.5000000032313223,0.5,0.024999999904321453,-0.15894117206789843,0.3602877114200981,True
31.05,13.291666713555982,5.792489918524585,15.440031767928716,0.0015668086759316176,0.04294365970104519,0.500000003162099,0.5,0.02499999990637109,-0.1584901971449824,0.3607980863356981,True
31.1,13.315061867601012,5.801391173299529,15.465050126226165,0.0013736894220241311,0.041790351280803384,0.5000000030943587,0.5,0.024999999908376848,-0.1579588386389985,0.36132732485009145,True
31.150000000000002,13.338538798846827,5.810073887117772,15.490069800483798,0.0011559833468444817,0.040667141833188036,0.5000000030280695,0.5,0.02499999991033964,-0.15734087280874193,0.3618725537067621,True
31.200000000000003,13.362094938355167,5.81853868140027,15.515090947500356,0.0009151730082844952,0.0395791330502706,0.5000000029632004,0.5,0.02499999991226038,-0.15662835650329132,0.362430787241387,True
31.25,13.38572768444318,5.826786387372497,15.540113714673648,0.0006529298383135712,0.038531912474810026,0.5000000028997209,0.5,0.024999999914139977,-0.15583056512675153,0.36299870656157024,True
31.3,13.409434429719251,5.834817996903369,15.565138241400707,0.00037105943380735774,0.03753084650307581,0.5000000028376014,0.5,0.02499999991597928,-0.15495701907780476,0.363572920713293,True
31.35,13.433212593980436,5.842634588884921,15.590164660952851,7.142207753422207e-05,0.0365809104069581,0.5000000027768126,0.5,0.02499999991777925,-0.15400297128742982,0.36415009631676576,True
31.400000000000002,13.45705960998413,5.850237370869787,15.615193097493082,-0.00024402228352964685,0.0356868138116585,0.500000002717326,0.5,0.024999999919540602,-0.15296040844162975,0.3642388319367674,True
31.450000000000003,13.480972901736402,5.85762774892738,15.64022366229585,-0.000573140001707428,0.03485370870928389,0.5000000026591138,0.5,0.024999999921264292,-0.1518400218454948,0.3641533203232895,True
31.5,13.504949908897787,5.864807276653034,15.665256454564535,-0.0009136788725400077,0.03408666344897637,0.5000000026021487,0.5,0.024999999922950964,-0.15065158816502688,0.36403715419036664,True
31.55,13.528988116922125,5.87177757736929,15.690291562786422,-0.0012633503665835984,0.033390006588877086,0.5000000025464039,0.5,0.02499999992460164,-0.14939080393428703,0.36389133458423895,True
31.6,13.553085042436884,5.878540388793023,15.715329061518657,-0.001619781551882862,0.03276807762862626,0.5000000024918533,0.5,0.024999999926216866,-0.14805066650906837,0.36371694411503563,True
31.650000000000002,13.577238214361348,5.885097629606793,15.740369007630207,-0.001980444909501051,0.03222543507972409,0.5000000024384713,0.5,0.024999999927797476,-0.14664126859521512,0.3635151566243974,True
31.700000000000003,13.601445194405025,5.891451350278378,15.765411440485131,-0.0023427103018215166,0.03176648156532058,0.5000000023862329,0.5,0.0249999999293443,-0.1451730717931014,0.36328729538893606,True
31.75,13.625703603065258,5.897603655408202,15.790456382768202,-0.0027039256886190856,0.03139511614178658,0.5000000023351135,0.5,0.02499999993085796,-0.14364165325353323,0.36303485477700426,True
31.8,13.650011106522667,5.903556746287472,15.815503837248848,-0.0030613715252413133,0.03111505306650014,0.5000000022850893,0.5,0.02499999993233917,-0.14204068305840115,0.3627594530526962,True
31.85,13.674365399236253,5.909312987587245,15.840553782876782,-0.003412190848463984,0.030930149019482156,0.5000000022361368,0.5,0.024999999933788576,-0.14038008283989095,0.3624628068970558,True
31.900000000000002,13.698764221797745,5.914874856897982,15.865606174571601,-0.0037534416286708035,0.030844387896611588,0.5000000021882329,0.5,0.024999999935207053,-0.13866980413191574,0.3621466839581029,True
31.950000000000003,13.723205382069978,5.920244870784066,15.890660943597535,-0.004082172600511079,0.030860854175692228,0.5000000021413553,0.5,0.024999999936595053,-0.13690597821324071,0.36181312832218815,True
32.0,13.747686743518285,5.925425625218642,15.915717994316646,-0.0043953802068533035,0.03098268510940097,0.5000000020954819,0.5,0.02499999993795338,-0.13508213938806346,0.3614642250543171,True
32.050000000000004,13.772206209698533,5.930419860774494,15.940777200158989,-0.0046899406864308,0.031213207342247695,0.5000000020505913,0.5,0.02499999993928255,-0.13320831753995682,0.3611021285263331,True
32.1,13.796761739040178,5.935230413197021,15.965838403101879,-0.0049626606730268545,0.03155569725483426,0.5000000020066623,0.5,0.024999999940583235,-0.1312937584370114,0.3607290825148409,True
32.15,13.821351362222824,5.939860141117552,15.99090141388054,-0.005210350616445364,0.03201267014820894,0.5000000019636743,0.5,0.02499999994185613,-0.12933454253541068,0.3603475554305883,True
32.2,13.845973170965799,5.944311968066354,16.015966008627927,-0.005429780505240781,0.03258671755945847,0.5000000019216073,0.5,0.024999999943101734,-0.12732527349538444,0.3599600396813629,True
32.25,13.870625305454794,5.948588941087718,16.041031924856274,-0.005617619182699814,0.03328041111347449,0.5000000018804415,0.5,0.02499999994432068,-0.12527478689613292,0.3595691409517538,True
32.300000000000004,13.89530596582434,5.952694184556498,16.066098860739924,-0.005770481169634699,0.034096515035546275,0.5000000018401575,0.5,0.02499999994551355,-0.12319236202060217,0.35917746964610087,True
32.35,13.920013425610907,5.9566308324112285,16.09116647529693,-0.005884995029277351,0.03503694945690045,0.5000000018007366,0.5,0.024999999946680732,-0.1210737557357945,0.35878787628322645,True
32.4,13.944746022018059,5.960402067446067,16.11623438507852,-0.005957762327846222,0.036103660650156216,0.5000000017621601,0.5,0.024999999947822992,-0.1189142352346812,0.35840323808256774,True
32.45,13.96950214492463,5.964011177920145,16.14130216001532,-0.0059852994611209135,0.03729874383877607,0.5000000017244101,0.5,0.024999999948940727,-0.11672251698529283,0.3580264816772346,True
32.5,13.994280246454608,5.967461509785117,16.166369322870935,-0.005964085860399419,0.038624232858393864,0.5000000016874687,0.5,0.024999999950034536,-0.11450667442069175,0.35766059686894847,True
32.550000000000004,14.019078850519362,5.970756406242767,16.19143534951867,-0.0058906246934945046,0.04008153737079139,0.5000000016513187,0.5,0.024999999951104933,-0.11226294841776883,0.3573087405248664,True
32.6,14.043896544125776,5.9738992460984,16.216499665654162,-0.005761403253884077,0.041672056053943446,0.5000000016159432,0.5,0.024999999952152466,-0.10998749665071464,0.3569740972163052,True
32.65,14.068731968854896,5.97689349206751,16.24156164278538,-0.005572843671284633,0.04339729561338612,0.5000000015813255,0.5,0.0249999999531774,-0.10768799049439241,0.3566598942029522,True
32.7,14.093583827549118,5.979742648111406,16.266620597836308,-0.0053213458519981915,0.045258647213816505,0.5000000015474494,0.5,0.024999999954180493,-0.10537203830346015,0.35636942408991396,True
32.75,14.118450890878846,5.982450205174018,16.29167579374018,-0.005003341902910786,0.047257043596293735,0.500000001514299,0.5,0.024999999955162045,-0.10303651027047965,0.3561060903728294,True
32.800000000000004,14.143331990309703,5.985019673839668,16.316726436444768,-0.004615262743299099,0.04939322355724246,0.5000000014818587,0.5,0.02499999995612266,-0.10067797070390241,0.35587336374990475,True
32.85,14.168226010897301,5.987454628859258,16.341771670984276,-0.004153493062474727,0.051668182044292715,0.5000000014501135,0.5,0.02499999995706264,-0.09830368300601444,0.35567469661341067,True
32.9,14.193131895825724,5.989758670083504,16.366810581488235,-0.0036144106752326825,0.05408273967437287,0.5000000014190483,0.5,0.024999999957982397,-0.09592026950580751,0.35551360921395714,True
32.95,14.21804865056296,5.99193537425186,16.391842192270193,-0.002994434932439443,0.0566372419184656,0.5000000013886486,0.5,0.024999999958882496,-0.0935252467256315,0.35539372840434746,True
33.0,14.242975336881445,5.993988324693595,16.41686546511825,-0.0022899967462972058,0.059331910786085504,0.5000000013589002,0.5,0.024999999959763285,-0.09111617123690442,0.355318715423758,True
33.050000000000004,14.267911067303427,5.9959211476711225,16.44187929581684,-0.0014975021895719484,0.0621671757370673,0.5000000013297891,0.5,0.024999999960625234,-0.08869938601979836,0.3552922068169222,True
33.1,14.292855007661258,5.997737478604699,16.46688251466907,-0.0006133666465241911,0.06514317123769027,0.5000000013013015,0.5,0.02499999996146875,-0.08628092170435386,0.355317925822465,True
33.15,14.317806379236972,5.9994409209969755,16.49187388815246,0.00036594379734215766,0.06825978162699696,0.5000000012734243,0.5,0.02499999996229418,-0.08385887775295287,0.3546677401475773,True
33.2,14.342764453900903,6.001035071127245,16.516852116757086,0.0014439369116155474,0.07151664943836525,0.5000000012461442,0.5,0.02499999996310195,-0.08143183247520415,0.35265324797169173,True
33.25,14.367728549704962,6.002523547560268,16.54181583212983,0.0026241235089382127,0.07491363660718571,0.5000000012194485,0.5,0.0249999999638924,-0.07900509459812848,0.3504979206379335,True
33.300000000000004,14.392698031894746,6.003909962924235,16.56676362179953,0.003909962924234733,0.07831924042119788,0.5000000011933248,0.5,0.024999999964665932,-0.07658417700544248,0.3482361683515227,True
33.35,14.417672313548053,6.0051978899170555,16.591737903452838,0.005197889917055498,0.07368470864691706,0.5000000011677607,0.5,0.024999999965422865,-0.07416795328332759,0.34827673578831014,True
33.4,14.442650851732934,6.0063908796603975,16.61671644163772,0.00639087966039753,0.06919460349238057,0.5000000011427442,0.5,0.024999999966163543,-0.07175582959801508,0.3483738422928292,True
33.45,14.467633143927749,6.007492485232997,16.641698733832534,0.007492485232996948,0.06484862996054835,0.5000000011182637,0.5,0.024999999966888373,-0.06935261393698944,0.34852370997201926,True
33.5,14.492618727977284,6.0085062376871035,16.66668431788207,0.008506237687103457,0.06064636852461871,0.5000000010943075,0.5,0.024999999967597785,-0.06696292904555831,0.34872263354388033,True
33.550000000000004,14.517607181627202,6.009435619453263,16.691672771531987,0.009435619453262767,0.05658711957396486,0.5000000010708646,0.5,0.024999999968291924,-0.0645869791443232,0.34896705186883714,True
33.6,14.542598119475542,6.01028407632342,16.716663709380327,0.010284076323419988,0.052670040941942206,0.5000000010479239,0.5,0.024999999968971277,-0.06222496632310208,0.3492534963894533,True
33.65,14.567591190129669,6.0110550331876595,16.741656780034454,0.011055033187659546,0.048894279829186676,0.5000000010254746,0.5,0.02499999996963601,-0.05988077904265476,0.3495785369220481,True
33.7,14.592586075216081,6.011751878117696,16.766651665120868,0.01175187811769618,0.0452588629195862,0.5000000010035063,0.5,0.02499999997028646,-0.05755825428567786,0.3499388290451099,True
33.75,14.617582488246082,6.01237794301938,16.791648078150867,0.012377943019379778,0.04176258805499187,0.5000000009820086,0.5,0.024999999970922972,-0.05525863896388889,0.35033116479733983,True
33.800000000000004,14.642580172234638,6.012936508767079,16.816645762139423,0.012936508767078969,0.03840410308226688,0.5000000009609714,0.5,0.02499999997154587,-0.05352100552543867,0.35075244451988363,True
33.85,14.667578976658925,6.013428564734036,16.84164456656371,0.013428564734035753,0.03516595408612875,0.5000000009403849,0.5,0.02499999997215547,-0.05121015470553153,0.3512065817199818,True
33.9,14.692578686570151,6.013857022795113,16.866644276474936,0.013857022795113139,0.032048458814568165,0.5000000009202394,0.5,0.024999999972751905,-0.048907607842004805,0.3516904027370126,True
33.95,14.717579032968507,6.0142273995966,16.891644622873294,0.014227399596600243,0.02906843416621808,0.5000000009005255,0.5,0.024999999973335598,-0.04663953296156174,0.352193298375001,True
34.0,14.742579855699976,6.014542948286703,16.91664544560476,0.014542948286702995,0.026224586191629227,0.500000000881234,0.5,0.024999999973906773,-0.04440995850708637,0.3527122229305232,True
34.050000000000004,14.767581019129922,6.014806757490275,16.941646609034706,0.014806757490275047,0.023514722841238293,0.5000000008623556,0.5,0.024999999974465784,-0.04222114359796768,0.3532445707155607,True
34.1,14.792582407231436,6.015021834199217,16.96664799713622,0.01502183419921721,0.020936466476903705,0.5000000008438817,0.5,0.024999999975012774,-0.040074935452485846,0.3537878844946253,True
34.15,14.81758392163856,6.01519110861067,16.991649511543343,0.015191108610670412,0.01848731882267694,0.5000000008258035,0.5,0.024999999975548155,-0.037976392813972776,0.3543398311664468,True
34.2,14.842585480205905,6.015317419450437,17.01665107011069,0.015317419450436631,0.016164577551806725,0.5000000008081127,0.5,0.02499999997607196,-0.03593004483036811,0.3548982405794739,True
34.25,14.867587015521218,6.015403496817926,17.041652605426002,0.01540349681792641,0.013965256409162895,0.5000000007908008,0.5,0.02499999997658464,-0.033936783155087705,0.35546114592255573,True
34.300000000000004,14.8925884730115,6.015451972589211,17.066654062916285,0.015451972589210605,0.011886209270810796,0.5000000007738598,0.5,0.024999999977086254,-0.031997233899680934,0.3560267364016873,True
34.35,14.917589809295054,6.015465393592785,17.091655399199837,0.01546539359278487,0.009924246279018523,0.5000000007572817,0.5,0.0249999999775771,-0.030117756342978544,0.35659330926165606,True
34.4,14.942590991098953,6.015446197710789,17.11665658100374,0.015446197710788923,0.008075970985806001,0.5000000007410588,0.5,0.024999999978057418,-0.028304122990120327,0.3571593412888032,True
34.45,14.967591994051952,6.015396685774471,17.141657583956736,0.015396685774470953,0.006337627112368049,0.5000000007251834,0.5,0.024999999978527494,-0.02655583014013472,0.357723561909993,True
34.5,14.992592801111714,6.015319041367921,17.166658391016497,0.015319041367921393,0.004705302794511479,0.500000000709648,0.5,0.024999999978987542,-0.02487205037474216,0.3582848725983525,True
34.550000000000004,15.017593401317159,6.015215356047138,17.191658991221942,0.015215356047137973,0.003175126930508001,0.5000000006944455,0.5,0.02499999997943769,-0.023251870502659547,0.35884226292789634,True
34.6,15.042593788909526,6.015087632133947,17.216659378814313,0.01508763213394726,0.0017432812451934389,0.5000000006795686,0.5,0.024999999979878257,-0.021694307548706302,0.3593948035377711,True
34.65,15.067593962546374,6.014937784694858,17.24165955245116,0.01493778469485818,0.00040600480456849447,0.5000000006650105,0.5,0.024999999980309325,-0.02019831582031977,0.3599416421839915,True
34.7,15.092593924594198,6.0147676435350785,17.266659514498983,0.014767643535078534,-0.0008404021464711115,0.5000000006507642,0.5,0.024999999980731182,-0.018762793320477467,0.3599828011990334,True
34.75,15.11759368049404,6.014578955232533,17.291659270398824,0.014578955232533275,-0.0019995747385540977,0.5000000006368231,0.5,0.024999999981143987,-0.01738658783524633,0.3598274213594762,True
34.800000000000004,15.14259323819487,6.014373385205937,17.316658828099655,0.014373385205937339,-0.003075080395648635,0.5000000006231807,0.5,0.024999999981547956,-0.016068502716377553,0.3597139083629308,True
34.85,15.167592607649775,6.014152519810213,17.34165819755456,0.014152519810212816,-0.004070416097939669,0.5000000006098306,0.5,0.024999999981943175,-0.01480730236754259,0.3596396054634885,True
34.9,15.192591800370105,6.013917868452943,17.366657390274888,0.013917868452942628,-0.004989005972329705,0.5000000005967665,0.5,0.024999999982329924,-0.013601717442470162,0.3596019585531025,True
34.95,15.21759082903301,6.01367086572595,17.391656418937796,0.013670865725949888,-0.0058341991936455475,0.5000000005839822,0.5,0.02499999998270852,-0.012450449763280734,0.35959851430489764,True
35.0,15.242589707137984,6.013412873546479,17.41665529704277,0.013412873546479354,-0.006609268180136329,0.5000000005714718,0.5,0.02499999998307898,-0.011352176967360853,0.3596269182367569,True
35.050000000000004,15.26758844870823,6.013145183302849,17.441654038613017,0.013145183302849084,-0.007317407067345301,0.5000000005592293,0.5,0.0249999999834415,-0.010305556891177558,0.35968491270547415,True
35.1,15.292587068032928,6.012869017999777,17.466652657937715,0.012869017999777022,-0.00796173044493132,0.5000000005472492,0.5,0.024999999983796144,-0.009309231699415664,0.35977033484107435,True
35.15,15.317585579446671,6.012585534398938,17.491651169351456,0.012585534398938059,-0.008545272341505058,0.5000000005355257,0.5,0.024999999984143283,-0.008361831767828964,0.3598811144302242,True
35.2,15.34258399714257,6.012295825150621,17.516649587047354,0.012295825150620665,-0.009070985443029223,0.5000000005240534,0.5,0.024999999984483018,-0.0074619793281569665,0.36001527175704234,True
35.25,15.367582335015742,6.012000920912671,17.541647924920525,0.01200092091267102,-0.009541740530811983,0.5000000005128268,0.5,0.024999999984815422,-0.006608291883432041,0.3601709154090177,True
35.300000000000004,15.392580606534112,6.011701792453191,17.566646196438896,0.011701792453190585,-0.009960326125598024,0.5000000005018407,0.5,0.02499999998514074,-0.005799385401920564,0.36034624005521293,True
35.35,15.417578824633669,6.0113993527337435,17.591644414538454,0.011399352733743484,-0.010329448324731722,0.50000000049109,0.5,0.02499999998545907,-0.0050338772978858115,0.360539524203399,True
35.4,15.442577001635497,6.01109445897009,17.616642591540284,0.011094458970090315,-0.010651730819831746,0.5000000004805696,0.5,0.024999999985770488,-0.004310389207265172,0.3607491279422884,True
35.45,15.467575149182146,6.0107879146677154,17.64164073908693,0.010787914667715448,-0.010929715082875888,0.5000000004702745,0.5,0.02499999998607539,-0.003627549566252199,0.3609734906745846,True
35.5,15.492573278191028,6.010480471629655,17.666638868095813,0.010480471629654708,-0.011165860709048445,0.5000000004602,0.5,0.02499999998637369,-0.0029839960006616973,0.36121112884613626,True
35.550000000000004,15.517571398822774,6.010172831934366,17.69163698872756,0.01017283193436569,-0.011362545905149643,0.5000000004503413,0.5,0.024999999986665588,-0.002378377533846843,0.36146063367608194,True
35.6,15.5425695204626,6.009865649881587,17.716635110367385,0.009865649881587224,-0.011522068112807763,0.5000000004406938,0.5,0.024999999986951276,-0.001809356620786014,0.36172066889250426,True
35.65,15.567567651712933,6.009559533904352,17.74163324161772,0.009559533904352158,-0.011646644756168662,0.500000000431253,0.5,0.024999999987230778,-0.0012756110158362011,0.3619899684777534,True
35.7,15.592565800395699,6.009255048445499,17.766631390300482,0.009255048445498737,-0.01173841410416442,0.5000000004220145,0.5,0.024999999987504243,-0.000775835481481449,0.3622673344272804,True
35.75,15.617563973562785,6.008952715797233,17.79162956346757,0.00895271579723289,-0.011799436237882167,0.5000000004129739,0.5,0.02499999998777195,-0.00030874334528375904,0.3625516345254901,True
35.800000000000004,15.642562177513394,6.008653017902438,17.81662776741818,0.008653017902438442,-0.011831694113966243,0.500000000404127,0.5,0.024999999988033827,0.00012693208796174144,0.36284180014186274,True
35.85,15.667560417817063,6.008356398116633,17.84162600772185,0.008356398116633024,-0.011837094715390377,0.5000000003954694,0.5,0.02499999998829027,0.0005324362619783484,0.36313682405028425,True
35.9,15.692558699341298,6.008063262929588,17.866624289246083,0.008063262929588255,-0.011817470281332032,0.5000000003869974,0.5,0.024999999988541154,0.000908992226000169,0.363435758274304,True
35.95,15.71755702628287,6.007773983645817,17.891622616187654,0.007773983645816607,-0.011774579608267794,0.500000000378707,0.5,0.024999999988786617,0.001257799616458621,0.36373771196076143,True
36.0,15.742555402201907,6.007488898023238,17.916620992106694,0.007488898023238377,-0.011710109414786597,0.5000000003705941,0.5,0.024999999989026772,0.0015800337570350922,0.36404184928402306,True
36.050000000000004,15.767553830058043,6.007208311869487,17.941619419962826,0.007208311869487005,-0.011625675762986757,0.500000000362655,0.5,0.02499999998926185,0.0018768448709113228,0.36434738738284367,True
36.1,15.792552312247956,6.006932500595439,17.96661790215274,0.0069325005954388175,-0.011522825529681896,0.500000000354886,0.5,0.024999999989491886,0.002149357399220405,0.3646535943316618,True
36.15,15.81755085064372,6.006661710725661,17.991616440548505,0.006661710725660797,-0.011403037920991427,0.5000000003472834,0.5,0.024999999989716998,0.0023986694198978036,0.36495978714795435,True
36.2,15.842549446631457,6.006396161365579,18.016615036536244,0.006396161365579189,-0.011267726024231924,0.5000000003398437,0.5,0.02499999998993729,0.0026258521613121513,0.3652653298370998,True
36.25,15.867548101149882,6.006136045625287,18.041613691054668,0.006136045625287245,-0.011118238391356432,0.5000000003325634,0.5,0.02499999999015279,0.002831949605216667,0.3655696314760158,True
36.300000000000004,15.89254681472834,6.005881531999986,18.066612404633126,0.005881531999985867,-0.010955860648510077,0.500000000325439,0.5,0.0249999999903638,0.0030179781737743293,0.36587214433669735,True
36.35,15.91754558752404,6.00563276570716,18.091611177428824,0.005632765707160203,-0.010781817126581768,0.5000000003184673,0.5,0.024999999990570242,0.003184926495559483,0.366172362050614,True
36.4,15.94254441935825,6.005389869980663,18.116610009263034,0.005389869980662709,-0.01059727250793313,0.5000000003116448,0.5,0.024999999990772296,0.0033337552456410065,0.3664698178147965,True
36.45,15.96754330975118,6.0051529473219585,18.141608899655964,0.005152947321958479,-0.010403333484777504,0.5000000003049686,0.5,0.024999999990969943,0.0034653970550177237,0.36676408264030447,True
36.5,15.992542257955472,6.004922080708857,18.166607847860256,0.004922080708857024,-0.010201050424963446,0.5000000002984354,0.5,0.024999999991163386,0.0035807564848568344,0.3670547636436432,True
36.550000000000004,16.017541262988075,6.0046973347621275,18.19160685289286,0.004697334762127525,-0.009991419041188936,0.5000000002920422,0.5,0.024999999991352623,0.003680710061149346,0.3673415023815739,True
36.6,16.042540323660475,6.004478756870441,18.21660591356526,0.004478756870440748,-0.009775382059934837,0.5000000002857858,0.5,0.024999999991537913,0.003766106365590039,0.36762397322966545,True
36.65,16.067539438607177,6.004266378274147,18.241605028511962,0.004266378274147442,-0.009553830886658305,0.5000000002796635,0.5,0.02499999999171926,0.003837766178641491,0.367901881804821,True
36.7,16.09253860631242,6.00406021510846,18.266604196217205,0.004060215108459886,-0.009327607264029224,0.5000000002736724,0.5,0.02499999999189662,0.003896482670898112,0.3681749634319089,True
36.75,16.11753782513508,6.003860269406628,18.291603415039866,0.003860269406628092,-0.009097504920226313,0.5000000002678097,0.5,0.02499999999207019,0.003943021639062456,0.36844298165455963,True
36.800000000000004,16.14253709333179,6.003666530063768,18.316602683236574,0.0036665300637679366,-0.008864271204533116,0.5000000002620725,0.5,0.02499999999224008,0.003978121782968501,0.36870572679007674,True
36.85,16.167536409078263,6.003478973762018,18.341601998983048,0.0034789737620180006,-0.008628608707688333,0.5000000002564582,0.5,0.024999999992406336,0.004002495020271735,0.36896301452835323,True
36.9,16.192535770488895,6.00329756585775,18.36660136039368,0.0032975658577498734,-0.008391176864650438,0.5000000002509641,0.5,0.02499999999256908,0.004016826835556343,0.3692146845745922,True
36.95,16.21753517563464,6.003122261231575,18.391600765539426,0.0031222612315753295,-0.008152593537632851,0.5000000002455879,0.5,0.024999999992728204,0.004021776660777087,0.3694605993355745,True
37.0,16.242534622559248,6.002953005101928,18.416600212464033,0.0029530051019284187,-0.007913436577453511,0.5000000002403268,0.5,0.02499999999288397,0.004017978284086317,0.36970064264914143,True
37.050000000000004,16.267534109293912,6.002789733803012,18.441599699198697,0.002789733803012062,-0.007674245361421696,0.5000000002351783,0.5,0.02499999999303644,0.004006040284256615,0.3699347185565141,True
37.1,16.292533633870413,6.002632375527939,18.466599223775198,0.002632375527938713,-0.007435522306155149,0.5000000002301402,0.5,0.024999999993185546,0.003986546488016149,0.370162750116994,True
37.15,16.31753319433279,6.002480851037891,18.491598784237574,0.0024808510378910853,-0.007197734353883188,0.5000000002252101,0.5,0.024999999993331475,0.0039600564477799095,0.37038467826455795,True
37.2,16.342532788747665,6.002335074338149,18.51659837865245,0.00233507433814939,-0.006961314430945903,0.5000000002203855,0.5,0.02499999999347433,0.003927105937380699,0.3706004607058084,True
37.25,16.367532415213276,6.002194953321852,18.54159800511806,0.0021949533218519335,-0.006726662877345655,0.5000000002156643,0.5,0.024999999993614113,0.0038882074635157287,0.37081007085868634,True
37.300000000000004,16.39253207186729,6.002060390382346,18.566597661772075,0.0020603903823461778,-0.006494148846346258,0.5000000002110442,0.5,0.0249999999937509,0.003843850790775831,0.3710134968313337,True
37.35,16.417531756893503,6.001931282995016,18.591597346798288,0.0019312829950157706,-0.00626411167324664,0.500000000206523,0.5,0.024999999993884837,0.00379450347820939,0.37121074044043234,True
37.4,16.44253146852747,6.001807524269452,18.616597058432255,0.0018075242694521876,-0.006036862212580253,0.5000000002020988,0.5,0.02499999999401581,0.0037406114255198637,0.3714018162683387,True
37.45,16.467531205061192,6.0016890034728565,18.641596794965977,0.0016890034728564984,-0.005812684143109022,0.5000000001977692,0.5,0.024999999994144078,0.0036825994270841293,0.371586750758284,True
37.5,16.49253096484689,6.001575606525543,18.666596554751674,0.001575606525542561,-0.005591835240091201,0.5000000001935325,0.5,0.024999999994269516,0.003620871732107706,0.37176558134690346,True
37.550000000000004,16.51753074629997,6.0014672164694325,18.691596336204753,0.0014672164694324863,-0.005374548614406723,0.5000000001893865,0.5,0.02499999999439234,0.003555812609303519,0.3719383556333079,True
37.6,16.542530547901244,6.001363713910405,18.71659613780603,0.0013637139104050178,-0.005161033918221742,0.5000000001853293,0.5,0.024999999994512544,0.0034877869146215617,0.37210513058392247,True
37.65,16.567530368198483,6.001264977435375,18.741595958103268,0.0012649774353752363,-0.004951478516966071,0.500000000181359,0.5,0.024999999994630144,0.0034171406606175354,0.3722659717722732,True
37.7,16.592530205807346,6.001170884004959,18.76659579571213,0.0011708840049591274,-0.004746048627483123,0.5000000001774739,0.5,0.02499999999474509,0.003344201586168957,0.37242095265290787,True
37.75,16.617530059411784,6.001081309322585,18.79159564931657,0.001081309322585433,-0.004544890422292542,0.500000000173672,0.5,0.024999999994857677,0.003269279725309981,0.37257015386860576,True
37.800000000000004,16.642529927763942,6.000996128180893,18.816595517668727,0.0009961281808932299,-0.004348131099980755,0.5000000001699515,0.5,0.024999999994967784,0.003192667974064002,0.3727136625900388,True
37.85,16.667529809683657,6.000915214786253,18.841595399588442,0.0009152147862527826,-0.004155879921804729,0.5000000001663107,0.5,0.02499999999507552,0.003114642654220552,0.37285157188702633,True
37.9,16.69252970405756,6.000838443062231,18.866595293962344,0.0008384430622312422,-0.003968229214658986,0.5000000001627479,0.5,0.024999999995181026,0.0030354640730880247,0.37298398013052547,True
37.95,16.717529609837865,6.0007656869328105,18.89159519974265,0.0007656869328105387,-0.0037852553406161776,0.5000000001592614,0.5,0.02499999999528435,0.0029553770783319294,0.37311099042449886,True
38.0,16.742529526040876,6.000696820586165,18.91659511594566,0.0006968205861648258,-0.0036070196333068878,0.5000000001558496,0.5,0.024999999995385422,0.0028746116070593668,0.3732327100667826,True
38.050000000000004,16.76752945174527,6.000631718719765,18.941595041650054,0.0006317187197648622,-0.0034335693014558863,0.5000000001525109,0.5,0.024999999995484218,0.002793383228419294,0.3733492500381078,True
38.1,16.792529386090155,6.000570256767595,18.96659497599494,0.0005702567675953674,-0.003264938299938779,0.5000000001492437,0.5,0.024999999995580943,0.0027118936790022025,0.37346072451839274,True
38.15,16.817529328273018,6.0005123111102225,18.991594918177803,0.0005123111102225408,-0.003101148168766137,0.5000000001460465,0.5,0.02499999999567565,0.0026303313904367078,0.3735672504294629,True
38.2,16.842529277547488,6.00045775926846,19.016594867452273,0.0004577592684595899,-0.002942208840441445,0.5000000001429178,0.5,0.024999999995768327,0.002548872008599399,0.3736689470033327,True
38.25,16.86752923322105,6.000406480081348,19.041594823125834,0.00040648008134791525,-0.002788119416174539,0.5000000001398561,0.5,0.024999999995858967,0.0024676789039320777,0.3737659353752013,True
38.300000000000004,16.892529194652656,6.000358353869159,19.06659478455744,0.000358353869159167,-0.002638868911464652,0.5000000001368601,0.5,0.024999999995947632,0.0023869036724077516,0.3738583382003209,True
38.35,16.917529161250318,6.000313262582103,19.091594751155103,0.00031326258210295777,-0.0024944369715959084,0.5000000001339282,0.5,0.024999999996034417,0.002306686626743263,0.3739462792939048,True
38.400000000000006,16.94252913246866,6.0002710899354135,19.116594722373446,0.00027108993541347104,-0.0023547945576137246,0.5000000001310592,0.5,0.024999999996119293,0.002227157277495447,0.37402988329324777,True
38.45,16.967529107806467,6.000231721531469,19.141594697711252,0.00023172153146866492,-0.002219904603373359,0.5000000001282515,0.5,0.024999999996202445,0.002148434803726968,0.3741092753412429,True
38.5,16.992529086804257,6.000195044969571,19.166594676709042,0.00019504496957090112,-0.0020897226442720017,0.500000000125504,0.5,0.024999999996283783,0.0020706285129823082,0.37418458079049843,True
38.550000000000004,17.017529069041874,6.000160949944012,19.19159465894666,0.00016094994401161244,-0.001964197418292867,0.5000000001228154,0.5,0.0249999999963634,0.001993838290337365,0.3742559249272581,True
38.6,17.042529054136114,6.00012932833102,19.2165946440409,0.0001293283310204174,-0.0018432714400044845,0.5000000001201844,0.5,0.024999999996441275,0.0019181550363312199,0.3743234327143463,True
38.650000000000006,17.06752904173842,6.000100074265174,19.241594631643206,0.00010007426517422147,-0.001726881548171169,0.5000000001176097,0.5,0.024999999996517593,0.001843661093635958,0.3743872285523787,True
38.7,17.09252903153263,6.000073084205836,19.266594621437417,7.308420583562736e-05,-0.0016149594276405619,0.5000000001150902,0.5,0.02499999999659224,0.0017704306623365607,0.3744474360584841,True
38.75,17.11752902323279,6.000048256994164,19.291594613137576,4.825699416421969e-05,-0.0015074321061822877,0.5000000001126247,0.5,0.024999999996665166,0.0016985302037367163,0.374504177861803,True
38.800000000000004,17.142529016581044,6.000025493901226,19.31659460648583,2.5493901225637217e-05,-0.0014042224269580452,0.500000000110212,0.5,0.024999999996736636,0.0016280188326384397,0.3745575754150473,True
38.85,17.167529011345607,6.000004698667717,19.341594601250392,4.6986677171290125e-06,-0.0013052494973074954,0.500000000107851,0.5,0.024999999996806507,0.001558948698053263,0.37460774882140735,True
38.900000000000006,17.192529007318825,5.999985777535791,19.36659459722361,-1.4222464209012742e-05,-0.0012104291145371296,0.5000000001055405,0.5,0.024999999996874973,0.0014913653523598261,0.37462637174771296,True
38.95,17.217529004315317,5.999968639273464,19.391594594220102,-3.1360726535645256e-05,-0.0011196741694000892,0.5000000001032795,0.5,0.024999999996941948,0.0014253081089094872,0.374636174469018,True
39.0,17.24252900217021,5.99995319519206,19.416594592074993,-4.68048079396155e-05,-0.001032895027954417,0.5000000001010669,0.5,0.024999999997007527,0.001360810388144589,0.374646492102808,True
39.050000000000004,17.267529000737444,5.9999393591571355,19.44159459064223,-6.064084286450111e-05,-0.0009499998924852488,0.5000000000989018,0.5,0.024999999997071698,0.0012979000522744138,0.3746572656377404,True
39.1,17.292528999888216,5.999927047593307,19.466594589793,-7.295240669336067e-05,-0.0008708951421731644,0.500000000096783,0.5,0.024999999997134457,0.0012365997286101693,0.37466843917242165,True
39.150000000000006,17.31752899950945,5.999916179483393,19.491594589414234,-8.382051660671408e-05,-0.0007954856541865769,0.5000000000947097,0.5,0.024999999997195845,0.0011769271216518346,0.37467995981885427,True
39.2,17.342528999502402,5.999906676362264,19.516594589407187,-9.332363773584262e-05,-0.0007236751058702366,0.5000000000926808,0.5,0.02499999999725593,0.0011188953140495877,0.3746917776061831,True
39.25,17.367528999781346,5.999898462305769,19.54159458968613,-0.00010153769423126846,-0.0006553662586955134,0.5000000000906953,0.5,0.024999999997314643,0.001062513056568167,0.37470384538492696,True
39.300000000000004,17.392529000272315,5.999891463915105,19.5665945901771,-0.0001085360848946948,-0.0005904612246306468,0.5000000000887524,0.5,0.024999999997372114,0.001007785047216357,0.3747161187318581,True
39.35,17.41752900091197,5.9998856102969835,19.591594590816754,-0.00011438970301647089,-0.0005288617155804993,0.5000000000868512,0.5,0.024999999997428336,0.0009547121996830879,0.37472855585569737,True
39.400000000000006,17.442529001646502,5.999880833039901,19.616594591551287,-0.00011916696009883765,-0.0004704692765363078,0.5000000000849906,0.5,0.02499999999748349,0.0009032919012686865,0.37474111750375805,True
39.45,17.467529002430656,5.999877066186862,19.64159459233544,-0.00012293381313810414,-0.0004151855030661067,0.5000000000831698,0.5,0.024999999997537468,0.0008535182604770563,0.3747537668696814,True
39.5,17.4925290032268,5.999874246204822,19.666594593131585,-0.00012575379517798524,-0.00036291224376594895,0.5000000000813881,0.5,0.024999999997590186,0.0008053823444814823,0.37476646950237047,True
39.550000000000004,17.51752900400407,5.999872311951169,19.691594593908857,-0.00012768804883123153,-0.0003135517882807876,0.5000000000796446,0.5,0.02499999999764174,0.0007588724066404471,0.3747791932162455,True
39.6,17.5425290047376,5.999871204637498,19.716594594642384,-0.0001287953625022098,-0.00026700704149230047,0.5000000000779384,0.5,0.02499999999769225,0.000713974104280579,0.3747919080029143,True
39.650000000000006,17.56752900540778,5.999870867790946,19.741594595312566,-0.00012913220905375056,-0.0002231816844592307,0.5000000000762688,0.5,0.02499999999774172,0.000670670706966511,0.37480458594434113,True
39.7,17.592529005999637,5.999871247213339,19.766594595904422,-0.0001287527866606908,-0.0001819803226828169,0.5000000000746349,0.5,0.024999999997790154,0.0006289432954613295,0.3748172011276032,True
39.75,17.617529006502192,5.9998722909383835,19.791594596406977,-0.00012770906161652107,-0.00014330862225728225,0.500000000073036,0.5,0.02499999999783744,0.0005887709516034508,0.37482972956130384,True
39.800000000000004,17.642529006907942,5.999873949187121,19.816594596812728,-0.00012605081287908604,-0.00010707343445257535,0.5000000000714714,0.5,0.024999999997883788,0.0005501309393413713,0.3748421490936943,True
39.85,17.667529007212366,5.999876174321876,19.84159459711715,-0.0001238256781244118,-7.318290926264926e-05,0.5000000000699403,0.5,0.02499999999792913,0.0005129988771262352,0.3748544393325776,True
39.900000000000006,17.692529007413466,5.99987892079887,19.86659459731825,-0.00012107920113013648,-4.15465984394346e-05,0.500000000068442,0.5,0.024999999997973414,0.00047734890192775443,0.3748665815670194,True
39.95,17.717529007511377,5.999882145119723,19.891594597416162,-0.00011785488027715729,-1.2075548518811129e-05,0.5000000000669759,0.5,0.02499999999801676,0.00044315382507334466,0.37487855869092657,True
40.0,17.742529007508008,5.99988580578199,19.916594597412793,-0.00011419421800962226,1.5317615668962933e-05,0.500000000065541,0.5,0.024999999998059325,0.0004103852801739224,0.3748812564648012,True
40.050000000000004,17.767529007406708,5.99988986322893,19.941594597311493,-0.00011013677107030162,4.0718616525689136e-05,0.5000000000641369,0.5,0.024999999998100958,0.00037901386334932545,0.37487776990345023,True
40.1,17.792529007211996,5.99989427979864,19.96659459711678,-0.00010572020136034865,6.421145778403389e-05,0.5000000000627629,0.5,0.02499999999814169,0.00034900926599977397,0.37487520925338536,True
40.150000000000006,17.817529006929306,5.999899019672728,19.99159459683409,-0.00010098032727157147,8.587836672786615e-05,0.5000000000614184,0.5,0.02499999999818141,0.00032034040035353967,0.37487351425878496,True
40.2,17.842529006564753,5.999904048824647,20.016594596469538,-9.595117535265985e-05,0.00010579974409747258,0.5000000000601027,0.5,0.024999999998220338,0.000292975518026027,0.3748726270003081,True
40.25,17.86752900612496,5.999909334967825,20.041594596029746,-9.066503217525224e-05,0.00012405412125683925,0.5000000000588152,0.5,0.024999999998258422,0.00026688232181729663,0.374872491855745,True
40.300000000000004,17.892529005616872,5.9999148475037165,20.066594595521657,-8.515249628349153e-05,0.00014071812421394118,0.5000000000575552,0.5,0.024999999998295754,0.000242028070987455,0.3748730554585623,True
40.35,17.91752900504762,5.999920557469895,20.091594594952404,-7.944253010538915e-05,0.00015586644409885735,0.5000000000563222,0.5,0.024999999998332308,0.00021837968022628412,0.37487426665458146,True
40.400000000000006,17.942529004424387,5.9999264374882735,20.11659459432917,-7.35625117265215e-05,0.00016957181371808887,0.5000000000551156,0.5,0.024999999998368064,0.00019590381255295866,0.37487607645700305,True
40.45,17.967529003754315,5.99993246171358,20.1415945936591,-6.753828642036552e-05,0.00018190498981691098,0.5000000000539349,0.5,0.02499999999840303,0.0001745669663578361,0.37487843799999104,True
40.5,17.992529003044414,5.999938605782148,20.1665945929492,-6.139421785178456e-05,0.00019293474069491308,0.5000000000527794,0.5,0.02499999999843722,0.00015433555681811355,0.3748813064910057,True
40.550000000000004,18.01752900230148,5.999944846761135,20.191594592206265,-5.51532388648468e-05,0.0002027278388330818,0.5000000000516488,0.5,0.024999999998470666,0.0001351759918969998,0.37488463916207515,True
40.6,18.042529001532042,5.999951163098227,20.216594591436827,-4.883690177326372e-05,0.00021134905820391624,0.5000000000505423,0.5,0.024999999998503424,0.00011705474313301737,0.374888395220184,True
40.650000000000006,18.067529000742326,5.999957534571907,20.24159459064711,-4.246542809305254e-05,0.00021886117594844642,0.5000000000494595,0.5,0.024999999998535555,9.993841144558332e-05,0.3748925357969326,True
40.7,18.092528999938196,5.99996394224236,20.26659458984298,-3.605775764015107e-05,0.00022532497811690155,0.5000000000484,0.5,0.024999999998566995,8.379378814369691e-05,0.3748970238976345,True
40.75,18.11752899912515,5.99997036840306,20.291594589029934,-2.9631596939694305e-05,0.00023079926918205947,0.5000000000473631,0.5,0.024999999998597675,6.858791134827034e-05,0.3749018243499907,True
40.800000000000004,18.142528998308286,5.999976796533105,20.31659458821307,-2.3203466895438396e-05,0.00023534088504613063,0.5000000000463485,0.5,0.024999999998627707,5.4288118029039625e-05,0.3749069037524743,True
40.85,18.167528997492305,5.9999832112503375,20.34159458739709,-1.6788749662488556e-05,0.00023900470927427046,0.5000000000453556,0.5,0.024999999998657055,4.0862091835999433e-05,0.37491223042256205,True
40.900000000000006,18.192528996681492,5.999989598265312,20.366594586586277,-1.040173468780381e-05,0.00024184369229914457,0.5000000000443839,0.5,0.024999999998685872,2.82779069261097e-05,0.37491777434492274,True
40.95,18.217528995879736,5.999995944336126,20.39159458578452,-4.055663874069637e-06,0.0002439088733522973,0.5000000000434331,0.5,0.02499999999871399,1.6504067960619896e-05,0.3749235071196797,True
41.0,18.24252899509051,6.000002237224163,20.416594584995295,2.2372241632595546e-06,0.0002452494048892618,0.5000000000425027,0.5,0.02499999999874158,5.509546458520444e-06,0.3749249274625192,True
41.050000000000004,18.267528994316905,6.000008465650781,20.44159458422169,8.465650781275258e-06,0.00024591257928608523,0.5000000000415922,0.5,0.024999999998768507,-4.736186327732526e-06,0.3749185020934691,True
41.1,18.292528993561625,6.000014619254959,20.46659458346641,1.4619254958603278e-05,0.00024594385759540467,0.5000000000407012,0.5,0.024999999998794806,-1.4263129837092092e-05,0.37491233920059575,True
41.150000000000006,18.317528992827015,6.000020688551931,20.4915945827318,2.0688551931158372e-05,0.00024538690016042005,0.5000000000398293,0.5,0.024999999998820684,-2.3100727761575357e-05,0.37490643530287326,True
41.2,18.342528992115067,6.000026664892838,20.516594582019852,2.6664892837757748e-05,0.00024428359889525493,0.500000000038976,0.5,0.024999999998845893,-3.1277844591330236e-05,0.3749007866086667,True
41.25,18.36752899142745,6.000032540425383,20.541594581332234,3.2540425382698857e-05,0.00024267411104963123,0.500000000038141,0.5,0.02499999999887066,-3.8822744974990946e-05,0.3748953890450132,True
41.300000000000004,18.392528990765513,6.0000383080555375,20.566594580670298,3.8308055537505936e-05,0.00024059689428534802,0.5000000000373239,0.5,0.02499999999889492,-4.576307576014343e-05,0.37489023828547824,True
41.35,18.417528990130325,6.000043961410282,20.59159458003511,4.3961410281845303e-05,0.00023808874290107794,0.5000000000365243,0.5,0.0249999999989186,-5.212585055399218e-05,0.3748853297766352,True
41.400000000000006,18.442528989522682,6.000049494801398,20.616594579427467,4.9494801397820254e-05,0.00023518482505077335,0.5000000000357419,0.5,0.024999999998941827,-5.793743667506321e-05,0.37488065876319987,True
41.45,18.46752898894313,6.000054903190313,20.641594578847915,5.4903190313204675e-05,0.00023191872080957388,0.5000000000349762,0.5,0.024999999998964396,-6.322354434700951e-05,0.3748762203118671,True
41.5,18.492528988391992,6.000060182154002,20.666594578296777,6.018215400160898e-05,0.00022832246094938124,0.500000000034227,0.5,0.024999999998986593,-6.800921801306438e-05,0.3748720093338822,True
41.550000000000004,18.517528987869383,6.000065327851936,20.69159457777417,6.532785193602564e-05,0.0002244265662943089,0.5000000000334938,0.5,0.024999999999008246,-7.231882964021759e-05,0.37486802060638935,True
41.6,18.542528987375228,6.000070336994091,20.716594577280013,7.033699409131344e-05,0.0002202600875337257,0.5000000000327762,0.5,0.02499999999902951,-7.617607388844767e-05,0.3748642487925967,True
41.650000000000006,18.56752898690929,6.000075206809996,20.741594576814077,7.520680999562046e-05,0.00021585064537821313,0.5000000000320741,0.5,0.024999999999050237,-7.960396503488271e-05,0.3748606884607937,True
41.7,18.592528986471184,6.000079935018814,20.76659457637597,7.993501881387033e-05,0.00021122447095074285,0.500000000031387,0.5,0.024999999999070592,-8.262483552397282e-05,0.3748573341022663,True
41.75,18.61752898606039,6.000084519800465,20.791594575965174,8.451980046508822e-05,0.00020640644631249167,0.5000000000307147,0.5,0.024999999999090444,-8.526033605052345e-05,0.3748541801481417,True
41.800000000000004,18.64252898567627,6.000088959767758,20.816594575581057,8.89597677575793e-05,0.00020142014502931888,0.5000000000300566,0.5,0.024999999999109984,-8.753143706191738e-05,0.37485122098520285,True
41.85,18.667528985318103,6.000093253939532,20.84159457522289,9.325393953218963e-05,0.00019628787269108112,0.5000000000294127,0.5,0.024999999999129104,-8.945843158155905e-05,0.37484845097071096,True
41.900000000000006,18.692528984985074,6.0000974017148,20.86659457488986,9.7401714800327e-05,0.00019103070730225975,0.5000000000287826,0.5,0.024999999999147697,-9.106093925647461e-05,0.37484586444627166,True
41.95,18.7175289846763,6.00010140284786,20.891594574581084,0.00010140284785986609,0.00018566853946817515,0.500000000028166,0.5,0.024999999999165978,-9.23579115323867e-05,0.3748434557507853,True
42.0,18.742528984390848,6.000105257424378,20.916594574295633,0.00010525742437828,0.00018022011230682682,0.5000000000275626,0.5,0.024999999999183866,-9.336763787485605e-05,0.3748412192325119,True
42.050000000000004,18.767528984127736,6.000108965838427,20.94159457403252,0.00010896583842701091,0.0001747030610216971,0.5000000000269722,0.5,0.024999999999201286,-9.410775295227571e-05,0.37483914926028594,True
42.1,18.792528983885955,6.000112528770443,20.96659457379074,0.00011252877044309884,0.00016913395207578341,0.5000000000263943,0.5,0.024999999999218477,-9.459524468912157e-05,0.3748372402339233,True
42.150000000000006,18.817528983664467,6.0001159471661065,20.99159457356925,0.00011594716610652256,0.00016352832191235308,0.5000000000258289,0.5,0.024999999999235217,-9.484646312213021e-05,0.37483548659384647,True
42.2,18.842528983462227,6.000119222216114,21.016594573367012,0.00011922221611371242,0.00015790071517264443,0.5000000000252756,0.5,0.024999999999251617,-9.487712998456054e-05,0.37483388282996466,True
42.25,18.867528983278184,6.000122355336828,21.04159457318297,0.00012235533682769528,0.0001522647223649661,0.5000000000247341,0.5,0.024999999999267636,-9.47023489478554e-05,0.37483242348983875,True
42.300000000000004,18.89252898311129,6.000125348151783,21.066594573016076,0.00012534815178266712,0.00014663301694397665,0.5000000000242042,0.5,0.02499999999928338,-9.43366164502523e-05,0.37483110318616863,True
42.35,18.9175289829605,6.000128202474028,21.091594572865286,0.0001282024740278942,0.0001410173917631258,0.5000000000236857,0.5,0.02499999999929867,-9.379383305689109e-05,0.3748299166036263,True
42.400000000000006,18.942528982824797,6.000130920289284,21.116594572729582,0.00013092028928429755,0.00013542879486698247,0.5000000000231783,0.5,0.024999999999313637,-9.308731528199726e-05,0.3748288585050731,True
42.45,18.96752898270317,6.0001335037398995,21.141594572607953,0.0001335037398995098,0.00012987736459389178,0.5000000000226817,0.5,0.024999999999328434,-9.22298078264071e-05,0.37482792373718266,True
42.5,18.99252898259464,6.000135955109576,21.166594572499424,0.00013595510957564727,0.00012437246396285745,0.5000000000221958,0.5,0.024999999999342878,-9.123349616940073e-05,0.3748271072355045,True
42.550000000000004,19.017528982498252,6.0001382768088485,21.191594572403037,0.00013827680884848093,0.00011892271432175268,0.5000000000217203,0.5,0.024999999999356984,-9.01100194637459e-05,0.3748264040289945,True
42.6,19.042528982413092,6.000140471361302,21.216594572317877,0.0001404713613020192,0.0001135360282372984,0.500000000021255,0.5,0.024999999999370748,-8.887048369427565e-05,0.3748258092440358,True
42.650000000000006,19.067528982338267,6.000142541390488,21.241594572243052,0.0001425413904883044,0.00010821964160994812,0.5000000000207997,0.5,0.024999999999384178,-8.752547504117815e-05,0.3748253181079845,True
42.7,19.092528982272928,6.000144489607543,21.266594572177713,0.00014448960754265272,0.0001029801449997492,0.5000000000203542,0.5,0.0249999999993973,-8.608507342331067e-05,0.37482492595225336,True
