time_s,x_m,y_m,progress_m,lateral_error_m,heading_error_rad,speed_mps,target_speed_mps,drive,steer,clearance_m,reference_valid
0.0,0.0,0.15,0.0,0.15,0.08,0.0,0.8,0.35,-0.35882234831323295,0.20166512260332825,True
0.05,0.0014558847563230898,0.15008588331262232,0.0014558847563230898,0.15008588331262232,0.07976841575479243,0.05831443590147568,0.8,0.35,-0.2990656573909482,0.2016454904353171,True
0.1,0.005830631586738995,0.1502168934269292,0.005830631586738995,0.1502168934269292,0.07814123264494366,0.11651566605872463,0.8,0.35,-0.2557906417075693,0.201980205540721,True
0.15000000000000002,0.0131262376588358,0.15024137363844783,0.0131262376588358,0.15024137363844783,0.0741181414782771,0.1744913620874936,0.8,0.35,-0.3047853490890917,0.20310887414960882,True
0.2,0.023332481190246834,0.15004844038001672,0.023332481190246834,0.15004844038001672,0.0671937504306764,0.23213093591663345,0.8,0.35,-0.3440325605202731,0.20529211100085695,True
0.25,0.03643016655009198,0.14949918780220464,0.03643016655009198,0.14949918780220464,0.05687853903877721,0.2893263743246895,0.8,0.35,-0.33235636384958994,0.2088191367127587,True
0.30000000000000004,0.05238187465141156,0.1485723268840802,0.05238187465141156,0.1485723268840802,0.04379021774126172,0.3459730318485169,0.8,0.35,-0.3033449547804701,0.21354596442943297,True
0.35000000000000003,0.07114043887362274,0.14735026023996448,0.07114043887362274,0.14735026023996448,0.02935794632441234,0.40197036999714497,0.8,0.35,-0.23917408196475884,0.21898554635499334,True
0.4,0.0926595754801292,0.14596982858587515,0.0926595754801292,0.14596982858587515,0.015308481264791639,0.4572226321563647,0.8,0.35,-0.27097483371793185,0.2244983766233313,True
0.45,0.11689923722265404,0.14419369290653705,0.11689923722265404,0.14419369290653705,0.0003833079489336602,0.5116394452686154,0.8,0.35,-0.17565033615504913,0.23069247381822874,True
0.5,0.14380867883267467,0.14209347635728184,0.14380867883267467,0.14209347635728184,-0.01402939440130383,0.5651363412513684,0.8,0.35,-0.27194786785550906,0.2287522314819733,True
0.55,0.17332869352521574,0.1393513179743252,0.17332869352521574,0.1393513179743252,-0.03000526261817731,0.6176351931036671,0.8,0.22332889675497222,-0.19807957704172535,0.22679472168631926,True
0.6000000000000001,0.204859742647632,0.13574447904104495,0.204859742647632,0.13574447904104495,-0.0478928535277725,0.6481780669343957,0.8,0.20032605409920481,-0.15866792464044133,0.22518011100268137,True
0.65,0.23777047322633083,0.13205877648156703,0.23777047322633083,0.13205877648156703,-0.06201267591298149,0.6742767120066465,0.8,0.11844870202434572,-0.16458589334888113,0.22477553221125918,True
0.7000000000000001,0.2715869735069174,0.12799629730645462,0.2715869735069174,0.12799629730645462,-0.07516900500920032,0.6863041942737518,0.8,0.1950531213637281,-0.07487272127885375,0.2250525090228001,True
0.75,0.3062945727152613,0.12386697965892113,0.3062945727152613,0.12386697965892113,-0.08513336052035755,0.7106796055469791,0.8,0.17280669161020965,-0.18170484762082043,0.22633165074124997,True
0.8,0.34206017222427243,0.1192191464456989,0.34206017222427243,0.1192191464456989,-0.09590438678883231,0.7308211696257779,0.8,0.07547685946545817,-0.06487636123013732,0.22791530705018231,True
0.8500000000000001,0.3783555483807246,0.11405094350549579,0.3783555483807246,0.11405094350549579,-0.1068284364133126,0.7344544776025156,0.8,0.10305112738470683,-0.023543349617093833,0.2299939164573947,True
0.9,0.4149985060130208,0.10945328887345797,0.4149985060130208,0.10945328887345797,-0.11115160746757176,0.7425395358979872,0.8,0.13649620485800618,-0.08308154619796461,0.23337399006250334,True
0.9500000000000001,0.45215107200725957,0.10460063788616966,0.45215107200725957,0.10460063788616966,-0.11591663282286567,0.7559320534325715,0.8,0.09823944581649272,-0.041482215344125856,0.23688801996925768,True
1.0,0.4897606835772417,0.09935365342367788,0.4897606835772417,0.09935365342367788,-0.12154661703476054,0.7626955785686838,0.8,0.04118791343414628,-0.056366696914100164,0.2405580343294527,True
1.05,0.5274623864828932,0.09407809085473265,0.5274623864828932,0.09407809085473265,-0.12598068345183203,0.759900787881668,0.8,0.09855363872371067,-0.026763564875026413,0.2445951752671905,True
1.1,0.565249806458062,0.08870876195504915,0.565249806458062,0.08870876195504915,-0.12975555759034682,0.7666165725141292,0.8,0.08295763198763487,-0.03198800507820529,0.24891269160911256,True
1.1500000000000001,0.6033045931724037,0.08333474283044992,0.6033045931724037,0.08333474283044992,-0.1324431054050649,0.7705966691542945,0.8,0.03311313676660291,-0.01864597185665158,0.2535392747142875,True
1.2000000000000002,0.6413422663482425,0.07791001797873448,0.6413422663482425,0.07791001797873448,-0.13475905778929875,0.7662741855697424,0.8,0.08809467832931825,-0.0012280422960286215,0.25832085318290726,True
1.25,0.679409680810264,0.0726050671538398,0.679409680810264,0.0726050671538398,-0.13566725105469848,0.7711082320886392,0.8,0.1401639029433031,-0.03382202768359673,0.2633738358052431,True
1.3,0.7179089628596625,0.06711094994745982,0.7179089628596625,0.06711094994745982,-0.13729377107583884,0.7843863793562684,0.8,0.031209767775582296,0.017275219932999304,0.268417031221869,True
1.35,0.7566169820079975,0.06162912695460594,0.7566169820079975,0.06162912695460594,-0.1380662052654206,0.7793989856489345,0.8,0.023226266058473083,0.030876858651637827,0.27368486381649604,True
1.4000000000000001,0.7951080010235477,0.05661658685134737,0.7951080010235477,0.05661658685134737,-0.13584262719674198,0.7732259704758306,0.8,0.1197289275221356,-0.020484113596891264,0.2793136755100329,True
1.4500000000000002,0.8336702958243246,0.05143408631047729,0.8336702958243246,0.05143408631047729,-0.13536638662116948,0.7830879658443913,0.8,0.06049218498274627,0.09031910619643453,0.28462827319158635,True
1.5,0.8725147603081415,0.046533790030273595,0.8725147603081415,0.046533790030273595,-0.13261435687661302,0.7829513414390947,0.8,0.04289114672042403,0.005340927492259537,0.29029264050811787,True
1.55,0.9113241567692798,0.04198330464954619,0.9113241567692798,0.04198330464954619,-0.12866413537491822,0.7799226283813718,0.8,0.059135491211001555,-0.014901512160653134,0.2959420203648891,True
1.6,0.9499831671826574,0.03692004590324224,0.9499831671826574,0.03692004590324224,-0.1291076766903197,0.7796441897356814,0.8,0.0335292306837589,0.05132270599980541,0.30088176597465943,True
1.6500000000000001,0.9885593258447876,0.03214857606070742,0.9885593258447876,0.03214857606070742,-0.1274254770963264,0.7751600502515876,0.8,0.08229211227252449,0.011807266625335577,0.30612184742339865,True
1.7000000000000002,1.0271510960830703,0.02766160731044704,1.0271510960830703,0.02766160731044704,-0.1245075139796898,0.7788133736818946,0.8,0.009107993922896598,0.058262338318147026,0.31142276003932434,True
1.75,1.0656372327605335,0.02332312388280677,1.0656372327605335,0.02332312388280677,-0.12128103241210528,0.7703323584888704,0.8,0.0944378598115238,0.06090179136570897,0.31666284101951003,True
1.8,1.1041130440024052,0.01946935918620714,1.1041130440024052,0.01946935918620714,-0.1157944682801235,0.7761071558751058,0.8,0.0818913253675673,0.06583535930657189,0.3220535730821845,True
1.85,1.1428474784499247,0.015857618092417487,1.1428474784499247,0.015857618092417487,-0.10992344658518459,0.7796703114467038,0.8,0.017397922799881654,0.09672787120605825,0.32731526323380034,True
1.9000000000000001,1.1815373142895584,0.012722861264884209,1.1815373142895584,0.012722861264884209,-0.10240838250380148,0.7725314167564832,0.8,0.0445661932145108,0.03782978889296542,0.33256987918588476,True
1.9500000000000002,1.2199939913089815,0.009728609107778648,1.2199939913089815,0.009728609107778648,-0.0962250576177852,0.7700444922129381,0.8,0.07949702082261109,-0.022330061045630283,0.33731488899322143,True
2.0,1.2584131370525269,0.006146014754382943,1.2584131370525269,0.006146014754382943,-0.0955152037939399,0.7733682845463842,0.8,0.0854703459101348,0.08408791206144374,0.34109884811035485,True
2.0500000000000003,1.2970444527474077,0.0028041331102101517,1.2970444527474077,0.0028041331102101517,-0.0929558438872191,0.7775902803698197,0.8,0.05833753345050999,0.046577224341958774,0.34516738361475013,True
2.1,1.3358266677253374,7.291036788667493e-05,1.3358266677253374,7.291036788667493e-05,-0.08720370208495055,0.7772403129686634,0.8,0.019920215973919207,0.040342628895223616,0.3495353822709334,True
2.15,1.374426168411097,-0.002691450016239467,1.374426168411097,-0.002691450016239467,-0.08319936059782934,0.7705783953015355,0.8,0.09350955180447573,0.04982167122131962,0.3480592217626688,True
2.2,1.4130130612181322,-0.00528167969572791,1.4130130612181322,-0.00528167969572791,-0.07904798070609109,0.7761941930855717,0.8,0.04810441248611408,0.06165701863630312,0.3466558454597231,True
2.25,1.4517108923662614,-0.007569326033733713,1.4517108923662614,-0.007569326033733713,-0.07390307756781322,0.7741962403949294,0.8,0.04778099926504609,0.03139714694750066,0.3458426330678388,True
2.3000000000000003,1.4903121368335366,-0.009768259921027119,1.4903121368335366,-0.009768259921027119,-0.06961943121696891,0.7721959750936926,0.8,0.12277640861233724,0.10021459607078688,0.344874274782305,True
2.35,1.5291488287932407,-0.011570878643890909,1.5291488287932407,-0.011570878643890909,-0.06351758239681217,0.7825857031894987,0.8,0.09485595645702569,0.05203191222171274,0.34482915216619303,True
2.4000000000000004,1.5684035101626137,-0.012970820706642641,1.5684035101626137,-0.012970820706642641,-0.05639657244392289,0.7881150836506557,0.8,0.08214933712850253,0.06042058470651905,0.3454870080050534,True
2.45,1.6078723060822564,-0.014397992515706098,1.6078723060822564,-0.014397992515706098,-0.05110856221039938,0.7914110065962656,0.8,0.07129577763647629,0.08463423076920329,0.3455925916780028,True
2.5,1.6474762395302538,-0.015391042833616123,1.6474762395302538,-0.015391042833616123,-0.04426396982737532,0.7928358912873803,0.8,0.10090480498892625,0.045494858651230256,0.34658928685791984,True
2.5500000000000003,1.6872753757820715,-0.016203934386995716,1.6872753757820715,-0.016203934386995716,-0.03809755511248772,0.7990936059093692,0.8,0.1085331609921671,0.0003352774919798034,0.3475745316929407,True
2.6,1.7273982846721554,-0.017386106477390417,1.7273982846721554,-0.017386106477390417,-0.03591128090083235,0.8064413587488125,0.8,0.0035095919374254075,0.08510500707824523,0.3470311279810546,True
2.6500000000000004,1.7674605059885438,-0.018233519004730615,1.7674605059885438,-0.018233519004730615,-0.03184289697453967,0.796323191030563,0.8,0.031900417906311575,0.0021486847880673463,0.34737410653197653,True
2.7,1.8071458656090813,-0.018844563203295844,1.8071458656090813,-0.018844563203295844,-0.027714894974021374,0.7911400279319863,0.8,0.09126178738395935,0.033398308222406387,0.34797317085658674,True
2.75,1.8468126479062918,-0.01969878881020545,1.8468126479062918,-0.01969878881020545,-0.026034938624097278,0.7958560345425073,0.8,0.07398400620440035,-0.004369422499523122,0.3476120691468717,True
2.8000000000000003,1.88664151379277,-0.020515017095860275,1.88664151379277,-0.020515017095860275,-0.024659302250521882,0.7976069110721636,0.8,0.08219137011683808,0.02489781506948278,0.34719991550703777,True
2.85,1.9265897843929571,-0.02136104863424461,1.9265897843929571,-0.02136104863424461,-0.023682252938227222,0.8006616853732466,0.8,-0.016465074240891893,0.013148840850060496,0.34664103112285216,True
2.9000000000000004,1.9662852957817925,-0.02202435356703771,1.9662852957817925,-0.02202435356703771,-0.02188311499560198,0.7874098230433441,0.8,0.012264277136716906,0.019498741960657553,0.34650680821218915,True
2.95,2.0054458049614396,-0.02265274144513375,2.0054458049614396,-0.02265274144513375,-0.02036196207740909,0.7792277688344086,0.8,0.08558033699337962,-0.007874558386833314,0.3463260858996488,True
3.0,2.044503596134849,-0.023358123388720158,2.044503596134849,-0.023358123388720158,-0.019822685483908704,0.7833177847255888,0.8,0.08473166313499303,0.021231461845522118,0.34577948245017986,True
3.0500000000000003,2.083759989980587,-0.024050474126286272,2.083759989980587,-0.024050474126286272,-0.01919748059871401,0.7871627834435929,0.8,0.06563380599357987,0.06624673618276294,0.3452712575934216,True
3.1,2.1231365142330723,-0.024198173289659123,2.1231365142330723,-0.024198173289659123,-0.015096457453046818,0.78776670388339,0.8,0.03530219605990486,0.04730140342115756,0.3463325928197084,True
3.1500000000000004,2.162420044319498,-0.023979896554633968,2.162420044319498,-0.023979896554633968,-0.009784715223566953,0.783365394195775,0.8,0.03695456708220365,-0.018011924936650173,0.34812007313810744,True
3.2,2.2014876618922767,-0.02413560305958237,2.2014876618922767,-0.02413560305958237,-0.008420085705593475,0.779349370687045,0.8,0.08910427366942356,-0.018814458995023042,0.34836809212459047,True
3.25,2.240568520881292,-0.024724029243867074,2.240568520881292,-0.024724029243867074,-0.010133061661438332,0.7840159917688414,0.8,0.03446711827872056,0.0012511963559761119,0.3472729203235497,True
3.3000000000000003,2.2796544119445383,-0.025250137056635466,2.2796544119445383,-0.025250137056635466,-0.010950951776500085,0.7795740117216937,0.8,0.0637933848647255,0.003274334796307355,0.3465049904066019,True
3.35,2.3186435874104263,-0.025645918236767675,2.3186435874104263,-0.025645918236767675,-0.010740961282935382,0.7800708307356833,0.8,0.056836243951251975,0.014386557409459934,0.346171288046817,True
3.4000000000000004,2.357629545145078,-0.025943904015200636,2.357629545145078,-0.025943904015200636,-0.009921651368381114,0.7794103185782261,0.8,0.07010850844336453,-0.012429526140491835,0.34611556627116413,True
3.45,2.3966370199779345,-0.02630913894649927,2.3966370199779345,-0.02630913894649927,-0.009831212079837644,0.7809502914217694,0.8,0.07491902090255079,-0.0015388341124895628,0.34577707884815984,True
3.5,2.4357391558084616,-0.026795356758822983,2.4357391558084616,-0.026795356758822983,-0.010480993091756206,0.7832420836915536,0.8,0.06388620639024453,0.0694503425822692,0.3450987109225909,True
3.5500000000000003,2.474913691955549,-0.026747394467307038,2.474913691955549,-0.026747394467307038,-0.007313415400228651,0.7836598373120658,0.8,0.06521030815060912,0.035755807398583715,0.3460838833843749,True
3.6,2.514115064951332,-0.026279386505612963,2.514115064951332,-0.026279386505612963,-0.0024030649187968016,0.7842846446585545,0.8,0.10826316058262797,-0.034281315503826966,0.3480072648203062,True
3.6500000000000004,2.5535223509866403,-0.026342831514231006,2.5535223509866403,-0.026342831514231006,-0.0023392428008355685,0.7919754967448597,0.8,0.052838149261558505,0.048114375781949686,0.34796275601094306,True
3.7,2.5930803172734276,-0.026362271500160888,2.5930803172734276,-0.026362271500160888,-0.001689162964653601,0.7903496419985279,0.8,0.0929354111672347,-0.0006171810041019602,0.3481362256673368,True
3.75,2.632723802108224,-0.026074140611666102,2.632723802108224,-0.026074140611666102,0.0005496491332128039,0.795361550610852,0.8,0.09874988250492045,-0.006159242387937556,0.3487626324861246,True
3.8000000000000003,2.672638466143141,-0.026099409738742183,2.672638466143141,-0.026099409738742183,0.00022745749317090865,0.8011986209970431,0.8,0.07063162035465892,-0.026618487369218447,0.3488330386199255,True
3.85,2.7127248691872556,-0.02632155465839937,2.7127248691872556,-0.02632155465839937,-0.0013364695073213556,0.8022576925071893,0.8,0.03652810599084852,-0.0033745511119737583,0.3482816256504943,True
3.9000000000000004,2.7527223144114834,-0.026599555363203586,2.7527223144114834,-0.026599555363203586,-0.002765222800592563,0.7976801148705581,0.8,0.02756896295098654,0.011994932557113534,0.3475796524149224,True
3.95,2.792457382655469,-0.02665247794954226,2.792457382655469,-0.02665247794954226,-0.0023585094753532584,0.7917490521958218,0.8,0.05770568315945829,0.0021368237089135927,0.3476473930459592,True
4.0,2.83202436442008,-0.026641727738983458,2.83202436442008,-0.026641727738983458,-0.0016930337316245817,0.7909297452326315,0.8,0.03461007896282921,0.010030837343693732,0.34785562063059833,True
4.05,2.8714554841376287,-0.026624353302411422,2.8714554841376287,-0.026624353302411422,-0.0011224469296188474,0.7863326740319347,0.8,0.06508823651363535,-0.03922654755556627,0.3480423587724286,True
4.1000000000000005,2.910785193536324,-0.02686070064593499,2.910785193536324,-0.02686070064593499,-0.002489377512931234,0.7868683430278505,0.8,0.05458483728429445,0.01278917454935734,0.3474003423086697,True
4.15,2.9500975694766867,-0.027162207833355607,2.9500975694766867,-0.027162207833355607,-0.00372702377490888,0.7856623299371525,0.8,0.06976720309856997,0.007982493239365425,0.34673173683629255,True
4.2,2.9894141105038954,-0.027159887759440757,2.9894141105038954,-0.027159887759440757,-0.0027552350102642833,0.7869850367101774,0.8,0.0953322409214424,-0.03213165196612715,0.3470222829350434,True
4.25,3.028900624150991,-0.0274288206163205,3.028900624150991,-0.0274288206163205,-0.003892309558345379,0.7924787762577954,0.8,0.07734249363245913,-0.034166906839251686,0.34641611324221383,True
4.3,3.068581756808519,-0.02805815234971367,3.068581756808519,-0.02805815234971367,-0.0070239395695120485,0.7948703887003757,0.8,0.08521242871777983,-0.017694531214869476,0.34485883822165675,True
4.3500000000000005,3.1084121755042347,-0.028716556793135492,3.1084121755042347,-0.028716556793135492,-0.009482107891469624,0.7984938555564431,0.8,0.020340537290350694,0.0074057324568994635,0.3434729187196556,True
4.4,3.148154961846818,-0.02917545937390235,3.148154961846818,-0.02917545937390235,-0.009970532530254992,0.7913525767817994,0.8,0.06615155654705915,-0.0008772648419703622,0.3428695546965259,True
4.45,3.1877356769037384,-0.029520866990545687,3.1877356769037384,-0.029520866990545687,-0.009663070775778096,0.7919328325350015,0.8,0.02522569206875829,-0.046908405042829816,0.342615081540267,True
4.5,3.2271721285412167,-0.03022770135595968,3.2271721285412167,-0.03022770135595968,-0.0119036143534854,0.7857660266787249,0.8,0.04356889003739735,0.028296153327864663,0.3412458645694598,True
4.55,3.2663806544750322,-0.03084944496460324,3.2663806544750322,-0.03084944496460324,-0.012774627071254733,0.7827763117652037,0.8,0.08721053431933723,0.010062025644598429,0.340366793292156,True
4.6000000000000005,3.30562670305533,-0.031073702524839382,3.30562670305533,-0.031073702524839382,-0.010983807354024037,0.7870430782908757,0.8,0.07856162200832643,-0.008600443876859121,0.3406717124602828,True
4.65,3.3450452931522316,-0.03149060798156616,3.3450452931522316,-0.03149060798156616,-0.010915748627899617,0.7897766786284124,0.8,0.08790429490536023,0.012846383164504992,0.3402749260818201,True
4.7,3.3846374690067775,-0.03189896622151546,3.3846374690067775,-0.03189896622151546,-0.010714794848620025,0.7939759906216535,0.8,0.002049880061025626,-0.026934667486080303,0.33992597595775165,True
4.75,3.4240811302754137,-0.03240908932572135,3.4240811302754137,-0.03240908932572135,-0.01137222680937912,0.7839437806889367,0.8,0.10409136287691362,0.04499338340854257,0.3392215149974591,True
4.800000000000001,3.4634530298417827,-0.03274982384039634,3.4634530298417827,-0.03274982384039634,-0.010520861933676183,0.790957231797533,0.8,0.0720936066434153,0.035813099972746044,0.3391324557793308,True
4.8500000000000005,3.5030431241133324,-0.03258546822714745,3.5030431241133324,-0.03258546822714745,-0.006713022022490964,0.7925251696617654,0.8,0.036218175007096357,0.03393076937111133,0.3404235957378482,True
4.9,3.5425612262724684,-0.03235231103085241,3.5425612262724684,-0.03235231103085241,-0.0034324530930100465,0.7881511846683842,0.8,0.08070497225757847,0.025158219032170213,0.3416289887599816,True
4.95,3.5820462151634374,-0.03206379674270742,3.5820462151634374,-0.03206379674270742,-0.0006558403315590697,0.7912085851675649,0.8,0.06667386238313325,0.051192191144769035,0.342741445575691,True
5.0,3.6216228829206103,-0.031551828968477844,3.6216228829206103,-0.031551828968477844,0.002941397405339987,0.791878503038057,0.8,0.11488061726333862,0.08271456867724929,0.34257511800011187,True
5.050000000000001,3.6614264068458584,-0.030479721749892802,3.6614264068458584,-0.030479721749892802,0.00929384208219116,0.8004599098104932,0.8,0.08464147517563303,-0.013781652834279989,0.34176544531809055,True
5.1000000000000005,3.701526804542065,-0.02957605803017204,3.701526804542065,-0.02957605803017204,0.012583035785562201,0.803842495699649,0.8,0.04889186882714127,0.011139031696754686,0.3416967746287199,True
5.15,3.7416511539524886,-0.029098392570976486,3.7416511539524886,-0.029098392570976486,0.012456202588353879,0.8012565235206195,0.8,0.08759908977461453,0.08705115430236297,0.34221190811259694,True
5.2,3.7817973222095835,-0.027907928701993583,3.7817973222095835,-0.027907928701993583,0.017155293445360632,0.8051044728420671,0.8,-0.000867062308090423,0.048318068751479475,0.34201559261498415,True
5.25,3.821755290968376,-0.026229308407392578,3.821755290968376,-0.026229308407392578,0.023607000178720153,0.794301689744995,0.8,0.03355046551425249,0.006923218231917649,0.34179489277725433,True
5.300000000000001,3.861327178834402,-0.024886487457207,3.861327178834402,-0.024886487457207,0.026212360812702968,0.7894426576743137,0.8,0.04190030089054626,0.022897804932585253,0.34237227338790677,True
5.3500000000000005,3.9006958658457402,-0.023647187663277943,3.9006958658457402,-0.023647187663277943,0.02760966130930197,0.7860833756733047,0.8,0.04881626264190153,0.0046746932234455925,0.3432014250088579,True
5.4,3.9399258042358802,-0.02236280065192718,3.9399258042358802,-0.02236280065192718,0.028897976232573615,0.7839486986184712,0.8,0.11442632241089837,0.05868996981398683,0.3441078845981067,True
5.45,3.9793123673188937,-0.020788999623815547,3.9793123673188937,-0.020788999623815547,0.03187583552422625,0.792662056010221,0.8,0.021750045014827295,0.09299457295649224,0.3448089792810295,True
5.5,4.018717952961474,-0.018460757244438134,4.018603367561637,-0.01851879318114138,0.03280458846995098,0.7859045871833433,0.8,0.07975276379658418,0.059116232505769487,0.34680724419884534,True
5.550000000000001,4.0580111980573825,-0.015833887283033567,4.0576996401074865,-0.016391774087833502,0.026906743856802067,0.7888636367798167,0.8,0.07732597554514872,0.08535774043691964,0.35066313277378625,True
5.6000000000000005,4.0974241368148805,-0.012989213108967678,4.096970479657054,-0.01456389229771027,0.020616582380021328,0.7913467108399519,0.8,0.04941515270107826,0.1324710521559095,0.35433998076779805,True
5.65,4.1367923168421505,-0.009357500083623937,4.136273291715792,-0.012464887970746059,0.017783189281255538,0.7891741627351898,0.8,0.10637063775478145,0.07657708846900789,0.3572735477787725,True
5.7,4.176250936330612,-0.005339387311839686,4.175736645687514,-0.010503151548810583,0.014509816803245978,0.7964265668778415,0.8,0.023166923326996852,0.026648946267640087,0.3602007422658019,True
5.75,4.215743117390001,-0.0016896096778195291,4.215251666074254,-0.009432771395456202,0.0062158909374885885,0.7898041789897317,0.8,0.08268466134776761,0.07139909568527895,0.3637235357077503,True
5.800000000000001,4.255141899156544,0.002078087417647913,4.254705122751733,-0.008759409232754962,-0.002313632890185366,0.7931442231216883,0.8,0.11490144350710695,0.1173602989607305,0.3655537769678221,True
5.8500000000000005,4.294760848432502,0.006711631243663348,4.294472505158533,-0.007766483007053363,-0.006591930814676587,0.8016958795930651,0.8,0.07709378865655143,0.13654549374607164,0.36527844355703304,True
5.9,4.334551137131659,0.01221724186991676,4.334525823794333,-0.006454768183864422,-0.007774542090136019,0.8038045801697137,0.8,0.06268955586586343,0.08932322426790973,0.36623999377637945,True
5.95,4.374336724904237,0.018030593585836693,4.37464055967939,-0.005373441754296961,-0.010315985582705243,0.8034887258499945,0.8,0.10713536311400673,0.07882333820611737,0.3665694160329948,True
6.0,4.414276709010676,0.023868265993071014,4.414933014075322,-0.00482699831318184,-0.015661887231048763,0.8104902619886967,0.8,0.039561196893028235,0.15457607176913016,0.365536941950978,True
6.050000000000001,4.4541740944184705,0.030487756659716397,4.45530882366427,-0.004043453645217001,-0.017863365080354937,0.8061937491518308,0.8,0.025107779136412767,0.12934098857332654,0.3656713522890578,True
6.1000000000000005,4.493668611613273,0.037906579312831964,4.49543273679609,-0.002949571832731597,-0.017616012374959078,0.7996341966700266,0.8,0.058332455745211405,0.0703014413598967,0.3668381378295358,True
6.15,4.532971172693188,0.04522819112843986,4.535372705915752,-0.002454781245516376,-0.021414472381682648,0.7987117026112354,0.8,0.05069399751099631,0.1069429049757026,0.36621426667933654,True
6.2,4.572158433812993,0.05271768594751881,4.575237632924308,-0.002305499463684898,-0.026277555842275924,0.7965571447802137,0.8,0.1391068234905988,0.12927716735189915,0.3649341189813881,True
6.25,4.611459002867949,0.06101848335058334,4.615375424540437,-0.0019151332766176663,-0.028337778312099438,0.8089997702032033,0.8,0.029074669605033,0.11175895426839344,0.364719858941716,True
6.300000000000001,4.650809745433196,0.06984646994092775,4.65567964417213,-0.0015584342918369607,-0.030177358171036478,0.8030183485212447,0.8,0.03710269947115963,0.09334834709212957,0.3645371633536224,True
6.3500000000000005,4.689852438917346,0.07881142937061487,4.695718001652958,-0.0015394471264176853,-0.03372897244259532,0.7985152465705196,0.8,0.10112162764428521,0.10536455807987054,0.363516043325106,True
6.4,4.728858053568702,0.08811317231700606,4.735795510553423,-0.0017193338961071524,-0.03759041397864182,0.8046593959337731,0.8,0.035681913371945415,0.1134971951020154,0.3622072467971408,True
6.45,4.767773503759673,0.09793785780116913,4.775907612618292,-0.0019061994437918023,-0.040488465902277504,0.799879365320016,0.8,0.054031650059351566,0.1547801345899691,0.36117445464255155,True
6.5,4.806349727016668,0.10846860896805456,4.81587057542946,-0.0018583690079373612,-0.04100666478581828,0.7982430859807985,0.8,0.022657208072394866,0.1414174789834291,0.3610711464507516,True
6.550000000000001,4.844532892932039,0.11964705971241697,4.855632931548,-0.0016110454000335356,-0.04018798012379532,0.7914894131641282,0.8,0.07036338457179743,0.12966858806861198,0.36155726564220037,True
6.6000000000000005,4.882471500608613,0.13114408967886293,4.895254858605776,-0.0015146482352767624,-0.040570192754559864,0.792758890068698,0.8,0.07260062308761658,0.11709715391496565,0.3615421668373215,True
6.65,4.920374841572139,0.1429793437123977,4.934942515335491,-0.0016090484027029702,-0.042111377940139416,0.7943632440010245,0.8,0.03966398414769485,0.07629174679642697,0.36099838776177495,True
6.7,4.95818694683599,0.15487772967327307,4.974554467456748,-0.0021397299586149027,-0.046177279064561594,0.7905082052439746,0.8,0.08066306759420135,0.08446200147563108,0.3592837393311173,True
6.75,4.995939603246748,0.16687456479900634,5.014122108566404,-0.0030809887344213824,-0.05178072641100856,0.7934973899483846,0.8,0.05108168628736436,0.12111473728932855,0.35671454730601654,True
6.800000000000001,5.033533166230765,0.1794654333234091,5.053713001453209,-0.0039317647903544676,-0.05526271209856288,0.7915429753590231,0.8,0.10448225155349064,0.1257853516382238,0.35485438696903576,True
6.8500000000000005,5.071026599214531,0.19275703263862912,5.093430544129973,-0.004614959362500178,-0.05678591108174429,0.7984229174737438,0.8,0.07017216755657937,0.16270438997662545,0.35373017356209696,True
6.9,5.108454696905083,0.2068350922809594,5.13335199810401,-0.00506938635434125,-0.05631860550734724,0.7994794975307393,0.8,0.10708399826123802,0.17673436736258016,0.35341101281030907,True
6.95,5.145749222758741,0.2218652148069935,5.173493340239058,-0.005124650684502078,-0.053382379547747494,0.8065787405345101,0.8,0.0667171752786503,0.15015879903892002,0.3542063741982495,True
7.0,5.182990067175833,0.23749965264214745,5.21381420763706,-0.005141206031579644,-0.05104468878108048,0.8068517615863611,0.8,0.09423137159890227,0.14510827884460642,0.35486791620319497,True
7.050000000000001,5.220182938880041,0.2535454361184061,5.2542502849230885,-0.005305155188067098,-0.05024222832466068,0.8116419926844757,0.8,0.057005649501090966,0.13346582342684246,0.3549369144803257,True
7.1000000000000005,5.257263447148345,0.27004188641466176,5.294760894396703,-0.005558629849991871,-0.05025068881427963,0.8101833639316162,0.8,0.06453318726222436,0.13266658417654373,0.35468098334066256,True
7.15,5.294117748409029,0.28693121199055255,5.335222335933253,-0.005908015095988514,-0.0508632624801601,0.8100014115416604,0.8,0.03932850465649311,0.13164838731940798,0.35415376576705165,True
7.2,5.330654900510005,0.3042322159468237,5.375565077342989,-0.006294464916945844,-0.05156046285806804,0.8056796258068284,0.8,0.06322333403964653,0.10888719096133423,0.35356498007887327,True
7.25,5.36693416823756,0.321793147056089,5.415778893877057,-0.00687561556028461,-0.05340153038701573,0.8054019322802712,0.8,0.0376079912609671,0.125585125928071,0.352449857380262,True
7.300000000000001,5.402925059859836,0.3396662898957522,5.455860796142143,-0.007586103954424935,-0.05552615473094796,0.800919057662601,0.8,0.08719697841691772,0.18051427707656972,0.35112374858200834,True
7.3500000000000005,5.438478063197153,0.3584002163189689,5.495943633288691,-0.007867775591723504,-0.054190153342578984,0.8047097911989333,0.8,0.08152872521975327,0.14694824140322404,0.3512291156941638,True
7.4,5.473812629422339,0.37790148371085786,5.536196839194948,-0.00791028718785239,-0.05181479177472975,0.8074680793432929,0.8,0.039048912778513266,0.21648445157603402,0.3518753654741479,True
7.45,5.508693510703795,0.39814589597439654,5.57642201997318,-0.007623794272584587,-0.04768844696801966,0.8031675180911746,0.8,0.04053436155875345,0.18124197886207416,0.35336021457918365,True
7.5,5.54290148336342,0.41914458735626126,5.616457600734146,-0.006885373328608675,-0.04191544320225071,0.7992248687663984,0.8,0.0599613187605262,0.1248721759188625,0.3557791754186796,True
7.550000000000001,5.576933860607349,0.440148720854716,5.656359389619752,-0.006585932926538643,-0.040591763904751166,0.7985810273614254,0.8,0.03305986018462517,0.17378608393832454,0.3564645901812668,True
7.6000000000000005,5.610579608229185,0.46149379275721,5.696118578477847,-0.006323408859041741,-0.03963454743076833,0.7935295315605125,0.8,0.1252588873881544,0.12580360483380487,0.35700638050368083,True
7.65,5.64400924024495,0.4834199492858074,5.736014299681697,-0.005984286995430458,-0.03863348166011982,0.8037745110041109,0.8,0.04923302179495044,0.1550842867450206,0.35763769553671654,True
7.7,5.67736496919153,0.5057925224269063,5.776099377325618,-0.005765157335555942,-0.038528560249209254,0.8012464388138365,0.8,0.0192957260814053,0.20216531453644632,0.35788745779513,True
7.75,5.709915021186432,0.5289360946106775,5.815959789151282,-0.004990216988555783,-0.03475206438783618,0.7938612172364686,0.8,0.04909994365027008,0.14872527934054877,0.3597659713188407,True
7.800000000000001,5.7418798490689404,0.5524754453393494,5.855586798560182,-0.00408419560092412,-0.031301653602215485,0.7915713487156113,0.8,0.09418445695305022,0.11684629935103988,0.36168196342321124,True
7.8500000000000005,5.773861821413623,0.5760702816188997,5.895277342152226,-0.003667931233400618,-0.031937953702137145,0.7967568082840738,0.8,0.04143194864224335,0.15350220642552112,0.36191185567059764,True
7.9,5.805566668893733,0.6000997950333792,5.935011766973581,-0.003263556469668114,-0.03234784758064724,0.7931300757384779,0.8,0.1268273151135625,0.2065470828167305,0.36219620144957715,True
7.95,5.836713562557346,0.6251711048697851,5.974945699908864,-0.00222067677036242,-0.02843184899259832,0.8036434964657443,0.8,0.06586317103441448,0.19337941082010898,0.3643867214378316,True
8.0,5.8674368382341076,0.6512011571839151,6.015165221139993,-0.0006959774039053811,-0.022553735819168752,0.803853813982669,0.8,0.08447458388322344,0.11261618895568304,0.3676379215185587,True
8.05,5.898134958602335,0.6773456222594397,6.055471318942384,0.00039341254462522745,-0.021250365235602975,0.8071192247521359,0.8,0.0924942081911979,0.16680543803979284,0.36832392654580626,True
8.1,5.928740722987197,0.703880742705855,6.0959800242134765,0.0012995447650676983,-0.021238131413298996,0.8116166837787533,0.8,0.03797979377619366,0.15795396379821336,0.3674213944658478,True
8.15,5.958755029931106,0.7311001671036079,6.136505299074259,0.0025631417830194476,-0.019022288406076115,0.8070301583659136,0.8,0.025433400304040975,0.15134306997426034,0.366810194055037,True
8.200000000000001,5.988210583298326,0.7585089346259708,6.176764663976417,0.003791809688273746,-0.017576854137217768,0.8005020571328793,0.8,0.05748804327989284,0.13827872777301514,0.3660074420439048,True
8.25,6.017213359241559,0.7861132624695515,6.216846525333003,0.004930013619743502,-0.01709222691545964,0.7994178613525874,0.8,0.035131004238275115,0.13263030429003633,0.365012100725113,True
8.3,6.045820610833807,0.8139106195883377,6.256794513939841,0.005944430899610676,-0.017511740683037402,0.7946850917475146,0.8,0.06520164077835082,0.14554565585080168,0.3638740137633839,True
8.35,6.073958112053649,0.8420312047047194,6.29664752717682,0.0069862058417939675,-0.017587349766642665,0.7950221408125321,0.8,0.028443951722547774,0.13681947211462614,0.3628099522359587,True
8.4,6.101602299557329,0.8704504551546743,6.336379563935683,0.008058575196434794,-0.017467340565813227,0.7893043757919955,0.8,0.06085517460746793,0.1685210357377758,0.36177295722234637,True
8.450000000000001,6.128655650432918,0.8992376132721904,6.375979513053831,0.009284787277412169,-0.016259845217203805,0.7890666884539616,0.8,0.0828104147935555,0.09647971405189965,0.3609027750281919,True
8.5,6.15552829312667,0.9282877880511996,6.415669661849261,0.010302070173749768,-0.016975355323946117,0.7924466113561471,0.8,0.08401095292048708,0.13592565611983776,0.3596745011644581,True
8.55,6.182343867285626,0.9576112681794532,6.455541007350271,0.01102417424517774,-0.019250711479345317,0.795935887128413,0.8,0.0758169973129012,0.12831497519496723,0.3582818787308,True
8.6,6.208748260739099,0.9875016623032357,6.495567227908234,0.011903877290719633,-0.02001757043140706,0.7979861458934078,0.8,0.10343573970258493,0.07649694306689622,0.3571763444369176,True
8.65,6.235222517530026,1.0175997553146527,6.535812464128108,0.01233696126859173,-0.023649080571832792,0.8045248153030694,0.8,0.10700046866150276,0.1182233848924018,0.35567486980091284,True
8.700000000000001,6.261696722568681,1.0481420301079145,6.57639973870962,0.01252253573199888,-0.027794636030701536,0.8114766528919877,0.8,0.06146528540540432,0.12136328425640633,0.3542718009691079,True
8.75,6.287726543959153,1.0792794234746608,6.617155359690761,0.012884288645127827,-0.029782883463548293,0.8107557520900177,0.8,0.06949312409789875,0.133232418785894,0.3533269372614698,True
8.8,6.313310202525706,1.1107859659970982,6.657917047856196,0.013273738793084636,-0.031042431447623975,0.811374128945163,0.8,0.07261529739540493,0.058364014577263056,0.352568361911897,True
8.85,6.338864052437647,1.1423555757460644,6.698712821354589,0.013174283165020128,-0.035365675768382114,0.8124893890156925,0.8,0.020491937686324846,0.10708282213357279,0.3514024630674729,True
8.9,6.364203655029176,1.173884588612028,6.739334558057501,0.01266734055914421,-0.04093648902776725,0.8050039018700688,0.8,0.04539552628699738,0.1218788638294518,0.35028264030765033,True
8.950000000000001,6.388759589560229,1.2057076483980402,6.779698605302372,0.012416123397830405,-0.043417041682362933,0.8018122571554854,0.8,0.05208979267402914,0.11341745773148573,0.3498108625245004,True
9.0,6.412845236098985,1.2377278801510394,6.819929948592289,0.012120290613674313,-0.04558392231617647,0.7998057517984446,0.8,0.0790871483303268,0.0626455361363744,0.3494758184271128,True
9.05,6.436905594890848,1.2697681161422385,6.860147773045893,0.011319480050050922,-0.05058501922181568,0.8022921300976312,0.8,0.026410102735984868,0.06045164907063624,0.34882306932184304,True
9.1,6.4609551137821635,1.301687464279893,6.900230827617695,0.009922151342101948,-0.05808805940885298,0.796049561582471,0.8,0.10304479820006347,0.06372736198247184,0.34804622510119154,True
9.15,6.484817442479994,1.3337576964633233,6.94029041595896,0.00823110241649421,-0.06553045571130522,0.802574915167477,0.8,0.04925030836826064,0.06597800787802062,0.3475885727307832,True
9.200000000000001,6.508516478941636,1.3660735057137399,6.980414506980526,0.006278116816404996,-0.07271567641429288,0.8000813268986775,0.8,0.06948338639499615,0.002591591027978609,0.3474746819816757,True
9.25,6.532329473593659,1.3982492074707171,7.020421561761827,0.0036191556814200395,-0.08278440392745057,0.8009810010436685,0.8,0.088544205945579,-0.015273796850014976,0.34725003423232015,True
9.3,6.556593362362398,1.430237839944141,7.060427111397379,-5.380945387551089e-05,-0.09672617203315735,0.8049916561592734,0.8,0.039571827615738395,0.023084141113579298,0.34684758355068757,True
9.35,6.580769697611012,1.462287150941326,7.100335049596403,-0.004152632318700319,-0.10965728368833094,0.8008425861358698,0.8,0.1238760632988822,0.06426256799060413,0.33909517800112843,True
9.4,6.604556640523774,1.4948088544884948,7.140340760943399,-0.008208051020196042,-0.1187987724965215,0.8106671896097863,0.8,0.06790699188685098,0.02250154782654936,0.3324726827848373,True
9.450000000000001,6.62833771361839,1.527648837552814,7.180827293562276,-0.012127059466400098,-0.10195010206152821,0.81102711443269,0.8,0.04353434716438643,-0.012653201290417354,0.3332952371979474,True
9.5,6.652388076021922,1.5601843106836604,7.2213008185520575,-0.0158898345171567,-0.08798335855036843,0.8073696747743246,0.8,0.04188482010951651,0.024574323132600967,0.3334963136137368,True
9.55,6.676318700361532,1.5925754226733944,7.261681941318875,-0.01908406735642447,-0.0739531451101999,0.8035380886464959,0.8,0.08057703049277444,0.0033878316379231947,0.33431352455523794,True
9.600000000000001,6.700104340989517,1.6250373572565047,7.3021224545486465,-0.021576967846227663,-0.05913428768709384,0.806170913372787,0.8,0.0412056976946922,0.003509031806269969,0.3360888730753273,True
9.65,6.723956072508713,1.6574096701500607,7.342585412238367,-0.02363259731449765,-0.045316640577288236,0.8022593760066625,0.8,0.03977543694899231,-0.0695088846495335,0.3380412944440755,True
9.700000000000001,6.748084411215233,1.6893296990146944,7.382879948170384,-0.02563063570895737,-0.035026273534622177,0.7982158288832703,0.8,0.08947513002705776,-0.019353976365577005,0.3390453576672847,True
9.75,6.772480447897394,1.7210556339241787,7.42321807556781,-0.027422058547249918,-0.025812079251028908,0.8024524948183186,0.8,0.06667198714283157,-0.0054961268365455165,0.33995424432298305,True
9.8,6.796700638433085,1.7530554529170665,7.463716086133483,-0.02837190168026392,-0.013499467151084521,0.8028272901715943,0.8,0.06129773993841406,-0.04484545869044372,0.3426302679017648,True
9.850000000000001,6.82109078885134,1.784922290704672,7.504228366694043,-0.02899569097627762,-0.002399625679513573,0.802308358855878,0.8,-0.010792662482574884,-0.10391169904264472,0.34529198076841444,True
9.9,6.845918502625116,1.8160485953601826,7.544428718585687,-0.02987656444114222,0.003952171665033033,0.7899464476175964,0.8,0.058780974841844275,-0.0151834890396268,0.3439506198575875,True
9.950000000000001,6.870630999637384,1.8468500887201567,7.5843163674236305,-0.03033564709108812,0.011645564030127953,0.7893508936019207,0.8,0.08723882178453915,-0.055236138961894915,0.34121417467163906,True
10.0,6.895265359538844,1.8778202920854885,7.624291425716384,-0.0301024355418971,0.0216518727288727,0.7934518340515947,0.8,0.06890746253752951,-0.0684507048139031,0.3384967597742874,True
10.05,6.920388676142546,1.908565521902582,7.664396331379657,-0.02986125158429248,0.02917249196773308,0.7944306411984715,0.8,0.08244713184480087,0.0013753690292914273,0.33652893304604775,True
10.100000000000001,6.945459325253684,1.9394816165245883,7.704583547734675,-0.028937976114725567,0.0393919630905728,0.7976108125648067,0.8,0.07220554703816785,-0.06115457878362468,0.33446260670999284,True
10.15,6.970627192596254,1.970465320667455,7.74485472449212,-0.027509914815867557,0.04997422536878848,0.7990231508970154,0.8,0.07550442079981956,-0.132476847257981,0.3328099738820681,True
10.200000000000001,6.996688580888502,2.0008325430837637,7.7852264736485655,-0.026622590410706935,0.05419319026067482,0.800940914726268,0.8,0.05213866864507834,-0.10318247912454713,0.33247342079648956,True
10.25,7.02328810605567,2.0307403389319214,7.825598892744644,-0.025904034567161133,0.056400816331906745,0.7989653870791529,0.8,0.051370323323981296,-0.1268089005290997,0.3325525656167351,True
10.3,7.050109786733779,2.060310636914482,7.865854157182913,-0.025041168238074618,0.05887031295511058,0.7969154080231892,0.8,0.06831452996712263,-0.14568346351007808,0.3327009909914003,True
10.350000000000001,7.0774665444007825,2.0893583041809687,7.906082456183698,-0.024390970843075063,0.05930275630879278,0.7977060423994953,0.8,0.0744847487759501,-0.12691653912499176,0.33322616893388196,True
10.4,7.105252633544996,2.1180861899883703,7.946367467232828,-0.023735202966335828,0.059728415310180805,0.7994907342768339,0.8,0.04848932751142358,-0.14480638697646994,0.3337589047187806,True
10.450000000000001,7.133382814782176,2.146448983382532,7.986622558102275,-0.023044712412764148,0.060192623332275375,0.7969531254777854,0.8,0.0953616362707633,-0.12320126779295978,0.33431525044069343,True
10.5,7.161916604669504,2.1745027381317517,8.026935971806939,-0.022319930366290406,0.06083352803662634,0.8021911236096178,0.8,0.12245134939695478,-0.17326684313556573,0.3348548771305226,True
10.55,7.191211255835485,2.202312459065982,8.06762365927311,-0.02175046209203494,0.060089597111388615,0.8117456788535827,0.8,0.005607878174705594,-0.13589443828921635,0.3356392701813988,True
10.600000000000001,7.220979106364512,2.2296062739319824,8.108300498300302,-0.02133338376301587,0.058729839605597856,0.8018323114734814,0.8,0.022247163868917466,-0.07597639115419004,0.3364493920630092,True
10.65,7.250344351015554,2.256679111639724,8.148506191961323,-0.020273386100538415,0.062038119550054005,0.7949171437341117,0.8,0.04121926690351531,-0.07509399975313347,0.3365535775059135,True
10.700000000000001,7.2794683790331,2.283608663933364,8.188397468354097,-0.01863332233739174,0.06819785856021487,0.7913034810968819,0.8,0.06851816614024478,-0.15970866941183504,0.3364181822604064,True
10.75,7.309131197203283,2.3098670050590733,8.228230409557277,-0.01732742589975533,0.07037721827263255,0.7922742904588689,0.8,0.08680991077522267,-0.1319456427768289,0.3370972222702649,True
10.8,7.339480151020283,2.3355459750242895,8.268198958777191,-0.016376714867696547,0.06985690184588311,0.7962284357563685,0.8,0.04554481974713892,-0.1648587722948803,0.338197530912993,True
10.850000000000001,7.370212930735784,2.360804206073249,8.308181395075753,-0.015464442633483864,0.06908544167366315,0.7932920020574257,0.8,0.107594847082363,-0.10733086113194765,0.33933168023900984,True
10.9,7.401287543968523,2.385809812198664,8.348254165850689,-0.014429812931204242,0.06948833825052447,0.8006380815743467,0.8,0.08779551168301641,-0.08751202564193773,0.34025042340889255,True
10.950000000000001,7.432531492502279,2.4110235165285494,8.388552685071017,-0.012794932517707382,0.07359899191911357,0.8045346652277874,0.8,0.13800848629262813,-0.17268117542858116,0.34070429372711664,True
11.0,7.464612715675866,2.4358443840644117,8.42925629994009,-0.011427006760036279,0.07455890821181865,0.8165850237046515,0.8,0.035403718698900716,-0.1858109325509067,0.3417967868271352,True
11.05,7.4976169042282175,2.459770976227027,8.470167336933677,-0.01076982132653928,0.07071796434010234,0.811442285127085,0.8,0.03822655411312957,-0.15301533876606427,0.3435568793556336,True
11.100000000000001,7.530754052522141,2.4830838078295554,8.51082059941289,-0.010140837987786696,0.06785684812454995,0.8069009786651026,0.8,0.08061647273185779,-0.13169350907475139,0.3450088149326277,True
11.15,7.563984483015331,2.506147319487984,8.551391234928147,-0.009222938212738363,0.06763260144268579,0.8094510858678299,0.8,0.06548985082630347,-0.1804388184305957,0.3459912657132448,True
11.200000000000001,7.597688382597043,2.5286405809726817,8.592025320976965,-0.008493469767299984,0.0660667238834336,0.80944594631397,0.8,0.03223590030392955,-0.10876487507281385,0.3471716859192124,True
11.25,7.6315374348613085,2.550654006336397,8.632504675234165,-0.007700424841689937,0.06561088155317107,0.8039725543317182,0.8,0.03342637822354379,-0.20566259015308386,0.34809607388702274,True
11.3,7.665538128423905,2.5719457280412326,8.672715937299571,-0.007060683017886246,0.06394281143171032,0.7988396898144483,0.8,0.0030562711515714214,-0.16577277787291222,0.34921669635358044,True
11.350000000000001,7.699784803452243,2.5921448827330646,8.712568948825249,-0.006952734050103903,0.05955240710481934,0.7888463997454935,0.8,0.06426494693954642,-0.16462921116804405,0.3505922437574908,True
11.4,7.7340054230698225,2.611881120262023,8.752162671610487,-0.006707897980474932,0.05715153305583787,0.7891814880352614,0.8,0.07212561230441937,-0.201317743545095,0.35153142360020884,True
11.450000000000001,7.76870201646655,2.6308945765054244,8.791816839128149,-0.0068041010151435825,0.05304716890521777,0.7908008915262036,0.8,0.12529360588842064,-0.1264610614939322,0.35262411177948905,True
11.5,7.803864983250977,2.6496523672355465,8.831761178235084,-0.006820633939513184,0.05075493042352408,0.8011231466359804,0.8,0.03075442426796761,-0.18974087643005072,0.35327259228709573,True
11.55,7.839358487305516,2.66802426387039,8.871818836262374,-0.006800378671151312,0.04900980358022489,0.7956258031228539,0.8,0.10566885644292688,-0.14167091582832136,0.35379962859368763,True
11.600000000000001,7.875231092304259,2.6857461496326045,8.911922232776107,-0.006997119982656445,0.04653154335700749,0.8025938576894096,0.8,0.047578751793208515,-0.161097095493618,0.35432329781255684,True
11.65,7.911365012167593,2.703146383999046,8.952121889688406,-0.007061687418978268,0.04542989536993153,0.7998248629461839,0.8,0.09407301503331662,-0.13453503456481883,0.35457924440685756,True
11.700000000000001,7.947780749323012,2.7200773678597363,8.992376595708542,-0.007132916064630271,0.04467249220245695,0.8047752795971922,0.8,0.03508659077403129,-0.2242877356632649,0.3547284724592096,True
11.75,7.984623635247394,2.736106053595777,9.03265127963412,-0.007663291014809626,0.040850693265306166,0.7998942842074739,0.8,0.0801352357098872,-0.15998587630186398,0.3553117114504737,True
11.8,8.021788717990606,2.751260870262894,9.07288612958526,-0.008584430722117026,0.035800245371018946,0.8025506977786655,0.8,0.08661952788596661,-0.19193805877671208,0.35586526254104733,True
11.850000000000001,8.059263574712407,2.766030637819634,9.113279077424354,-0.009441131968742349,0.03231106373308801,0.8062033418804466,0.8,0.02885610007132587,-0.16621596223378465,0.35602939642012943,True
11.9,8.096954355684202,2.7800832808306586,9.15362476085442,-0.010501710975311008,0.028527009574361717,0.8002599795408816,0.8,0.08236036499632071,-0.14410289326771233,0.35607777472004787,True
11.950000000000001,8.134678512782159,2.7937888577908265,9.193899367897037,-0.011357564946572559,0.027074568781528918,0.8032726941167828,0.8,0.08326466533732375,-0.16630529678659275,0.3556480822112888,True
12.0,8.17274183844354,2.8069931501476884,9.234337298266542,-0.012261673093170937,0.025614293038359163,0.8063545245381498,0.8,0.069558272793216,-0.15760894665264744,0.35517271721970667,True
12.05,8.211128060129234,2.819553595668766,9.274885228849161,-0.01333698008397765,0.023497923225412942,0.8071007002526464,0.8,0.05627703722947212,-0.2070183780564835,0.35471928687175447,True
12.100000000000001,8.249784156872831,2.8312399543651896,9.315433705375183,-0.014780900143748164,0.01939757827539862,0.8056430315046557,0.8,-0.005810604070606504,-0.17699689642823757,0.35448189627515553,True
12.15,8.288377271602911,2.841996032724199,9.355669150687511,-0.016546019300525454,0.014390611967511848,0.7940130173608924,0.8,0.06221976247046082,-0.12566979771184356,0.35419305934459333,True
12.200000000000001,8.32669905342542,2.852528968704976,9.395618441343935,-0.017908261242850925,0.013339449694329542,0.7938771721184779,0.8,0.11364120471859498,-0.150738738609877,0.3531411608342411,True
12.25,8.365304677339072,2.8627672979115304,9.43578882754776,-0.019103319927020444,0.013550171630715202,0.8022023282676651,0.8,0.028241087293546983,-0.14470063009339895,0.3518838775203642,True
12.3,8.404139988853624,2.872366756435847,9.476036167383745,-0.02044048597479019,0.01285299269727991,0.7962632607708803,0.8,0.09243937918114312,-0.15004477680310502,0.3507526051186345,True
12.350000000000001,8.443077313208542,2.8814194967020823,9.516272562772679,-0.02179570299557615,0.012195564692518146,0.8010387859387196,0.8,0.10060441279479586,-0.11799636033557576,0.3495915996987293,True
12.4,8.482355469883698,2.8901578950379627,9.556795803859735,-0.023001658462484868,0.012833717099313025,0.807031241073743,0.8,0.10094936394999843,-0.10166825298677983,0.3481971260668127,True
12.450000000000001,8.52194658030537,2.898801589354707,9.597630101460133,-0.02382720111082626,0.015833049366055563,0.8129213687920392,0.8,0.05136591818124831,-0.10123341982351365,0.34648624720965077,True
12.5,8.56168129716004,2.9071673331047134,9.638561180399964,-0.02440327878777374,0.019656506649547822,0.8105012406351257,0.8,0.03777184695214152,-0.13116892740556774,0.3447832625382815,True
12.55,8.601370031181386,2.914906565750405,9.679328776832598,-0.025029967410761047,0.02203977489334441,0.8059101889082607,0.8,0.1327187454871191,-0.0626928541062672,0.34345510762392073,True
12.600000000000001,8.641252521763532,2.9224775858138425,9.720266337919778,-0.02530851464483504,0.02631227473731096,0.8170540736035669,0.8,0.05022453006695421,-0.1498612535434237,0.34192090995616425,True
12.65,8.681428024503505,2.9296237105437353,9.761420817148679,-0.025502300616610383,0.029688766809427752,0.814335683581279,0.8,0.04816124459509778,-0.13349849820026843,0.34073651580103265,True
12.700000000000001,8.721641727945867,2.9357807789264574,9.802451797098666,-0.026118793185315646,0.029603919937261802,0.8113508253136542,0.8,0.09499972249942937,-0.10223476639085209,0.3401448973012813,True
12.75,8.761920248712466,2.9417347157173532,9.843526874669234,-0.026389240640095575,0.03184990510579008,0.8161473270057026,0.8,0.003831597705016801,-0.1068621401790733,0.33921633243027394,True
12.8,8.802090476608486,2.9474151968691524,9.884456887270336,-0.026358903893878013,0.03538157130632327,0.8058247677573996,0.8,0.042259192695184744,-0.13862977569480053,0.33821319458789034,True
12.850000000000001,8.842008647041425,2.952390422672111,9.925041293525831,-0.026445357997313103,0.03713067456768266,0.8020956369615112,0.8,0.028264450801261658,-0.09740469718292939,0.33761552350221447,True
12.9,8.881735656372653,2.956913938544029,9.965380702942849,-0.026416621456489743,0.03931862631185201,0.7961632166590608,0.8,0.08008829781784149,-0.06460940961690428,0.33700536484533494,True
12.950000000000001,8.92135935066674,2.961517670099453,10.005615749333694,-0.025760889228230187,0.045032233899650664,0.7989100164511703,0.8,0.05682889275383778,-0.061001428334422646,0.33599577969622263,True
13.0,8.961020922689835,2.9660907857558074,10.045861461341019,-0.024603976616333536,0.052475959142286394,0.7977592613886679,0.8,0.11414864404853649,-0.06021446416481623,0.33498988390458384,True
13.05,9.000883937669803,2.9704786063657034,10.086258967332189,-0.023110174129762677,0.060153676577564506,0.8060657175630929,0.8,0.006096509268918228,-0.013877089336712195,0.33426104220801744,True
13.100000000000001,9.040695925486974,2.97495634545889,10.126562050394043,-0.020984716033020583,0.07005018876067963,0.7963829077816132,0.8,0.061421037576884434,-0.07582374237933158,0.33353395269541075,True
13.15,9.080284763270619,2.9791895444860703,10.166566500286322,-0.01855811431090511,0.07913297561157598,0.7960537066731668,0.8,0.07041911732380252,-0.0860471668145306,0.33335508567951344,True
13.200000000000001,9.119972334540405,2.9827226702960163,10.206580046291567,-0.016304644570803186,0.08478767172326077,0.7972130768808604,0.8,0.03513818928684374,-0.04784362882823051,0.3339926182528705,True
13.25,9.15957840413212,2.986129052902732,10.24644267922884,-0.013646973520646246,0.09173482978689462,0.7925392167149278,0.8,0.07261937125282578,0.013223261187100464,0.33467156488212446,True
13.3,9.199059118545454,2.989980654469403,10.286081892358368,-0.010020748734524366,0.1013830933299254,0.7941523882521454,0.8,0.10292678881946192,-0.007225878408264917,0.3355618866384261,True
13.350000000000001,9.238717640554214,2.9941036277521245,10.32566375519691,-0.0061977273555739254,0.08847237260373254,0.8007081566623768,0.8,0.08872422010889472,-0.0017682035929832479,0.3430491345999258,True
13.4,9.27865033798256,2.998149056577383,10.365611171867519,-0.002984340440837574,0.0747271932317472,0.8047556209915026,0.8,0.08770064442750264,0.008446673474154216,0.3501911803723262,True
13.450000000000001,9.318767728175798,3.0023092686241393,10.405826268619656,-0.00019735505540459234,0.061643077462354035,0.8085276360782133,0.8,0.05008360661939917,0.06644444914903654,0.35674366001752483,True
13.5,9.358864008538353,3.0069660328973575,10.44611477496387,0.002546530408976666,0.051810962184213306,0.8060136157180701,0.8,0.13254435163054076,-0.026670561986584504,0.35724023332337995,True
13.55,9.399181083894536,3.0115839766843338,10.486687817147525,0.0046951977593595005,0.040198031533363196,0.8171260649070984,0.8,0.06186768390810397,0.06470635404978368,0.35847018091117533,True
13.600000000000001,9.439751708281406,3.0162370420295015,10.527567771851075,0.006309656545842374,0.028419916479349813,0.8163201176395696,0.8,0.01824825911426395,0.0045407865754593605,0.3603012417937518,True
13.65,9.480063930767471,3.0212181203708792,10.568257565042584,0.007718749732391933,0.018209780064755418,0.8083635711884775,0.8,-0.0325335110351697,0.04092851314693838,0.36189396866181206,True
13.700000000000001,9.51978553225241,3.026054043636756,10.60837361321133,0.008496570309776765,0.006997412517160239,0.7922668402490525,0.8,0.0655444040031502,0.05218853003886149,0.3644282753561485,True
13.75,9.559069051985633,3.0312751512723186,10.64811410931226,0.009174776859274206,-0.001856604544770435,0.7927234054127241,0.8,0.06533553607593741,0.08820960499421134,0.3652740273439284,True
13.8,9.59830932595086,3.0370008961264374,10.687890749248577,0.009833842116918734,-0.00848430453789595,0.7931337090228483,0.8,0.09905018111874327,0.0497309637878391,0.36265084860329777,True
13.850000000000001,9.637667752261521,3.0430166303281903,10.727838143205433,0.010236430534298624,-0.015261379929681795,0.7990785911789555,0.8,0.047765000383383244,0.08132177998089568,0.3602456721482603,True
13.9,9.677076371438693,3.049231613297138,10.767871077475231,0.010297395701519151,-0.02238016774122517,0.7964326700064835,0.8,-0.00687490619624153,0.08637206657120242,0.3580875525281596,True
13.950000000000001,9.71605477406789,3.0559009864308315,10.807552741462363,0.010348317652899286,-0.027707877706202616,0.7848685297260364,0.8,0.07217742762850406,0.0779576288054813,0.3564714754311872,True
14.0,9.754742095044568,3.0628145263125663,10.846987683014955,0.010170467478325418,-0.03315962145684015,0.7866082503749144,0.8,0.12571310588172085,0.12400922706029993,0.35505164590388477,True
14.05,9.793635350115593,3.0703341002921296,10.88673502933543,0.010028793358054672,-0.03686682531043828,0.797109003693834,0.8,0.06157684890196978,0.10536235783533902,0.3541091777575619,True
14.100000000000001,9.832665417962835,3.0784912299319895,10.926741876313084,0.009956195944706705,-0.03929629948250468,0.7967864033036424,0.8,0.11215497758421827,0.0882005655671896,0.35347230663020945,True
14.15,9.871840681588445,3.0868587260468687,10.966929231690184,0.009524059962710845,-0.04345264285402828,0.8047906311068066,0.8,0.03688687309000906,0.09231356404040261,0.3526925556146576,True
14.200000000000001,9.911038490545412,3.095506496501877,11.007186900089897,0.008822268090785849,-0.04823841698067702,0.800205304378687,0.8,0.06787750399153024,0.1053673615627499,0.35200188355763395,True
14.25,9.950039994697107,3.10458964034234,11.04733796958812,0.008052937732687946,-0.052187245018677386,0.8008376069511903,0.8,0.07670306731316115,0.11416481310233437,0.3516246657475507,True
14.3,9.988985886685805,3.114213976492705,11.087551164037073,0.007284601590268454,-0.05509119242952154,0.8029047000441735,0.8,0.13197502468020422,0.09217541606924784,0.3515512315936845,True
14.350000000000001,10.028167471887249,3.1242456128234064,11.12807678343449,0.00630464183221597,-0.05865427550042144,0.8140063553443752,0.8,0.005068183538778942,0.16024352331011962,0.3514999838312084,True
14.4,10.067198103933,3.134974788863988,11.168627065492586,0.005490093741850793,-0.05998544009617789,0.8039441720794169,0.8,0.008729815365127756,0.08409765741404646,0.3519297362332413,True
14.450000000000001,10.105635840796173,3.1460326605864295,11.20868215050899,0.004622030303008255,-0.06166999585676514,0.7947503010908997,0.8,0.051094553023139415,0.06305122590051694,0.352311212528579,True
14.5,10.143857479847878,3.1567595793675314,11.248396901873308,0.0029747308760911142,-0.06795035427475948,0.7927653126614725,0.8,0.08217409933832646,0.16375590287679315,0.35214800778427124,True
14.55,10.181894444773647,3.1682753315357215,11.288146025397472,0.0016085294170856432,-0.07047659231632908,0.7959441389346383,0.8,0.09780868025943693,0.14833487996287734,0.3527875519287059,True
14.600000000000001,10.219837206382886,3.1808989077040444,11.328141526352088,0.0007899433918490773,-0.06893536148332863,0.8016111113022923,0.8,0.06718527473876221,0.17366420806764818,0.35404935358987066,True
14.65,10.257713344600777,3.194199639394247,11.368285377992718,9.555265726793245e-05,-0.06687097213206444,0.8020925225035279,0.8,0.05424328057783123,0.18269588129872438,0.35533794603231106,True
14.700000000000001,10.29527275154476,3.2083196214004635,11.408408881846068,-0.00025736435769769476,-0.06314438625880164,0.8004327999058432,0.8,0.0298825668344812,0.14952025756973605,0.35625033111589904,True
14.75,10.332468474056865,3.2228565349130096,11.448337134930084,-0.0006231675144910436,-0.06059476672728708,0.7948101809886159,0.8,0.030101452446850002,0.10933623859588508,0.3566206105221734,True
14.8,10.369350858635684,3.2373752696818574,11.487953221246688,-0.0014145582248368301,-0.06155517731125221,0.7893705784815199,0.8,0.031058721454957746,0.19153035488784062,0.3555518372853495,True
14.850000000000001,10.40571701720461,3.252490199231069,11.527309486765773,-0.001975345343238878,-0.060522598859562286,0.7842297155078527,0.8,0.05647973973355244,0.09223114855427746,0.355289281294349,True
14.9,10.441753221069547,3.2679972966446518,11.566506890935512,-0.002558818979909246,-0.060291954329718796,0.78340357594506,0.8,0.06547633203813703,0.16996878693736275,0.35477244362170457,True
14.950000000000001,10.477654032643382,3.2837862216261464,11.605680187206604,-0.0033419699606798106,-0.06107489962998763,0.7840787553363003,0.8,0.08895239439027985,0.11566637403560427,0.35376312124439413,True
15.0,10.513397332493573,3.300261967641173,11.644985756005859,-0.003950548736535647,-0.06075666316483008,0.7885983946680438,0.8,0.08316274203715336,0.16988292249401923,0.3532464616857993,True
15.05,10.549108822844612,3.3172717358693715,11.68448037090075,-0.004583372863541221,-0.06043317301891559,0.7920484503895587,0.8,0.06143909036105083,0.1854473868035098,0.35270708906819104,True
15.100000000000001,10.58444773559758,3.335271155345735,11.724078111695322,-0.004686831816421733,-0.05677943702714794,0.7918354436331163,0.8,0.10950519885146753,0.1663889343804687,0.3536601748763405,True
15.15,10.619650236582832,3.3539399180744467,11.76386286018244,-0.00465958647915083,-0.053277964314850275,0.7995338751548746,0.8,-0.005557367419500789,0.18429878556435456,0.35470170990805056,True
15.200000000000001,10.654460492425715,3.373131036936291,11.803552082386116,-0.004513638554629256,-0.049840791720576816,0.7881056359052997,0.8,0.13152368755901314,0.18078907979977216,0.35584499852079754,True
15.25,10.688896845128523,3.393000835904196,11.84325095265886,-0.00411879974907949,-0.04571068725391497,0.7995230496582193,0.8,0.06173863476891313,0.13704635543854124,0.3574404223813291,True
15.3,10.723375572768207,3.4133143314366965,11.883215006457561,-0.00388956031055331,-0.04383486875360021,0.7991636796259957,0.8,0.05911183389527929,0.11883248169882267,0.3582157268341766,True
15.350000000000001,10.757739675276602,3.4337297531707147,11.923133193505945,-0.004046754211526578,-0.04493841444578661,0.7983817333468496,0.8,0.04968508620360148,0.1761882458198968,0.3577372235167846,True
15.4,10.791657436871319,3.4547496528245523,11.96298310402759,-0.003986474075160575,-0.04416354046091153,0.796069893058822,0.8,0.0669319022132968,0.16372536391611894,0.35802309912458863,True
15.450000000000001,10.825063349210716,3.476523264027089,12.002806336540779,-0.003545368763926056,-0.04123526179019188,0.7966552856785475,0.8,0.11425501934141633,0.10754589347403962,0.3593174854630719,True
15.5,10.858552211796367,3.498543038981629,12.042839334380043,-0.003474505906210222,-0.0416068051134999,0.805008336079632,0.8,0.053904539845131404,0.17379685094620478,0.35928001776682605,True
15.55,10.89186822991466,3.521117339959618,12.083037296885962,-0.0033831664448849023,-0.04148858851482584,0.803215923618944,0.8,0.0626098441457299,0.19028688662975446,0.359405823481571,True
15.600000000000001,10.924493293105623,3.544636320835472,12.12320926155826,-0.0026608279028838048,-0.037362877397627225,0.8029025144019902,0.8,0.022231480811790175,0.14645689160535458,0.3613322180394809,True
15.65,10.956657473038156,3.5684622206959395,12.163200194560778,-0.001958206502882827,-0.034577281394837074,0.7959566443463024,0.8,0.03016366848319723,0.15686867873354726,0.3628491039698659,True
15.700000000000001,10.988337547766449,3.5923978198083235,12.20288010738504,-0.0014121398040946665,-0.033420503468353346,0.7904973808696701,0.8,0.06942045860850368,0.17267011191726234,0.36373361994759856,True
15.75,11.019476102227873,3.616873457345844,12.242465635471264,-0.0006333322409915977,-0.031017195758716202,0.7916375932747791,0.8,0.10728115188035275,0.17679796481041224,0.3652161619889738,True
15.8,11.050304411256251,3.642087428679098,12.282277303984888,0.000394974286483553,-0.027645443766668443,0.7989754068546133,0.8,0.13724374202774017,0.1395310871267888,0.3664431386083985,True
15.850000000000001,11.081219294111602,3.66794366437786,12.322580477477583,0.0013398216056026797,-0.025852802208818804,0.8110477101081646,0.8,0.02776838489970415,0.18890738110624702,0.36602452206348635,True
15.9,11.111806400355759,3.6944107602549057,12.36304012637946,0.0024224961407033055,-0.023464146754564767,0.8047971206225129,0.8,0.05645538143810093,0.13535089979960593,0.3656437005322858,True
15.950000000000001,11.14182678458266,3.7212350010791124,12.403322361936068,0.0035992233968597494,-0.021290095181482394,0.8034297893242468,0.8,0.08862010235094751,0.14714979875404577,0.3651064241939649,True
16.0,11.17168548494877,3.748316063837502,12.443676881603281,0.004535030440836325,-0.02114716776073877,0.8073881533272687,0.8,0.09051831317420968,0.14269839715867352,0.3642126779761707,True
16.05,11.201282029260454,3.775985430226111,12.484248871007479,0.0055410362690525,-0.020650501453061465,0.8115535444300714,0.8,0.04559376241365226,0.1312093231006958,0.36335285245376703,True
16.1,11.230579061903573,3.803994266340264,12.524851711955174,0.006451627771199832,-0.02093420879232954,0.8082207387879878,0.8,0.007135608193598424,0.16183591761664987,0.36235875540028123,True
16.150000000000002,11.259187539666803,3.832254290640144,12.565145463693659,0.007470256878670109,-0.020297089328797813,0.7986519522098704,0.8,0.052601815468488314,0.14730007701960707,0.36152766884844456,True
16.2,11.287106671409976,3.8608064533720756,12.60516984707796,0.00863950775733829,-0.018892528096663752,0.7968127434877363,0.8,0.10818590122183044,0.17133388780084946,0.36077205249621347,True
16.25,11.314656505373373,3.8899100489950915,12.645348884843091,0.009926751819246746,-0.01702712818865515,0.8041635281947218,0.8,0.07967320752563604,0.1167958661433119,0.36003455522039896,True
16.3,11.342065077909707,3.9194708980955606,12.68578609438563,0.011096968281028192,-0.01663859554883051,0.806631158097327,0.8,0.028541704855251135,0.19029658569233693,0.3589788991281868,True
16.35,11.368931237542272,3.9494103416428668,12.72615028744562,0.012378106864650604,-0.015338410958316118,0.8006247860157929,0.8,0.009379076541148203,0.13745184277469158,0.3580812675951893,True
16.400000000000002,11.394968138697871,3.9795902073175013,12.76615606289984,0.013891307960691728,-0.013055504840030817,0.7916248029718497,0.8,0.07243003540853611,0.08922727374458174,0.35724196998791663,True
16.45,11.420954538744352,4.009533549803747,12.80598428513976,0.014752946813572261,-0.015614895131771942,0.7932306831152993,0.8,0.0825233474562435,0.11336430232974488,0.3556248565411321,True
16.5,11.446842333804046,4.039714054732953,12.8459431324782,0.015318296180488113,-0.019331924323351957,0.7964547883917507,0.8,0.08872761895980967,0.12578175989513132,0.3539638368946178,True
16.55,11.472355816860233,4.07046267269857,12.886102329251365,0.01600687241008168,-0.02132161849772285,0.800614824587192,0.8,0.07161601648437159,0.07489775881751638,0.35268949882828327,True
16.6,11.497798378861347,4.101434481676944,12.926400595939803,0.016357273751717243,-0.025166775902202287,0.8018511796533604,0.8,0.0850014663177693,0.06603482380198707,0.3512085661240065,True
16.650000000000002,11.523357539009918,4.132447347714506,12.966806622015014,0.016104001152442562,-0.031890610098148864,0.8052562284193675,0.8,0.02814984045268063,0.11294794700862042,0.3494896508067252,True
16.7,11.548466875889362,4.163746978489386,13.007147459433789,0.01584062055747543,-0.03678203339828967,0.7992217213141177,0.8,0.07384421030652699,0.08352479738054892,0.34832212646975946,True
16.75,11.573123370363199,4.195271242588233,13.047378479796732,0.0155342995686375,-0.040821219357801586,0.8008612162629873,0.8,0.08596823883655524,0.09107653882423974,0.3474492989418303,True
16.8,11.597695753975028,4.227021418788277,13.087726452119082,0.01489327634305292,-0.0459185254675154,0.8044514047666748,0.8,0.041437965766680226,0.11259598781319112,0.3466054724464039,True
16.85,11.621835685445914,4.259099754578756,13.12806432967961,0.014255256539108047,-0.04961880515609839,0.800623500942837,0.8,0.08282864608921989,0.07715185644710011,0.3461678496887468,True
16.900000000000002,11.645717023014145,4.29134607876788,13.168367480787058,0.013385920736010786,-0.05398044053944829,0.8037036387036987,0.8,0.038611386875791284,0.10422280231860231,0.34577174707001457,True
16.95,11.669351214745177,4.323733412764626,13.20861788956418,0.01226161975939245,-0.058733157073286524,0.7994306012431316,0.8,0.026330114136363214,0.050655878066542835,0.34552019681854307,True
17.0,11.692684353197528,4.356011451002036,13.248573020624638,0.010791290458263865,-0.0646997811541099,0.7932499660081634,0.8,0.052162617482408594,0.005844916364146154,0.34526781577994203,True
17.05,11.716232700409535,4.387873614603426,13.288246752523442,0.008385927946029688,-0.07525913826968245,0.7914797990296799,0.8,0.09153805611701912,0.049392986291326976,0.34463703110145405,True
17.1,11.739769738731859,4.419837286217006,13.327930227862204,0.005521429777633233,-0.08587508761057172,0.7962323748787405,0.8,0.07853753285257706,0.008311099118062023,0.34446563041261713,True
17.150000000000002,11.763294599556847,4.452034596921886,13.367724869514518,0.0022651071251700693,-0.09640222990712555,0.7987223066254057,0.8,0.07412329680275456,0.008639762889728349,0.34472814439544086,True
17.2,11.787039923984127,4.484197815439976,13.407508044057469,-0.001724993584053457,-0.10885674744874019,0.8004208398530759,0.8,0.06214235714357438,-0.014180069097413563,0.3417482470398814,True
17.25,11.810904516935933,4.516315245773624,13.44729215856977,-0.006200175940721298,-0.10737240780946578,0.8001042490117868,0.8,0.09859133663752412,-0.029531759298451275,0.33769131874975966,True
17.3,11.835082639980724,4.54836759228183,13.487317018368628,-0.010547636197648778,-0.0961202206708266,0.8057903479974198,0.8,0.05705224033540389,-0.015199667878782887,0.336525596229871,True
17.35,11.859407092183256,4.580446057547408,13.527551393754242,-0.014471802768343749,-0.08485214084227233,0.8044948862528036,0.8,0.07033546796872173,0.012482697791039745,0.3358070642764003,True
17.400000000000002,11.883553259359571,4.612646350420249,13.567890513216899,-0.017641765330218467,-0.07153563631441673,0.8054181576304358,0.8,0.07712237296457831,-0.054791528884446196,0.33644996448208775,True
17.45,11.907954725926775,4.644746989565108,13.60836638387621,-0.020539299727815416,-0.06007573934607625,0.807433055171543,0.8,0.09067630189363785,-0.009607105285131036,0.33685443686152794,True
17.5,11.93267376716228,4.676802012400697,13.649055939930859,-0.02318157431665703,-0.0496136106299514,0.8116232299268841,0.8,0.002649733104861794,-0.04871327461284762,0.3372430405835073,True
17.55,11.957338461606463,4.708700090679333,13.689649237643348,-0.02532098862455578,-0.03887746133307268,0.801226641719659,0.8,0.11196895295335718,-0.014698069866228165,0.3382297680040901,True
17.6,11.982102752819706,4.740443660269494,13.730225951533571,-0.027086241862660357,-0.02838790748741571,0.8090830050161378,0.8,0.06362892656088902,-0.03108855997472489,0.3395340456805964,True
17.650000000000002,12.006964615374512,4.772348121669008,13.771032562388463,-0.02828940672845299,-0.01698970578063308,0.8087816523701081,0.8,0.01542654762190742,0.02328852124038619,0.3416829336006298,True
17.7,12.031564194520831,4.804184130229377,13.811648935159385,-0.02877554025420475,-0.0038288632503580278,0.8005615363681425,0.8,0.07615411134706475,-0.08405595735417956,0.3450882063999573,True
17.75,12.056303786437807,4.835716329974737,13.852117314926499,-0.029014741480480666,0.00710908575665159,0.8025456289845809,0.8,0.06320373167112531,-0.03071545721139153,0.34387703651491075,True
17.8,12.081497246267178,4.866950353778783,13.89263865549341,-0.02925372678388096,0.015483306276807718,0.8023475867096403,0.8,0.0469780124372986,-0.11309718696545379,0.3411628979855734,True
17.85,12.106976910408427,4.897856597975014,13.933089131875448,-0.029380284397384222,0.02210621462679252,0.7994862817730791,0.8,0.0969603569181075,-0.07884997354166269,0.3390852461439028,True
17.900000000000002,12.133012182555067,4.928393815423026,13.973616502353956,-0.029628958586180056,0.026437302254069376,0.804920472107664,0.8,0.07697424143330786,-0.09491783829827413,0.33756375790608284,True
17.95,12.159333687203993,4.958925213116563,14.014329470304654,-0.029554530678670234,0.031662261839237926,0.806924205980209,0.8,0.043544810335074347,-0.09045585615887813,0.33610599961697396,True
18.0,12.185953385493503,4.9891477377479845,14.0550028781321,-0.029361413410403246,0.036323666836145296,0.8033774061255111,0.8,0.02635008686769713,-0.12385894532740394,0.3349352836899171,True
18.05,12.212826662636823,5.018820928855217,14.095430616143755,-0.029181722205384373,0.03957269317854095,0.7970964196293974,0.8,0.036411872496474734,-0.13852692021013804,0.33416611733888596,True
18.1,12.240085604754437,5.0477882573371335,14.135598244963436,-0.029228622459633726,0.04050909903044142,0.7926351053929166,0.8,0.11211086885276669,-0.11440965345390805,0.33384601303593464,True
18.150000000000002,12.267725787565738,5.076517991363471,14.175857437363053,-0.02918170601859344,0.041900604799192664,0.8007411496129656,0.8,0.11739854376696197,-0.10159806238541876,0.33348716815672796,True
18.2,12.295805132326874,5.105397999437948,14.216529351767516,-0.0288032712008211,0.04508602544737483,0.8095032450857906,0.8,0.03947734874385034,-0.08262637579888053,0.3329377407220721,True
18.25,12.324091685727428,5.134221353357257,14.257293838431302,-0.028063812716975674,0.04980811496638915,0.8052191676647411,0.8,0.09041267036880632,-0.11269878069002137,0.3323043138822411,True
18.3,12.352679585327405,5.162746712809525,14.298045441085034,-0.02719950015078769,0.05398919954119019,0.8094248538418525,0.8,0.04926055214311547,-0.11701781580986187,0.3319556290994793,True
18.35,12.381749101630946,5.19084603357339,14.338833204494762,-0.026426554977823688,0.05651022302965125,0.8067516538121738,0.8,0.08489213422194775,-0.07615358064038424,0.3319983748520584,True
18.400000000000002,12.410958400939105,5.218811607135912,14.379607546442916,-0.025297158189293303,0.060792943178975205,0.8100088208786136,0.8,0.01575937200720745,-0.11957159089786791,0.33188937240636895,True
18.45,12.44032900798758,5.246425246161094,14.420233482409625,-0.023990188603120483,0.06493387338024514,0.8018109369925835,0.8,0.055152527243677335,-0.11621453786857827,0.33200143355039224,True
18.5,12.469993834428205,5.2733775219230345,14.460612447218741,-0.022832999914542178,0.06712305198269608,0.8003081708740418,0.8,0.07979977248188677,-0.07677873413900015,0.33252790851800956,True
18.55,12.499774143395333,5.300230400448038,14.500978944134513,-0.021287065728862728,0.07135623085923604,0.8028985043243105,0.8,0.07750648940692337,-0.1512818844914264,0.33285621070719174,True
18.6,12.530040320100065,5.32672380590609,14.541451971568192,-0.01978671090453673,0.07390364512522818,0.80504329763535,0.8,0.047874893733812374,-0.14807720178921346,0.33362508533087787,True
18.650000000000002,12.560950681818216,5.3524675557073556,14.581925015693475,-0.018731793894757674,0.07301382996483076,0.8022583581489331,0.8,0.0244934448221696,-0.10130171593916888,0.334935401475693,True
18.7,12.59181314900924,5.377881454928322,14.622123409980214,-0.017368773665992765,0.07451578188606955,0.7957014454196383,0.8,0.04480983205503601,-0.14708894337694584,0.3358673914322474,True
18.75,12.62276360329754,5.402805301972317,14.662056990409313,-0.015917557635199718,0.0760524787451432,0.7926578931942473,0.8,0.0821829888275295,-0.17870083976431947,0.33687794874926535,True
18.8,12.654373226341574,5.4269308870915465,14.702016187739003,-0.014970960568766106,0.07388960093912245,0.7958409884140831,0.8,0.03973522175463311,-0.1458816103044681,0.33844486579724836,True
18.85,12.686345280117791,5.450544438193863,14.741947898138802,-0.014122468667177094,0.07178229923755396,0.791959109530361,0.8,0.08055618970633169,-0.12090938726463316,0.33989839783000697,True
18.900000000000002,12.718397385883376,5.47398136662287,14.781817041266468,-0.012936464880644377,0.07243105094459457,0.7948928780449657,0.8,0.07269483026612814,-0.15065585391704622,0.3408980654016823,True
18.95,12.750845787049009,5.497061868347163,14.821783385405025,-0.01173889701892964,0.07284648951824135,0.7964569452485342,0.8,0.07304490272728364,-0.15343726554766146,0.3419763421812698,True
19.0,12.783801499058084,5.5195690266807285,14.86183011568843,-0.01076770250230074,0.07170134959176934,0.7980376121439291,0.8,0.11977495331854016,-0.12267426926541575,0.3432764188834827,True
19.05,12.817192756880365,5.5419025658394165,14.902123349098083,-0.009641257808542506,0.07189593759393975,0.8072619907844988,0.8,0.07029687219838893,-0.18767303395165894,0.3443469647327878,True
19.1,12.85121640499453,5.563744773354184,14.942668626461135,-0.008722758695427898,0.07041848898109082,0.8081055332165527,0.8,0.011457859211412659,-0.16678626818939168,0.34569002530587134,True
19.150000000000002,12.88559073275677,5.584676469592778,14.983025651633897,-0.008221500643374895,0.06680887067170914,0.7992506228647391,0.8,0.09236334700667324,-0.15380339040506097,0.3472298825241483,True
19.200000000000003,12.920089467368545,5.605179128699597,15.023258841272265,-0.0076138015371377795,0.06484847108849179,0.8039350206284893,0.8,0.03834784563648557,-0.19677339052132117,0.3484024394667743,True
19.25,12.955014766833187,5.624981224717579,15.063506241993327,-0.007287521565987144,0.06143384273582342,0.7996125396666871,0.8,0.061368674735281376,-0.13512414603549697,0.3497139101088744,True
19.3,12.990110553025312,5.644225202740507,15.103626537798679,-0.006995729252812203,0.05892740661870721,0.7991899707656228,0.8,0.06505944076143134,-0.19806208108709655,0.3507299226632865,True
19.35,13.025486713611567,5.662933173903573,15.143736525826343,-0.00677369173977096,0.05635738894458242,0.799385517637512,0.8,0.0424182172859031,-0.13694001250686028,0.35169547999734985,True
19.400000000000002,13.061108026961355,5.680991048917011,15.183763717882107,-0.0067080258573617,0.05370365922369858,0.7958521479516277,0.8,0.049505914871904894,-0.1204276381831344,0.35252986496531,True
19.450000000000003,13.09660373548531,5.698923102398413,15.223614001810176,-0.006168645742924133,0.05477526847490444,0.7935770711139679,0.8,0.13064118409444936,-0.16106874408340296,0.352758707068606,True
19.5,13.132591306565494,5.716377057752731,15.263688397041063,-0.0057419200691178705,0.05468765988560703,0.8047059852275353,0.8,0.04524794834565518,-0.13520262330826632,0.3532108144625365,True
19.55,13.169048366446743,5.7333126599778685,15.303961359949902,-0.0054460313925290965,0.053889392994735885,0.8014979411928944,0.8,0.11869604664823313,-0.10638915788055425,0.3537380246801661,True
19.6,13.205695813446852,5.750147139771171,15.34435406738294,-0.0047789269144433355,0.055734922632583006,0.8104533531237795,0.8,0.05006173771598989,-0.1520881953914818,0.3538704684595033,True
19.650000000000002,13.242725439549485,5.766527472843156,15.384900341706988,-0.0041351680402997824,0.05676281608477096,0.8078845494571113,0.8,0.0033845576166762065,-0.174492000099691,0.35421664923418494,True
19.700000000000003,13.279877324514874,5.781859559865939,15.425145831361089,-0.003963175353927142,0.054494690425168364,0.7977077449323036,0.8,0.05007937842358661,-0.1566299201763024,0.3550454695784507,True
19.75,13.316995212801082,5.796453245176385,15.465082390355613,-0.003929132253769782,0.05202297518127419,0.7954784230663321,0.8,0.01888068420480124,-0.1578753559893931,0.3557961237264207,True
19.8,13.354064209423735,5.8104937292885825,15.504773138379587,-0.003866201551353893,0.05036034403447032,0.7881757184878764,0.8,0.040864204051870925,-0.15261600384406385,0.3563415744807672,True
19.85,13.391073522473818,5.8239154927605545,15.544191974667445,-0.003842123425784523,0.04889883868628103,0.7846788051359177,0.8,0.07787005429839082,-0.12154874612095067,0.35679012217459316,True
19.900000000000002,13.428163130381892,5.8370245758755015,15.583578760171086,-0.0036227087737052614,0.04915593755387926,0.7873598774015905,0.8,0.06780913224123561,-0.14768563749902405,0.35693484519514895,True
19.950000000000003,13.465485585776646,5.8497333712727215,15.62305071474269,-0.0033396188940681424,0.04964456298911257,0.7883165259864695,0.8,0.07449766099186186,-0.18796728974588967,0.3570760064126605,True
20.0,13.503200718973531,5.8615442438589795,15.662617041879038,-0.003511913659708258,0.04697513973422385,0.7903485818351788,0.8,0.08224371421140408,-0.15018828066157794,0.35767949148602135,True
20.05,13.541239785348841,5.872751975008766,15.702320450830776,-0.0038332951798714437,0.04418048774000372,0.793601917279776,0.8,0.06346374551809122,-0.21614463336428158,0.3581713431316384,True
20.1,13.579587570113157,5.883205082678603,15.742117938831145,-0.004439914199747601,0.040023089398514844,0.7936814186022632,0.8,0.09070580076750034,-0.1075789919542734,0.3587765036008196,True
20.150000000000002,13.618167431284483,5.893204205405133,15.78203154617021,-0.005017754276161793,0.037496740141425844,0.798239537743809,0.8,0.07545136110732284,-0.15483249071787059,0.3589361884387098,True
20.200000000000003,13.656919362505308,5.903102431151953,15.82209575480622,-0.00520536442983081,0.03791517562088387,0.8001691851038438,0.8,0.06768486732523124,-0.15717700238307503,0.3586263630031608,True
20.25,13.69594182574128,5.91221214719978,15.862237704216207,-0.005688651185898379,0.03636061663045115,0.8007707572169613,0.8,0.056159076940161604,-0.19139462479709177,0.35859724688912326,True
20.3,13.735143890952747,5.920483934248927,15.902376678120008,-0.006492630414440894,0.03304093291556015,0.7994609226813376,0.8,0.07743797359478165,-0.172765450068819,0.35876422316726664,True
20.35,13.774532806034259,5.9279758128831475,15.942551892643829,-0.007562176346391898,0.028967034116506363,0.8016851595011895,0.8,0.052366508596281745,-0.18719373658999225,0.3588882570133112,True
20.400000000000002,13.814043476072765,5.934820373804131,15.982742926319805,-0.008753379222572027,0.025099969279064105,0.7997275112383715,0.8,0.024755746035326286,-0.12531812437749648,0.35883208609135314,True
20.450000000000003,13.853392504722994,5.941266676953986,16.02272726272208,-0.009769955689807357,0.023535991890989816,0.7932801507013331,0.8,0.061403769014269534,-0.12671225502525418,0.3582751198956746,True
20.5,13.892579986489748,5.947554442038369,16.06254527188457,-0.010384356025310744,0.024875742745234075,0.7930292208080599,0.8,0.07439157853663649,-0.0893376328861525,0.3572669834846331,True
20.55,13.931835693620565,5.953623958435086,16.10240654199945,-0.010698085463901438,0.027931653852232646,0.7949210926641143,0.8,0.05705616194401604,-0.08955537412218462,0.3560560498965074,True
20.6,13.971124558236758,5.95957048476436,16.14228469373188,-0.010610441805859279,0.032754607374174766,0.793912213552397,0.8,0.07740269287977253,-0.10901456878631587,0.35473022722676983,True
20.650000000000002,14.010518741074135,5.965054399057045,16.182198991880213,-0.010466943758573913,0.03664563262265558,0.796276268675574,0.8,0.07744423003915749,-0.09730058593359127,0.35373566116574284,True
20.700000000000003,14.050089033788337,5.970116574881573,16.222229490173778,-0.010233480810124698,0.0401787617716261,0.7985852336021012,0.8,0.09183649752703703,-0.1178724280626365,0.35293751958199454,True
20.75,14.089887283687146,5.974755856471273,16.26243121320027,-0.009911618324502124,0.04329988831011486,0.8032005227627204,0.8,0.030232766763886323,-0.07636092431955412,0.3523494946984975,True
20.8,14.129686764886646,5.97911433192431,16.30259356538571,-0.009332810943091727,0.04741643219260869,0.7975627612772063,0.8,0.14787538920972076,-0.1161128676329808,0.35173027871170803,True
20.85,14.169726804833989,5.983161645370057,16.34295051977204,-0.008546474138411675,0.05163141724917886,0.8114207786622828,0.8,0.06309111287480347,-0.10223577724270264,0.3512923828640825,True
20.900000000000002,14.210159250813625,5.986661306771708,16.383638175374866,-0.007789675808721703,0.05462910154397711,0.8109687095227472,0.8,0.09765577923484815,-0.05693225080821929,0.3511800246886507,True
20.950000000000003,14.25070096028022,5.9901684374586095,16.424407511840116,-0.006480528823685451,0.06050513129217082,0.816212156592116,0.8,0.0021204762550204315,-0.10339938103192173,0.3507891441373918,True
21.0,14.291130710956123,5.993374357912486,16.465011433452517,-0.004916334039226547,0.06629798219214911,0.8056064932531618,0.8,0.03835263913315695,-0.06398710485124175,0.3506822000518074,True
21.05,14.331218742587899,5.996162106689279,16.505215046928967,-0.0032152513730322177,0.07168364789266493,0.8012406766294553,0.8,0.03145961295687248,-0.09451192406063573,0.3508339554131066,True
21.1,14.371076826311304,5.998701384386024,16.545134066893624,-0.0012234822393865574,0.0774508193843252,0.7958562292538537,0.8,0.051257116126618624,-0.059052194381366024,0.3511713421076352,True
21.150000000000002,14.410768158011965,6.000944849650879,16.58483374791675,0.0009448496508790427,0.07725705446188601,0.793869082022827,0.8,0.041123716455451945,-0.07819252181971928,0.35150547909823754,True
21.200000000000003,14.45032540463243,6.003027357344796,16.624390994537215,0.003027357344795867,0.0707833451967579,0.7902670292483518,0.8,0.031277065937685075,-0.0864891013396688,0.3512805515379065,True
21.25,14.489689787423465,6.0046456292110415,16.66375537732825,0.004645629211041502,0.06305473286606492,0.785138866108827,0.8,0.13420818882713056,-0.059158587104609334,0.35188793366219306,True
21.3,14.529230546865358,6.006090305752374,16.703296136770142,0.0060903057523740145,0.05619424672171647,0.7970751693241205,0.8,0.062045690480750655,-0.08477515760809111,0.3524260955056079,True
21.35,14.569069749547996,6.00729983940894,16.74313533945278,0.007299839408940301,0.04936166365918806,0.7968305674659841,0.8,0.06382594604729884,-0.08690065322163468,0.3531979542354081,True
21.400000000000002,14.608920374484173,6.008029240807866,16.782985964388956,0.008029240807865712,0.04120964483090522,0.7968851807333166,0.8,0.05150423874052297,-0.09063506569840821,0.3548410832307951,True
21.450000000000003,14.64872880072651,6.008391656270457,16.822794390631294,0.008391656270457126,0.03278874890279173,0.7949117579751039,0.8,0.12164977673333517,-0.08107042128123648,0.3569390180071627,True
21.5,14.688730334745648,6.008456404213688,16.862795924650435,0.008456404213688096,0.024606701740059626,0.8045268402711321,0.8,0.038936229912453185,-0.08824986367325525,0.35927398405417155,True
21.55,14.728863503038628,6.008215100305621,16.902929092943413,0.00821510030562056,0.016511269794962716,0.8002855119399784,0.8,0.07775610172136146,-0.06163079677581144,0.3618983138681609,True
21.6,14.768943285615132,6.007780485457314,16.943008875519915,0.007780485457313802,0.009356386487037596,0.8025403430565553,0.8,0.08353433229817664,-0.025653503235278617,0.36444617963323617,True
21.650000000000002,14.809152287852008,6.0075098107832785,16.983217877756793,0.007509810783278503,0.0051794680727824255,0.8056858978475173,0.8,0.08060514529045533,-0.035652290213599946,0.36595357075391877,True
21.700000000000003,14.849502521568404,6.007273958079263,17.02356811147319,0.007273958079262677,0.0022350045244182936,0.8082664152486769,0.8,0.06918848608707405,0.024896257446624694,0.3670625583323191,True
21.75,14.889931858163019,6.007265962354766,17.063997448067802,0.0072659623547659535,0.0017177979461406325,0.8089009971200285,0.8,0.0881057406344433,-0.033127392141727566,0.3672240363329584,True
21.8,14.930470527609739,6.007293711000167,17.104536117514524,0.007293711000166958,0.001318499073699177,0.8126293712394287,0.8,0.0555240880007852,0.0011024090929060478,0.3673148035408771,True
21.85,14.97105868925371,6.007100355898281,17.145124279158495,0.007100355898280952,-0.0002290654047557236,0.8109007782880152,0.8,0.06080618058728597,-0.0260940937636041,0.3678316149565365,True
21.900000000000002,15.011583144165131,6.006916444777065,17.185648734069915,0.006916444777065323,-0.001434140099868019,0.8100868532185644,0.8,0.014678042485861166,-0.01257064341549246,0.36765774430662507,True
21.950000000000003,15.051876397114942,6.0065720318069475,17.225941987019727,0.0065720318069475425,-0.0032893928849993255,0.8017090744874539,0.8,0.05944632058074969,-0.023982459369029558,0.367451696523977,True
22.0,15.091940620059683,6.006178911038082,17.266006209964466,0.006178911038081658,-0.005032214584513697,0.8009151558147406,0.8,0.06709744383822201,-0.022377734786340073,0.3673281102338153,True
22.05,15.131996008482387,6.005640815715494,17.306061598387174,0.005640815715493908,-0.007242394811282899,0.8014004699306639,0.8,0.06575056417810908,-0.030382016393472305,0.367211490082906,True
22.1,15.172068074413989,6.004970523211858,17.346133664318774,0.00497052321185798,-0.009758940176966092,0.8016514840766523,0.8,0.04235435539375104,0.009449508806315477,0.36713706982107164,True
22.150000000000002,15.212056571294422,6.004415972491436,17.386122161199207,0.00441597249143566,-0.010756661603938504,0.7980480775388914,0.8,0.06398291722341042,0.013348711652695537,0.3673965921607502,True
22.200000000000003,15.25195955604196,6.004150014451278,17.426025145946745,0.004150014451277606,-0.009674058576082343,0.7980965703093121,0.8,0.03487363847229111,0.020138445681798733,0.3679826841347009,True
22.25,15.291745614469075,6.004003772326248,17.46581120437386,0.004003772326248267,-0.008088840393413321,0.7933560836494971,0.8,0.08419527750705919,-0.010363731205644891,0.3685979575859576,True
22.3,15.331500522477821,6.003761833718044,17.505566112382606,0.003761833718043839,-0.007627447589892426,0.7968519022833023,0.8,0.061643103775684126,-0.02040402768396645,0.3689764724179529,True
22.35,15.371332482422961,6.003239585982802,17.545398072327746,0.003239585982801607,-0.009086000777000829,0.7965469379408144,0.8,0.09196400244923067,-0.04065729561857802,0.36906706859378835,True
22.400000000000002,15.411271391264211,6.002441744688908,17.585336981168997,0.0024417446889080097,-0.011990091513245737,0.8012368266291635,0.8,0.026159322968389243,-0.031231948793329977,0.3690062684910993,True
22.450000000000003,15.451166157704998,6.001441403507536,17.62523174760978,0.0014414035075356324,-0.015405377293521118,0.7949807346533345,0.8,0.029601547152428617,0.04364776242476559,0.36899821297040236,True
22.5,15.490772693440492,6.000896152410744,17.664838283345276,0.0008961524107435892,-0.014824079246147231,0.7894544592279937,0.8,0.07442163529505182,0.04439210736257363,0.36971499163592114,True
22.55,15.530299112256225,6.000938650448132,17.70436470216101,0.0009386504481323499,-0.010681738324549451,0.7914444389496732,0.8,0.03872196719233245,0.008541802066329313,0.3708960647518563,True
22.6,15.569773983776244,6.00090566029904,17.74383957368103,0.0009056602990398233,-0.00819334347126793,0.787510395819136,0.8,0.03298628707680256,0.0434018491312566,0.3716651395725616,True
22.650000000000002,15.609030781424797,6.00094110919173,17.783096371329584,0.0009411091917304049,-0.005768013678757537,0.7827347272910835,0.8,0.13737783162232264,0.0036569447080437964,0.37234787961289484,True
22.700000000000003,15.648482864739876,6.001060340582472,17.82254845464466,0.0010603405824722856,-0.003563268564824651,0.7952548797255071,0.8,0.044775958252332076,-0.03713122486987566,0.3728821644476118,True
22.75,15.68816809899375,6.000691777757765,17.862233688898534,0.0006917777577646333,-0.005143155315694112,0.7922174192330985,0.8,0.06639618969196596,0.023889178338111144,0.3727823650970593,True
22.8,15.727792827677455,6.00037421383344,17.90185841758224,0.00037421383343971826,-0.005767349437296332,0.7928153782041761,0.8,0.08511435598158966,0.0663781508913993,0.3729149717687291,True
22.85,15.767527228593755,6.000780468823599,17.941592818498542,0.0007804688235992785,-0.0014956238403962324,0.7964765020017569,0.8,0.04008632297668158,0.06819648357025744,0.37377547086704854,True
22.900000000000002,15.807253069549045,6.001687536163889,17.98131865945383,0.0016875361638888364,0.004872310975762718,0.7926357689875569,0.8,0.0567791790208971,-0.07101923386438964,0.3718668769122154,True
22.950000000000003,15.846857710965669,6.002172309977612,18.020923300870454,0.002172309977612308,0.006589560950180673,0.7916409686616463,0.8,0.0677277514858058,-0.040627714554023274,0.37087331846855986,True
23.0,15.886462346631639,6.001917700118135,18.060527936536424,0.0019177001181347464,0.0031750507934149956,0.7924729738528544,0.8,0.06221842429813385,-0.017152559158513214,0.37213994143928447,True
23.05,15.926084173610537,6.001622523712375,18.100149763515322,0.0016225237123750347,0.0004501838514058315,0.7923770929060734,0.8,0.03928125204482213,0.01954030062811656,0.37324378435486716,True
23.1,15.96560593540972,6.001645777731194,18.139671525314505,0.0016457777311940092,0.000561074491750567,0.7885108104844123,0.8,0.060812238567244103,-0.006751892452300906,0.37318760282878527,True
23.150000000000002,16.005025754609434,6.001767020813764,18.17909134451422,0.0017670208137641197,0.0011610502253856262,0.7882866537309842,0.8,0.09536111255482685,0.010101282350316638,0.3728882315991129,True
23.200000000000003,16.044577252725528,6.00183177744375,18.218642842630313,0.0018317774437504042,0.0013196009696635146,0.7937512973849788,0.8,0.03389666144822552,0.015065514792929962,0.3727764100161589,True
23.25,16.084144226720426,6.002062278294344,18.25820981662521,0.002062278294343578,0.0025043767750233094,0.788963543962541,0.8,0.10680462564485126,0.01151386702640955,0.37219431457471563,True
23.3,16.123775724453775,6.002352912422701,18.29784131435856,0.002352912422701081,0.0037576998141490335,0.7962928232568707,0.8,-0.0005145495609694545,-0.044693332702823496,0.37153193587716365,True
23.35,16.163326724963234,6.002282796571272,18.33739231486802,0.002282796571272172,0.0022016134332104404,0.7857785628295146,0.8,0.15695006412156956,-0.023893845183465854,0.3720636277110352,True
23.400000000000002,16.203009110968214,6.001872238083592,18.377074700873,0.0018722380835916042,-0.0010348184622217798,0.8014387412617909,0.8,0.07970517428808094,-0.005212097376605459,0.3728204878160533,True
23.450000000000003,16.243144563166407,6.0016133966880485,18.417210153071192,0.0016133966880484962,-0.002424585333110534,0.8039836878991974,0.8,0.003671636897529036,0.01415073347111995,0.37266686958674833,True
23.5,16.28309197475121,6.001574696959374,18.457157564655994,0.0015746969593743998,-0.0020015899632020683,0.7939568554730637,0.8,0.07197389191070053,0.03718870949530562,0.37283108161606493,True
23.55,16.322826951744332,6.001856722058325,18.496892541649117,0.0018567220583252109,0.0004266799580204053,0.7954268297481527,0.8,0.04197553772504145,-0.0373648686156494,0.3730165653764743,True
23.6,16.36251031061636,6.001896067299565,18.536575900521147,0.0018960672995653738,0.00042093890034794376,0.7919242588010866,0.8,0.03010256809323876,-0.05938130548664981,0.3729789249250705,True
23.650000000000002,16.401970625738773,6.001229986834966,18.57603621564356,0.0012299868349661125,-0.0041233102225397625,0.7865599051835331,0.8,0.0911710994698458,0.01649878855569441,0.3725464561029905,True
23.700000000000003,16.441417628693166,6.000738899109202,18.61548321859795,0.0007388991092023289,-0.006133564951775347,0.7913802156987643,0.8,0.05906632610265739,0.013275066672772824,0.3724417948034674,True
23.75,16.48097235118127,6.000710007099992,18.655037941086054,0.0007100070999923602,-0.004732049096212443,0.7907943191139013,0.8,0.0926694146488411,0.036716543528360616,0.3728859790789455,True
23.8,16.520637346473418,6.00087349086793,18.694702936378203,0.0008734908679297604,-0.0023709179291973416,0.795750875046787,0.8,0.09254917158285397,0.028756777010185256,0.37342269849488563,True
23.85,16.5605459065487,6.001253916413326,18.734611496453486,0.0012539164133258396,0.0007387642279934365,0.8005579140136835,0.8,0.00781771643573264,-0.024302407496412957,0.37352670474170335,True
23.900000000000002,16.600341341585338,6.001332765340859,18.774406931490123,0.0013327653408587992,0.0009545986414741763,0.791302870834572,0.8,0.06767512652190764,-0.00023086948075009308,0.3733837758593388,True
23.950000000000003,16.63992743370453,6.001187663724104,18.813993023609314,0.001187663724103949,-0.00020097700442048424,0.7921350277480583,0.8,0.058425894761424166,0.0345778606660259,0.37375264863046975,True
24.0,16.679516195292013,6.001414497008897,18.8535817851968,0.0014144970088967312,0.001417078473962682,0.7914241356740002,0.8,0.06757620496949521,-0.0007672765858655568,0.37316475633213764,True
24.05,16.719107214133302,6.001723379224548,18.893172804038088,0.0017233792245479052,0.0030099301421852693,0.7922368627408112,0.8,0.08972682993570608,0.008057926154791888,0.37238323910257687,True
24.1,16.758830081118976,6.001892575435729,18.93289567102376,0.0018925754357290714,0.0033549449816867964,0.7966717537453465,0.8,0.04036909194278711,0.05022452842503573,0.3721117112517627,True
24.150000000000002,16.79856614384058,6.002431109147996,18.972631733745366,0.0024311091479960467,0.0061101608698523255,0.7928724266501325,0.8,0.07567450320138666,0.04336052467445753,0.370756517737292,True
24.200000000000003,16.838256389241362,6.0033473627267995,19.012321979146147,0.0033473627267994743,0.010532852845531277,0.7949794086601677,0.8,0.09455449583501992,-0.020751385336373922,0.36853137156746313,True
24.25,16.878130610811862,6.003950159121587,19.052196200716647,0.003950159121586694,0.011602744159159132,0.8001365056686793,0.8,0.10670272280000656,-0.031274730876559395,0.36761231706693026,True
24.3,16.91831490062947,6.004041237951048,19.092380490534254,0.00404123795104816,0.009113870156629976,0.8071556870987767,0.8,0.008952346467931957,-0.015494884058105066,0.3682571714632597,True
24.35,16.95844171515049,6.004062049927096,19.132507305055274,0.004062049927095579,0.006878910747104384,0.7979138103037353,0.8,0.040317852419123223,-0.007127954605907808,0.3688978871451788,True
24.400000000000002,16.998241086051443,6.004170392052102,19.17230667595623,0.004170392052102123,0.005807111230661039,0.7940735581060346,0.8,0.12065549782865376,0.0282659951089786,0.3691070132588671,True
24.450000000000003,17.03818108330534,6.004544335664192,19.212246673210124,0.004544335664191657,0.006815213987461813,0.8035471568273223,0.8,0.06720241955941335,-0.008565445062734486,0.3684344643857025,True
24.5,17.07836725171439,6.00497330363176,19.252432841619175,0.004973303631760295,0.0077572887721657794,0.8039802655271509,0.8,0.07563998868831871,0.007313720934218877,0.36772656566109385,True
24.55,17.11861059556907,6.005271310742763,19.292676185473855,0.005271310742762658,0.007697618390355029,0.8057894894603828,0.8,0.015017148221086511,-0.017004544268958796,0.367446222487425,True
24.6,17.158693221943604,6.005517621583828,19.33275881184839,0.005517621583828181,0.007237329589120085,0.7975810873626545,0.8,0.08654713566595183,-0.010552656538748127,0.3673361839622292,True
24.650000000000002,17.198667273989166,6.005605675595251,19.37273286389395,0.005605675595250936,0.005926649028458296,0.8013529089568064,0.8,0.05594085516501784,0.005107769881607727,0.36763631526453716,True
24.700000000000003,17.238700295674324,6.005798495361509,19.41276588557911,0.005798495361508671,0.005667032753449951,0.7999918586034553,0.8,0.028392032152668126,-0.0005292424200713219,0.3675204121180072,True
24.75,17.27855199410807,6.006059151707154,19.452617584012856,0.006059151707153987,0.005884486215452956,0.7941356503480065,0.8,0.1458983579455793,-0.025786195020814622,0.36719533016549627,True
24.8,17.31860114828367,6.006111661652071,19.492666738188454,0.006111661652070666,0.004626837272216825,0.8077590321318296,0.8,0.049012041670615895,0.005622193406646654,0.3675155105550899,True
24.85,17.35892227515015,6.006140738379304,19.532987865054935,0.006140738379303734,0.003658423688612654,0.805089192465504,0.8,0.08116146679567011,-0.03608948196134775,0.3677735487119831,True
24.900000000000002,17.399244574252165,6.0060790592189885,19.57331016415695,0.006079059218988547,0.002195190635587949,0.8077770257089055,0.8,0.08354774783279514,0.05371495719918523,0.368269270864618,True
24.950000000000003,17.43970859310343,6.0062683840523405,19.613774183008214,0.0062683840523405365,0.003046937473488744,0.8107858478969443,0.8,-0.010364810588358822,0.007463377804912322,0.3678272571570502,True
25.0,17.479931372275132,6.006852255051387,19.653996962179917,0.006852255051387424,0.005982022106379356,0.7982711436054312,0.8,0.013715307635480636,-0.04027083400866227,0.3663733315092874,True
25.05,17.519638828132777,6.006869860455774,19.693704418037562,0.006869860455774202,0.004435447501155111,0.7900459512641755,0.8,0.05234816362142651,0.058081049854361765,0.3668140455283625,True
25.1,17.559098649718592,6.007141225241564,19.733164239623378,0.007141225241563909,0.005270590130197415,0.7883896578673846,0.8,0.08832738624289901,-0.07868886317860926,0.36629515292816994,True
25.150000000000002,17.598624821914516,6.007495332261855,19.7726904118193,0.007495332261854948,0.006026945800466488,0.7926946655375893,0.8,0.05826671874275338,-0.023520483963803327,0.365716945919945,True
25.200000000000003,17.638242118035407,6.007259907905113,19.812307707940192,0.0072599079051132165,0.0029410724353086176,0.7919430092357335,0.8,0.10074044779999355,-0.05490611530646122,0.3668671354596819,True
25.25,17.677996780814865,6.006822683796165,19.85206237071965,0.00682268379616513,-0.0007724014734080331,0.7981970574806571,0.8,0.01051337106020532,-0.04621698485065382,0.36794795027679356,True
25.3,17.717684680741332,6.006063575706461,19.891750270646117,0.006063575706461322,-0.005551855688418059,0.7894471315585716,0.8,0.06797201208338896,-0.04609727568775754,0.3672894580636742,True
25.35,17.757174737639716,6.00518559982168,19.9312403275445,0.00518559982168032,-0.00989251193900937,0.7903764020264146,0.8,0.05264910825904339,-0.009488872617521647,0.36688248836524673,True
25.400000000000002,17.79664651612058,6.004387341951006,19.970712106025363,0.004387341951005652,-0.012505083500668732,0.7887610304015682,0.8,0.10735741239978541,0.011039765922155982,0.3669085184884495,True
25.450000000000003,17.836267983752865,6.003896784581285,20.01033357365765,0.003896784581285395,-0.012430448566571306,0.796186512734953,0.8,0.07330059195446906,-0.01782035615207912,0.3674211243974216,True
25.5,17.87611465196712,6.003361608675349,20.050180241871907,0.0033616086753491814,-0.012752483966361198,0.7978163241554673,0.8,0.08471633325188313,0.0053587022266778,0.3678611702207527,True
25.55,17.91608794460757,6.002754477753188,20.090153534512353,0.002754477753187601,-0.013344560619751767,0.801280858765411,0.8,0.04002762797573679,0.049090806261873746,0.36829343503765233,True
25.6,17.956053168514526,6.002600690741402,20.13011875841931,0.002600690741402012,-0.010756173072805979,0.7973045298397217,0.8,0.021339375673214013,0.02206858315718337,0.3692120183392936,True
25.650000000000002,17.995746431992153,6.002692990704254,20.169812021896938,0.0026929907042543277,-0.00739231945641654,0.7903586212269792,0.8,0.08383953573011808,-0.034947850143370755,0.3701149257969619,True
25.700000000000003,18.03535097021079,6.0023254872316185,20.209416560115574,0.002325487231618517,-0.008001437053366043,0.7938741825189681,0.8,0.08177026238356776,-0.0067839614645894206,0.3703021127369446,True
25.75,18.075118066933033,6.001698545948894,20.24918365683782,0.0016985459488942922,-0.009975904700645877,0.7969575918370244,0.8,0.09030942702012057,0.001369967300457185,0.3703448793633949,True
25.8,18.11507420088675,6.0012582774069285,20.289139790791534,0.0012582774069285207,-0.010232995633659621,0.8013645682032466,0.8,0.048867263685100616,-0.02198925348930427,0.3707091205111922,True
25.85,18.155075418148094,6.000707213895545,20.32914100805288,0.0007072138955450669,-0.011214061622184631,0.7988398603988072,0.8,0.0675422892377176,-0.01860221806900948,0.3709701392246928,True
25.900000000000002,18.19502672075206,5.999964731818471,20.369092310656846,-3.526818152899125e-05,-0.013144304431045443,0.7994529554713109,0.8,0.0791656360490891,0.0033721281134331637,0.37107178395558055,True
25.950000000000003,18.235057320292594,5.999321305412504,20.40912291019738,-0.0006786945874956984,-0.013869388587478047,0.8019615355899715,0.8,0.057617282440600076,0.025156331456903634,0.370214251366051,True
26.0,18.27512652643065,5.998965411782508,20.449192116335436,-0.0010345882174922494,-0.012509201786279806,0.8008601573979892,0.8,0.08637534097129013,0.005269054102894229,0.37026005562513187,True
26.05,18.31526091397734,5.998690586065041,20.489326503882126,-0.0013094139349592027,-0.01105670471182617,0.8045173238773947,0.8,0.0766649572778701,0.001782482388328367,0.3704144522659828,True
26.1,18.355534199178145,5.998297808321648,20.52959978908293,-0.0017021916783521718,-0.010718817634444872,0.8064808800411617,0.8,-0.011345583317382585,-0.0053999448562539465,0.3701215611909576,True
26.150000000000002,18.395540231873575,5.997845208538403,20.56960582177836,-0.0021547914615966945,-0.010890158889755627,0.7939184829153737,0.8,0.0726876312347851,-0.006932995083523787,0.36961830742751534,True
26.200000000000003,18.435272700555327,5.997324403202601,20.609338290460112,-0.002675596797399038,-0.01147336446346028,0.7955068546261975,0.8,0.09496795117822496,0.022846119031230763,0.36892511600838995,True
26.25,18.47517744634898,5.996972210680515,20.649243036253765,-0.003027789319484775,-0.010716102260985565,0.8007181091495795,0.8,0.04855989708493869,0.028593426829011646,0.3687967663317573,True
26.3,18.515150349192144,5.9969139436582015,20.68921593909693,-0.003086056341798482,-0.008269136440254735,0.7981598561840848,0.8,0.08362998890644333,-0.034461439481166596,0.3694623117634795,True
26.35,18.555139052767075,5.996560497436118,20.72920464267186,-0.0034395025638822574,-0.008550498817348068,0.8014366906831192,0.8,0.04760297866122126,0.07021216591442377,0.36902559964301007,True
26.400000000000002,18.595142235561497,5.996411288514067,20.76920782546628,-0.0035887114859329827,-0.00707299803582966,0.7987021541438821,0.8,0.059444092014367,0.030260342128467423,0.36931375230590135,True
26.450000000000003,18.635061822611377,5.996832018618434,20.809127412516162,-0.00316798138156571,-0.0025197415451185716,0.7979869768890246,0.8,0.0353996295171097,0.0018845301232429423,0.37108405298981995,True
26.5,18.67484468088204,5.996972048773992,20.848910270786824,-0.0030279512260076302,-0.0009965199821180579,0.7933358726936555,0.8,0.09463737855200723,0.010878300771796114,0.37167614445403785,True
26.55,18.714642438975712,5.997021448448988,20.888708028880497,-0.0029785515510116767,-0.0003916160577026645,0.7985496771419843,0.8,0.09198620224836382,0.00980841585754777,0.3719051480680195,True
26.6,18.754686445193656,5.99715596039389,20.92875203509844,-0.002844039606110016,0.0005941198373641541,0.803190523339586,0.8,0.05946404202659572,0.017013828682777503,0.3719795288737217,True
26.650000000000002,18.79482488717033,5.997372328133086,20.968890477075114,-0.0026276718669135946,0.0018752679727328456,0.802360437719548,0.8,0.0664961516346088,-0.003911860029267502,0.3718155936609272,True
26.700000000000003,18.834951361900707,5.997549385372555,21.009016951805492,-0.0024506146274445584,0.002500838340978224,0.8027087458669276,0.8,0.018491772672736162,-0.000927872297164265,0.37180702804632226,True
26.75,18.87489702558994,5.997613341336554,21.048962615494727,-0.0023866586634460063,0.0022705506937107153,0.7951529009016383,0.8,0.07702171587094093,0.03539293357319954,0.37193931057233875,True
26.8,18.914710814586908,5.997940529120421,21.088776404491693,-0.0020594708795789174,0.003904502668966796,0.7974218204965778,0.8,0.045553551495210676,0.0046450124842759115,0.3717818475943158,True
26.85,18.95450568190918,5.998393762097095,21.128571271813964,-0.00160623790290515,0.00580176106015461,0.7944556003485954,0.8,0.05979822718906867,-0.008536364414886477,0.37167275250011805,True
26.900000000000002,18.994214226205635,5.99860035259734,21.16827981611042,-0.0013996474026596317,0.005617944158373181,0.7939098990061294,0.8,0.062111335286662704,-0.02773927834306927,0.3719338045349623,True
26.950000000000003,19.033906522086976,5.99856914857703,21.20797211199176,-0.0014308514229703917,0.003904410773081074,0.7937589126020811,0.8,0.08801225684222524,0.020472345967460608,0.372410494298944,True
27.0,19.073697687727798,5.9986573940289025,21.247763277632583,-0.001342605971097477,0.0035622292897498254,0.7978719868611474,0.8,0.10719177000669125,-0.04446830567687052,0.3726002072588913,True
27.05,19.11377126115075,5.998646110101557,21.287836851055534,-0.0013538898984428727,0.0024130317514211457,0.8050313715826701,0.8,0.07511816848641623,-0.042493949844548365,0.3729298042868433,True
