time_s,x_m,y_m,progress_m,lateral_error_m,heading_error_rad,speed_mps,target_speed_mps,drive,steer,clearance_m,reference_valid
0.0,0.0,0.15,0.0,0.15,0.08,0.0,0.3,0.35,-0.3106704489153795,0.20166512260332825,True
0.05,0.0014558847563230898,0.15008588331262232,0.0014558847563230898,0.15008588331262232,0.07976841575479243,0.05831443590147568,0.3,0.34561035666088974,-0.31152125558476795,0.2016454904353171,True
0.1,0.0058123399896502104,0.1502164254288314,0.0058123399896502104,0.1502164254288314,0.07814852387674587,0.11578523901640474,0.3,0.2706776751294969,-0.3110270083940653,0.2019785858006295,True
0.15000000000000002,0.01274445352298023,0.15018775033255832,0.01274445352298023,0.15018775033255832,0.07393509044886638,0.16057708487300248,0.3,0.21215177838407,-0.3076475529409395,0.20321502243309994,True
0.2,0.021683822172459413,0.14995194873201845,0.021683822172459413,0.14995194873201845,0.06737136989340332,0.19540591123316609,0.3,0.16652924414284598,-0.3015561475311496,0.20533746173801262,True
0.25,0.032174153100821154,0.14959793097261476,0.032174153100821154,0.14959793097261476,0.05965184304206682,0.22243220856555931,0.3,0.1310194616205287,-0.2941045727627873,0.20791830718748322,True
0.30000000000000004,0.0438633178685207,0.14913508462461125,0.0438633178685207,0.14913508462461125,0.05124472870712754,0.24336404616179025,0.3,0.10341396760095167,-0.2857834027282637,0.2108159817549995,True
0.35000000000000003,0.05647735965441396,0.1485593704215267,0.05647735965441396,0.1485593704215267,0.04241654718798295,0.2595454242702666,0.3,0.08197367552097676,-0.2768572226916528,0.21395912314070772,True
0.4,0.06980286379597017,0.14786949497530913,0.06980286379597017,0.14786949497530913,0.033371890100543394,0.27203002014451566,0.3,0.06533434069269263,-0.2675317250372485,0.21729049199590306,True
0.45,0.08367387201676542,0.1470665619738333,0.08367387201676542,0.1470665619738333,0.024266375873658094,0.28164157940346907,0.3,0.05242891034805379,-0.25796638795915766,0.22076383345382486,True
0.5,0.09796153174119228,0.14615344733347616,0.09796153174119228,0.14615344733347616,0.015216537348613507,0.28902269268235414,0.3,0.04242467097714406,-0.24828360347326048,0.22434188663329455,True
0.55,0.11256593930306259,0.1451342470011055,0.11256593930306259,0.1451342470011055,0.006308242014622482,0.2946737923091699,0.3,0.0346729177303269,-0.23857641826919496,0.22799470465807964,True
0.6000000000000001,0.12740973714698264,0.14401383260021586,0.12740973714698264,0.14401383260021586,-0.002396374664909478,0.29898409393683456,0.3,0.028668972633491337,-0.22891492195391497,0.23027480371854672,True
0.65,0.1424331032760354,0.14279751427621884,0.1424331032760354,0.14279751427621884,-0.010853345422230466,0.30225600688210014,0.3,0.02402061430365653,-0.21935140197981587,0.22898646753922913,True
0.7000000000000001,0.1575898395928267,0.14149079650099294,0.1575898395928267,0.14149079650099294,-0.019032488573573664,0.30472430848944765,0.3,0.02042326279868658,-0.2099244358702787,0.2278795346945484,True
0.75,0.17284432380983838,0.1400992085852321,0.17284432380983838,0.1400992085852321,-0.026914002965685205,0.30657115597257706,0.3,0.0176405416431281,-0.20066210077872737,0.22695356751685872,True
0.8,0.1881691376994575,0.13862819225053216,0.1881691376994575,0.13862819225053216,-0.03448584976344294,0.3079378097518713,0.3,0.015489092059560028,-0.19158446804305526,0.2262058626467764,True
0.8500000000000001,0.20354322365145408,0.13708303112249487,0.20354322365145408,0.13708303112249487,-0.041741755321725006,0.3089337709978787,0.3,0.013826733185213266,-0.1827055287105615,0.22563214992888767,True
0.9,0.2189504530609214,0.13546881001512387,0.2189504530609214,0.13546881001512387,-0.0486796974135059,0.3096438931775556,0.3,0.012543245338338994,-0.1740346719788174,0.22522710715699615,True
0.9500000000000001,0.23437851523999534,0.13379039472064527,0.23437851523999534,0.13379039472064527,-0.05530076369985074,0.3101339105184605,0.3,0.011553203745518279,-0.16557781567536578,0.22498473578851175,True
1.0,0.24981805548457364,0.13205242543467666,0.24981805548457364,0.13205242543467666,-0.06160829460461043,0.31045473204260343,0.3,0.010790411650440082,-0.15733826783659396,0.2248986327668703,True
1.05,0.26526200663665905,0.13025931887585054,0.26526200663665905,0.13025931887585054,-0.06760724216040798,0.31064577456389136,0.3,0.01020357888372024,-0.14931738159769628,0.22496218535856555,True
1.1,0.280705070810121,0.1284152756372249,0.280705070810121,0.1284152756372249,-0.07330369207543018,0.31073754840394624,0.3,0.009752969055525028,-0.1415150518676721,0.225168709347205,True
1.1500000000000001,0.29614331759030127,0.1265242904052912,0.29614331759030127,0.1265242904052912,-0.07870450868220677,0.3107536625798859,0.3,0.009407799331812917,-0.13393009128418185,0.2255115458133352,True
1.2000000000000002,0.31157387254216734,0.12459016347860542,0.31157387254216734,0.12459016347860542,-0.08381707210717936,0.31071237933004464,0.3,0.009144224501689344,-0.1265605142920863,0.2259841278112345,True
1.25,0.3269946757218795,0.12261651258261426,0.3269946757218795,0.12261651258261426,-0.08864908446449543,0.3106278189842497,0.3,0.008943774416274796,-0.11940375144225408,0.2265800252899263,True
1.3,0.3424042944439904,0.120606784369113,0.3424042944439904,0.120606784369113,-0.0932084275891397,0.3105108936607834,0.3,0.008792143059304114,-0.11245681078419426,0.22729297438460283,True
1.35,0.35780177809662167,0.11856426525476177,0.35780177809662167,0.11856426525476177,-0.09750305916852998,0.3103700307239983,0.3,0.008678250249083246,-0.10571639920548653,0.22811689555283818,True
1.4000000000000001,0.37318654554445624,0.11649209142907155,0.37318654554445624,0.11649209142907155,-0.10154093742028872,0.31021173328433677,0.3,0.008593514666079322,-0.09917901348907553,0.22904590380904918,True
1.4500000000000002,0.38855829779025614,0.11439325797504954,0.38855829779025614,0.11439325797504954,-0.1053299669445563,0.3100410144125964,0.3,0.008531290654137933,-0.09284100850465819,0.23007431341285556,True
1.5,0.4039169502173742,0.11227062711488382,0.4039169502173742,0.11227062711488382,-0.10887796024513391,0.30986173350146035,0.3,0.008486431924684606,-0.08669864815558614,0.231196638709702,True
1.55,0.41926258001558625,0.1101269356327673,0.41926258001558625,0.1101269356327673,-0.11219261081408279,0.3096768568136875,0.3,0.008454953583155955,-0.08074814333734405,0.2324075923427999,True
1.6,0.43459538538396136,0.10796480154721387,0.43459538538396136,0.10796480154721387,-0.11528147472337415,0.30948865929705216,0.3,0.008433770327533873,-0.07498568012660313,0.2337020817071925,True
1.6500000000000001,0.4499156538722616,0.10578673011298319,0.4499156538722616,0.10578673011298319,-0.11815195845170583,0.30929888090077595,0.3,0.008420493655297285,-0.06940744063311442,0.23507520426459974,True
1.7000000000000002,0.4652237378168668,0.10359511923279734,0.4652237378168668,0.10359511923279734,-0.12081131126054223,0.3091088476474175,0.3,0.008413274780576633,-0.06400961835047837,0.23652224215575451,True
1.75,0.4805200352875131,0.10139226435463224,0.4805200352875131,0.10139226435463224,-0.12326662087050994,0.3089195654040861,0.3,0.008410682959117968,-0.058788429390396774,0.23803865641612437,True
1.8,0.4958049753174989,0.09918036292363427,0.4958049753174989,0.09918036292363427,-0.1255248115149312,0.30873179250680577,0.3,0.008411611240106264,-0.05374012064344855,0.2396200810071974,True
1.85,0.5110790064659124,0.09696151845001633,0.5110790064659124,0.09696151845001633,-0.12759264368962406,0.3085460960049633,0.3,0.008415203462536824,-0.04886097565122061,0.24126231680865406,True
1.9000000000000001,0.5263425879740457,0.09473774424647563,0.5263425879740457,0.09473774424647563,-0.12947671509823389,0.3083628952183335,0.3,0.008420797707268557,-0.04414731877953909,0.24296132566925813,True
1.9500000000000002,0.5415961829435606,0.09251096688124472,0.5415961829435606,0.09251096688124472,-0.13118346242608528,0.30818249546684523,0.3,0.008427882495346761,-0.03959551813528058,0.24471322458075023,True
2.0,0.556840253092055,0.0902830293860987,0.556840253092055,0.0902830293860987,-0.13271916367467074,0.3080051141885083,0.3,0.00843606285936323,-0.035201987558144694,0.24651428001546558,True
2.0500000000000003,0.5720752547408747,0.08805569425261295,0.5720752547408747,0.08805569425261295,-0.1340899408622575,0.30783090116150574,0.3,0.00844503406232162,-0.030963187935048694,0.24836090245197157,True
2.1,0.5873016357668692,0.08583064624471536,0.5873016357668692,0.08583064624471536,-0.13530176295028945,0.30765995415961683,0.3,0.008454561240177587,-0.026875628021754104,0.2502496411016776,True
2.15,0.6025198333093295,0.08360949505107426,0.6025198333093295,0.08360949505107426,-0.13636044889520524,0.3074923310705024,0.3,0.008464463632822735,-0.022935864908912938,0.2521771788416208,True
2.2,0.6177302720695044,0.0813937777970446,0.6177302720695044,0.0813937777970446,-0.13727167075466085,0.30732805927429907,0.3,0.00847460236927841,-0.01914050423411798,0.2541403273534265,True
2.25,0.6329333630758769,0.07918496143268411,0.6329333630758769,0.07918496143268411,-0.13804095679865944,0.30716714290020536,0.3,0.008484871006003444,-0.015486200214800388,0.256136022465014,True
2.3000000000000003,0.648129502816145,0.07698444501067121,0.648129502816145,0.07698444501067121,-0.1386736945917951,0.307009568439503,0.3,0.008495188197801658,-0.011969655556835624,0.2581613196894327,True
2.35,0.6633190726584005,0.07479356186572862,0.6633190726584005,0.07479356186572862,-0.13917513402421855,0.30685530908560976,0.3,0.008505492020683897,-0.008587621278768205,0.26021338995388565,True
2.4000000000000004,0.6785024385007363,0.07261358170531367,0.6785024385007363,0.07261358170531367,-0.1395503902771609,0.3067043280882221,0.3,0.008515735574379927,-0.005336896480430151,0.26228951551125634,True
2.45,0.6936799506015214,0.07044571261981385,0.6936799506015214,0.07044571261981385,-0.13980444671473913,0.30655658134390207,0.3,0.00852588357611094,-0.002214328076457141,0.2643870860261112,True
2.5,0.7088519435527074,0.06829110301923114,0.7088519435527074,0.06829110301923114,-0.1399421576979337,0.3064120193953431,0.3,0.008535909722233165,0.000783189490906216,0.2665035948270724,True
2.5500000000000003,0.7240187363664143,0.06615084350230402,0.7240187363664143,0.06615084350230402,-0.13996825131953786,0.306270588972729,0.3,0.008545794644711046,0.0036587145498328272,0.2686366353175486,True
2.6,0.7391806326511955,0.06402596866316253,0.7391806326511955,0.06402596866316253,-0.13988733206086568,0.3061322341805275,0.3,0.008555524328377367,0.006415258501184823,0.2707838975370157,True
2.6500000000000004,0.7543379208591865,0.061917458839907236,0.7543379208591865,0.061917458839907236,-0.1397038833723251,0.3059968974097692,0.3,0.008565088885145879,0.009055786120835966,0.272943164865308,True
2.7,0.7694908745891066,0.059826241808918684,0.7694908745891066,0.059826241808918684,-0.13942227018079975,0.30586452003781844,0.3,0.008574481604742395,0.01158321585957462,0.2751123108626867,True
2.75,0.7846397529330318,0.05775319442821948,0.7846397529330318,0.05775319442821948,-0.1390467413272738,0.3057350429636663,0.3,0.00858369821964537,0.01400042013933108,0.2772892962387775,True
2.8000000000000003,0.7997848008571838,0.055699144232806266,0.7997848008571838,0.055699144232806266,-0.13858143193837968,0.30560840701595093,0.3,0.008592736335968392,0.016310225645329704,0.27947216594379465,True
2.85,0.8149262496088104,0.05366487098453002,0.8149262496088104,0.05366487098453002,-0.13803036573562252,0.30548455326252216,0.3,0.008601594992893006,0.018515413614335292,0.2816590463757991,True
2.9000000000000004,0.830064317142687,0.05165110817881756,0.830064317142687,0.05165110817881756,-0.13739745728599,0.305363423243873,0.3,0.008610274321685641,0.02061872011954647,0.2838481426980508,True
2.95,0.845199208561925,0.04965854451028482,0.845199208561925,0.04965854451028482,-0.13668651419753408,0.3052449591477266,0.3,0.008618775281858816,0.022622836352915673,0.28603773626082607,True
3.0,0.8603311165686951,0.04768782529908647,0.8603311165686951,0.04768782529908647,-0.13590123926333653,0.3051291039381698,0.3,0.008627099457093263,0.024530408905802242,0.2882261821223624,True
3.0500000000000003,0.8754602219212199,0.045739553879668944,0.8754602219212199,0.045739553879668944,-0.13504523255706666,0.3050158014497045,0.3,0.008635248897453478,0.026344040048922233,0.2904119066638774,True
3.1,0.8905866938939875,0.04381429295344138,0.8905866938939875,0.04381429295344138,-0.1341219934831196,0.30490499645424873,0.3,0.008643225997464128,0.028066288012549803,0.2925934052938749,True
3.1500000000000004,0.9057106907386313,0.04191256590674566,0.9057106907386313,0.04191256590674566,-0.13313492278409797,0.3047966347073066,0.3,0.008651033401963897,0.02969966726790057,0.2947692402372086,True
3.2,0.92083236014332,0.04003485809539087,0.92083236014332,0.04003485809539087,-0.13208732450817706,0.3046906629781235,0.3,0.00865867393347651,0.031246648810556877,0.2969380384046165,True
3.25,0.9359518396888362,0.038181618096915046,0.9359518396888362,0.038181618096915046,-0.13098240793867366,0.30458702906755475,0.3,0.008666150536246158,0.032709660446735414,0.29909848933867356,True
3.3000000000000003,0.9510692572997985,0.0363532589316467,0.9510692572997985,0.0363532589316467,-0.12982328948793342,0.3044856818165333,0.3,0.008673466233180199,0.03409108708310332,0.3012493432323268,True
3.35,0.966184731689715,0.034550159253558435,0.966184731689715,0.034550159253558435,-0.12861299455745218,0.3043865711073702,0.3,0.008680624092787394,0.03539327102077518,0.30338940901639233,True
3.4000000000000004,0.9812983727987539,0.032772664511833347,0.9812983727987539,0.032772664511833347,-0.12735445936596348,0.3042896478596159,0.3,0.008687627203854999,0.036618512254033474,0.3055175525125893,True
3.45,0.9964102822232875,0.031021088084000486,0.9964102822232875,0.031021088084000486,-0.12605053274705225,0.3041948640218174,0.3,0.008694478656118353,0.03776906877423395,0.3076326946488801,True
3.5,1.0115205536364091,0.029295712381438445,1.0115205536364091,0.029295712381438445,-0.12470397791769554,0.3041021725602063,0.3,0.008701181525567729,0.03884715687927776,0.3097338097340645,True
3.5500000000000003,1.0266292731987519,0.027596789927993904,1.0266292731987519,0.027596789927993904,-0.12331747421898583,0.3040115274451132,0.3,0.008707738863344597,0.03985495148895908,0.3118199237887491,True
3.6,1.0417365199590491,0.025924544412415318,1.0417365199590491,0.025924544412415318,-0.12189361883015692,0.303922883635727,0.3,0.0087141536874135,0.0407945864664294,0.31389011292997815,True
3.6500000000000004,1.0568423662439728,0.02427917171525951,1.0568423662439728,0.02427917171525951,-0.120434928456912,0.3038361970636716,0.3,0.00872042897638092,0.04166815494594659,0.31594350180696607,True
3.7,1.0719468780368728,0.022660840910890687,1.0719468780368728,0.022660840910890687,-0.11894384099494021,0.3037514246157684,0.3,0.008726567664972384,0.042477709667032695,0.31797926208552196,True
3.75,1.0870501153451206,0.02106969524515663,1.0870501153451206,0.02106969524515663,-0.11742271716940818,0.3036685241162639,0.3,0.008732572640790753,0.043225263315095276,0.3199966109788963,True
3.8000000000000003,1.102152132555825,0.019505853089295432,1.102152132555825,0.019505853089295432,-0.115873842151122,0.30358745430873973,0.3,0.008738446742062367,0.043912788868531984,0.32199480982291284,True
3.85,1.1172529787797523,0.017969408870597572,1.1172529787797523,0.017969408870597572,-0.11429942714997199,0.30350817483786957,0.3,0.008744192756144508,0.04454221995228451,0.3239731626933774,True
3.9000000000000004,1.13235269818334,0.0164604339803224,1.13235269818334,0.0164604339803224,-0.11270161098619907,0.3034306462311494,0.3,0.008749813418618262,0.045115451197775026,0.3259310150638734,True
3.95,1.1474513303087408,0.01497897765934456,1.1474513303087408,0.01497897765934456,-0.11108246163995628,0.30335482988069695,0.3,0.008755311412830785,0.04563433860912256,0.32786775250216915,True
4.0,1.1625489103818776,0.013525067861984829,1.1625489103818776,0.013525067861984829,-0.10944397777957832,0.303280688025192,0.3,0.008760689369781987,0.046100699935503704,0.329782799403568,True
4.05,1.177645469608537,0.012098712098460505,1.177645469608537,0.012098712098460505,-0.10778809026892155,0.30320818373201225,0.3,0.008765949868273244,0.04651631504949816,0.33167561775963506,True
4.1000000000000005,1.192741035458558,0.010699898256373271,1.192741035458558,0.010699898256373271,-0.10611666365408859,0.30313728087960495,0.3,0.008771095435255307,0.04688292633123443,0.33354570596083066,True
4.15,1.2078356319382104,0.009328595401636611,1.2078356319382104,0.009328595401636611,-0.10443149762981227,0.30306794414012267,0.3,0.008776128546326823,0.04720223905813206,0.33539259763166995,True
4.2,1.2229292798508855,0.007984754559230785,1.2229292798508855,0.007984754559230785,-0.10273432848573692,0.30300013896234507,0.3,0.008781051626345116,0.04747592180001759,0.3372158604971138,True
4.25,1.2380219970462458,0.006668309474160488,1.2380219970462458,0.006668309474160488,-0.10102683053280397,0.30293383155490106,0.3,0.0087858670501197,0.047705606819380096,0.3390150952789774,True
4.3,1.2531137986580099,0.005379177352978779,1.2531137986580099,0.005379177352978779,-0.09931061750992178,0.3028689888698001,0.3,0.008790577143166996,0.04789289047651411,0.3407899346212171,True
4.3500000000000005,1.268204697330563,0.004117259586230443,1.268204697330563,0.004117259586230443,-0.09758724397107632,0.3028055785862796,0.3,0.008795184182507345,0.04803933363929529,0.342540042043028,True
4.4,1.2832947034346058,0.0028824424521585075,1.2832947034346058,0.0028824424521585075,-0.09585820665301928,0.30274356909496997,0.3,0.008799690397491735,0.0481464620973196,0.3442651109187509,True
4.45,1.2983838252720705,0.0016745978020091643,1.2983838252720705,0.0016745978020091643,-0.09412494582365347,0.3026829294823791,0.3,0.008804097970647535,0.04821576698013355,0.3459648634836492,True
4.5,1.3134720692705446,0.0004935837272627027,1.3134720692705446,0.0004935837272627027,-0.09238884661122146,0.3026236295156945,0.3,0.008808409038535187,0.04824870517927835,0.34763904986467603,True
4.55,1.328559440167459,-0.0006607547908888966,1.328559440167459,-0.0006607547908888966,-0.09065124031439183,0.3025656396279007,0.3,0.008812625692609512,0.048246699773866364,0.3479659375536276,True
4.6000000000000005,1.3436459411843023,-0.0017885852495032686,1.3436459411843023,-0.0017885852495032686,-0.08891340569332815,0.30250893090320896,0.3,0.00881674998008164,0.04821114045940942,0.3473326878953452,True
4.65,1.358731574191137,-0.002890087008979114,1.358731574191137,-0.002890087008979114,-0.08717657024181867,0.3024534750627956,0.3,0.008820783904776515,0.048143383979611404,0.34672593784799377,True
4.7,1.3738163398616974,-0.003965450694974157,1.3738163398616974,-0.003965450694974157,-0.08544191144053923,0.3023992444508429,0.3,0.008824729427985005,0.04804475456084684,0.34614515863357764,True
4.75,1.388900237819353,-0.0050148776168506505,1.388900237819353,-0.0050148776168506505,-0.08371055799151794,0.30234621202087975,0.3,0.008828588469306994,0.047916544349041267,0.3455898234998721,True
4.800000000000001,1.4039832667742311,-0.006038579202353716,1.4039832667742311,-0.006038579202353716,-0.08198359103386806,0.30229435132241533,0.3,0.008832362907484709,0.04776001384867338,0.34505940801609836,True
4.8500000000000005,1.4190654246517904,-0.007036776448231724,1.4190654246517904,-0.007036776448231724,-0.0802620453408536,0.30224363648786096,0.3,0.008836054581225009,0.047576392363625646,0.3445533903568801,True
4.9,1.4341467087131399,-0.008009699386511493,1.4341467087131399,-0.008009699386511493,-0.07854691049835323,0.3021940422197348,0.3,0.008839665290009607,0.04736687843960515,0.34407125157452195,True
4.95,1.4492271156674001,-0.008957586566144437,1.4492271156674001,-0.008957586566144437,-0.07683913206478732,0.30214554377814357,0.3,0.008843196794893005,0.04713264030786991,0.34361247585967314,True
5.0,1.4643066417764043,-0.009880684549742863,1.4643066417764043,-0.009880684549742863,-0.07513961271257587,0.3020981169685365,0.3,0.008846650819286801,0.04687481632999552,0.3431765507904635,True
5.050000000000001,1.4793852829520324,-0.010779247425128558,1.4793852829520324,-0.010779247425128558,-0.0734492133511969,0.30205173812972486,0.3,0.008850029049731358,0.04659451544342061,0.34276296757021574,True
5.1000000000000005,1.4944630348464718,-0.011653536331418511,1.4944630348464718,-0.011653536331418511,-0.07176875423191727,0.3020063841221625,0.3,0.008853333136653756,0.046292817607518216,0.3423712212538613,True
5.15,1.5095398929356967,-0.012503818999375272,1.5095398929356967,-0.012503818999375272,-0.07009901603427197,0.3019620323164819,0.3,0.00885656469511218,0.04597077424994642,0.34200081096320006,True
5.2,1.5246158525964537,-0.013330369305751922,1.5246158525964537,-0.013330369305751922,-0.06844074093437172,0.3019186605822796,0.3,0.008859725305526969,0.04562940871303239,0.34165124009116077,True
5.25,1.539690909177036,-0.014133466841364087,1.539690909177036,-0.014133466841364087,-0.0667946336551216,0.3018762472771472,0.3,0.008862816514397966,0.04526971669995638,0.3413220164952361,True
5.300000000000001,1.554765058062129,-0.014913396492623746,1.554765058062129,-0.014913396492623746,-0.06516136249843972,0.3018347712359407,0.3,0.008865839835008799,0.04489266672050423,0.3410126526802725,True
5.3500000000000005,1.5698382947319987,-0.015670448036271954,1.5698382947319987,-0.015670448036271954,-0.06354156035956751,0.3017942117602857,0.3,0.008868796748117242,0.044499200536165476,0.34072266597081274,True
5.4,1.5849106148162955,-0.016404915747049855,1.5849106148162955,-0.016404915747049855,-0.061935825723569336,0.3017545486083104,0.3,0.008871688702633333,0.04409023360436062,0.34045157867319475,True
5.45,1.5999820141427374,-0.01711709801804961,1.5999820141427374,-0.01711709801804961,-0.060344723644122904,0.30171576198460454,0.3,0.008874517116283424,0.04366665552158531,0.3401989182276207,True
5.5,1.6150524887809292,-0.01780729699348922,1.6150524887809292,-0.01780729699348922,-0.05876878670470745,0.30167783253039676,0.3,0.008877283376262406,0.04322933046527069,0.3399642173504176,True
5.550000000000001,1.6301220350815717,-0.018475818213657392,1.6301220350815717,-0.018475818213657392,-0.05720851596230091,0.3016407413139478,0.3,0.008879988839872514,0.04277909763416052,0.3397470141667167,True
5.6000000000000005,1.645190649711306,-0.01912297027177696,1.645190649711306,-0.01912297027177696,-0.05566438187370241,0.30160446982115346,0.3,0.00888263483514998,0.042316771687018494,0.33954685233378623,True
5.65,1.660258329683432,-0.0197490644825377,1.660258329683432,-0.0197490644825377,-0.05413682520460095,0.30156899994635344,0.3,0.008885222661479404,0.04184314317947711,0.33936328115525316,True
5.7,1.6753250723847335,-0.02035441456205161,1.6753250723847335,-0.02035441456205161,-0.052626257921515734,0.30153431398334146,0.3,0.008887753590195937,0.04135897899885783,0.33919585568645755,True
5.75,1.6903908755986374,-0.020939336318986267,1.6903908755986374,-0.020939336318986267,-0.05113306406673832,0.30150039461657235,0.3,0.008890228865175516,0.04086502279678667,0.33904413683118184,True
5.800000000000001,1.705455737524921,-0.021504147356634154,1.705455737524921,-0.021504147356634154,-0.04965760061641084,0.3014672249125618,0.3,0.008892649703413465,0.04036199541944682,0.338907691430003,True
5.8500000000000005,1.720519656796184,-0.02204916678567836,1.720519656796184,-0.02204916678567836,-0.048200198321879044,0.3014347883114744,0.3,0.00889501729559155,0.03985059533530793,0.3387860923405135,True
5.9,1.7355826324912853,-0.022574714947417564,1.7355826324912853,-0.022574714947417564,-0.046761162534462865,0.30140306861889654,0.3,0.00889733280663367,0.039331499060183975,0.338678918509661,True
5.95,1.7506446641459448,-0.02308111314721568,1.7506446641459448,-0.02308111314721568,-0.04534077401379119,0.30137204999778916,0.3,0.008899597376250332,0.03880536157947489,0.3385857550384537,True
6.0,1.7657057517606978,-0.02356868339794427,1.7657057517606978,-0.02356868339794427,-0.04393928971985121,0.3013417169606172,0.3,0.00890181211947259,0.03827281676745404,0.33850619323927944,True
6.050000000000001,1.780765895806387,-0.024037748173188263,1.780765895806387,-0.024037748173188263,-0.042556943588906375,0.30131205436165176,0.3,0.008903978127174623,0.03773447780347158,0.33843983068608635,True
6.1000000000000005,1.795825097227365,-0.024488630169988354,1.795825097227365,-0.024488630169988354,-0.04119394729344025,0.30128304738944117,0.3,0.008906096466586211,0.037190937584945745,0.3383862712576682,True
6.15,1.8108833574425798,-0.02492165208089609,1.8108833574425798,-0.02492165208089609,-0.03985049098628699,0.301254681559447,0.3,0.008908168181794622,0.03664276913702574,0.3383451251742996,True
6.2,1.8259406783447005,-0.025337136375120407,1.8259406783447005,-0.025337136375120407,-0.03852674402911186,0.30122694270684197,0.3,0.008910194294236421,0.036090526018810194,0.33831600902796055,True
6.25,1.8409970622974425,-0.025735405088547183,1.8409970622974425,-0.025735405088547183,-0.03722285570540831,0.3011998169794657,0.3,0.008912175803179254,0.03553474272601544,0.3382985458063894,True
6.300000000000001,1.8560525121312366,-0.02611677962241622,1.8560525121312366,-0.02611677962241622,-0.035938955918180596,0.30117329083093525,0.3,0.008914113686193808,0.03497593508998952,0.33829236491119835,True
6.3500000000000005,1.8711070311373854,-0.026481580550442866,1.8711070311373854,-0.026481580550442866,-0.034675155872483536,0.30114735101390705,0.3,0.008916008899616072,0.03441460067297689,0.33829710217028425,True
6.4,1.8861606230608414,-0.026830127434174476,1.8861606230608414,-0.026830127434174476,-0.033431548742993034,0.30112198457348655,0.3,0.008917862379000182,0.03385121915954233,0.3383123998447618,True
6.45,1.9012132920917346,-0.02716273864637473,1.9012132920917346,-0.02716273864637473,-0.032208210326783296,0.30109717884078263,0.3,0.008919675039562184,0.03328625274406695,0.3383379066306441,True
6.5,1.9162650428557728,-0.027479731202231874,1.9162650428557728,-0.027479731202231874,-0.031005199681488484,0.30107292142660397,0.3,0.008921447776614192,0.03272014651423721,0.33837327765549097,True
6.550000000000001,1.9313158804036292,-0.02778142059818986,1.9313158804036292,-0.02778142059818986,-0.029822559749028258,0.3010492002152934,0.3,0.008923181465990169,0.03215332883045002,0.3384181744702392,True
6.6000000000000005,1.9463658101994277,-0.02806812065820436,1.9463658101994277,-0.02806812065820436,-0.028660317965078223,0.3010260033586982,0.3,0.008924876964462484,0.031586211701063266,0.3384722650364306,True
6.65,1.961414838108431,-0.028340143387228674,1.961414838108431,-0.028340143387228674,-0.02751848685446771,0.3010033192702726,0.3,0.008926535110150216,0.031019191153425805,0.33853522370903916,True
6.7,1.976462970384029,-0.028597798831737572,1.976462970384029,-0.028597798831737572,-0.026397064612688603,0.3009811366193098,0.3,0.008928156722918796,0.03045264760062565,0.33860673121510576,True
6.75,1.9915102136541203,-0.028841394947100106,1.9915102136541203,-0.028841394947100106,-0.02529603567369981,0.3009594443253015,0.3,0.008929742604771418,0.02988694620389899,0.33868647462837376,True
6.800000000000001,2.0065565749069743,-0.029071237471615562,2.0065565749069743,-0.029071237471615562,-0.024215371264213116,0.30093823155242044,0.3,0.008931293540232244,0.02932243723064794,0.3387741473401216,True
6.8500000000000005,2.0216020614766568,-0.02928762980702967,2.0216020614766568,-0.02928762980702967,-0.023155029944646792,0.3009174877041251,0.3,0.00893281029672201,0.02875945640801869,0.33886944902637894,True
6.9,2.036646681028098,-0.029490872905351382,2.036646681028098,-0.029490872905351382,-0.022114958136934038,0.3008972024178824,0.3,0.008934293624925245,0.028198325271995957,0.33897208561171055,True
6.95,2.051690441541871,-0.02968126516179345,2.051690441541871,-0.02968126516179345,-0.021095090639373766,0.30087736556000716,0.3,0.008935744259150403,0.02763935151197381,0.3390817692297473,True
7.0,2.066733351298753,-0.02985910231366322,2.066733351298753,-0.02985910231366322,-0.02009535112871166,0.30085796722061436,0.3,0.008937162917681886,0.02708282931076712,0.33919821818063545,True
7.050000000000001,2.0817754188641304,-0.030024677345033023,2.0817754188641304,-0.030024677345033023,-0.019115652649639665,0.3008389977086829,0.3,0.008938550303125466,0.026529039680030994,0.33932115688557696,True
7.1000000000000005,2.096816653072309,-0.03017828039702267,2.096816653072309,-0.03017828039702267,-0.01815589809190217,0.3008204475472279,0.3,0.00893990710274558,0.025978250791060305,0.3394503158386205,True
7.15,2.1118570630107802,-0.030320198683529524,2.1118570630107802,-0.030320198683529524,-0.01721598065519719,0.30080230746857917,0.3,0.008941233988796461,0.025430718300943577,0.3395854315558662,True
7.2,2.1268966580044966,-0.030450716412244727,2.1268966580044966,-0.030450716412244727,-0.016295784302060662,0.3007845684097635,0.3,0.008942531618845524,0.02488668567405097,0.3397262465222357,True
7.25,2.1419354476002064,-0.030570114710797118,2.1419354476002064,-0.030570114710797118,-0.01539518419892192,0.3007672215079887,0.3,0.008943800636090578,0.02434638449883751,0.33987250913595857,True
7.300000000000001,2.1569734415508846,-0.03067867155786945,2.1569734415508846,-0.03067867155786945,-0.014514047145517925,0.30075025809622713,0.3,0.008945041669669931,0.02381003479994746,0.3400239736509192,True
7.3500000000000005,2.1720106498003044,-0.030776661719134412,2.1720106498003044,-0.030776661719134412,-0.013652231992853535,0.3007336696988963,0.3,0.008946255334966189,0.023277845345607753,0.34018040011700545,True
7.4,2.1870470824677852,-0.03086435668786102,2.1870470824677852,-0.03086435668786102,-0.012809590049894565,0.30071744802763456,0.3,0.008947442233903603,0.022750013950302888,0.3403415543185928,True
7.45,2.202082749833149,-0.030942024630044834,2.202082749833149,-0.030942024630044834,-0.01198596547917982,0.30070158497716976,0.3,0.008948602955239235,0.022226727772724955,0.3405072077112973,True
7.5,2.2171176623219155,-0.0310099303339184,2.2171176623219155,-0.0310099303339184,-0.011181195681537595,0.30068607262127917,0.3,0.008949738074847688,0.021708163608996692,0.34067713735712185,True
7.550000000000001,2.2321518304907664,-0.031068335163701243,2.2321518304907664,-0.031068335163701243,-0.010395111670091384,0.300670903208838,0.3,0.008950848156000191,0.021194488181168043,0.3408511258581201,True
7.6000000000000005,2.247185265013296,-0.031117497017451555,2.247185265013296,-0.031117497017451555,-0.0096275384337388,0.3006560691599553,0.3,0.008951933749637304,0.02068585842098827,0.34102896128869375,True
7.65,2.2622179766660815,-0.031157670288884682,2.2622179766660815,-0.031157670288884682,-0.008878295290286681,0.3006415630621947,0.3,0.008952995394636308,0.020182421748960504,0.3412104371266389,True
7.7,2.277249976315079,-0.03118910583302622,2.277249976315079,-0.03118910583302622,-0.00814719622942452,0.30062737766687836,0.3,0.008954033618072824,0.01968431634868499,0.3413953521830496,True
7.75,2.2922812749023738,-0.03121205093557039,2.2922812749023738,-0.03121205093557039,-0.007434050245717263,0.30061350588547264,0.3,0.008955048935476646,0.019191671436502855,0.34158351053118485,True
7.800000000000001,2.307311883433295,-0.03122674928581718,2.307311883433295,-0.03122674928581718,-0.006738661661797475,0.30059994078605323,0.3,0.008956041851082225,0.018704607526452657,0.3417747214344004,True
7.8500000000000005,2.3223418129639035,-0.031233440953064368,2.3223418129639035,-0.031233440953064368,-0.006060830441935728,0.3005866755898482,0.3,0.00895701285807383,0.0182232366905546,0.34196879927324314,True
7.9,2.3373710745888725,-0.031232362366333342,2.3373710745888725,-0.031232362366333342,-0.005400352496166805,0.30057370366785696,0.3,0.008957962438825845,0.01774766281443935,0.34216556347180105,True
7.95,2.3523996794297624,-0.03122374629731028,2.3523996794297624,-0.03122374629731028,-0.0047570199751482065,0.3005610185375443,0.3,0.008958891065137245,0.01727798184834153,0.34236483842340104,True
8.0,2.3674276386237008,-0.0312078218463869,2.3674276386237008,-0.0312078218463869,-0.004130621555925994,0.3005486138596067,0.3,0.008959799198461706,0.01681428205347757,0.3425664534157382,True
8.05,2.3824549633124725,-0.031184814431687604,2.3824549633124725,-0.031184814431687604,-0.003520942718781788,0.30053648343481026,0.3,0.008960687290132387,0.016356644243832957,0.3427702425555226,True
8.1,2.3974816646320223,-0.03115494578097239,2.3974816646320223,-0.03115494578097239,-0.0029277660153332716,0.3005246212008984,0.3,0.00896155578158204,0.01590514202338185,0.3429760446927206,True
8.15,2.412507753702375,-0.031118433926307552,2.412507753702375,-0.031118433926307552,-0.0023508713280591758,0.3005130212295672,0.3,0.008962405104558722,0.015459842018766804,0.34318370334446935,True
8.200000000000001,2.427533241617974,-0.031075493201398546,2.427533241617974,-0.031075493201398546,-0.00179003612141824,0.30050167772350805,0.3,0.00896323568133627,0.015020804107467181,0.34339306661873537,True
8.25,2.442558139438436,-0.031026334241482028,2.442558139438436,-0.031026334241482028,-0.0012450356847301378,0.30049058501351517,0.3,0.008964047924920856,0.014588081641485432,0.34360398713778895,True
8.3,2.457582458179723,-0.03097116398567643,2.457582458179723,-0.03097116398567643,-0.0007156433669848346,0.300479737555657,0.3,0.008964842239252594,0.014161721666582963,0.3438163219615594,True
8.35,2.4726062088057303,-0.030910185681692848,2.4726062088057303,-0.030910185681692848,-0.00020163080374526962,0.3004691299285098,0.3,0.008965619019403327,0.01374176513709898,0.3440299325109369,True
8.4,2.4876294022202834,-0.030843598892810437,2.4876294022202834,-0.030843598892810437,0.0002972318636933318,0.3004587568304526,0.3,0.008966378651769882,0.01332824712638603,0.3440681287666463,True
8.450000000000001,2.502652049259545,-0.030771599507022813,2.502652049259545,-0.030771599507022813,0.0007811757767258437,0.3004486130770212,0.3,0.008967121514263193,0.012921197032898263,0.34399642945060904,True
8.5,2.5176741606848245,-0.030694379748264267,2.5176741606848245,-0.030694379748264267,0.0012504331552812915,0.3004386935983213,0.3,0.008967847976493389,0.012520638781969302,0.3439343394253269,True
8.55,2.5326957471757816,-0.030612128189626876,2.5326957471757816,-0.030612128189626876,0.001705237100930225,0.30042899343649815,0.3,0.008968558399950878,0.012126591023317645,0.3438815983763989,True
8.6,2.547716819324025,-0.03052502976848182,2.547716819324025,-0.03052502976848182,0.0021458214070987467,0.300419507743262,0.3,0.00896925313818365,0.011739067324319112,0.34383794954693053,True
8.65,2.5627373876270934,-0.030433265803420415,2.5627373876270934,-0.030433265803420415,0.002572420376234275,0.30041023177746845,0.3,0.00896993253697054,0.011358076359086144,0.3438031397713902,True
8.700000000000001,2.577757462482813,-0.030337014012932564,2.577757462482813,-0.030337014012932564,0.0029852686437698266,0.300401160902752,0.3,0.008970596934491036,0.010983622093396194,0.34377691950566636,True
8.75,2.5927770541840247,-0.030236448535742363,2.5927770541840247,-0.030236448535742363,0.003384601008735392,0.3003922905852117,0.3,0.008971246661491053,0.010615703965510594,0.3437590428534606,True
8.8,2.6077961729136714,-0.03013173995272284,2.6077961729136714,-0.03013173995272284,0.003770652270866732,0.3003836163911481,0.3,0.008971882041445707,0.010254317062927197,0.3437492675891515,True
8.85,2.622814828740237,-0.030023055310313716,2.622814828740237,-0.030023055310313716,0.004143657074063716,0.3003751339848498,0.3,0.008972503390717841,0.009899452295111431,0.34374735517725713,True
8.9,2.6378330316135297,-0.02991055814536819,2.6378330316135297,-0.02991055814536819,0.00450384975605213,0.3003668391264292,0.3,0.00897311101871377,0.009551096562249778,0.3437530707886248,True
8.950000000000001,2.6528507913607986,-0.029794408511356722,2.6528507913607986,-0.029794408511356722,0.004851464204104677,0.30035872766970584,0.3,0.0089737052280353,0.009209232920071697,0.3437661833134703,True
9.0,2.667868117683173,-0.029674763005857727,2.667868117683173,-0.029674763005857727,0.005186733716678778,0.3003507955601363,0.3,0.008974286314628597,0.008873840740786093,0.34378646537138724,True
9.05,2.682885020152418,-0.029551774799267006,2.682885020152418,-0.029551774799267006,0.005509890870830528,0.30034303883279,0.3,0.008974854567929666,0.008544895870178872,0.3438136933184449,True
9.1,2.6979015082079947,-0.029425593664659685,2.6979015082079947,-0.029425593664659685,0.005821167395266106,0.3003354536103697,0.3,0.008975410271007048,0.008222370780919428,0.3438476472514874,True
9.15,2.7129175911544134,-0.029296366008740193,2.7129175911544134,-0.029296366008740193,0.006120794048893706,0.3003280361012753,0.3,0.008975953700700931,0.007906234722123867,0.3438881110097467,True
9.200000000000001,2.727933278158874,-0.02916423490381774,2.727933278158874,-0.02916423490381774,0.006409000504740991,0.30032078259771083,0.3,0.00897648512775984,0.007596453865222889,0.343934872173878,True
9.25,2.742948578249178,-0.029029340120746424,2.742948578249178,-0.029029340120746424,0.006686015239104889,0.30031368947383313,0.3,0.008977004816973624,0.007292991446184438,0.3439877220625227,True
9.3,2.757963500311908,-0.028891818162770963,2.757963500311908,-0.028891818162770963,0.006952065425802437,0.300306753183941,0.3,0.008977513027304367,0.006995807904138627,0.3440464557265017,True
9.35,2.772978053090859,-0.028751802300220702,2.772978053090859,-0.028751802300220702,0.007207376835393284,0.30029997026070493,0.3,0.00897801001201373,0.0067048610164563045,0.34411087194074097,True
9.4,2.787992245185714,-0.028609422605996235,2.787992245185714,-0.028609422605996235,0.007452173739246282,0.3002933373134353,0.3,0.008978496018788114,0.006420106030330138,0.3441807731940235,True
9.450000000000001,2.8030060850509564,-0.028464805991794687,2.8030060850509564,-0.028464805991794687,0.007686678818324553,0.3002868510263894,0.3,0.008978971289860714,0.006141495790908445,0.3442559656766666,True
9.5,2.8180195809950024,-0.028318076245021286,2.8180195809950024,-0.028318076245021286,0.007911113076565224,0.3002805081571153,0.3,0.008979436062130978,0.0058689808660331065,0.34433625926621336,True
9.55,2.8330327411795517,-0.028169354066336437,2.8330327411795517,-0.028169354066336437,0.008125695758731982,0.3002743055348326,0.3,0.00897989056728183,0.005602509667630722,0.34442146751122976,True
9.600000000000001,2.84804557361914,-0.02801875710778916,2.84804557361914,-0.02801875710778916,0.008330644272620412,0.3002682400588487,0.3,0.008980335031893778,0.005342028569809498,0.3445114076132945,True
9.65,2.863058086180888,-0.02786640001148916,2.863058086180888,-0.02786640001148916,0.008526174115498006,0.3002623086970105,0.3,0.008980769677557,0.005087482023711394,0.34460590040726624,True
9.700000000000001,2.878070286584433,-0.027712394448771414,2.878070286584433,-0.027712394448771414,0.008712498804662626,0.30025650848418944,0.3,0.00898119472098077,0.00483881266917116,0.3447047703399097,True
9.75,2.8930821824020434,-0.027556849159808564,2.8930821824020434,-0.027556849159808564,0.008889829812005002,0.30025083652080103,0.3,0.008981610374100512,0.004595961443233428,0.3448078454469633,True
9.8,2.90809378105889,-0.027399869993627896,2.90809378105889,-0.027399869993627896,0.009058376502462788,0.30024528997135613,0.3,0.00898201684418269,0.0043588676855788435,0.3449149573287226,True
9.850000000000001,2.923105089833485,-0.027241559948491045,2.923105089833485,-0.027241559948491045,0.00921834607625561,0.30023986606304487,0.3,0.008982414333927113,0.004127469240909933,0.3450259411242183,True
9.9,2.938116115858265,-0.027082019212596013,2.938116115858265,-0.027082019212596013,0.009369943514792207,0.3002345620843515,0.3,0.008982803041567273,0.0039017025583481645,0.34514063548406027,True
9.950000000000001,2.953126866120316,-0.02692134520506239,2.953126866120316,-0.02692134520506239,0.009513371530142886,0.3002293753836999,0.3,0.008983183160968489,0.0036815027878936073,0.34525888254201953,True
10.0,2.9681373474622292,-0.026759632617162042,2.9681373474622292,-0.026759632617162042,0.009648830517972136,0.30022430336812916,0.3,0.008983554881723681,0.003466803873996758,0.3453805278854172,True
10.05,2.983147566583085,-0.026596973453758804,2.983147566583085,-0.026596973453758804,0.009776518513828249,0.3002193435019981,0.3,0.008983918389247253,0.0032575386462948734,0.34550542052438704,True
10.100000000000001,2.998157530039549,-0.026433457074921986,2.998157530039549,-0.026433457074921986,0.009896631152688498,0.3002144933057186,0.3,0.008984273864866985,0.0030536389075623512,0.34563341286007787,True
10.15,3.013167244247079,-0.026269170237679756,3.013167244247079,-0.026269170237679756,0.010009361631660394,0.30020975035451697,0.3,0.008984621485913743,0.0028550355189255966,0.34576436065185745,True
10.200000000000001,3.0281767154812327,-0.026104197137879717,3.0281767154812327,-0.026104197137879717,0.010114900675741157,0.30020511227722263,0.3,0.008984961425809138,0.0026616584823939138,0.34589812298358,True
10.25,3.043185949879069,-0.025938619452125094,3.043185949879069,-0.025938619452125094,0.010213436506539608,0.3002005767550832,0.3,0.008985293854151822,0.0024734370207543386,0.3460345622289758,True
10.3,3.058194953440636,-0.025772516379756236,3.058194953440636,-0.025772516379756236,0.010305154813866223,0.3001961415206064,0.3,0.008985618936801144,0.0022902996548825635,0.3461735440162219,True
10.350000000000001,3.073203732030541,-0.02560596468484816,3.073203732030541,-0.02560596468484816,0.010390238730099052,0.30019180435642706,0.3,0.008985936835959432,0.0021121742785173373,0.34631493719174744,True
10.4,3.088212291379591,-0.025439038738196078,3.088212291379591,-0.025439038738196078,0.01046886880723491,0.30018756309419914,0.3,0.008986247710252549,0.0019389882305492212,0.3464586137833288,True
10.450000000000001,3.1032206370865034,-0.025271810559261875,3.1032206370865034,-0.025271810559261875,0.010541222996537009,0.30018341561351247,0.3,0.008986551714808508,0.0017706683648717613,0.3466044489625272,True
10.5,3.118228774619676,-0.025104349858055583,3.118228774619676,-0.025104349858055583,0.010607476630691965,0.30017935984083344,0.3,0.008986849001334153,0.0016071411178437578,0.3467523210065175,True
10.55,3.133236709319015,-0.024936724076926958,3.133236709319015,-0.024936724076926958,0.010667802408390858,0.3001753937484688,0.3,0.008987139718190583,0.0014483325734115648,0.34690211125935894,True
10.600000000000001,3.1482444463978094,-0.02476899843224326,3.1482444463978094,-0.02476899843224326,0.010722370381250701,0.30017151535355246,0.3,0.008987424010466876,0.0012941685259387416,0.3470537040927536,True
10.65,3.163251990944653,-0.02460123595593033,3.163251990944653,-0.02460123595593033,0.010771347942994456,0.30016772271705494,0.3,0.00898770202005176,0.001144574540790347,0.3472069868663398,True
10.700000000000001,3.1782593479254038,-0.024433497536855062,3.1782593479254038,-0.024433497536855062,0.010814899820809352,0.3001640139428143,0.3,0.008987973885704261,0.0009994760127202305,0.347361849887562,True
10.75,3.193266522185179,-0.024265841962028235,3.193266522185179,-0.024265841962028235,0.010853188068805,0.30016038717658866,0.3,0.008988239743122465,0.0008587982221068019,0.347518186371164,True
10.8,3.2082735184503797,-0.024098325957607677,3.2082735184503797,-0.024098325957607677,0.010886372063494429,0.3001568406051298,0.3,0.008988499725010953,0.0007224663890847049,0.3476758923983419,True
10.850000000000001,3.22328034133074,-0.023931004229682598,3.22328034133074,-0.023931004229682598,0.010914608501222842,0.300153372455277,0.3,0.008988753961146569,0.0005904057256171995,0.34783486687560033,True
10.9,3.2382869953213973,-0.023763929504820765,3.2382869953213973,-0.023763929504820765,0.010938051397470505,0.30014998099307094,0.3,0.008989002578442939,0.0004625414855560648,0.3479950114933483,True
10.950000000000001,3.2532934848049813,-0.023597152570361147,3.2532934848049813,-0.023597152570361147,0.01095685208795779,0.3001466645228872,0.3,0.00898924570101358,0.0003387990127329422,0.3481562306842728,True
11.0,3.2682998140537136,-0.023430722314435378,3.2682998140537136,-0.023430722314435378,0.010971159231482053,0.300143421386589,0.3,0.008989483450233362,0.00021910378712725956,0.3483184315815251,True
11.05,3.2833059872315182,-0.02326468576570227,3.2833059872315182,-0.02326468576570227,0.01098111881441754,0.3001402499626986,0.3,0.008989715944798953,0.00010338146915484154,0.34848152397675425,True
11.100000000000001,3.298312008396138,-0.023099088132780405,3.298312008396138,-0.023099088132780405,0.01098687415681109,0.30013714866558694,0.3,0.008989943300787687,-8.442057879208547e-06,0.34864542027802214,True
11.15,3.3133178815012543,-0.022933972843364542,3.3133178815012543,-0.022933972843364542,0.010988565920008055,0.30013411594468115,0.3,0.008990165631715364,-0.00011644064712072172,0.34881003546762956,True
11.200000000000001,3.328323610398603,-0.02276938158301239,3.328323610398603,-0.02276938158301239,0.010986332115744207,0.3001311502836898,0.3,0.008990383048592543,-0.0002206878492560609,0.34897528705988734,True
11.25,3.3433291988400926,-0.02260535433358901,3.3433291988400926,-0.02260535433358901,0.010980308116641118,0.3001282501998451,0.3,0.008990595659979742,-0.00032125687531028163,0.34914109505885865,True
11.3,3.3583346504799128,-0.022441929411356788,3.3583346504799128,-0.022441929411356788,0.010970626668043802,0.3001254142431618,0.3,0.00899080357204154,-0.00041822056111088287,0.3493073819161037,True
11.350000000000001,3.3733399688766346,-0.022279143504699648,3.3733399688766346,-0.022279143504699648,0.010957417901141079,0.3001226409957125,0.3,0.008991006888599176,-0.000511651333377334,0.3494740724884524,True
11.4,3.3883451574953005,-0.022117031711470864,3.3883451574953005,-0.022117031711470864,0.010940809347310402,0.30011992907091917,0.3,0.00899120571118228,-0.0006016211773950121,0.3496410939958321,True
11.450000000000001,3.4033502197095014,-0.0219556275759544,3.4033502197095014,-0.0219556275759544,0.010920925953630456,0.30011727711285996,0.3,0.008991400139079371,-0.0006882016062336839,0.34980837597917475,True
11.5,3.4183551588034367,-0.021794963125430455,3.4183551588034367,-0.021794963125430455,0.010897890099506185,0.3001146837955917,0.3,0.008991590269387189,-0.0007714636314710118,0.34997585025842903,True
11.55,3.4333599779739603,-0.021635068906336385,3.4333599779739603,-0.021635068906336385,0.010871821614352389,0.3001121478224871,0.3,0.008991776197059048,-0.0008514777353827517,0.350143450890699,True
11.600000000000001,3.4483646803326047,-0.02147597402001491,3.4483646803326047,-0.02147597402001491,0.010842837796283271,0.3001096679255867,0.3,0.008991958014951987,-0.0009283138445599716,0.35031111412853205,True
11.65,3.463369268907585,-0.02131770615804196,3.463369268907585,-0.02131770615804196,0.010811053431756874,0.30010724286496515,0.3,0.008992135813873182,-0.0010020413049167843,0.35047877837837765,True
11.700000000000001,3.4783737466457807,-0.021160291637127158,3.4783737466457807,-0.021160291637127158,0.01077658081612451,0.30010487142811165,0.3,0.00899230968262473,-0.0010727288580504358,0.350646384159237,True
11.75,3.4933781164146964,-0.021003755433580476,3.4933781164146964,-0.021003755433580476,0.010739529775036743,0.3001025524293236,0.3,0.008992479708048296,-0.0011404446189173113,0.3508138740615224,True
11.8,3.508382381004393,-0.020848121217339127,3.508382381004393,-0.020848121217339127,0.0107000076866587,0.30010028470911415,0.3,0.0089926459750681,-0.001205256054788671,0.35098119270614564,True
11.850000000000001,3.5233865431293965,-0.02069341138554922,3.5233865431293965,-0.02069341138554922,0.010658119504648855,0.30009806713363274,0.3,0.008992808566733092,-0.0012672299654503678,0.3511482867038524,True
11.9,3.5383906054305787,-0.020539647095697302,3.5383906054305787,-0.020539647095697302,0.01061396778185662,0.30009589859409813,0.3,0.008992967564258601,-0.0013264324646119036,0.35131510461481963,True
11.950000000000001,3.553394570477009,-0.020386848298287304,3.553394570477009,-0.020386848298287304,0.01056765269469536,0.3000937780062444,0.3,0.008993123047066452,-0.0013829289624896599,0.35148159690853215,True
12.0,3.568398440767779,-0.020235033769058903,3.568398440767779,-0.020235033769058903,0.010519272068148715,0.300091704309779,0.3,0.008993275092824687,-0.0014367841495306916,0.3516477159239531,True
12.05,3.583402218733794,-0.020084221140743805,3.583402218733794,-0.020084221140743805,0.01046892140136923,0.3000896764678525,0.3,0.008993423777486196,-0.001488061981244246,0.35181341583000325,True
12.100000000000001,3.59840590673954,-0.0199344269343568,3.59840590673954,-0.0199344269343568,0.010416693893829576,0.30008769346654063,0.3,0.008993569175326606,-0.0015368256641069872,0.35197865258636196,True
12.15,3.613409507084813,-0.019785666590018965,3.613409507084813,-0.019785666590018965,0.010362680471987741,0.3000857543143373,0.3,0.008993711358981122,-0.0015831376425110338,0.35214338390460426,True
12.200000000000001,3.6284130220064243,-0.01963795449731073,3.6284130220064243,-0.01963795449731073,0.010306969816428773,0.30008385804165905,0.3,0.008993850399480929,-0.001627059586722,0.35230756920968387,True
12.25,3.6434164536798663,-0.019491304025152915,3.6434164536798663,-0.019491304025152915,0.010249648389446732,0.30008200370036037,0.3,0.00899398636628827,-0.0016686523818167465,0.3524711696017763,True
12.3,3.6584198042209524,-0.019345727551214286,3.6584198042209524,-0.019345727551214286,0.01019080046303169,0.3000801903632597,0.3,0.008994119327331376,-0.0017079761175696484,0.35263414781849156,True
12.350000000000001,3.673423075687422,-0.019201236490844466,3.673423075687422,-0.019201236490844466,0.010130508147227614,0.3000784171236761,0.3,0.008994249349038152,-0.0017450900792577995,0.35279646819746574,True
12.4,3.6884262700805133,-0.01905784132553146,3.6884262700805133,-0.01905784132553146,0.010068851418828136,0.30007668309497587,0.3,0.00899437649636921,-0.001780052739355689,0.3529580966393433,True
12.450000000000001,3.7034293893465025,-0.01891555163088332,3.7034293893465025,-0.01891555163088332,0.010005908150378174,0.30007498741012945,0.3,0.00899450083285032,-0.0018129217500899549,0.3531190005711573,True
12.5,3.718432435378212,-0.01877437610413391,3.718432435378212,-0.01877437610413391,0.009941754139450478,0.3000733292212779,0.3,0.00899462242060417,-0.0018437539368266027,0.3532791489101164,True
12.55,3.733435410016486,-0.01863432259117289,3.733435410016486,-0.01863432259117289,0.009876463138167119,0.3000717076993092,0.3,0.008994741320381071,-0.0018726052922621948,0.35343851202780696,True
12.600000000000001,3.748438315051631,-0.01849539811310052,3.748438315051631,-0.01849539811310052,0.009810106882936988,0.3000701220334437,0.3,0.00899485759158946,-0.0018995309713926148,0.35359706171481636,True
12.65,3.7634411522248263,-0.018357608892308044,3.7634411522248263,-0.018357608892308044,0.009742755124381303,0.3000685714308288,0.3,0.008994971292325404,-0.0019245852872312684,0.35375477114578535,True
12.700000000000001,3.7784439232295,-0.018220960378084718,3.7784439232295,-0.018220960378084718,0.00967447565742009,0.3000670551161428,0.3,0.008995082479401567,-0.0019478217072525067,0.35391161484489486,True
12.75,3.7934466297126757,-0.018085457271752883,3.7934466297126757,-0.018085457271752883,0.009605334351493572,0.30006557233120684,0.3,0.008995191208375686,-0.0019692928505325763,0.35406756865179356,True
12.8,3.808449273276283,-0.017951103551332663,3.808449273276283,-0.017951103551332663,0.009535395180893231,0.3000641223346065,0.3,0.008995297533577975,-0.001989050485564757,0.3542226096879703,True
12.850000000000001,3.823451855478439,-0.017817902495738128,3.823451855478439,-0.017817902495738128,0.009464720255178328,0.30006270440132066,0.3,0.008995401508138531,-0.002007145528722675,0.3543767163235775,True
12.9,3.8384543778347,-0.017685856708507048,3.8384543778347,-0.017685856708507048,0.009393369849654418,0.3000613178223594,0.3,0.008995503184013513,-0.0020236280433489225,0.3545298681447082,True
12.950000000000001,3.8534568418192765,-0.01755496814106652,3.8534568418192765,-0.01755496814106652,0.00932140243589137,0.30005996190440937,0.3,0.008995602612011273,-0.002038547239444546,0.35468204592113195,True
13.0,3.8684592488662224,-0.017425238115537027,3.8684592488662224,-0.017425238115537027,0.009248874712259119,0.3000586359694872,0.3,0.008995699841817726,-0.002051951473936727,0.3548332315744919,True
13.05,3.8834616003705915,-0.017296667347077636,3.8834616003705915,-0.017296667347077636,0.009175841634460388,0.3000573393546006,0.3,0.008995794922020905,-0.0020638882515023166,0.3549834081469665,True
13.100000000000001,3.898463897689565,-0.01716925596577528,3.898463897689565,-0.01716925596577528,0.009102356446040178,0.30005607141141705,0.3,0.008995887900135375,-0.0020744042259248454,0.3551325597703974,True
13.15,3.9134661421435477,-0.01704300353808127,3.9134661421435477,-0.01704300353808127,0.009028470708852843,0.3000548315059394,0.3,0.008995978822625867,-0.0020835452019636537,0.35528067163588795,True
13.200000000000001,3.9284683350172367,-0.016917909087798274,3.9284683350172367,-0.016917909087798274,0.00895423433346821,0.3000536190181892,0.3,0.00899606773493047,-0.002091356137714174,0.3554277299638706,True
13.25,3.943470477560661,-0.016793971116621256,3.943470477560661,-0.016793971116621256,0.008879695609498943,0.3000524333418965,0.3,0.00899615468148336,-0.0020978811474388678,0.3555737219746481,True
13.3,3.958472570990191,-0.016671187624236035,3.958472570990191,-0.016671187624236035,0.008804901235832234,0.300051273884197,0.3,0.008996239705736774,-0.0021031635048482165,0.3557186358594068,True
13.350000000000001,3.9734746164895247,-0.016549556127979165,3.9734746164895247,-0.016549556127979165,0.008729896350749387,0.3000501400653355,0.3,0.008996322850182838,-0.002107245646813251,0.35586246075170413,True
13.4,3.9884766152106406,-0.016429073682063106,3.9884766152106406,-0.016429073682063106,0.008654724561917801,0.300049031318376,0.3,0.008996404156374808,-0.0021101691774894063,0.35600518669943065,True
13.450000000000001,4.003478568274728,-0.016309736896370726,4.003478568274728,-0.016309736896370726,0.008579427976240384,0.3000479470889186,0.3,0.008996483664947666,-0.002111974872833711,0.3561468046372458,True
13.5,4.018480476773091,-0.016191541954823304,4.018480476773091,-0.016191541954823304,0.008504047229548162,0.3000468868348218,0.3,0.008996561415638527,-0.002112702685496952,0.3562873063594878,True
13.55,4.033482341768022,-0.01607448463332634,4.033482341768022,-0.01607448463332634,0.008428621516122498,0.3000458500259319,0.3,0.008996637447306364,-0.002112391750073146,0.35642668449355724,True
13.600000000000001,4.048484164293661,-0.015958560317297584,4.048484164293661,-0.015958560317297584,0.008353188618033943,0.3000448361438179,0.3,0.008996711797951487,-0.002111080388688761,0.35656493247377286,True
13.65,4.063485945356813,-0.0158437640187818,4.063485945356813,-0.0158437640187818,0.008277784934285404,0.30004384468151196,0.3,0.008996784504734418,-0.0021088061169154903,0.3567020445156991,True
13.700000000000001,4.07848768593776,-0.015730090393156863,4.07848768593776,-0.015730090393156863,0.00820244550974788,0.3000428751432564,0.3,0.00899685560399452,-0.002105605649989258,0.35683801559094336,True
13.75,4.093489386991035,-0.015617533755435937,4.093489386991035,-0.015617533755435937,0.008127204063877635,0.3000419270442556,0.3,0.008996925131267984,-0.002101514909320396,0.35697284140242247,True
13.8,4.1084910494461795,-0.015506088096170465,4.1084910494461795,-0.015506088096170465,0.00805209301920421,0.3000409999104336,0.3,0.008996993121305768,-0.002096569029278828,0.357106518360095,True
13.850000000000001,4.12349267420848,-0.015395747096958887,4.12349267420848,-0.015395747096958887,0.007977143529579293,0.3000400932781972,0.3,0.008997059608090805,-0.0020908023642394937,0.3572390435571584,True
13.9,4.138494262159677,-0.015286504145566005,4.138494262159677,-0.015286504145566005,0.00790238550817698,0.3000392066942041,0.3,0.008997124624855036,-0.002084248495872944,0.357370414746709,True
13.950000000000001,4.1534958141586555,-0.01517835235065801,4.1534958141586555,-0.01517835235065801,0.007827847655236446,0.30003833971513627,0.3,0.00899718820409589,-0.00207694024066733,0.35750063031886037,True
14.0,4.168497331042117,-0.015071284556158235,4.168497331042117,-0.015071284556158235,0.007753557485538649,0.3000374919074783,0.3,0.008997250377592693,-0.0020689096576672204,0.3576296892783203,True
14.05,4.183498813625226,-0.014965293355228747,4.183498813625226,-0.014965293355228747,0.007679541355609114,0.30003666284730063,0.3,0.00899731117642242,-0.002060188056416268,0.35775759122242096,True
14.100000000000001,4.198500262702241,-0.014860371103882969,4.198500262702241,-0.014860371103882969,0.007605824490639376,0.3000358521200477,0.3,0.008997370630975108,-0.0020508060050903588,0.35788433631960015,True
14.15,4.213501679047124,-0.014756509934234531,4.213501679047124,-0.014756509934234531,0.007532431011120093,0.3000350593203306,0.3,0.008997428770969127,-0.002040793338808519,0.35800992528833087,True
14.200000000000001,4.22850306341413,-0.014653701767387613,4.22850306341413,-0.014653701767387613,0.007459383959179354,0.30003428405172433,0.3,0.008997485625466156,-0.0020301791681092136,0.35813435937649485,True
14.25,4.243504416538382,-0.01455193832597406,4.243504416538382,-0.01455193832597406,0.007386705324620093,0.3000335259265698,0.3,0.008997541222885423,-0.0020189918875800484,0.358257640341197,True
14.3,4.258505739136425,-0.014451211146342596,4.258505739136425,-0.014451211146342596,0.007314416070650993,0.30003278456577975,0.3,0.008997595591018079,-0.0020072591846292606,0.35837977042901714,True
14.350000000000001,4.273507031906765,-0.014351511590405472,4.273507031906765,-0.014351511590405472,0.007242536159305662,0.3000320595986494,0.3,0.008997648757041055,-0.0019950080483875825,0.358500752356695,True
14.4,4.288508295530385,-0.014252830857147914,4.288508295530385,-0.014252830857147914,0.007171084576545306,0.30003135066267117,0.3,0.008997700747530478,-0.001982264778729736,0.35862058929224405,True
14.450000000000001,4.303509530671258,-0.014155159993805748,4.303509530671258,-0.014155159993805748,0.007100079357040435,0.30003065740335305,0.3,0.008997751588475251,-0.001969054995404732,0.3587392848364911,True
14.5,4.318510737976826,-0.014058489906716593,4.318510737976826,-0.014058489906716593,0.007029537608627641,0.3000299794740418,0.3,0.008997801305289738,-0.001955403647265036,0.3588568430050365,True
14.55,4.3335119180784805,-0.01396281137185001,4.3335119180784805,-0.01396281137185001,0.006959475536437739,0.30002931653574944,0.3,0.008997849922826578,-0.0019413350215841687,0.3589732682106309,True
14.600000000000001,4.348513071592017,-0.01386811504502203,4.348513071592017,-0.01386811504502203,0.00688990846669201,0.3000286682569837,0.3,0.00899789746538908,-0.0019268727534538595,0.3590885652459644,True
14.65,4.36351419911808,-0.013774391471799444,4.36351419911808,-0.013774391471799444,0.006820850870163557,0.3000280343135825,0.3,0.00899794395674331,-0.001912039835250582,0.3592027392668631,True
14.700000000000001,4.378515301242591,-0.01368163109709925,4.378515301242591,-0.01368163109709925,0.006752316385301203,0.30002741438855157,0.3,0.00899798942013005,-0.0018968586261635142,0.3593157957758884,True
14.75,4.393516378537169,-0.013589824274488677,4.393516378537169,-0.013589824274488677,0.006684317841013592,0.3000268081719062,0.3,0.0089980338782764,-0.0018813508617741023,0.3594277406063354,True
14.8,4.408517431559526,-0.013498961275191127,4.408517431559526,-0.013498961275191127,0.006616867279111547,0.3000262153605161,0.3,0.00899807735340704,-0.00186553766368001,0.35953857990662386,True
14.850000000000001,4.423518460853863,-0.013409032296803446,4.423518460853863,-0.013409032296803446,0.006549975976406992,0.300025635657954,0.3,0.008998119867255388,-0.0018494395491545812,0.35964832012507814,True
14.9,4.438519466951247,-0.013320027471729832,4.438519466951247,-0.013320027471729832,0.006483654466467055,0.3000250687743472,0.3,0.008998161441074461,-0.0018330764408342499,0.3597569679950908,True
14.950000000000001,4.453520450369973,-0.013231936875337762,4.453520450369973,-0.013231936875337762,0.006417912561022248,0.30002451442623296,0.3,0.008998202095647416,-0.0018164676764266358,0.35986453052066536,True
15.0,4.46852141161592,-0.0131447505338412,4.46852141161592,-0.0131447505338412,0.006352759371027894,0.30002397233641637,0.3,0.008998241851298152,-0.0017996320184316822,0.3599710149623314,True
15.05,4.483522351182896,-0.013058458431916413,4.483522351182896,-0.013058458431916413,0.006288203327378221,0.3000234422338321,0.3,0.008998280727901172,-0.0017825876638693184,0.36007642882342994,True
15.100000000000001,4.498523269552964,-0.012973050520055622,4.498523269552964,-0.012973050520055622,0.006224252201272821,0.3000229238534087,0.3,0.008998318744891699,-0.0017653522540065198,0.3601807798367608,True
15.15,4.513524167196771,-0.012888516721663752,4.513524167196771,-0.012888516721663752,0.006160913124235369,0.30002241693593606,0.3,0.008998355921275271,-0.001747942884077645,0.3602840759515889,True
15.200000000000001,4.528525044573851,-0.01280484693990345,4.528525044573851,-0.01280484693990345,0.0060981926077847875,0.300021921227936,0.3,0.00899839227563732,-0.001730376112991845,0.36038632532100373,True
15.25,4.543525902132932,-0.012722031064293546,4.543525902132932,-0.012722031064293546,0.006036096562759214,0.3000214364815351,0.3,0.008998427826152459,-0.001712667973021292,0.36048753628962593,True
15.3,4.5585267403122245,-0.012640058977066087,4.5585267403122245,-0.012640058977066087,0.005974630318293373,0.30002096245434134,0.3,0.008998462590593503,-0.001694833979465125,0.36058771738165674,True
15.350000000000001,4.573527559539706,-0.012558920559287036,4.573527559539706,-0.012558920559287036,0.005913798640450163,0.3000204989093224,0.3,0.008998496586340327,-0.0016768891402829716,0.3606868772892651,True
15.4,4.588528360233393,-0.012478605696745686,4.588528360233393,-0.012478605696745686,0.005853605750507433,0.30002004561468737,0.3,0.008998529830388775,-0.0016588479656932697,0.3607850248613056,True
15.450000000000001,4.603529142801606,-0.01239910428561778,4.603529142801606,-0.01239910428561778,0.005794055342901167,0.3000196023437709,0.3,0.00899856233935871,-0.001640724477731375,0.3608821690923645,True
15.5,4.618529907643229,-0.012320406237907335,4.618529907643229,-0.012320406237907335,0.005735150602826426,0.3000191688749197,0.3,0.008998594129502801,-0.0016225322197625078,0.3609783191121253,True
15.55,4.633530655147952,-0.012242501486672058,4.633530655147952,-0.012242501486672058,0.005676894223497595,0.3000187449913818,0.3,0.00899862521671438,-0.001604284265944928,0.3610734841750517,True
15.600000000000001,4.648531385696519,-0.012165379991037244,4.648531385696519,-0.012165379991037244,0.005619288423069642,0.3000183304811983,0.3,0.008998655616535347,-0.0015859932306391863,0.36116767365038016,True
15.65,4.663532099660956,-0.012089031741002983,4.663532099660956,-0.012089031741002983,0.005562334961222276,0.3000179251370972,0.3,0.008998685344163995,-0.001567671277759198,0.3612608970124184,True
15.700000000000001,4.6785327974048,-0.012013446762049438,4.6785327974048,-0.012013446762049438,0.005506035155408991,0.3000175287563897,0.3,0.008998714414462775,-0.001549330130061205,0.36135316383114335,True
15.75,4.693533479283316,-0.011938615119544936,4.693533479283316,-0.011938615119544936,0.005450389896773181,0.3000171411408692,0.3,0.008998742841965418,-0.0015309810783666604,0.36144448376309374,True
15.8,4.7085341456437115,-0.011864526922961536,4.7085341456437115,-0.011864526922961536,0.005395399665733633,0.3000167620967118,0.3,0.008998770640884415,-0.001512634990715973,0.36153486654255207,True
15.850000000000001,4.723534796825342,-0.011791172329902691,4.723534796825342,-0.011791172329902691,0.005341064547241793,0.30001639143437964,0.3,0.008998797825118051,-0.0014943023214491079,0.36162432197301075,True
15.9,4.738535433159908,-0.011718541549947588,4.738535433159908,-0.011718541549947588,0.0052873842457133976,0.30001602896852597,0.3,0.008998824408257404,-0.0014759931202101804,0.36171285991891655,True
15.950000000000001,4.753536054971652,-0.011646624848316658,4.753536054971652,-0.011646624848316658,0.005234358099637123,0.3000156745179027,0.3,0.008998850403592938,-0.0014577170408730563,0.3618004902976888,True
16.0,4.768536662577543,-0.011575412549362722,4.768536662577543,-0.011575412549362722,0.005181985095863027,0.3000153279052694,0.3,0.008998875824121422,-0.0014394833503848879,0.3618872230720055,True
16.05,4.783537256287464,-0.01150489503989218,4.783537256287464,-0.01150489503989218,0.0051302638835736885,0.3000149889573052,0.3,0.008998900682552139,-0.0014213009375249883,0.36197306824235276,True
16.1,4.798537836404381,-0.011435062772320563,4.798537836404381,-0.011435062772320563,0.005079192787941013,0.30001465750452155,0.3,0.00899892499131362,-0.001403178321576643,0.3620580358398317,True
16.150000000000002,4.813538403224519,-0.011365906267666771,4.813538403224519,-0.011365906267666771,0.005028769823471788,0.3000143333811779,0.3,0.008998948762559415,-0.0013851236609089615,0.3621421359192182,True
16.2,4.8285389570375274,-0.01129741611839018,4.8285389570375274,-0.01129741611839018,0.004978992707045154,0.30001401642519854,0.3,0.00899897200817455,-0.0013671447614673443,0.36222537855227016,True
16.25,4.843539498126641,-0.011229582991074818,4.843539498126641,-0.011229582991074818,0.004929858870645242,0.3000137064780919,0.3,0.008998994739781099,-0.0013492490851697708,0.3623077738212772,True
16.3,4.8585400267688374,-0.011162397628964697,4.8585400267688374,-0.011162397628964697,0.004881365473792291,0.30001340338487087,0.3,0.008999016968744403,-0.0013314437582072729,0.3623893318128473,True
16.35,4.873540543234987,-0.011095850854354373,4.873540543234987,-0.011095850854354373,0.004833509415675651,0.30001310699397576,0.3,0.008999038706178275,-0.0013137355792467726,0.36247006261192677,True
16.400000000000002,4.888541047790003,-0.011029933570838693,4.888541047790003,-0.011029933570838693,0.004786287346992124,0.30001281715719813,0.3,0.008999059962951018,-0.0012961310275345478,0.36254997629604646,True
16.45,4.9035415406929825,-0.01096463676542568,4.9035415406929825,-0.01096463676542568,0.004739695681493178,0.30001253372960685,0.3,0.008999080749690613,-0.001278636270898997,0.36262908292979124,True
16.5,4.9185420221973475,-0.010899951510516405,4.9185420221973475,-0.010899951510516405,0.004693730607244603,0.30001225656947567,0.3,0.008999101076789993,-0.0012612571736506908,0.3627073925594867,True
16.55,4.93354249255098,-0.010835868965755674,4.93354249255098,-0.010835868965755674,0.004648388097602244,0.30001198553821223,0.3,0.00899912095441243,-0.001243999304379434,0.3627849152080985,True
16.6,4.94854295199635,-0.010772380379757238,4.94854295199635,-0.010772380379757238,0.004603663921907502,0.30001172050028896,0.3,0.008999140392496345,-0.0012268679436461321,0.36286166087033994,True
16.650000000000002,4.96354340077065,-0.010709477091707248,4.96354340077065,-0.010709477091707248,0.004559553655906302,0.30001146132317513,0.3,0.008999159400760449,-0.0012098680915688534,0.3629376395079823,True
16.7,4.978543839105912,-0.010647150532849557,4.978543839105912,-0.010647150532849557,0.004516052691895331,0.30001120787727054,0.3,0.008999177988708766,-0.0011930044753025576,0.3630128610453636,True
16.75,4.993544267229133,-0.01058539222785642,4.993544267229133,-0.01058539222785642,0.004473156248599299,0.300010960035841,0.3,0.008999196165634903,-0.0011762815564106534,0.36308733536509197,True
16.8,5.00854468536239,-0.010524193796088113,5.00854468536239,-0.010524193796088113,0.004430859380783096,0.3000107176749546,0.3,0.008999213940627245,-0.0011597035381286753,0.363161072303937,True
16.85,5.023545093722954,-0.01046354695274489,5.023545093722954,-0.01046354695274489,0.004389156988602664,0.30001048067341995,0.3,0.008999231322573114,-0.0011432743725187321,0.3632340816489066,True
16.900000000000002,5.0385454925234034,-0.010403443509914668,5.0385454925234034,-0.010403443509914668,0.004348043826698509,0.30001024891272565,0.3,0.00899924832016337,-0.001126997767514548,0.36330637313350334,True
16.95,5.05354588197173,-0.010343875377519733,5.05354588197173,-0.010343875377519733,0.00430751451303572,0.30001002227698087,0.3,0.008999264941896637,-0.0011108771938565369,0.36337795643415755,True
17.0,5.068546262271444,-0.01028483456416575,5.068546262271444,-0.01028483456416575,0.004267563537494429,0.30000980065285743,0.3,0.008999281196083732,-0.0010949158919165772,0.3634488411668303,True
17.05,5.083546633621677,-0.01022631317789625,5.083546633621677,-0.01022631317789625,0.004228185270214662,0.3000095839295332,0.3,0.008999297090851661,-0.0010791168784121297,0.3635190368837845,True
17.1,5.098546996217281,-0.01016830342685573,5.098546996217281,-0.01016830342685573,0.004189373969699493,0.3000093719986366,0.3,0.008999312634147815,-0.0010634829530096557,0.3635885530705182,True
17.150000000000002,5.113547350248927,-0.010110797619864435,5.113547350248927,-0.010110797619864435,0.004151123790680494,0.3000091647541925,0.3,0.008999327833743789,-0.0010480167048172464,0.3636573991428562,True
17.2,5.1285476959031975,-0.010053788166907851,5.1285476959031975,-0.010053788166907851,0.004113428791749406,0.3000089620925691,0.3,0.008999342697239437,-0.0010327205187661607,0.3637255844441966,True
17.25,5.143548033362678,-0.00999726757954384,5.143548033362678,-0.00999726757954384,0.004076282942760011,0.30000876391242637,0.3,0.008999357232066482,-0.0010175965818816541,0.3637931182429068,True
17.3,5.158548362806049,-0.009941228471230322,5.158548362806049,-0.009941228471230322,0.004039680132004166,0.3000085701146651,0.3,0.008999371445492326,-0.001002646889443098,0.3638600097298662,True
17.35,5.173548684408172,-0.009885663557576333,5.173548684408172,-0.009885663557576333,0.0040036141731659355,0.3000083806023774,0.3,0.008999385344623778,-0.000987873251033389,0.3639262680161507,True
17.400000000000002,5.188548998340174,-0.009830565656519248,5.188548998340174,-0.009830565656519248,0.003968078812057804,0.30000819528079836,0.3,0.008999398936410465,-0.0009732772964783092,0.36399190213085597,True
17.45,5.203549304769531,-0.009775927688430856,5.203549304769531,-0.009775927688430856,0.003933067733142888,0.30000801405725863,0.3,0.008999412227648327,-0.0009588604816756927,0.36405692101905435,True
17.5,5.218549603860149,-0.009721742676154986,5.218549603860149,-0.009721742676154986,0.0038985745658470924,0.300007836841138,0.3,0.008999425224983043,-0.0009446240943151675,0.36412133353988296,True
17.55,5.233549895772442,-0.00966800374497926,5.233549895772442,-0.00966800374497926,0.0038645928906651285,0.3000076635438202,0.3,0.008999437934913397,-0.0009305692594886578,0.3641851484647583,True
17.6,5.24855018066341,-0.00961470412254352,5.24855018066341,-0.00961470412254352,0.003831116245064297,0.30000749407864835,0.3,0.008999450363794523,-0.0009166969451922207,0.36424837447571423,True
17.650000000000002,5.263550458686714,-0.009561837138687435,5.263550458686714,-0.009561837138687435,0.0037981381291899304,0.30000732836088206,0.3,0.008999462517840862,-0.0009030079677198047,0.36431102016385886,True
17.7,5.278550729992745,-0.009509396225239698,5.278550729992745,-0.009509396225239698,0.0037656520113763634,0.3000071663076546,0.3,0.00899947440312965,-0.0008895029969494562,0.36437309402794826,True
17.75,5.293550994728704,-0.009457374915751222,5.293550994728704,-0.009457374915751222,0.003733651333467277,0.3000070078379318,0.3,0.0089994860256036,-0.0008761825615226616,0.3644346044730722,True
17.8,5.308551253038661,-0.00940576684517463,5.308551253038661,-0.00940576684517463,0.0037021295159492523,0.3000068528724713,0.3,0.008999497391074187,-0.0008630470539175075,0.36449555980944814,True
17.85,5.323551505063632,-0.009354565749492316,5.323551505063632,-0.009354565749492316,0.0036710799629023315,0.3000067013337831,0.3,0.008999508505224187,-0.0008500967354163601,0.36455596825132236,True
17.900000000000002,5.338551750941639,-0.00930376546529532,5.338551750941639,-0.00930376546529532,0.003640496066771363,0.3000065531460907,0.3,0.008999519373610819,-0.0008373317409688292,0.3646158379159721,True
17.95,5.353551990807779,-0.009253359929315133,5.353551990807779,-0.009253359929315133,0.0036103712129618936,0.30000640823529323,0.3,0.008999530001668483,-0.0008247520839510756,0.3646751768228068,True
18.0,5.368552224794285,-0.009203343177910587,5.368552224794285,-0.009203343177910587,0.0035806987842643165,0.3000062665289284,0.3,0.008999540394711363,-0.0008123576608217229,0.36473399289256614,True
18.05,5.383552453030585,-0.009153709346511864,5.383552453030585,-0.009153709346511864,0.0035514721651099764,0.30000612795613635,0.3,0.008999550557936177,-0.00080014825567607,0.3647922939466098,True
18.1,5.39855267564337,-0.009104452669023643,5.39855267564337,-0.009104452669023643,0.003522684745662892,0.30000599244762405,0.3,0.008999560496424674,-0.0007881235446988102,0.36485008770629657,True
18.150000000000002,5.413552892756645,-0.009055567477189342,5.413552892756645,-0.009055567477189342,0.0034943299257507257,0.30000585993563084,0.3,0.008999570215146246,-0.0007762831005165998,0.3649073817924514,True
18.2,5.428553104491789,-0.00900704819991836,5.428553104491789,-0.00900704819991836,0.003466401118638594,0.3000057303538944,0.3,0.008999579718960447,-0.0007646263964513595,0.36496418372491424,True
18.25,5.443553310967614,-0.008958889362578177,5.443553310967614,-0.008958889362578177,0.003438891754649287,0.30000560363761763,0.3,0.008999589012619366,-0.0007531528106752773,0.3650205009221712,True
18.3,5.458553512300415,-0.008911085586253134,5.458553512300415,-0.008911085586253134,0.003411795284633416,0.3000054797234364,0.3,0.008999598100770025,-0.0007418616302687002,0.3650763407010622,True
18.35,5.473553708604027,-0.008863631586971645,5.473553708604027,-0.008863631586971645,0.0033851051832929782,0.30000535854938765,0.3,0.00899960698795663,-0.0007307520551817439,0.36513171027656477,True
18.400000000000002,5.488553899989876,-0.00881652217490356,5.488553899989876,-0.00881652217490356,0.003358814952361799,0.3000052400548785,0.3,0.008999615678623084,-0.000719823202100874,0.365186616761649,True
18.45,5.503554086567032,-0.008769752253529349,5.503554086567032,-0.008769752253529349,0.0033329181236462536,0.30000512418065606,0.3,0.008999624177114817,-0.0007090741082215224,0.3652410671672035,True
18.5,5.518554268442255,-0.008723316818782733,5.518554268442255,-0.008723316818782733,0.0033074082619296524,0.3000050108687776,0.3,0.008999632487681299,-0.000698503734927873,0.36529506840202697,True
18.55,5.533554445720049,-0.008677210958168338,5.533554445720049,-0.008677210958168338,0.003282278967743619,0.30000490006258185,0.3,0.008999640614477927,-0.000688110971380939,0.3653486272728851,True
18.6,5.548554618502704,-0.008631429849855909,5.548554618502704,-0.008631429849855909,0.0032575238800097565,0.3000047917066602,0.3,0.008999648561568393,-0.0006778946380160205,0.3654017504846291,True
18.650000000000002,5.56355478689035,-0.008585968761752575,5.56355478689035,-0.008585968761752575,0.0032331366785548535,0.3000046857468296,0.3,0.00899965633292639,-0.0006678534899509726,0.36545444464037413,True
18.7,5.578554950980995,-0.008540823050554603,5.578554950980995,-0.008540823050554603,0.003209111086502846,0.30000458213010495,0.3,0.008999663932437743,-0.0006579862203061231,0.3655067162417338,True
18.75,5.593555110870575,-0.008495988160780071,5.593555110870575,-0.008495988160780071,0.003185440872546696,0.30000448080467285,0.3,0.008999671363902497,-0.0006482914634372858,0.3655585716891109,True
18.8,5.608555266652996,-0.00845145962378379,5.608555266652996,-0.00845145962378379,0.0031621198531033208,0.3000043817198657,0.3,0.008999678631036519,-0.0006387677980829699,0.36561001728203896,True
18.85,5.623555418420175,-0.008407233056755834,5.623555418420175,-0.008407233056755834,0.0031391418943546535,0.3000042848261363,0.3,0.00899968573747363,-0.000629413750427209,0.3656610592195755,True
18.900000000000002,5.638555566262085,-0.008363304161704934,5.638555566262085,-0.008363304161704934,0.00311650091417787,0.30000419007503304,0.3,0.008999692686767174,-0.0006202277970788375,0.36571170360074223,True
18.95,5.6535557102667955,-0.00831966872442799,5.6535557102667955,-0.00831966872442799,0.0030941908839677854,0.30000409741917583,0.3,0.008999699482391993,-0.0006112083679688445,0.3657619564250121,True
19.0,5.668555850520508,-0.008276322613466912,5.668555850520508,-0.008276322613466912,0.0030722058303543683,0.3000040068122322,0.3,0.008999706127746088,-0.0006023538491669613,0.36581182359283915,True
19.05,5.6835559871076,-0.008233261779053936,5.6835559871076,-0.008233261779053936,0.0030505398368182784,0.30000391820889427,0.3,0.00899971262615238,-0.0005936625856184882,0.3658613109062312,True
19.1,5.698556120110663,-0.008190482252046584,5.698556120110663,-0.008190482252046584,0.003029187045207293,0.30000383156485605,0.3,0.00899971898086021,-0.0005851328838030243,0.3659104240693616,True
19.150000000000002,5.713556249610536,-0.008147980142853305,5.713556249610536,-0.008147980142853305,0.003008141657156437,0.3000037468367913,0.3,0.008999725195047093,-0.0005767630143159584,0.3659591686892194,True
19.200000000000003,5.728556375686347,-0.00810575164035091,5.728556375686347,-0.00810575164035091,0.0029873979354145992,0.30000366398233186,0.3,0.008999731271820383,-0.000568551214374309,0.36600755027629506,True
19.25,5.743556498415545,-0.008063793010794788,5.743556498415545,-0.008063793010794788,0.0029669502050803436,0.3000035829600464,0.3,0.008999737214218598,-0.0005604956902479758,0.3660555742453009,True
19.3,5.758556617873937,-0.008022100596722889,5.758556617873937,-0.008022100596722889,0.00294679285474962,0.30000350372941986,0.3,0.008999743025213187,-0.0005525946196176701,0.3661032459159237,True
19.35,5.773556734135723,-0.007980670815854452,5.773556734135723,-0.007980670815854452,0.0029269203375779968,0.30000342625083304,0.3,0.008999748707709749,-0.000544846153860986,0.36615057051360744,True
19.400000000000002,5.788556847273526,-0.007939500159984379,5.788556847273526,-0.007939500159984379,0.0029073271722600156,0.30000335048554283,0.3,0.008999754264549756,-0.0005372484202676119,0.3661975531703666,True
19.450000000000003,5.803556957358429,-0.007898585193874139,5.803556957358429,-0.007898585193874139,0.002888007943928214,0.3000032763956629,0.3,0.008999759698511803,-0.0005297995241851351,0.36624419892562476,True
19.5,5.8185570644600055,-0.007857922554140072,5.8185570644600055,-0.007857922554140072,0.0028689573049743146,0.3000032039441446,0.3,0.008999765012313065,-0.0005224975510965525,0.3662905127270806,True
19.55,5.83355716864635,-0.007817508948139906,5.83355716864635,-0.007817508948139906,0.0028501699757950464,0.3000031330947587,0.3,0.008999770208610581,-0.000515340568631006,0.3663364994315972,True
19.6,5.848557269984111,-0.007777341152858279,5.848557269984111,-0.007777341152858279,0.0028316407454650034,0.300003063812077,0.3,0.008999775290002657,-0.0005083266285085162,0.36638216380611455,True
19.650000000000002,5.863557368538518,-0.007737416013792046,5.863557368538518,-0.007737416013792046,0.0028133644723389076,0.3000029960614547,0.3,0.008999780259030206,-0.0005014537684205738,0.3664275105285828,True
19.700000000000003,5.878557464373414,-0.0076977304438360815,5.878557464373414,-0.0076977304438360815,0.00279533608458561,0.30000292980901316,0.3,0.008999785118177957,-0.0004947200138472513,0.3664725441889158,True
19.75,5.893557557551284,-0.007658281422170302,5.893557557551284,-0.007658281422170302,0.0027775505806560937,0.300002865021623,0.3,0.008999789869875511,-0.00048812337981245143,0.3665172692899627,True
19.8,5.90855764813328,-0.0076190659931485724,5.90855764813328,-0.0076190659931485724,0.0027600030296877276,0.3000028016668872,0.3,0.008999794516499002,-0.0004816618725784661,0.3665616902484967,True
19.85,5.923557736179255,-0.007580081265190164,5.923557736179255,-0.007580081265190164,0.002742688571846951,0.3000027397131253,0.3,0.008999799060371901,-0.00047533349128077467,0.36660581139621995,True
19.900000000000002,5.938557821747782,-0.007541324409674364,5.938557821747782,-0.007541324409674364,0.002725602418612541,0.3000026791293574,0.3,0.008999803503766227,-0.0004691362295048097,0.36664963698078235,True
19.950000000000003,5.953557904896187,-0.0075027926598388575,5.953557904896187,-0.0075027926598388575,0.0027087398530015647,0.3000026198852886,0.3,0.008999807848903913,-0.0004630680768053529,0.366693171166814,True
20.0,5.968557985680573,-0.0074644833096824325,5.968557985680573,-0.0074644833096824325,0.0026920962297400787,0.30000256195129393,0.3,0.008999812097957614,-0.0004571270201702014,0.36673641803696994,True
20.05,5.983558064155845,-0.007426393712872576,5.983558064155845,-0.007426393712872576,0.0026756669753805877,0.3000025052984035,0.3,0.008999816253052115,-0.0004513110454289685,0.3667793815929854,True
20.1,5.998558140375732,-0.007388521281658466,5.998558140375732,-0.007388521281658466,0.002659447588368243,0.3000024498982881,0.3,0.00899982031626501,-0.0004456181386084378,0.3668220657567415,True
20.150000000000002,6.01355821439282,-0.007350863485789866,6.01355821439282,-0.007350863485789866,0.002643433639057711,0.30000239572324494,0.3,0.008999824289628105,-0.00044004628723546185,0.36686447437133884,True
20.200000000000003,6.028558286258565,-0.007313417851442399,6.028558286258565,-0.007313417851442399,0.0026276207696825996,0.30000234274618376,0.3,0.008999828175128245,-0.00043459348158869,0.36690661120218004,True
20.25,6.043558356023324,-0.007276181960149654,6.043558356023324,-0.007276181960149654,0.002612004694279299,0.3000022909406134,0.3,0.008999831974708309,-0.00042925771590015605,0.36694847993805807,True
20.3,6.0585584237363745,-0.007239153447742549,6.0585584237363745,-0.007239153447742549,0.002596581198567032,0.30000224028062855,0.3,0.008999835690268276,-0.00042403698950799933,0.36699008419225054,True
20.35,6.073558489445939,-0.007202330003296373,6.073558489445939,-0.007202330003296373,0.002581346139785899,0.3000021907408967,0.3,0.008999839323665998,-0.00041892930796132535,0.36703142750361917,True
20.400000000000002,6.088558553199204,-0.0071657093680858805,6.088558553199204,-0.0071657093680858805,0.0025662954464946274,0.30000214229664546,0.3,0.008999842876718343,-0.00041393268407836854,0.36707251333771307,True
20.450000000000003,6.103558615042344,-0.007129289334548827,6.103558615042344,-0.007129289334548827,0.002551425118329721,0.3000020949236503,0.3,0.008999846351202026,-0.00040904513895910044,0.36711334508787463,True
20.5,6.118558675020541,-0.007093067745258269,6.118558675020541,-0.007093067745258269,0.002536731225727653,0.3000020485982225,0.3,0.00899984974885431,-0.0004042647029531839,0.36715392607634867,True
20.55,6.133558733178007,-0.007057042491903986,6.133558733178007,-0.007057042491903986,0.002522209909611721,0.3000020032971969,0.3,0.008999853071374238,-0.0003995894165847524,0.3671942595553918,True
20.6,6.148558789558002,-0.00702121151428331,6.148558789558002,-0.00702121151428331,0.0025078573810451144,0.30000195899792076,0.3,0.008999856320423206,-0.00039501733143452073,0.36723434870838334,True
20.650000000000002,6.163558844202853,-0.006985572799301675,6.163558844202853,-0.006985572799301675,0.0024936699208517434,0.30000191567824225,0.3,0.008999859497625853,-0.00039054651098079367,0.36727419665093564,True
20.700000000000003,6.178558897153977,-0.006950124379983146,6.178558897153977,-0.006950124379983146,0.0024796438792063155,0.30000187331649936,0.3,0.008999862604570922,-0.00038617503140007513,0.36731380643200384,True
20.75,6.193558948451896,-0.0069148643344912,6.193558948451896,-0.0069148643344912,0.0024657756751951154,0.30000183189150914,0.3,0.008999865642811949,-0.00038190098232849704,0.36735318103499404,True
20.8,6.208558998136259,-0.006879790785159985,6.208558998136259,-0.006879790785159985,0.0024520617963489136,0.300001791382557,0.3,0.00899986861386823,-0.0003777224675849584,0.3673923233788693,True
20.85,6.223559046245857,-0.006844901897536296,6.223559046245857,-0.006844901897536296,0.002438498798149374,0.3000017517693865,0.3,0.008999871519225365,-0.00037363760585698525,0.3674312363192527,True
20.900000000000002,6.238559092818642,-0.006810195879432464,6.238559092818642,-0.006810195879432464,0.0024250833035103264,0.300001713032189,0.3,0.008999874360336203,-0.00036964453135037453,0.36746992264952716,True
20.950000000000003,6.253559137891746,-0.006775670979990367,6.253559137891746,-0.006775670979990367,0.0024118120022351987,0.3000016751515939,0.3,0.008999877138621454,-0.00036574139440353023,0.3675083851019315,True
21.0,6.2685591815014945,-0.006741325488756723,6.2685591815014945,-0.006741325488756723,0.0023986816504519,0.3000016381086592,0.3,0.008999879855470287,-0.00036192636206746855,0.3675466263486512,True
21.05,6.283559223683426,-0.006707157734769849,6.283559223683426,-0.006707157734769849,0.002385689070026384,0.30000160188486147,0.3,0.008999882512241276,-0.00035819761865234115,0.36758464900290444,True
21.1,6.298559264472307,-0.006673166085658025,6.298559264472307,-0.006673166085658025,0.0023728311479561145,0.300001566462087,0.3,0.008999885110262956,-0.00035455336624164765,0.36762245562002316,True
21.150000000000002,6.313559303902149,-0.006639348946749601,6.313559303902149,-0.006639348946749601,0.0023601048357446003,0.30000153182262257,0.3,0.00899988765083445,-0.0003509918251746853,0.3676600486985271,True
21.200000000000003,6.3285593420062245,-0.006605704760194976,6.3285593420062245,-0.006605704760194976,0.002347507148758144,0.3000014979491468,0.3,0.00899989013522609,-0.00034751123449854087,0.3676974306811915,True
21.25,6.343559378817079,-0.0065722320041005575,6.343559378817079,-0.0065722320041005575,0.002335035165565916,0.3000014648247213,0.3,0.008999892564680199,-0.0003441098523900974,0.36773460395610813,True
21.3,6.35855941436655,-0.0065389291916748025,6.35855941436655,-0.0065389291916748025,0.0023226860272644373,0.3000014324327821,0.3,0.008999894940411597,-0.0003407859565493505,0.3677715708577389,True
21.35,6.3735594486857785,-0.006505794870386427,6.3735594486857785,-0.006505794870386427,0.0023104569367875033,0.30000140075713166,0.3,0.008999897263608258,-0.0003375378445644711,0.3678083336679612,True
21.400000000000002,6.388559481805228,-0.006472827621134855,6.388559481805228,-0.006472827621134855,0.002298345158202589,0.30000136978193054,0.3,0.008999899535431918,-0.0003343638342498374,0.367844894617105,True
21.450000000000003,6.403559513754693,-0.006440026057432987,6.403559513754693,-0.006440026057432987,0.002286348015994694,0.3000013394916896,0.3,0.008999901757018525,-0.00033126226395751077,0.36788125588498277,True
21.5,6.4185595445633155,-0.006407388824602322,6.4185595445633155,-0.006407388824602322,0.002274462894338609,0.3000013098712622,0.3,0.008999903929479004,-0.0003282314928633012,0.36791741960190805,True
21.55,6.4335595742596,-0.006374914598980496,6.4335595742596,-0.006374914598980496,0.002262687236360514,0.30000128090583666,0.3,0.008999906053899685,-0.00032526990122787525,0.3679533878497072,True
21.6,6.448559602871423,-0.00634260208714126,6.448559602871423,-0.00634260208714126,0.002251018543389815,0.30000125258092875,0.3,0.008999908131342908,-0.00032237589063412723,0.36798916266272025,True
21.650000000000002,6.463559630426051,-0.006310450025126923,6.463559630426051,-0.006310450025126923,0.00223945437420209,0.30000122488237463,0.3,0.008999910162847435,-0.000319547884201057,0.3680247460287923,True
21.700000000000003,6.478559656950147,-0.006278457177693287,6.478559656950147,-0.006278457177693287,0.0022279923442539776,0.3000011977963236,0.3,0.008999912149429143,-0.00031678432677534763,0.368060139890255,True
21.75,6.493559682469789,-0.006246622337567064,6.493559682469789,-0.006246622337567064,0.002216630124910836,0.3000011713092314,0.3,0.00899991409208134,-0.00031408368510119165,0.36809534614489725,True
21.8,6.508559707010478,-0.0062149443247157855,6.508559707010478,-0.0062149443247157855,0.0022053654426679534,0.300001145407853,0.3,0.008999915991775477,-0.00031144444796905575,0.3681303666469262,True
21.85,6.52355973059715,-0.006183421985630191,6.52355973059715,-0.006183421985630191,0.0021941960783660747,0.30000112007923646,0.3,0.008999917849461535,-0.0003088651263442351,0.36816520320791657,True
21.900000000000002,6.538559753254193,-0.006152054192619075,6.538559753254193,-0.006152054192619075,0.0021831198664019826,0.3000010953107162,0.3,0.008999919666068376,-0.00030634425347580144,0.3681998575977495,True
21.950000000000003,6.55355977500545,-0.006120839843116574,6.55355977500545,-0.006120839843116574,0.0021721346939348367,0.3000010710899068,0.3,0.00899992144250435,-0.0003038803849865534,0.36823433154554,True
22.0,6.568559795874238,-0.006089777859001855,6.568559795874238,-0.006089777859001855,0.0021612385000889744,0.3000010474046965,0.3,0.008999923179657865,-0.00030147209894492994,0.3682686267405534,True
22.05,6.583559815883355,-0.006058867185931166,6.583559815883355,-0.006058867185931166,0.002150429275153817,0.3000010242432416,0.3,0.008999924878397505,-0.0002991179959190699,0.36830274483311015,True
22.1,6.59855983505509,-0.00602810679268221,6.59855983505509,-0.00602810679268221,0.002139705059781534,0.30000100159396015,0.3,0.008999926539572732,-0.0002968166990142412,0.36833668743547876,True
22.150000000000002,6.613559853411236,-0.005997495670510778,6.613559853411236,-0.005997495670510778,0.0021290639441830764,0.3000009794455264,0.3,0.008999928164014194,-0.0002945668538936907,0.3683704561227573,True
22.200000000000003,6.6285598709731,-0.005967032832519598,6.6285598709731,-0.005967032832519598,0.0021185040673231716,0.300000957786865,0.3,0.008999929752534233,-0.0002923671287840348,0.36840405243374275,True
22.25,6.643559887761511,-0.005936717313039318,6.643559887761511,-0.005936717313039318,0.0021080236161148524,0.3000009366071455,0.3,0.008999931305927135,-0.00029021621446536234,0.36843747787178865,True
22.3,6.658559903796832,-0.005906548167021568,6.658559903796832,-0.005906548167021568,0.0020976208246140686,0.30000091589577704,0.3,0.008999932824969659,-0.0002881128242469671,0.36847073390565055,True
22.35,6.67355991909897,-0.005876524469444019,6.67355991909897,-0.005876524469444019,0.002087293973214912,0.30000089564240284,0.3,0.008999934310421454,-0.00028605569392914495,0.3685038219703191,True
22.400000000000002,6.688559933687383,-0.005846645314727364,6.688559933687383,-0.005846645314727364,0.0020770413878459545,0.3000008758368952,0.3,0.008999935763025269,-0.0002840435817515704,0.3685367434678414,True
22.450000000000003,6.703559947581091,-0.005816909816164123,6.703559947581091,-0.005816909816164123,0.0020668614391682,0.30000085646935043,0.3,0.008999937183507462,-0.00028207526832892913,0.368569499768129,True
22.5,6.718559960798687,-0.005787317105359202,6.718559960798687,-0.005787317105359202,0.0020567525417750985,0.3000008375300837,0.3,0.008999938572578343,-0.0002801495565742256,0.3686020922097556,True
22.55,6.73355997335834,-0.005757866331682102,6.73355997335834,-0.005757866331682102,0.0020467131533950865,0.3000008190096245,0.3,0.00899993993093252,-0.00027826527161041475,0.36863452210073955,True
22.6,6.748559985277812,-0.005728556661730672,6.748559985277812,-0.005728556661730672,0.0020367417740970737,0.30000080089871156,0.3,0.008999941259249283,-0.0002764212606706824,0.3686667907193167,True
22.650000000000002,6.76355999657446,-0.005699387278806323,6.76355999657446,-0.005699387278806323,0.00202683694549929,0.3000007831882886,0.3,0.008999942558192772,-0.0002746163929881433,0.3686988993146987,True
22.700000000000003,6.778560007265246,-0.005670357382400583,6.778560007265246,-0.005670357382400583,0.002016997249981881,0.3000007658694995,0.3,0.008999943828412562,-0.00027284955967516854,0.36873084910782006,True
22.75,6.7935600173667465,-0.005641466187692897,6.7935600173667465,-0.005641466187692897,0.002007221309903627,0.3000007489336839,0.3,0.008999945070543861,-0.00027111967359296765,0.3687626412920727,True
22.8,6.808560026895161,-0.00561271292505954,6.808560026895161,-0.00561271292505954,0.0019975077868231543,0.3000007323723731,0.3,0.008999946285207741,-0.00026942566921194666,0.36879427703402734,True
22.85,6.8235600358663175,-0.005584096839593553,6.8235600358663175,-0.005584096839593553,0.0019878553807249526,0.3000007161772857,0.3,0.008999947473011584,-0.0002677665024630547,0.368825757474143,True
22.900000000000002,6.838560044295683,-0.005555617190635567,6.838560044295683,-0.005555617190635567,0.001978262829250555,0.30000070034032317,0.3,0.008999948634549415,-0.0002661411505809087,0.36885708372746395,True
22.950000000000003,6.853560052198367,-0.005527273251315401,6.853560052198367,-0.005527273251315401,0.0019687289069351657,0.30000068485356635,0.3,0.008999949770401975,-0.0002645486119387513,0.3688882568843047,True
23.0,6.868560059589136,-0.005499064308104311,6.868560059589136,-0.005499064308104311,0.001959252424450036,0.30000066970927103,0.3,0.00899995088113729,-0.00026298790587596095,0.36891927801092184,True
23.05,6.883560066482411,-0.005470989660377764,6.883560066482411,-0.005470989660377764,0.0019498322278508682,0.3000006548998643,0.3,0.00899995196731074,-0.00026145807251836285,0.368950148150174,True
23.1,6.898560072892284,-0.005443048619988611,6.898560072892284,-0.005443048619988611,0.0019404671978325034,0.3000006404179408,0.3,0.008999953029465485,-0.00025995817259173563,0.36898086832217003,True
23.150000000000002,6.9135600788325196,-0.0054152405108505285,6.9135600788325196,-0.0054152405108505285,0.0019311562489901521,0.3000006262562587,0.3,0.008999954068132672,-0.00025848728722903673,0.3690114395249038,True
23.200000000000003,6.928560084316564,-0.005387564668531599,6.928560084316564,-0.005387564668531599,0.0019218983290873923,0.3000006124077365,0.3,0.008999955083831602,-0.00025704451777149934,0.36904186273487827,True
23.25,6.943560089357549,-0.005360020439857897,6.943560089357549,-0.005360020439857897,0.0019126924183311593,0.3000005988654493,0.3,0.008999956077070253,-0.0002556289855642082,0.3690721389077162,True
23.3,6.958560093968302,-0.005332607182526946,6.958560093968302,-0.005332607182526946,0.00190353752865394,0.3000005856226251,0.3,0.00899995704834534,-0.0002542398317462941,0.36910226897876003,True
23.35,6.973560098161351,-0.005305324264730918,6.973560098161351,-0.005305324264730918,0.0018944327030033562,0.30000057267264196,0.3,0.00899995799814248,-0.00025287621703620354,0.3691322538636588,True
23.400000000000002,6.988560101948932,-0.005278171064789423,6.988560101948932,-0.005278171064789423,0.0018853770146393337,0.30000056000902425,0.3,0.008999958926936544,-0.00025153732151241064,0.36916209445894377,True
23.450000000000003,7.003560105342991,-0.005251146970791772,7.003560105342991,-0.005251146970791772,0.0018763695664390139,0.30000054762543943,0.3,0.008999959835192115,-0.0002502223443897688,0.3691917916425926,True
23.5,7.018560108355195,-0.005224251380248558,7.018560108355195,-0.005224251380248558,0.001867409490209575,0.3000005355156951,0.3,0.008999960723363308,-0.0002489305037919275,0.36922134627458075,True
23.55,7.033560110996937,-0.005197483699752423,7.033560110996937,-0.005197483699752423,0.0018584959460091084,0.30000052367373586,0.3,0.008999961591894175,-0.0002476610365201153,0.3692507591974228,True
23.6,7.048560113279338,-0.005170843344647871,7.048560113279338,-0.005170843344647871,0.0018496281214756857,0.30000051209364004,0.3,0.008999962441219131,-0.00024641319781844296,0.36928003123670106,True
23.650000000000002,7.063560115213259,-0.005144329738709988,7.063560115213259,-0.005144329738709988,0.001840805231164741,0.30000050076961704,0.3,0.008999963271762817,-0.0002451862611361896,0.36930916320158336,True
23.700000000000003,7.078560116809301,-0.005117942313831922,7.078560116809301,-0.005117942313831922,0.0018320265158948907,0.30000048969600424,0.3,0.008999964083940616,-0.0002439795178873093,0.36933815588532976,True
23.75,7.093560118077814,-0.005091680509720987,7.093560118077814,-0.005091680509720987,0.0018232912421022845,0.30000047886726433,0.3,0.008999964878158552,-0.00024279227720733093,0.36936701006578765,True
23.8,7.108560119028899,-0.0050655437736032505,7.108560119028899,-0.0050655437736032505,0.0018145987012035934,0.3000004682779824,0.3,0.008999965654813813,-0.00024162386570797381,0.3693957265058758,True
23.85,7.123560119672417,-0.005039531559936458,7.123560119672417,-0.005039531559936458,0.0018059482089677168,0.3000004579228632,0.3,0.008999966414294807,-0.0002404736272297945,0.3694243059540584,True
23.900000000000002,7.138560120017992,-0.005013643330131157,7.138560120017992,-0.005013643330131157,0.001797339104896284,0.30000044779672863,0.3,0.008999967156981304,-0.00023934092259296266,0.36945274914480697,True
23.950000000000003,7.153560120075016,-0.004987878552279876,7.153560120075016,-0.004987878552279876,0.0017887707516130206,0.3000004378945152,0.3,0.00899996788324466,-0.00023822512934653625,0.3694810567990526,True
24.0,7.168560119852655,-0.004962236700894221,7.168560119852655,-0.004962236700894221,0.001780242534262043,0.30000042821127126,0.3,0.008999968593448024,-0.00023712564151640248,0.36950922962462696,True
24.05,7.1835601193598535,-0.004936717256649747,7.1835601193598535,-0.004936717256649747,0.0017717538599151224,0.3000004187421547,0.3,0.008999969287946549,-0.00023604186935205715,0.36953726831669365,True
24.1,7.198560118605338,-0.0049113197061384575,7.198560118605338,-0.0049113197061384575,0.0017633041569879726,0.3000004094824305,0.3,0.008999969967087525,-0.0002349732390725666,0.36956517355816826,True
24.150000000000002,7.2135601175976225,-0.004886043541628806,7.2135601175976225,-0.004886043541628806,0.0017548928746655924,0.30000040042746834,0.3,0.008999970631210512,-0.00023391919261173575,0.36959294602012915,True
24.200000000000003,7.228560116345015,-0.004860888260833041,7.228560116345015,-0.004860888260833041,0.0017465194823366897,0.3000003915727402,0.3,0.008999971280647669,-0.00023287918736289177,0.36962058636221773,True
24.25,7.24356011485562,-0.004835853366681772,7.24356011485562,-0.004835853366681772,0.0017381834690372124,0.30000038291381836,0.3,0.008999971915723718,-0.00023185269592321172,0.36964809523302866,True
24.3,7.25856011313734,-0.00481093836710561,7.25856011313734,-0.00481093836710561,0.001729884342902998,0.30000037444637284,0.3,0.008999972536756263,-0.00023083920583804996,0.3696754732704911,True
24.35,7.273560111197886,-0.004786142774823742,7.273560111197886,-0.004786142774823742,0.0017216216306315524,0.30000036616616954,0.3,0.008999973144055798,-0.00022983821934524824,0.3697027211022391,True
24.400000000000002,7.288560109044779,-0.004761466107139311,7.288560109044779,-0.004761466107139311,0.0017133948769529552,0.30000035806906794,0.3,0.008999973737926001,-0.00022884925311963657,0.3697298393459736,True
24.450000000000003,7.303560106685351,-0.004736907885741454,7.303560106685351,-0.004736907885741454,0.0017052036441098917,0.30000035015101906,0.3,0.008999974318663865,-0.0002278718380179649,0.3697568286098142,True
24.5,7.318560104126754,-0.004712467636513875,7.318560104126754,-0.004712467636513875,0.0016970475113467966,0.3000003424080635,0.3,0.008999974886559736,-0.00022690551882431628,0.36978368949264245,True
24.55,7.33356010137596,-0.0046881448893498065,7.33356010137596,-0.0046881448893498065,0.0016889260744080985,0.3000003348363294,0.3,0.008999975441897635,-0.00022594985399619811,0.36981042258443575,True
24.6,7.348560098439768,-0.004663939177973236,7.348560098439768,-0.004663939177973236,0.001680838945045538,0.30000032743203037,0.3,0.008999975984955333,-0.00022500441541149587,0.3698370284665916,True
24.650000000000002,7.363560095324806,-0.004639850039766256,7.363560095324806,-0.004639850039766256,0.0016727857505345392,0.30000032019146405,0.3,0.00899997651600425,-0.00022406878811632026,0.3698635077122447,True
24.700000000000003,7.378560092037535,-0.0046158770156024195,7.378560092037535,-0.0046158770156024195,0.0016647661331995944,0.3000003131110097,0.3,0.008999977035310025,-0.00022314257007397214,0.3698898608865733,True
24.75,7.393560088584252,-0.004592019649685949,7.393560088584252,-0.004592019649685949,0.001656779749948636,0.3000003061871268,0.3,0.008999977543132295,-0.00022222537191512957,0.3699160885470987,True
24.8,7.408560084971095,-0.004568277489396695,7.408560084971095,-0.004568277489396695,0.0016488262718163443,0.30000029941635303,0.3,0.008999978039724991,-0.00022131681668929767,0.369942191243976,True
24.85,7.423560081204046,-0.004544650085140698,7.423560081204046,-0.004544650085140698,0.001640905383516355,0.30000029279530266,0.3,0.008999978525336436,-0.0002204165396178041,0.36996816952027556,True
24.900000000000002,7.438560077288935,-0.004521136990206235,7.438560077288935,-0.004521136990206235,0.00163301678300231,0.3000002863206648,0.3,0.008999979000209525,-0.0002195241878482494,0.3699940239122578,True
24.950000000000003,7.453560073231441,-0.004497737760625225,7.453560073231441,-0.004497737760625225,0.001625160181037702,0.3000002799892018,0.3,0.008999979464581621,-0.00021863942021065758,0.3700197549496392,True
25.0,7.468560069037097,-0.0044744519550398675,7.468560069037097,-0.0044744519550398675,0.0016173353007744554,0.30000027379774763,0.3,0.008999979918685048,-0.00021776190697535226,0.37004536315585046,True
25.05,7.483560064711295,-0.004451279134574391,7.483560064711295,-0.004451279134574391,0.0016095418773401785,0.30000026774320626,0.3,0.008999980362746775,-0.00021689132961269758,0.3700708490482877,True
25.1,7.498560060259285,-0.004428218862711798,7.498560060259285,-0.004428218862711798,0.0016017796574340324,0.30000026182255013,0.3,0.008999980796988856,-0.00021602738055477203,0.3700962131385548,True
25.150000000000002,7.513560055686183,-0.004405270705175469,7.513560055686183,-0.004405270705175469,0.0015940483989311377,0.30000025603281855,0.3,0.008999981221628517,-0.00021516976295902566,0.3701214559326998,True
25.200000000000003,7.528560050996969,-0.004382434229815533,7.528560050996969,-0.004382434229815533,0.0015863478704954569,0.3000002503711164,0.3,0.008999981636878051,-0.00021431819047405313,0.37014657793144334,True
25.25,7.543560046196494,-0.004359709006499859,7.543560046196494,-0.004359709006499859,0.001578677851201075,0.3000002448346125,0.3,0.00899998204294509,-0.00021347238700753258,0.37017157963039965,True
25.3,7.55856004128948,-0.004337094607009577,7.55856004128948,-0.004337094607009577,0.0015710381301618055,0.30000023942053844,0.3,0.008999982440032644,-0.00021263208649643047,0.37019646152029095,True
25.35,7.573560036280527,-0.004314590604939004,7.573560036280527,-0.004314590604939004,0.0015634285061690383,0.30000023412618676,0.3,0.008999982828339392,-0.0002117970326794141,0.3702212240871554,True
25.400000000000002,7.588560031174109,-0.00429219657559986,7.588560031174109,-0.00429219657559986,0.0015558487873377543,0.3000002289489101,0.3,0.008999983208059417,-0.000210966978871753,0.3702458678125472,True
25.450000000000003,7.603560025974583,-0.004269912095929667,7.603560025974583,-0.004269912095929667,0.0015482987907606191,0.3000002238861195,0.3,0.008999983579382637,-0.0002101416877425783,0.37027039317373167,True
25.5,7.61856002068619,-0.004247736744404223,7.61856002068619,-0.004247736744404223,0.0015407783421700712,0.3000002189352834,0.3,0.008999983942494717,-0.00020932093109458358,0.370294800643872,True
25.55,7.633560015313056,-0.004225670100954046,7.633560015313056,-0.004225670100954046,0.0015332872756083184,0.300000214093926,0.3,0.008999984297577254,-0.00020850448964636057,0.3703190906922116,True
25.6,7.648560009859196,-0.0042037117468846676,7.648560009859196,-0.0042037117468846676,0.0015258254331051526,0.3000002093596265,0.3,0.00899998464480777,-0.00020769215281717183,0.370343263784249,True
25.650000000000002,7.663560004328516,-0.0041818612648006894,7.663560004328516,-0.0041818612648006894,0.0015183926643634912,0.30000020473001743,0.3,0.008999984984359966,-0.00020688371851448615,0.37036732038190695,True
25.700000000000003,7.678559998724816,-0.00416011823853349,7.678559998724816,-0.00416011823853349,0.0015109888264525529,0.3000002002027838,0.3,0.008999985316403553,-0.00020607899292404062,0.3703912609436961,True
25.75,7.6935599930517915,-0.004138482253072479,7.6935599930517915,-0.004138482253072479,0.001503613783508574,0.3000001957756617,0.3,0.008999985641104583,-0.00020527779030266824,0.37041508592487227,True
25.8,7.708559987313037,-0.004116952894499809,7.708559987313037,-0.004116952894499809,0.0014962674064429697,0.30000019144643747,0.3,0.008999985958625417,-0.0002044799327738556,0.3704387957775884,True
25.85,7.7235599815120475,-0.004095529749928432,7.7235599815120475,-0.004095529749928432,0.0014889495726578433,0.30000018721294613,0.3,0.008999986269124903,-0.00020368525012602406,0.37046239095104083,True
25.900000000000002,7.738559975652221,-0.0040742124074434165,7.738559975652221,-0.0040742124074434165,0.001481660165768744,0.3000001830730708,0.3,0.008999986572758242,-0.00020289357961359694,0.3704858718916104,True
25.950000000000003,7.753559969736861,-0.004053000456046425,7.753559969736861,-0.004053000456046425,0.0014743990753345805,0.3000001790247413,0.3,0.00899998686967731,-0.00020210476576089964,0.3705092390429979,True
26.0,7.768559963769178,-0.004031893485603259,7.768559963769178,-0.004031893485603259,0.0014671661965945794,0.3000001750659333,0.3,0.008999987160030516,-0.00020131866016886695,0.3705324928463548,True
26.05,7.783559957752293,-0.0040108910867943815,7.783559957752293,-0.0040108910867943815,0.0014599614302122008,0.30000017119466715,0.3,0.008999987443963096,-0.00020053512132462445,0.37055563374040856,True
26.1,7.798559951689238,-0.003989992851068321,7.798559951689238,-0.003989992851068321,0.0014527846820258992,0.30000016740900703,0.3,0.008999987721617052,-0.00019975401441387934,0.3705786621615831,True
26.150000000000002,7.813559945582958,-0.003969198370597879,7.813559945582958,-0.003969198370597879,0.001445635862806634,0.30000016370705995,0.3,0.008999987993131169,-0.00019897521113628662,0.3706015785441147,True
26.200000000000003,7.828559939436316,-0.003948507238239041,7.828559939436316,-0.003948507238239041,0.001438514888022024,0.3000001600869747,0.3,0.008999988258641253,-0.00019819858952357694,0.3706243833201632,True
26.25,7.84355993325209,-0.00392791904749252,7.84355993325209,-0.00392791904749252,0.0014314216776070443,0.3000001565469411,0.3,0.008999988518280058,-0.00019742403376069316,0.37064707691991794,True
26.3,7.85855992703298,-0.003907433392467835,7.85855992703298,-0.003907433392467835,0.001424356155741162,0.3000001530851889,0.3,0.008999988772177496,-0.0001966514340097624,0.3706696597717004,True
26.35,7.873559920781606,-0.0038870498678498537,7.873559920781606,-0.0038870498678498537,0.001417318250631808,0.3000001496999871,0.3,0.008999989020460382,-0.0001958806862370144,0.37069213230206166,True
26.400000000000002,7.888559914500512,-0.003866768068867708,7.888559914500512,-0.003866768068867708,0.0014103078943040782,0.3000001463896429,0.3,0.008999989263253004,-0.00019511169204261523,0.37071449493587605,True
26.450000000000003,7.903559908192166,-0.0038465875912660165,7.903559908192166,-0.0038465875912660165,0.0014033250223965646,0.30000014315250095,0.3,0.008999989500676696,-0.0001943443584933396,0.37073674809643,True
26.5,7.918559901858966,-0.0038265080312783234,7.918559901858966,-0.0038265080312783234,0.001396369573963208,0.3000001399869426,0.3,0.008999989732850136,-0.00019357859795827162,0.37075889220550806,True
26.55,7.933559895503237,-0.0038065289856026867,7.933559895503237,-0.0038065289856026867,0.0013894414912810722,0.30000013689138477,0.3,0.008999989959889529,-0.0001928143279472999,0.370780927683474,True
26.6,7.948559889127232,-0.0037866500513793378,7.948559889127232,-0.0037866500513793378,0.0013825407196639322,0.30000013386427965,0.3,0.008999990181908309,-0.00019205147095257243,0.3708028549493484,True
26.650000000000002,7.963559882733139,-0.0037668708261703395,7.963559882733139,-0.0037668708261703395,0.0013756672072815785,0.3000001309041134,0.3,0.008999990399017617,-0.00019128995429286037,0.370824674420883,True
26.700000000000003,7.97855987632308,-0.0037471909079411733,7.97855987632308,-0.0037471909079411733,0.001368820904984724,0.30000012800940595,0.3,0.0089999906113259,-0.00019052970996072963,0.37084638651463053,True
26.75,7.9935598698991095,-0.0037276098950441853,7.9935598698991095,-0.0037276098950441853,0.0013620017661354236,0.30000012517870966,0.3,0.008999990818939416,-0.00018977067447267042,0.37086799164601203,True
26.8,8.008559863463221,-0.00370812738620382,8.008559863463221,-0.00370812738620382,0.0013552097464428917,0.30000012241060914,0.3,0.008999991021961877,-0.00018901278872204472,0.3708894902293801,True
26.85,8.023559857017347,-0.00368874298050358,8.023559857017347,-0.00368874298050358,0.0013484448038046228,0.3000001197037201,0.3,0.008999991220494939,-0.00018825599783489223,0.37091088267807915,True
26.900000000000002,8.038559850563358,-0.003669456277374641,8.038559850563358,-0.003669456277374641,0.0013417068981527102,0.30000011705668905,0.3,0.008999991414637722,-0.00018750025102857028,0.3709321694045025,True
26.950000000000003,8.053559844103066,-0.003650266876586064,8.053559844103066,-0.003650266876586064,0.001334995991305261,0.3000001144681923,0.3,0.008999991604487403,-0.00018674550147322337,0.37095335082014613,True
27.0,8.068559837638228,-0.0036311743782365367,8.068559837638228,-0.0036311743782365367,0.001328312046822808,0.30000011193693543,0.3,0.00899999179013896,-0.00018599170615601234,0.37097442733565944,True
27.05,8.08355983117054,-0.0036121783827475873,8.08355983117054,-0.0036121783827475873,0.0013216550298696186,0.30000010946165273,0.3,0.008999991971685158,-0.00018523882574821073,0.37099539936089354,True
27.1,8.098559824701649,-0.0035932784908582083,8.098559824701649,-0.0035932784908582083,0.0013150249070797975,0.3000001070411064,0.3,0.008999992149216813,-0.00030579204477019015,0.3710162673049461,True
27.150000000000002,8.113559818620983,-0.0035747709486420825,8.113559818620983,-0.0035747709486420825,0.0013062563524792285,0.3000001046740861,0.3,0.00899999232282265,-0.0003431582061005561,0.3710373776690893,True
27.200000000000003,8.128559813099551,-0.003556791877061942,8.128559813099551,-0.003556791877061942,0.0012946689424884338,0.3000001023594082,0.3,0.008999992492589454,-0.00038583933502214497,0.37105879631490285,True
27.25,8.143559807926337,-0.003539185702735952,8.143559807926337,-0.003539185702735952,0.0012816526912091612,0.3000001000959152,0.3,0.008999992658602202,-0.0004354770097372048,0.3710802662167738,True
27.3,8.158559803160205,-0.0035220043419312524,8.158559803160205,-0.0035220043419312524,0.0012669885525384268,0.3000000978824752,0.3,0.008999992820943927,-0.0004917491353580098,0.3711018004873763,True
27.35,8.173559798864686,-0.0035053063698434798,8.173559798864686,-0.0035053063698434798,0.0012504339276256293,0.3000000957179815,0.3,0.008999992979695734,-0.0005542928442680198,0.37112341257448234,True
27.400000000000002,8.188559795101002,-0.0034891522968735645,8.188559795101002,-0.0034891522968735645,0.0012317584441551316,0.3000000936013516,0.3,0.008999993134937006,-0.0006227485417212091,0.3711451103645129,True
27.450000000000003,8.20355979192685,-0.003473604289888768,8.20355979192685,-0.003473604289888768,0.0012107446257106195,0.3000000915315271,0.3,0.00899999328674546,-0.0006968223962856278,0.37116689626302757,True
27.5,8.218559789395401,-0.0034587261479022734,8.218559789395401,-0.0034587261479022734,0.0011871866594740964,0.3000000895074731,0.3,0.008999993435196918,-0.0007771517213404642,0.371188767585309,True
27.55,8.233559787556914,-0.0034445855708736873,8.233559787556914,-0.0034445855708736873,0.001160872601438221,0.30000008752817736,0.3,0.008999993580365616,-0.0008637990394353176,0.37121071957050333,True
27.6,8.24855978645846,-0.0034312552062280848,8.24855978645846,-0.0034312552062280848,0.001131578015485095,0.3000000855926502,0.3,0.008999993722324165,-0.000956409673888285,0.37123274622418767,True
27.650000000000002,8.263559786139634,-0.0034188103590844614,8.263559786139634,-0.0034188103590844614,0.0010990836803633928,0.30000008369992365,0.3,0.008999993861143599,-0.0010546099589865173,0.3712548373526185,True
27.700000000000003,8.27855978662968,-0.003407327810126144,8.27855978662968,-0.003407327810126144,0.0010631833756228905,0.30000008184905136,0.3,0.008999993996893264,-0.0011580567639476117,0.3712769774342259,True
27.75,8.293559787945782,-0.0033968856471309596,8.293559787945782,-0.0033968856471309596,0.0010236836755083273,0.3000000800391078,0.3,0.008999994129641047,-0.001266400655883172,0.371299145849855,True
27.8,8.308559790091365,-0.003387563135037849,8.308559790091365,-0.003387563135037849,0.0009804035163921692,0.3000000782691878,0.3,0.008999994259453397,-0.00137925781773559,0.3713213171416764,True
27.85,8.323559793054214,-0.0033794404304577025,8.323559793054214,-0.0033794404304577025,0.0009331749230124601,0.3000000765384064,0.3,0.008999994386395175,-0.0014961147251462482,0.3713434610835933,True
27.900000000000002,8.338559796804324,-0.0033725979810027267,8.338559796804324,-0.0033725979810027267,0.0008818459374932753,0.3000000748458981,0.3,0.008999994510529854,-0.001616642344728828,0.3713655424127703,True
27.950000000000003,8.353559801292308,-0.003367116407419425,8.353559801292308,-0.003367116407419425,0.0008262796414505498,0.3000000731908165,0.3,0.008999994631919557,-0.0017405463928607345,0.37138752123811974,True
28.0,8.368559806448179,-0.0033630768306026535,8.368559806448179,-0.0033630768306026535,0.0007663502425419066,0.3000000715723341,0.3,0.0089999947506249,-0.00186756948740844,0.37140935387543256,True
28.05,8.383559812179772,-0.0033605608830243458,8.383559812179772,-0.0033605608830243458,0.0007019417954858808,0.30000006998964146,0.3,0.008999994866705358,-0.001997446339300149,0.37143099321597806,True
28.1,8.3985598183711,-0.0033596506352235223,8.3985598183711,-0.0033596506352235223,0.0006329476845034993,0.3000000684419472,0.3,0.00899999498021889,-0.0021299133972801335,0.37145238895395316,True
28.150000000000002,8.413559824880656,-0.0033604284400686655,8.413559824880656,-0.0033604284400686655,0.0005592707334326637,0.3000000669284774,0.3,0.00899999509122228,-0.0022640198550685094,0.371473487709745,True
28.200000000000003,8.42855983153899,-0.003362975114914993,8.42855983153899,-0.003362975114914993,0.00048083544221907173,0.3000000654484753,0.3,0.008999995199770988,-0.0023985304606563805,0.3714942312144187,True
28.25,8.443559838146783,-0.003367367178868851,8.443559838146783,-0.003367367178868851,0.000397605331813555,0.3000000640012007,0.3,0.008999995305919377,-0.0025332579241253202,0.3715145539213188,True
28.3,8.4585598444757,-0.003373678109216233,8.4585598444757,-0.003373678109216233,0.0003095693154320106,0.30000006258593004,0.3,0.008999995409720424,-0.0026680841815752004,0.37153438579514153,True
28.35,8.473559850269101,-0.003381980786090412,8.473559850269101,-0.003381980786090412,0.00021672175674519956,0.3000000612019555,0.3,0.008999995511226124,-0.0028028690565050935,0.3715536557881801,True
28.400000000000002,8.488559855241242,-0.003392347532099056,8.488559855241242,-0.003392347532099056,0.00011906162891036475,0.300000059848585,0.3,0.008999995610487232,-0.002937514338958514,0.3715722920501776,True
28.450000000000003,8.503559859076477,-0.0034048500897514928,8.503559859076477,-0.0034048500897514928,1.659216018499734e-05,0.3000000585251419,0.3,0.008999995707553362,-0.002872417536878525,0.37159022205588,True
28.5,8.518559861471424,-0.0034190717846564835,8.518559861471424,-0.0034190717846564835,-8.711875211946816e-05,0.3000000572309643,0.3,0.00899999580247307,-0.002997758060441731,0.3715550544203515,True
28.55,8.53355986221952,-0.0034349906569091874,8.53355986221952,-0.0034349906569091874,-0.00019190501781382095,0.30000005596540513,0.3,0.008999995895293735,-0.003124381740636047,0.3715080158548709,True
28.6,8.548559860968279,-0.0034531086776672815,8.548559860968279,-0.0034531086776672815,-0.00030118885936671703,0.3000000547278315,0.3,0.008999995986061908,-0.003248035683169866,0.37145744390212376,True
28.650000000000002,8.563559857330274,-0.003473489300650228,8.563559857330274,-0.003473489300650228,-0.00041494017328987256,0.30000005351762454,0.3,0.008999996074822878,-0.0033686470039965845,0.3714032842323781,True
28.700000000000003,8.578559850895374,-0.003496184569864093,8.578559850895374,-0.003496184569864093,-0.000533051640646711,0.30000005233417915,0.3,0.008999996161621062,-0.00348627050440884,0.37134551685936407,True
28.75,8.593559841230421,-0.0035212448687147306,8.593559841230421,-0.0035212448687147306,-0.0006554156196470651,0.3000000511769035,0.3,0.008999996246499886,-0.003600938755658507,0.37128412355428786,True
28.8,8.608559827879589,-0.0035487191844393363,8.608559827879589,-0.0035487191844393363,-0.000781926028026201,0.3000000500452189,0.3,0.00899999632950173,-0.0037120659302084373,0.3712190870219193,True
28.85,8.623559810366244,-0.003578653562872461,8.623559810366244,-0.003578653562872461,-0.0009124669077459677,0.30000004893855947,0.3,0.008999996410668148,-0.0038168882740265368,0.37115039584037046,True
28.900000000000002,8.638559788201826,-0.003611084066791813,8.638559788201826,-0.003611084066791813,-0.0010468625102324006,0.3000000478563718,0.3,0.008999996490039736,-0.003915174926841428,0.3710780663195229,True
28.950000000000003,8.653559760892485,-0.0036460365527232618,8.653559760892485,-0.0036460365527232618,-0.0011848836324712844,0.30000004679811476,0.3,0.008999996567656146,-0.004007162830287187,0.371002140837593,True
29.0,8.668559727937003,-0.0036835334332746706,8.668559727937003,-0.0036835334332746706,-0.0013263011797230947,0.30000004576325917,0.3,0.008999996643556198,-0.004093063736527523,0.3709226651739943,True
29.05,8.683559688827563,-0.003723594802905267,8.683559688827563,-0.003723594802905267,-0.0014708940662215603,0.30000004475128755,0.3,0.008999996717777835,-0.004173092137064964,0.3708396850375121,True
29.1,8.698559643051277,-0.0037662385009127265,8.698559643051277,-0.0037662385009127265,-0.0016184488144558218,0.3000000437616938,0.3,0.008999996790358254,-0.00424746652929045,0.3707532461220401,True
29.150000000000002,8.713559590091572,-0.003811480242299118,8.713559590091572,-0.003811480242299118,-0.0017687596755940442,0.3000000427939832,0.3,0.008999996861333646,-0.004314482729836492,0.3706633939398352,True
29.200000000000003,8.728559529438495,-0.0038593290420037827,8.728559529438495,-0.0038593290420037827,-0.0019215943808436617,0.3000000418476717,0.3,0.00899999693073956,-0.004371681680065894,0.3705701885608539,True
29.25,8.743559460608482,-0.003909780097631815,8.743559460608482,-0.003909780097631815,-0.0020766463466009018,0.3000000409222862,0.3,0.008999996998610659,-0.00441938562959499,0.37047372590937877,True
29.3,8.758559383146485,-0.003962818562950652,8.758559383146485,-0.003962818562950652,-0.002233570846563604,0.3000000400173639,0.3,0.008999997064980966,-0.0044579945933046206,0.3703741232494854,True
29.35,8.77355929661774,-0.004018426215775581,8.77355929661774,-0.004018426215775581,-0.0023920360466967022,0.3000000391324523,0.3,0.008999997129883619,-0.004487910426925422,0.3702714973704614,True
29.400000000000002,8.788559200609255,-0.004076581852987358,8.788559200609255,-0.004076581852987358,-0.0025517244262731795,0.30000003826710897,0.3,0.008999997193351043,-0.004509529895879634,0.37016596377072947,True
29.450000000000003,8.803559094731336,-0.004137261497468245,8.803559094731336,-0.004137261497468245,-0.0027123327199252262,0.30000003742090114,0.3,0.008999997255414964,-0.004523093674916016,0.37005763646895123,True
29.5,8.818558978619983,-0.004200438217333701,8.818558978619983,-0.004200438217333701,-0.002873569040583561,0.30000003659340563,0.3,0.008999997316106519,-0.004525342105933724,0.369946629039243,True
29.55,8.83355885196548,-0.004266073341041209,8.83355885196548,-0.004266073341041209,-0.0030350876116816655,0.3000000357842087,0.3,0.00899999737545596,-0.0045151674830977255,0.36983308275659255,True
29.6,8.848558714535319,-0.004334112039271996,8.848558714535319,-0.004334112039271996,-0.003196464698355243,0.3000000349929057,0.3,0.008999997433493024,-0.004493143307273316,0.3697171781480785,True
29.650000000000002,8.863558566158066,-0.004404491721529151,8.863558566158066,-0.004404491721529151,-0.003357267030114388,0.30000003421910093,0.3,0.008999997490246634,-0.004459835389981785,0.3695991062955918,True
29.700000000000003,8.878558406713939,-0.0044771461357153534,8.878558406713939,-0.0044771461357153534,-0.003517081673520236,0.30000003346240744,0.3,0.00899999754574529,-0.004415825384103669,0.3694790558764576,True
29.75,8.893558236135114,-0.00455200569246585,8.893558236135114,-0.00455200569246585,-0.00367551617776773,0.30000003272244685,0.3,0.008999997600016714,-0.004361659278692878,0.36935721279836065,True
29.8,8.908558054405779,-0.00462899772535115,8.908558054405779,-0.00462899772535115,-0.0038321982209041376,0.30000003199884917,0.3,0.008999997653087993,-0.00429689344770442,0.36923376004665986,True
29.85,8.923557861571604,-0.0047080442823757025,8.923557861571604,-0.0047080442823757025,-0.0039867573084693495,0.3000000312912525,0.3,0.008999997704985723,-0.0042177552757902935,0.36910888532194486,True
29.900000000000002,8.938557657785845,-0.004789051504162362,8.938557657785845,-0.004789051504162362,-0.004138747685772744,0.30000003059930314,0.3,0.00899999775573577,-0.004124353360345851,0.3689828145178891,True
29.950000000000003,8.953557443319275,-0.004871909548459711,8.953557443319275,-0.004871909548459711,-0.004287658195338727,0.30000002992265495,0.3,0.008999997805363575,-0.0040174053104290825,0.3688558088683668,True
30.0,8.968557218523026,-0.0049565029361893905,8.968557218523026,-0.0049565029361893905,-0.004432992428254393,0.3000000292609696,0.3,0.00899999785389401,-0.0038976398840155036,0.36872813083664324,True
30.05,8.983556983820803,-0.005042712343619654,8.983556983820803,-0.005042712343619654,-0.004574279794164642,0.3000000286139162,0.3,0.00899999790135122,-0.003765748932287054,0.3686000390452189,True
30.1,8.99855673970609,-0.0051304149276556925,8.99855673970609,-0.0051304149276556925,-0.0047110750614893235,0.30000002798117126,0.3,0.008999997947759037,-0.0036224344637659505,0.3684717880914298,True
30.150000000000002,9.013556486738864,-0.005219484637511608,9.013556486738864,-0.005219484637511608,-0.004842957879917433,0.3000000273624183,0.3,0.0089999979931406,-0.0034658840847490574,0.3683436283819465,True
30.200000000000003,9.028556225571872,-0.0053097864648637,9.028556225571872,-0.0053097864648637,-0.004969488079349275,0.30000002675734794,0.3,0.008999998037518699,-0.003293064502072979,0.36821582513553563,True
30.25,9.043555957000656,-0.005401166787752604,9.043555957000656,-0.005401166787752604,-0.0050901389944977265,0.30000002616565763,0.3,0.0089999980809154,-0.0031048511371361016,0.3680886878002733,True
30.3,9.058555681942085,-0.0054934585371337495,9.058555681942085,-0.0054934585371337495,-0.005204345442813856,0.30000002558705147,0.3,0.008999998123352483,-0.00290207539007013,0.3679625506657977,True
30.35,9.073555401386148,-0.005586490418816618,9.073555401386148,-0.005586490418816618,-0.005311572709595194,0.3000000250212401,0.3,0.008999998164851157,-0.0026855855633824864,0.3678377432003591,True
30.400000000000002,9.088555116388589,-0.005680087300190819,9.088555116388589,-0.005680087300190819,-0.005411316063777041,0.30000002446794066,0.3,0.008999998205432186,-0.0024562298070813743,0.36771458981430866,True
30.450000000000003,9.103554828062272,-0.005774070702392985,9.103554828062272,-0.005774070702392985,-0.0055031010567548055,0.3000000239268764,0.3,0.008999998245115841,-0.0022145851571705897,0.3675934092860399,True
30.5,9.11855453757179,-0.005868258591103971,9.11855453757179,-0.005868258591103971,-0.00558647868008328,0.30000002339777687,0.3,0.008999998283921893,-0.0019571441305148494,0.3674745164125034,True
30.55,9.133554246184875,-0.005962455082567108,9.133554246184875,-0.005962455082567108,-0.005660947617204664,0.30000002288037736,0.3,0.008999998321869889,-0.001682823496515419,0.36735825534517813,True
30.6,9.148553955298276,-0.006056445234381869,9.148553955298276,-0.006056445234381869,-0.005725924607669021,0.30000002237441925,0.3,0.008999998358978663,-0.001392614449853241,0.36724501358251826,True
30.650000000000002,9.16355366637553,-0.006150005033797702,9.16355366637553,-0.006150005033797702,-0.00578082474847132,0.30000002187964947,0.3,0.008999998395266872,-0.0010874903020443522,0.3671351881935668,True
30.700000000000003,9.17855338090724,-0.0062429065871999236,9.17855338090724,-0.0062429065871999236,-0.005825098203027199,0.3000000213958206,0.3,0.008999998430752667,-0.0007683968518181406,0.3670291697600213,True
30.75,9.193553100396935,-0.006334918533364033,9.193553100396935,-0.006334918533364033,-0.005858229390486641,0.30000002092269074,0.3,0.008999998465453761,-0.0004362214503877504,0.36692734221159595,True
30.8,9.208552826346967,-0.006425806344487978,9.208552826346967,-0.006425806344487978,-0.005879735450962372,0.30000002046002333,0.3,0.008999998499387428,-9.08283165442283e-05,0.36683008298776143,True
30.85,9.223552560258437,-0.006515330166748546,9.223552560258437,-0.006515330166748546,-0.005889146938983489,0.30000002000758696,0.3,0.00899999853257073,0.00027169077928111446,0.3667377709245814,True
30.900000000000002,9.238552303686307,-0.006603233202941489,9.238552303686307,-0.006603233202941489,-0.0058859222221873,0.3000000195651554,0.3,0.008999998565020295,0.0006509902167306865,0.3666508232394876,True
30.950000000000003,9.253552058225821,-0.00668924147008,9.253552058225821,-0.00668924147008,-0.005869456073871795,0.3000000191325074,0.3,0.008999998596752237,0.0010460213879464157,0.3665696932361303,True
31.0,9.268551825426927,-0.006773075346424754,9.268551825426927,-0.006773075346424754,-0.00583916815178004,0.3000000187094266,0.3,0.008999998627782547,0.0014557218023195052,0.3664948325542534,True
31.05,9.283551606762652,-0.00685445176033394,9.283551606762652,-0.00685445176033394,-0.005794515793607153,0.3000000182957015,0.3,0.008999998658126656,0.0018790710028436654,0.3664266851995803,True
31.1,9.298551403606938,-0.006933084687671048,9.298551403606938,-0.006933084687671048,-0.005734993513920112,0.3000000178911252,0.3,0.008999998687799743,0.0023151553849658888,0.36636568720438556,True
31.150000000000002,9.313551217213876,-0.007008685341439783,9.313551217213876,-0.007008685341439783,-0.005660130345975608,0.3000000174954953,0.3,0.00899999871681669,0.0027655041976016614,0.36631226723370036,True
31.200000000000003,9.328551048729537,-0.007080956444769628,9.328551048729537,-0.007080956444769628,-0.0055694443288409135,0.3000000171086141,0.3,0.008999998745191938,0.0032330252146707374,0.3662668658053938,True
31.25,9.343550899221656,-0.007149582502907941,9.343550899221656,-0.007149582502907941,-0.005462374294780904,0.3000000167302881,0.3,0.008999998772939746,0.0037165482851095975,0.3662299652403985,True
31.3,9.358550769620273,-0.007214235092992845,9.358550769620273,-0.007214235092992845,-0.005338328052442013,0.300000016360328,0.3,0.008999998800073994,0.004215078031074875,0.36620207011079187,True
31.35,9.373550660637097,-0.007274582307291933,9.373550660637097,-0.007274582307291933,-0.005196752057331314,0.300000015998549,0.3,0.008999998826608195,0.004727407265764748,0.36618367716443145,True
31.400000000000002,9.388550572735069,-0.0073302894077271535,9.388550572735069,-0.0073302894077271535,-0.0050371320721691315,0.30000001564477,0.3,0.008999998852555625,0.005252602405712738,0.36617527448357623,True
31.450000000000003,9.403550506098904,-0.00738101928316267,9.403550506098904,-0.00738101928316267,-0.004858992063173582,0.30000001529881426,0.3,0.008999998877929266,0.0057897684957695945,0.3661773413625393,True
31.5,9.418550460608811,-0.007426432234422634,9.418550460608811,-0.007426432234422634,-0.004661888626039719,0.30000001496050865,0.3,0.008999998902741856,0.006342113822095039,0.36619035018175594,True
31.55,9.433550435855476,-0.007466176331410024,9.433550435855476,-0.007466176331410024,-0.004445337051424925,0.30000001462968406,0.3,0.00899999892700576,0.006910304951427392,0.3662147979744203,True
31.6,9.4485504311208,-0.007499882608445471,9.4485504311208,-0.007499882608445471,-0.004208783449377698,0.30000001430617507,0.3,0.008999998950733104,0.007493261506317536,0.3662512195119973,True
31.650000000000002,9.463550445291038,-0.0075271747410630635,9.463550445291038,-0.0075271747410630635,-0.003951681301665323,0.3000000139898199,0.3,0.008999998973935736,0.008089926246049803,0.36630015495221524,True
31.700000000000003,9.47855047680042,-0.0075476735280773375,9.47855047680042,-0.0075476735280773375,-0.0036735222314278914,0.30000001368046036,0.3,0.008999998996625277,0.008699091838238035,0.36636213624496694,True
31.75,9.493550523592996,-0.007560997772260411,9.493550523592996,-0.007560997772260411,-0.0033738382687427903,0.30000001337794174,0.3,0.008999999018813097,0.009319786627106258,0.36643768558627043,True
31.8,9.508550583087,-0.007566764690784421,9.508550583087,-0.007566764690784421,-0.0030522003223745556,0.30000001308211277,0.3,0.008999999040510274,0.00995182179509229,0.36652731546592987,True
31.85,9.523550652146048,-0.007564587986846693,9.523550652146048,-0.007564587986846693,-0.0027081999979172927,0.3000000127928255,0.3,0.008999999061727673,0.01059857534473318,0.3666315359934057,True
31.900000000000002,9.538550727065783,-0.007554067453079806,9.538550727065783,-0.007554067453079806,-0.0023413719506939867,0.30000001250993535,0.3,0.00899999908247583,0.011259403436825525,0.3667508883391756,True
31.950000000000003,9.553550803515641,-0.00753478891181068,9.553550803515641,-0.00753478891181068,-0.0019512020053285995,0.3000000122333008,0.3,0.008999999102765173,0.011933241180414599,0.3668859424095757,True
32.0,9.568550876460208,-0.007506334707418079,9.568550876460208,-0.007506334707418079,-0.0015372064642459552,0.3000000119627835,0.3,0.008999999122605932,0.012618899137189521,0.3670372628402089,True
32.050000000000004,9.583550940113145,-0.007468285536089607,9.583550940113145,-0.007468285536089607,-0.0010989418467554505,0.3000000116982482,0.3,0.008999999142007881,0.013315366772771826,0.36720540428068493,True
32.1,9.598550987896115,-0.0074202209281021385,9.598550987896115,-0.0074202209281021385,-0.0006360039185072653,0.3000000114395626,0.3,0.008999999160980805,0.014021539467101002,0.36739091120214645,True
32.15,9.613551012398798,-0.007361719614103722,9.613551012398798,-0.007361719614103722,-0.0001480261773434038,0.3000000111865974,0.3,0.008999999179534169,0.014738605714844739,0.36759431798087017,True
32.2,9.628551005338018,-0.007292354722336617,9.628551005338018,-0.007292354722336617,0.0003653594041886339,0.30000001093922607,0.3,0.00899999919767727,0.015617842820345123,0.3675991418800018,True
32.25,9.643550957169893,-0.007211320857149816,9.643550957169893,-0.007211320857149816,0.0009072427829133278,0.30000001069732485,0.3,0.008999999215419234,0.01637192173047994,0.3675192795163768,True
32.300000000000004,9.658550856957262,-0.007118085519596748,9.658550856957262,-0.007118085519596748,0.0014782851505851851,0.30000001046077285,0.3,0.008999999232768847,0.01713280012204737,0.36744300053350276,True
32.35,9.673550693303403,-0.0070125119586438205,9.673550693303403,-0.0070125119586438205,0.00207637391779509,0.3000000102294518,0.3,0.008999999249734795,0.017902512438634346,0.3673710748888351,True
32.4,9.688550453609112,-0.006894155624549148,9.688550453609112,-0.006894155624549148,0.002701788616562617,0.30000001000324594,0.3,0.008999999266325583,0.01868005437904614,0.36730387036115797,True
32.45,9.70355012411931,-0.006762565082635337,9.70355012411931,-0.006762565082635337,0.003354827203867004,0.3000000097820423,0.3,0.008999999282549447,0.019464520720524656,0.36724175653528074,True
32.5,9.718549689888437,-0.0066172892003346275,9.718549689888437,-0.0066172892003346275,0.004035753579776638,0.30000000956573014,0.3,0.00899999929841453,0.020257984922875557,0.3671851131954843,True
32.550000000000004,9.73354913470635,-0.006457870123415301,9.73354913470635,-0.006457870123415301,0.00474485253781279,0.30000000935420135,0.3,0.008999999313928801,0.02106080416657261,0.36713432105958854,True
32.6,9.748548441012355,-0.006283839611044966,9.748548441012355,-0.006283839611044966,0.005482452307480613,0.3000000091473501,0.3,0.008999999329100061,0.021871952270054774,0.3670897587861094,True
32.65,9.76354758985763,-0.006094726121757794,9.76354758985763,-0.006094726121757794,0.006248869215198091,0.300000008945073,0.3,0.008999999343935788,0.02269043416786036,0.3670518123146702,True
32.7,9.77854656087295,-0.005890058426276279,9.77854656087295,-0.005890058426276279,0.007044383540189088,0.3000000087472689,0.3,0.008999999358443471,0.02351522026405057,0.36702087841164444,True
32.75,9.793545332228886,-0.005669366157276083,9.793545332228886,-0.005669366157276083,0.00786923945194913,0.3000000085538389,0.3,0.008999999372630295,0.024345319557655665,0.3669973641349989,True
32.800000000000004,9.808543880598886,-0.005432180347907209,9.808543880598886,-0.005432180347907209,0.008723645080920186,0.3000000083646862,0.3,0.008999999386503477,0.02518050579879167,0.36698168626913036,True
32.85,9.82354218110672,-0.005178032007720671,9.82354218110672,-0.005178032007720671,0.009607786861423663,0.30000000817971634,0.3,0.008999999400069809,0.026022668565728865,0.36697426849896453,True
32.9,9.838540207210444,-0.004906445337186142,9.838540207210444,-0.004906445337186142,0.010521880969696987,0.3000000079988367,0.3,0.00899999941333621,0.026871188201298694,0.36697553298577673,True
32.95,9.853537930630232,-0.0046169380591385145,9.853537930630232,-0.0046169380591385145,0.01146616630247735,0.3000000078219569,0.3,0.008999999426309208,0.027725220062684446,0.3669859021399148,True
33.0,9.868535321353425,-0.004309027995342913,9.868535321353425,-0.004309027995342913,0.012440855652805788,0.3000000076489885,0.3,0.008999999438995336,0.028583745551757304,0.3670058064946925,True
33.050000000000004,9.883532347606701,-0.003982234459217781,9.883532347606701,-0.003982234459217781,0.013446128583826229,0.30000000747984495,0.3,0.008999999451400934,0.029445884501591118,0.36703568541480713,True
33.1,9.898528975825416,-0.003636078862151467,9.898528975825416,-0.003636078862151467,0.01448213079160976,0.3000000073144417,0.3,0.008999999463532228,0.030310793281486934,0.36707598666879027,True
33.15,9.913525170619021,-0.003270084786791821,9.913525170619021,-0.003270084786791821,0.015548977226839449,0.3000000071526961,0.3,0.008999999475395207,0.031178853189742523,0.36712716542315316,True
33.2,9.928520894692836,-0.0028837753646706685,9.928520894692836,-0.0028837753646706685,0.016646774622034826,0.30000000699452717,0.3,0.008999999486995883,0.032050966320787244,0.36718968021064347,True
33.25,9.943516108724175,-0.00247666902519322,9.943516108724175,-0.00247666902519322,0.017775652671409545,0.30000000683985584,0.3,0.008999999498340072,0.03292647753412246,0.36726398799498783,True
33.300000000000004,9.958510771330417,-0.002048281646856604,9.958510771330417,-0.002048281646856604,0.018935745522017128,0.3000000066886048,0.3,0.008999999509433344,0.03380440953736562,0.36735054749867124,True
33.35,9.973504839101368,-0.001598131234490804,9.973504839101368,-0.001598131234490804,0.020127158205250198,0.3000000065406984,0.3,0.008999999520281365,0.034684006986647836,0.3674498244230676,True
33.4,9.988498266579944,-0.0011257386371505865,9.988498266579944,-0.0011257386371505865,0.02134996484351501,0.3000000063960627,0.3,0.00899999953088945,0.035564383050342666,0.36756229124587314,True
33.45,10.003491006237795,-0.0006306277780934308,10.003490783978112,-0.0006318463367088406,0.02190605349086095,0.30000000625462536,0.3,0.008999999541262996,0.036444977485520454,0.36789256711586704,True
33.5,10.01848300844764,-0.00011232563632979022,10.01848272760788,-0.00014648691232098434,0.020193367977657476,0.30000000611631567,0.3,0.008999999551407102,0.03732658708055177,0.36888197527834465,True
33.550000000000004,10.033474221362285,0.0004296415067279949,10.033476816318556,0.0003175807837203913,0.018511734531530485,0.3000000059810644,0.3,0.008999999561326926,0.03820907190214592,0.36920616522533745,True
33.6,10.048464590832378,0.0009957492723265625,10.048472944414083,0.0007608263498842042,0.01686120879361875,0.300000005848804,0.3,0.008999999571027399,0.03909170202986421,0.3692494002722578,True
33.65,10.063454060449693,0.0015864715329851687,10.063471009526591,0.00118371818391113,0.015241831713167963,0.3000000057194683,0.3,0.008999999580513342,0.03997383737791112,0.3693041523774484,True
33.7,10.078442571557497,0.0022022788944933602,10.07847091258753,0.0015867219566621468,0.013653618396961543,0.30000000559299256,0.3,0.008999999589789571,0.0408547028878046,0.3693699305218192,True
33.75,10.09343006324229,0.0028436382176667764,10.093472557771946,0.0019703001263486506,0.012096557298616778,0.30000000546931366,0.3,0.008999999598860622,0.04173372478355164,0.3694462552798984,True
33.800000000000004,10.108416472322865,0.0035110123803910394,10.108475852436296,0.0023349116937656845,0.010570610933316946,0.3000000053483697,0.3,0.0089999996077311,0.04261027739684293,0.3695326588734341,True
33.85,10.123401733334106,0.004204860290494131,10.12348070705257,0.002681012209148611,0.009075724130715036,0.3000000052301002,0.3,0.008999999616405402,0.0434852344412742,0.3696286827406041,True
33.9,10.138385778398987,0.004925640091914961,10.138487035118997,0.0030090569749618777,0.007611842447504534,0.30000000511444597,0.3,0.008999999624887914,0.04435783205354218,0.369733868890719,True
33.95,10.153368537195735,0.005673809016829024,10.153494753120444,0.0033195008944153135,0.006178911560347576,0.30000000500134927,0.3,0.008999999633182815,0.045227643026018845,0.3698477602260668,True
34.0,10.168349937048156,0.0064498200755931535,10.168503780502448,0.003612795156165024,0.004776859603913455,0.30000000489075346,0.3,0.008999999641294344,0.046094049182808544,0.369969909083496,True
34.050000000000004,10.183329902912908,0.007254122113856387,10.183514039605921,0.0038893872882345896,0.00340559231958449,0.3000000047826033,0.3,0.008999999649226462,0.046956365902000134,0.37009987862600147,True
34.1,10.19830835740887,0.00808715887516416,10.198525455605271,0.004149720217264702,0.00206499217563684,0.3000000046768447,0.3,0.008999999656983197,0.04781422490689319,0.3702372440543927,True
34.15,10.213285220805503,0.00894936924685889,10.213537956438907,0.0043942325123998045,0.0007549191036800781,0.30000000457342474,0.3,0.008999999664568369,0.0486672542848194,0.37038159215403027,True
34.2,10.228260410998542,0.009841187760553817,10.228551472742991,0.004623358884715932,-0.0005247727401017781,0.30000000447229175,0.3,0.008999999671985802,0.04951571502707231,0.37022080083027875,True
34.25,10.24323384344279,0.010763045921984087,10.243565937791574,0.004837531517755753,-0.0017742386303126053,0.3000000043733951,0.3,0.008999999679239286,0.05035882728412729,0.36963571663062533,True
34.300000000000004,10.258205431184699,0.01171537122837217,10.258581287440691,0.005037179084055318,-0.0029936393907619638,0.3000000042766854,0.3,0.008999999686332298,0.051196320048905716,0.3690742714617866,True
34.35,10.273175084934627,0.012698585623725672,10.273597460063439,0.005222725198987665,-0.004183162084058618,0.3000000041821142,0.3,0.00899999969326853,0.05202767378568888,0.3685359729616878,True
34.4,10.28814271305548,0.013713105888331715,10.288614396485238,0.005394588811167701,-0.005342996735776401,0.30000000408963434,0.3,0.0089999997000513,0.05285248194061263,0.36802033293015923,True
34.45,10.303108221600858,0.014759343061911545,10.303632039916689,0.005553183625784061,-0.00647336483886797,0.30000000399919946,0.3,0.00899999970668415,0.053670416409719014,0.36752685946367836,True
34.5,10.318071514316168,0.015837702662612946,10.318650335889728,0.005698918325119553,-0.00757448985799354,0.3000000039107644,0.3,0.00899999971317027,0.054481199063765036,0.36705506548712474,True
34.550000000000004,10.333032492644755,0.01694858479997101,10.333669232195529,0.005832196683395823,-0.008646606112581938,0.30000000382428493,0.3,0.008999999719513008,0.05528438141964688,0.3666044660086931,True
34.6,10.347991055768645,0.01809238371116384,10.348688678818728,0.0059534171043532595,-0.009689972108724153,0.3000000037397178,0.3,0.008999999725715455,0.056079627800871126,0.36617457464303743,True
34.65,10.36294710064964,0.01926948739921657,10.363708627870988,0.006062972261019669,-0.01070485667085646,0.30000000365702073,0.3,0.008999999731780735,0.05686685254176653,0.3657649080835031,True
34.7,10.377900522009485,0.020480278309153062,10.378729033535734,0.006161249775567014,-0.011691528731354551,0.3000000035761523,0.3,0.008999999737711957,0.05764546625554986,0.36537498844138205,True
34.75,10.392851212395762,0.02172513260577361,10.39374985200054,0.006248631498578085,-0.012650276772222552,0.3000000034970722,0.3,0.008999999743511974,0.058415435052563636,0.36500433821845524,True
34.800000000000004,10.407799062216068,0.023004420063591782,10.408771041394804,0.006325493401592525,-0.013581400451715768,0.30000000341974076,0.3,0.00899999974918374,0.05917633559531588,0.3646524828931941,True
34.85,10.422743959747601,0.024318504344604266,10.423792561733737,0.006392205858514024,-0.014485207637470214,0.30000000334411936,0.3,0.008999999754730115,0.05992759766630211,0.36431895151536225,True
34.9,10.437685791271972,0.025667741519292284,10.43881437483809,0.006449132166254757,-0.015362024003461426,0.30000000327017023,0.3,0.008999999760153782,0.06066881711222908,0.36400327535179644,True
34.95,10.45262444113778,0.027052479824575145,10.453836444267328,0.006496628304513229,-0.016212185240846486,0.30000000319785636,0.3,0.00899999976545752,0.0613999435418314,0.3637049904266567,True
35.0,10.46755979173122,0.028473060678730976,10.468858735274566,0.006535043955865827,-0.017036057564584386,0.30000000312714153,0.3,0.008999999770644026,0.06212090599891362,0.36342363045303067,True
35.050000000000004,10.482491723458732,0.029929819395616775,10.483881214762757,0.006564723225195376,-0.017833979600318267,0.30000000305799046,0.3,0.008999999775715816,0.06283138431443551,0.3631587432485122,True
35.1,10.497420114836851,0.03142308448107311,10.498903851219183,0.0065860039375986905,-0.0186063268172814,0.30000000299036855,0.3,0.008999999780675429,0.06353136632412866,0.36290987243080663,True
35.15,10.512344842533246,0.032953177640234955,10.513926614661637,0.0065992176488916515,-0.019353465774793636,0.30000000292424195,0.3,0.008999999785525415,0.06422021792823353,0.362676570892405,True
35.2,10.527265781481528,0.03452041294003546,10.528949476568872,0.006604688808373794,-0.020075759741991592,0.3000000028595776,0.3,0.008999999790268148,0.06489728571165643,0.3624583999694359,True
35.25,10.54218280509395,0.0361250950065444,10.54397240978837,0.006602732951910309,-0.020773632330527564,0.30000000279634326,0.3,0.008999999794905957,0.06556259276769184,0.3622549125081725,True
35.300000000000004,10.557095785223709,0.037767520277313185,10.558995388503597,0.00659365795965058,-0.021447488682858604,0.30000000273450717,0.3,0.00899999979944127,0.06621592923058177,0.362065674815208,True
35.35,10.572004592137787,0.039447977969051994,10.57401838820169,0.00657776502907321,-0.022097752239985516,0.3000000026740385,0.3,0.008999999803876276,0.06685750720837434,0.3618902548497046,True
35.4,10.586909094533219,0.041166750460957496,10.589041385633099,0.006555349062157984,-0.02272483155678831,0.30000000261490695,0.3,0.008999999808213213,0.06748712728593541,0.36172823159239575,True
35.45,10.601809159581133,0.04292411335099718,10.60406435876631,0.006526698724348869,-0.023329157368110087,0.30000000255708303,0.3,0.0089999998124542,0.06810498164443768,0.3615791840722359,True
35.5,10.616704652985746,0.044720335366949665,10.619087286740466,0.006492096357501075,-0.023911145692444985,0.30000000250053777,0.3,0.008999999816601443,0.06870974974419668,0.36144270229636,True
35.550000000000004,10.631595439314847,0.04655567565746546,10.634110149754239,0.006451815259555541,-0.02447122535274543,0.3000000024452429,0.3,0.008999999820656987,0.06930119159092912,0.3613183818669355,True
35.6,10.64648138224339,0.048430382298556875,10.64913292897685,0.00640611818188207,-0.025009890420572015,0.30000000239117075,0.3,0.008999999824622854,0.06987953533397269,0.3612058100708024,True
35.65,10.661362344287648,0.05034469574875067,10.664155606582549,0.006355260799565286,-0.025527583087856354,0.3000000023382943,0.3,0.008999999828501018,0.07044456165051083,0.36110459682287227,True
35.7,10.67623818686068,0.05229884893381979,10.679178165709464,0.006299491796667142,-0.026024775252997154,0.3000000022865872,0.3,0.008999999832293397,0.07099684003955685,0.36101435059392695,True
35.75,10.691108770248093,0.05429306803767862,10.694200590438761,0.006239053661660842,-0.02650194750714105,0.30000000223602347,0.3,0.0089999998360019,0.07153599386943112,0.36093468378305216,True
35.800000000000004,10.705973953690012,0.056327572278395716,10.70922286574971,0.006174182462554678,-0.026959532344866435,0.30000000218657785,0.3,0.008999999839628424,0.07206265621040231,0.3608652296026661,True
35.85,10.720833595427154,0.05840257402697156,10.724244977484698,0.006105107966358562,-0.027398017332488284,0.30000000213822564,0.3,0.00899999984317475,0.07257674232285813,0.3608056116573488,True
35.9,10.735687552656039,0.06051827967327894,10.739266912336536,0.006032054510676097,-0.027817820670480876,0.30000000209094263,0.3,0.008999999846642686,0.07307835727480345,0.36075547958855214,True
35.95,10.75053568172725,0.06267488841892666,10.754288657780119,0.005955239788609449,-0.028219390053636162,0.3000000020447052,0.3,0.008999999850033894,0.07356771874673193,0.3607144812587658,True
36.0,10.765377838116365,0.06487259303400886,10.769310202058595,0.005874875609688438,-0.028603182353099582,0.3000000019994903,0.3,0.008999999853350104,0.07404490827648946,0.3606822679480315,True
36.050000000000004,10.78021387647655,0.06711157989354104,10.784331534151274,0.005791167935909235,-0.02896961933265904,0.30000000195527515,0.3,0.008999999856593032,0.07451007111077587,0.36065850729659693,True
36.1,10.795043650710818,0.06939202886697439,10.799352643738224,0.005704316769368481,-0.029319133647933617,0.3000000019120378,0.3,0.008999999859764199,0.07496337547395154,0.3606428699117805,True
36.15,10.809867013995254,0.07171411359384788,10.814373521177036,0.005614516428707039,-0.02965213748995937,0.30000000186975656,0.3,0.00899999986286523,0.07540503959408273,0.3606350382774959,True
36.2,10.824683818800587,0.07407800174554836,10.829394157480628,0.005521955811734302,-0.02996908088089134,0.3000000018284103,0.3,0.008999999865897685,0.07583514233573636,0.36063468939052,True
36.25,10.839493916962418,0.07648385491426313,10.844414544285062,0.005426818281984419,-0.03027034896472519,0.3000000017879783,0.3,0.008999999868863124,0.07625391567634042,0.3606415249752158,True
36.300000000000004,10.854297159724144,0.07893182871259195,10.8594346738244,0.005329281767342328,-0.030556366067476887,0.3000000017484404,0.3,0.00899999987176301,0.07666139993181013,0.3606552408693776,True
36.35,10.869093397793176,0.08142207277597878,10.874454538903532,0.005229518760343157,-0.03082752188035448,0.3000000017097768,0.3,0.008999999874598708,0.0770578215865404,0.36067554865226753,True
36.4,10.883882481392021,0.08395473080508947,10.889474132872966,0.005127696358455955,-0.031084231161239817,0.30000000167196816,0.3,0.008999999877371765,0.07744347429888589,0.36070215809936657,True
36.45,10.898664260209921,0.08652994126879748,10.904493449625416,0.005023976971796384,-0.03132686958971297,0.30000000163499563,0.3,0.008999999880083447,0.0778183605648153,0.36073479526199137,True
36.5,10.913438583512722,0.08914783700472707,10.91951248355901,0.004918517917342248,-0.03155582248150035,0.30000000159884066,0.3,0.008999999882735182,0.07818260046294023,0.3607731885905925,True
36.550000000000004,10.928205300255172,0.09180854485223254,10.934531229541605,0.004811471044625911,-0.031771472995775235,0.30000000156348516,0.3,0.008999999885328321,0.07853627125357433,0.3608170727575668,True
36.6,10.942964259105649,0.09451218587886166,10.949549682894391,0.004702982960707456,-0.031974200794473745,0.30000000152891154,0.3,0.008999999887864044,0.07888000205385846,0.3608661888178755,True
36.65,10.957715308296201,0.09725887666476099,10.96456783941094,0.0045931963265128505,-0.032164372919823325,0.3000000014951024,0.3,0.008999999890343743,0.07921356264219483,0.36092028557702704,True
36.7,10.972458295747195,0.10004872879411286,10.979585695319853,0.004482249339941942,-0.03234236420291153,0.3000000014620409,0.3,0.008999999892768612,0.07953719350792007,0.36097911412447026,True
36.75,10.987193069268772,0.10288184794564627,10.994603247234158,0.004370274810938007,-0.03250850462123347,0.30000000142971056,0.3,0.008999999895139799,0.0798509741194986,0.3610424441661265,True
36.800000000000004,11.001919476486961,0.10575833469041133,11.009620492156706,0.004257400964669122,-0.03266316315526948,0.3000000013980951,0.3,0.00899999989745863,0.08015523927944282,0.3611100386608366,True
36.85,11.01663736484281,0.1086782847931927,11.024637427470491,0.004143751743031556,-0.03280668649217005,0.30000000136717875,0.3,0.008999999899726123,0.08045018244042196,0.3611816714614524,True
36.9,11.031346581567641,0.11164178962278216,11.039654050933517,0.004029447217125733,-0.03293939698141111,0.30000000133694604,0.3,0.008999999901943528,0.08073587947812244,0.36125712749329425,True
36.95,11.046046973814743,0.1146489356555175,11.05467036064416,0.003914603079852313,-0.033061656877988344,0.3000000013073819,0.3,0.008999999904111851,0.08101241080089529,0.3613361844501785,True
37.0,11.060738388747836,0.11769980426664987,11.06968635501624,0.0037993304290450504,-0.03317376605900982,0.30000000127847154,0.3,0.008999999906232228,0.08127992082216891,0.3614186429471523,True
37.050000000000004,11.075420673555747,0.12079447194202582,11.084702032768657,0.003683735976815265,-0.033276065102416846,0.30000000125020043,0.3,0.008999999908305766,0.08153890037016832,0.3615042961331529,True
37.1,11.090093675303772,0.12393301133785478,11.099717392944356,0.003567923121739972,-0.03336886832516181,0.3000000012225545,0.3,0.008999999910333449,0.08178912840303,0.36159294821472054,True
37.15,11.104757241100508,0.12711549059971752,11.114732434871424,0.0034519912526371666,-0.03345247033167917,0.3000000011955199,0.3,0.008999999912316287,0.0820311124986843,0.36168441322993916,True
37.2,11.119411218134475,0.130341973415814,11.129747158149158,0.003336035797374005,-0.03352720531704037,0.30000000116908315,0.3,0.00899999991425523,0.08226462908018138,0.361778497640069,True
37.25,11.13405545369352,0.13361251915503805,11.144761562637546,0.003220148357885712,-0.03359334280321652,0.300000001143231,0.3,0.008999999916151316,0.08249034442081196,0.3618750307038531,True
37.300000000000004,11.148689795130146,0.13692718326427986,11.159775648456115,0.0031044171095566744,-0.03365117420020444,0.3000000011179505,0.3,0.0089999999180055,0.08270775677254204,0.361973838741662,True
37.35,11.16331408999723,0.14028601679771874,11.17478941595358,0.0029889263162658384,-0.03370101779111356,0.30000000109322905,0.3,0.008999999919818655,0.08291766092378851,0.362074744159398,True
37.4,11.177928186042449,0.14368906667230447,11.189802865702614,0.002873756584553847,-0.033743127020438496,0.3000000010690543,0.3,0.008999999921591709,0.08311990222340343,0.3621775920280236,True
37.45,11.192531931035646,0.14713637669804272,11.204815998521894,0.002758985909624299,-0.03377778857920602,0.3000000010454141,0.3,0.008999999923325567,0.08331467150487294,0.36228222033208296,True
37.5,11.20712517308823,0.15062798621505455,11.219828815416289,0.002644688279214581,-0.033805258724308396,0.3000000010222966,0.3,0.008999999925021101,0.08350198401953543,0.36238847999716783,True
37.550000000000004,11.221707760604891,0.15416393054820987,11.234841317579711,0.0025309341305380264,-0.03382583473793574,0.3000000009996904,0.3,0.00899999992667914,0.08368255458163075,0.3624962135205142,True
37.6,11.236279542041315,0.15774424230890774,11.249853506427847,0.0024177916754163082,-0.03383974122509614,0.30000000097758406,0.3,0.008999999928300462,0.08385585387037378,0.3626052869132561,True
37.65,11.250840366161981,0.1613689503446852,11.264865383550106,0.002305325821841442,-0.0338472441831389,0.3000000009559666,0.3,0.008999999929885944,0.08402229109629764,0.36271555739907213,True
37.7,11.265390082258437,0.16503807895290135,11.279876950670811,0.002193597361591908,-0.03384859687504591,0.3000000009348271,0.3,0.008999999931436402,0.08418224323654908,0.36282689006207514,True
37.75,11.27992853969209,0.1687516501099889,11.29488820971508,0.0020826652461243423,-0.03384403848213518,0.3000000009141551,0.3,0.008999999932952576,0.08433560829260874,0.36293915596292836,True
37.800000000000004,11.29445558814948,0.1725096824534034,11.30989916276279,0.0019725855396159546,-0.03383377346547764,0.3000000008939402,0.3,0.00899999993443521,0.08448255682298281,0.36305223922272434,True
37.85,11.308971077785387,0.1763121908238766,11.324909812022169,0.00186341094273513,-0.033818094475193655,0.30000000087417233,0.3,0.008999999935885036,0.08462333420009682,0.3631660015339929,True
37.9,11.323474859056066,0.18015918714455764,11.339920159850019,0.0017551916877372581,-0.03379719730803704,0.3000000008548416,0.3,0.00899999993730285,0.08475805611029842,0.36328033540743476,True
37.95,11.337966782751378,0.18405068041003825,11.354930208741385,0.0016479755218230465,-0.03377130109964055,0.3000000008359383,0.3,0.008999999938689275,0.08488681398059536,0.3633951290187089,True
38.0,11.352446700093253,0.18798667640721023,11.369939961310243,0.0015418074142444567,-0.03374059147924874,0.30000000081745304,0.3,0.00899999994004506,0.08500966141042723,0.36351028313322,True
38.050000000000004,11.366914462792861,0.19196717762561358,11.384949420276982,0.0014367294569823344,-0.03370534089161786,0.30000000079937655,0.3,0.008999999941370844,0.08512698778531791,0.36362567599632223,True
38.1,11.381369922898381,0.19599218400885368,11.399958588485305,0.0013327816314573373,-0.03366572444019683,0.3000000007816998,0.3,0.008999999942667296,0.08523898303836205,0.363741216451859,True
38.15,11.39581293269945,0.20006169342835647,11.41496746890981,0.001230002292074298,-0.033621936651206996,0.3000000007644139,0.3,0.008999999943935131,0.08534534785152326,0.36385680929117165,True
38.2,11.41024334513239,0.2041757001818188,11.429976064595431,0.0011284266129880968,-0.03357417401916357,0.30000000074751026,0.3,0.008999999945174928,0.08544648275991555,0.3639723619125139,True
38.25,11.424661013708079,0.20833419543188722,11.44498437866433,0.0010280870315829947,-0.03352263123040682,0.30000000073098043,0.3,0.008999999946387281,0.08554258649845006,0.36408778498159217,True
38.300000000000004,11.43906579220977,0.21253716848362256,11.459992414351897,0.0009290145608913845,-0.03346749223230577,0.30000000071481614,0.3,0.008999999947572805,0.08563396574427724,0.36420299373179127,True
38.35,11.453457534730308,0.2167846067029472,11.475000174996,0.0008312387019600809,-0.03340896171778074,0.3000000006990093,0.3,0.008999999948732122,0.08572026212527815,0.36431789883703714,True
38.400000000000006,11.467836096008263,0.22107649433973736,11.490007663988775,0.0007347862213844235,-0.0333471559049105,0.300000000683552,0.3,0.008999999949865787,0.08580194242625755,0.3644324395977597,True
38.45,11.482201331377636,0.22541281284466783,11.505014884780227,0.0006396814706878912,-0.033282308281999524,0.30000000066843646,0.3,0.008999999950974419,0.08587898690513696,0.36454652340782895,True
38.5,11.49655309654741,0.22979354177760752,11.520021840902297,0.0005459473206218848,-0.03321455491893904,0.3000000006536552,0.3,0.008999999952058567,0.08595157342969287,0.3646600876505611,True
38.550000000000004,11.510891247788868,0.2342186582020191,11.535028535940928,0.0004536045282303739,-0.03314405885667504,0.3000000006392008,0.3,0.008999999953118678,0.08602005436919746,0.36477306392722714,True
38.6,11.525215641694789,0.23868813762892943,11.550034973561704,0.0003626727105575728,-0.03307100343433078,0.30000000062506604,0.3,0.008999999954155345,0.08608410406796702,0.3648853790346762,True
38.650000000000006,11.539526135489083,0.24320195298313652,11.565041157467755,0.00027316926640473787,-0.0329954821084914,0.3000000006112438,0.3,0.00899999995516914,0.08614410567842863,0.3649969882934716,True
38.7,11.553822587048135,0.24776007463191757,11.580047091394395,0.00018510939820923287,-0.03291773631953681,0.30000000059772725,0.3,0.008999999956160529,0.08620025680162866,0.36510780590065717,True
38.75,11.568104854542838,0.25236247170173065,11.595052779147967,9.850747568085438e-05,-0.032837818282862086,0.3000000005845096,0.3,0.00899999995712995,0.08625235791049685,0.36521780227096057,True
38.800000000000004,11.582372796814472,0.25700911084208533,11.610058224557424,1.3375744546976039e-05,-0.03275592926263676,0.3000000005715842,0.3,0.008999999958077959,0.08630088154280063,0.36532690630918596,True
38.85,11.59662627321695,0.2616999568455424,11.625063431489693,-7.027503455970155e-05,-0.03267217622282093,0.30000000055894466,0.3,0.008999999959004997,0.08634581290280659,0.36529452593605205,True
38.900000000000006,11.610865143462982,0.26643497321501797,11.64006840386323,-0.00015243499894905166,-0.032586717525873776,0.3000000005465846,0.3,0.00899999995991154,0.08638721117041476,0.3652373851974872,True
38.95,11.625089267908198,0.27121412127190603,11.65507314561216,-0.00023309611948372507,-0.03249965113561376,0.3000000005344979,0.3,0.008999999960798012,0.08642510966234127,0.3651822149884222,True
39.0,11.6392985075332,0.27603736029379017,11.670077660685678,-0.00031225206392880475,-0.032411103161256005,0.30000000052267844,0.3,0.008999999961664866,0.08645987972811563,0.36512898477348066,True
39.050000000000004,11.653492723727414,0.28090464827424855,11.685081953068586,-0.0003898974079101517,-0.03232125206158282,0.30000000051112036,0.3,0.008999999962512576,0.08649140911898953,0.3650776477760949,True
39.1,11.667671778364586,0.2858159417179189,11.700086026769243,-0.00046602785326509464,-0.032230122638813974,0.30000000049981784,0.3,0.008999999963341563,0.08651976728503827,0.36502820107894735,True
39.150000000000006,11.68183553403429,0.29077119496381826,11.715089885791858,-0.0005406409430284226,-0.03213788947548296,0.3000000004887653,0.3,0.00899999996415217,0.08654529938910037,0.3649805960627718,True
39.2,11.695983853716603,0.29577036126657474,11.730093534168251,-0.0006137349334866076,-0.032044660115466694,0.3000000004779571,0.3,0.008999999964944919,0.0865680305800275,0.3649348030186942,True
39.25,11.710116600780385,0.3008133928252041,11.745096975954134,-0.000685308766752775,-0.031950535462883234,0.30000000046738795,0.3,0.0089999999657201,0.08658766556327752,0.36489079349152487,True
39.300000000000004,11.724233639462836,0.3059002393596197,11.760100215176914,-0.0007553635725206585,-0.03185559146476513,0.3000000004570525,0.3,0.00899999996647816,0.08660484896102268,0.3648485441428535,True
39.35,11.738334834446833,0.31103084946760357,11.775103255877,-0.000823901248253682,-0.03175992760676372,0.30000000044694564,0.3,0.008999999967219393,0.08661942851576741,0.36480802396888645,True
39.400000000000006,11.752420050699023,0.31620517112983815,11.790106102120358,-0.0008909239297385271,-0.03166369415028453,0.30000000043706226,0.3,0.008999999967944247,0.08663141354922714,0.36476918685070325,True
39.45,11.766489153955495,0.3214231502915994,11.805108757947092,-0.0009564354900938075,-0.03156692471114886,0.30000000042739744,0.3,0.008999999968653078,0.08664091510393526,0.36473201909071457,True
39.5,11.780542010540788,0.32668473145987964,11.820111227387562,-0.0010204409171182345,-0.03146974015406734,0.30000000041794633,0.3,0.008999999969346235,0.08664824633498684,0.36469648031808,True
39.550000000000004,11.794578487121605,0.33198985845275736,11.83511351448345,-0.0010829455256558414,-0.031372194132336766,0.30000000040870417,0.3,0.008999999970024139,0.08665308640661556,0.3646625495171204,True
39.6,11.808598451017463,0.337338473524905,11.850115623254979,-0.0011439558858761859,-0.03127442984418499,0.3000000003996664,0.3,0.008999999970687025,0.08665601999314627,0.36463017818223353,True
39.650000000000006,11.822601770012401,0.34273051794689335,11.865117557716612,-0.0012034792153324536,-0.031176466547323367,0.3000000003908285,0.3,0.008999999971335193,0.08665685848925893,0.3645993534624612,True
39.7,11.836588312200536,0.3481659324574686,11.880119321888504,-0.0012615229020879893,-0.03107840580386534,0.30000000038218605,0.3,0.008999999971969076,0.08665564734194549,0.36457003822241724,True
39.75,11.850557946425347,0.3536446560541474,11.895120919753355,-0.0013180957915660848,-0.0309803219408889,0.3000000003737347,0.3,0.008999999972588926,0.08665243124972752,0.3645422018434872,True
39.800000000000004,11.86451054210737,0.3591666265227209,11.91012235527078,-0.0013732076310820622,-0.03088228766889778,0.30000000036547025,0.3,0.008999999973195042,0.08664761319232202,0.3645158132749079,True
39.85,11.878445968941874,0.36473178128873457,11.925123632402164,-0.0014268681675908617,-0.030784367670182333,0.30000000035738855,0.3,0.008999999973787767,0.08664085332528837,0.36449084381481467,True
39.900000000000006,11.892364097173873,0.37034005667559367,11.940124755083282,-0.0014790879394099186,-0.03068662549475154,0.30000000034948554,0.3,0.008999999974367416,0.08663500589837993,0.36446726429837517,True
39.95,11.906264795501317,0.37599139349805566,11.955125727404475,-0.0015298723062452287,-0.030589079602022288,0.3000000003417573,0.3,0.008999999974934265,0.08663392015888981,0.3644450639493082,True
40.0,11.920147926998393,0.3816857475539129,11.970126553950525,-0.0015792101998021568,-0.030491598436227063,0.30000000033419993,0.3,0.00899999997548855,0.08663818437670034,0.36442429238049645,True
40.050000000000004,11.934013350200228,0.3874230861051452,11.985127239685516,-0.0016270777966331947,-0.030394060271308865,0.3000000003268097,0.3,0.008999999976030616,0.08664650670514337,0.36440500908612233,True
40.1,11.947860923166052,0.3932033768723771,12.00012778959946,-0.0016734502421664184,-0.030296266591305243,0.3000000003195829,0.3,0.008999999976560613,0.08665947377633922,0.3643872971032308,True
40.150000000000006,11.961690503605263,0.39902658769333627,12.01512820870462,-0.0017183020126094917,-0.030198061328768955,0.3000000003125159,0.3,0.008999999977078954,0.08667640377423985,0.3643712277072515,True
40.2,11.975501948333974,0.4048926878944159,12.030128502086832,-0.0017616054383812001,-0.03009931992497183,0.30000000030560514,0.3,0.00899999997758585,0.08669752965522191,0.36435686509234155,True
40.25,11.989295113625595,0.410801647342779,12.045128674881212,-0.0018033317121147823,-0.0299998364628547,0.30000000029884727,0.3,0.008999999978081452,0.08672491367088837,0.3643442984446271,True
40.300000000000004,12.003069852703264,0.4167534426602101,12.060128732478708,-0.0018434441889227438,-0.02989948307376772,0.3000000002922388,0.3,0.008999999978566176,0.08675999730995321,0.3643336019205383,True
40.35,12.016826014227702,0.4227480606549541,12.075128680642448,-0.0018818946376151404,-0.029797979647836537,0.30000000028577645,0.3,0.008999999979040144,0.08680218347317156,0.36432490589853295,True
40.400000000000006,12.030563444281286,0.4287854930296859,12.090128525345323,-0.0019186288850540597,-0.029695060732460143,0.300000000279457,0.3,0.008999999979503657,0.08685070439237534,0.3643183424177775,True
40.45,12.044281988350022,0.4348657313715923,12.105128272619405,-0.0019535921975276658,-0.02959051515054012,0.30000000027327733,0.3,0.008999999979956872,0.08690563536908338,0.3643140281812788,True
40.5,12.05798149084012,0.44098876832162515,12.12012792860369,-0.001986728012190105,-0.02948408453503143,0.3000000002672343,0.3,0.00899999998040012,0.08696666224731125,0.3643120955693636,True
40.550000000000004,12.071661794675048,0.4471545984894532,12.135127499582573,-0.0020179769341061296,-0.029375544600887316,0.3000000002613249,0.3,0.00899999998083351,0.08703335116318152,0.36431266981756794,True
40.6,12.08532274179335,0.4533632171935109,12.150126991954458,-0.002047278086191523,-0.029264714275848258,0.3000000002555462,0.3,0.00899999998125732,0.08710669408349045,0.3643158649875686,True
40.650000000000006,12.09896417196086,0.45961462320788776,12.165126412327316,-0.002074566113843364,-0.029151342869779717,0.30000000024989526,0.3,0.008999999981671756,0.08718674759025488,0.36432182004531777,True
40.7,12.112585922131109,0.46590882009684936,12.180125767568574,-0.002099769702928054,-0.029035220487696797,0.3000000002443693,0.3,0.00899999998207703,0.08727287841172109,0.3643306679708497,True
40.75,12.126187827885298,0.47224581269788696,12.195125064701939,-0.002122815373431067,-0.028916117768709896,0.3000000002389655,0.3,0.00899999998247337,0.08736451908415971,0.3643425496345327,True
40.800000000000004,12.139769724116075,0.4786256055047629,12.210124310865151,-0.0021436292294689657,-0.028793797077624195,0.30000000023368123,0.3,0.008999999982860914,0.08746172114709898,0.36435760876718337,True
40.85,12.153331444480413,0.4850482039127162,12.225123513357312,-0.002162135594955947,-0.028668089630634826,0.3000000002285138,0.3,0.008999999983239892,0.08756343413128269,0.3643759707054508,True
40.900000000000006,12.166872821901979,0.4915136130461459,12.240122679609438,-0.0021782582836511193,-0.028538814750896646,0.30000000022346063,0.3,0.008999999983610526,0.08766988824708957,0.3643977648001961,True
40.95,12.180393688544365,0.49802183781901,12.255121817193217,-0.0021919205283022227,-0.02840577666447341,0.3000000002185192,0.3,0.00899999998397296,0.087779794832438,0.364423125429015,True
41.0,12.193893876097372,0.5045728822999273,12.270120933807437,-0.00220304567205031,-0.02826888798208416,0.300000000213687,0.3,0.008999999984327416,0.08789373209271452,0.36445215508392925,True
41.050000000000004,12.207373215606447,0.5111667501056109,12.28512003729576,-0.002211556735097454,-0.028127954842039782,0.3000000002089617,0.3,0.00899999998467395,0.08801042486476844,0.3644849878274916,True
41.1,12.220831537471938,0.5178034444050887,12.300119135651617,-0.0022173764058728463,-0.02798288528495552,0.3000000002043409,0.3,0.008999999985012847,0.08813008236989046,0.36452172817805906,True
41.150000000000006,12.234268671982955,0.5244829667721941,12.315118236987185,-0.0022204283014851892,-0.027833576662773033,0.30000000019982226,0.3,0.008999999985344308,0.08825238411265471,0.36456248287513904,True
41.2,12.247684448406776,0.5312053191738657,12.330117349598218,-0.0022206347770807057,-0.02767995812154561,0.30000000019540357,0.3,0.008999999985668363,0.08837669534447667,0.3646073506060378,True
41.25,12.26107869589637,0.5379705020140391,12.345116481907162,-0.002217919076823644,-0.02752188652968163,0.3000000001910826,0.3,0.008999999985985269,0.08850161193332766,0.3646564503917223,True
41.300000000000004,12.274451244776829,0.5447785114752111,12.360115642385736,-0.002212208281442384,-0.027359374531552072,0.30000000018685713,0.3,0.00899999998629519,0.08862628913241287,0.364709851720739,True
41.35,12.287801927095261,0.5516293385189993,12.37511483952813,-0.0022034344422372453,-0.02719238569978255,0.3000000001827251,0.3,0.008999999986598275,0.08875073937414686,0.36476763351980046,True
41.400000000000006,12.301130575419034,0.5585229715496562,12.3901140819335,-0.0021915316569427624,-0.027020928338025385,0.30000000017868445,0.3,0.008999999986894661,0.08887404391911127,0.3648298595509675,True
41.45,12.31443702301113,0.5654593961288039,12.40511337829755,-0.0021764363991536237,-0.02684505680905896,0.30000000017473316,0.3,0.008999999987184462,0.08899661673990109,0.3648965776873435,True
41.5,12.32772110357408,0.572438595579646,12.420112737430212,-0.0021580868597968726,-0.02666477492605096,0.30000000017086925,0.3,0.008999999987467856,0.08911831360342992,0.3649678489266475,True
41.550000000000004,12.340982650436615,0.5794605526855368,12.435112168304837,-0.002136421061354677,-0.026480111467322598,0.3000000001670908,0.3,0.008999999987745002,0.08923824833358474,0.36504372711276656,True
41.6,12.354221497971166,0.5865252468475903,12.450111679972444,-0.002111380029769525,-0.02629114349791334,0.3000000001633959,0.3,0.008999999988015954,0.08935422968134953,0.3651242489132039,True
41.650000000000006,12.367437484056026,0.5936326493028394,12.465111281421315,-0.0020829131676179764,-0.026097973485392945,0.3000000001597827,0.3,0.008999999988280983,0.0894652728789592,0.36520943515917637,True
41.7,12.380630450730717,0.6007827221207878,12.48011098154893,-0.002050979442065578,-0.02590073107113372,0.3000000001562494,0.3,0.0089999999885401,0.08957173745903094,0.3652992891337339,True
41.75,12.393800241810691,0.6079754231825084,12.495110789305643,-0.0020155418652778065,-0.025699616722803853,0.3000000001527942,0.3,0.008999999988793526,0.08967372125668992,0.3653937892668613,True
41.800000000000004,12.406946701741271,0.6152107085273025,12.510110713757276,-0.001976564882809475,-0.025494792907280347,0.30000000014941547,0.3,0.0089999999890413,0.08977124619821945,0.36549292370114617,True
41.85,12.420069675950009,0.6224885317112993,12.525110764060425,-0.001934015103745252,-0.02528641994862951,0.3000000001461114,0.3,0.008999999989283669,0.08986427154837046,0.3655966790328039,True
41.900000000000006,12.433169011018876,0.6298088435402008,12.540110949449176,-0.0018878616160531783,-0.02507462871128613,0.3000000001428804,0.3,0.008999999989520616,0.08995107251868799,0.3657050480207855,True
41.95,12.446244556725205,0.6371715882787163,12.555111279123059,-0.001838080289100803,-0.024859671143946493,0.3000000001397209,0.3,0.008999999989752329,0.09002903957119363,0.3658179810577659,True
42.0,12.459296169393715,0.6445766975717767,12.570111762074148,-0.0017846607115522696,-0.024641757747086046,0.3000000001366312,0.3,0.008999999989978965,0.09009864232083302,0.3659354269711149,True
42.050000000000004,12.472323710120392,0.6520240941969557,12.585112407190735,-0.0017276020458434301,-0.024421256627075782,0.30000000013360983,0.3,0.008999999990200574,0.09015981168940936,0.366057278679617,True
42.1,12.485327042068768,0.6595136973603127,12.600113223397585,-0.0016669070861796784,-0.02419840950308183,0.3000000001306553,0.3,0.00899999999041725,0.09021345357288314,0.3661834625737984,True
42.150000000000006,12.498306029967903,0.6670454237133686,12.615114219673163,-0.0016025811270972156,-0.023973562297753936,0.3000000001277661,0.3,0.008999999990629132,0.0902590149050524,0.36631387189019804,True
42.2,12.511260540558501,0.6746191865996377,12.630115405018312,-0.0015346328400204848,-0.02374699500487565,0.3000000001249408,0.3,0.00899999999083632,0.0902971530621234,0.36644841582862897,True
42.25,12.524190442942565,0.6822348955109985,12.645116788431764,-0.0014630749197277583,-0.02351892614688411,0.300000000122178,0.3,0.008999999991038966,0.09032442243373512,0.36658701760442974,True
42.300000000000004,12.537095612024887,0.6898924500255438,12.660118378739131,-0.001387931055013076,-0.023289743480546465,0.30000000011947625,0.3,0.008999999991237096,0.09033961518030874,0.3667295396571202,True
42.35,12.549975931448039,0.6975917349177104,12.675120184458347,-0.0013092416299044232,-0.023059858644928544,0.30000000011683425,0.3,0.008999999991430864,0.09034343702441998,0.36687582066228175,True
42.400000000000006,12.562831289300984,0.7053326282484077,12.69012221400839,-0.0012270545744946292,-0.022829632685403167,0.30000000011425065,0.3,0.008999999991620385,0.09033615036173015,0.36702570657778333,True
42.45,12.575661576397675,0.7131150045906175,12.705124475780343,-0.0011414217153920578,-0.022599588094464274,0.3000000001117242,0.3,0.008999999991805731,0.09031823917246547,0.36717899193970355,True
42.5,12.58846668647471,0.7209387347751377,12.720126978115074,-0.0010523990993303233,-0.022369995555741262,0.3000000001092536,0.3,0.008999999991986933,0.09028987943769068,0.3673355410651495,True
42.550000000000004,12.601246516227977,0.7288036859277358,12.735129729289142,-0.0009600469842476061,-0.022141233120771542,0.30000000010683764,0.3,0.008999999992164142,0.09025171036749899,0.3674951824440691,True
42.6,12.614000965085658,0.7367097219585762,12.750132737512558,-0.0008644293073252547,-0.0219137834229457,0.30000000010447514,0.3,0.008999999992337386,0.0901989137665282,0.367657710075019,True
42.650000000000006,12.626729941328698,0.7446566932313201,12.765136010653917,-0.0007656256950963565,-0.0216880252481495,0.3000000001021649,0.3,0.00899999999250681,0.09013192368849851,0.367822932764053,True
42.7,12.63943336336684,0.7526444348638043,12.78013955619047,-0.0006637335805131368,-0.021464416026172106,0.3000000000999057,0.3,0.008999999992672507,0.09005088973765568,0.36799061832609414,True
42.75,12.652111154068933,0.7606727767463147,12.79514338144625,-0.0005588567035838905,-0.021243581519785892,0.30000000009769645,0.3,0.00899999999283454,0.08995730812547122,0.36816047868037294,True
42.800000000000004,12.664763239411771,0.7687415459391808,12.810147493630318,-0.0004511023688116886,-0.021025879535690684,0.30000000009553607,0.3,0.008999999992992993,0.08985162307188686,0.3683323009730505,True
42.85,12.677389547837054,0.7768505677996934,12.825151899842165,-0.00034058015660334037,-0.02081187147538699,0.3000000000934235,0.3,0.008999999993147911,0.08973444712470983,0.36850581011237865,True
42.900000000000006,12.689990011166117,0.7849996645081642,12.840156607014265,-0.00022740366573529493,-0.020601861349771714,0.3000000000913576,0.3,0.008999999993299448,0.08960377733855122,0.3686808026963395,True
42.95,12.7025645676213,0.7931886502279283,12.855161621776336,-0.00011169622571798092,-0.020396416514612548,0.30000000008933736,0.3,0.008999999993447631,0.08945654731565832,0.3688569880391881,True
43.0,12.71511316700883,0.8014173229755256,12.870166950245379,6.3994566228228526e-06,-0.020195956825097786,0.30000000008736183,0.3,0.008999999993592519,0.08929410231558062,0.3690213005378016,True
43.050000000000004,12.72763576737383,0.8096854705243091,12.885172598150707,0.0001267280667898769,-0.02000117140455049,0.30000000008543,0.3,0.0089999999937342,0.08911667837455202,0.36895832218280156,True
43.1,12.740132330861677,0.8179928773233696,12.9001785709735,0.00024912973141053875,-0.01981248256350321,0.30000000008354083,0.3,0.008999999993872793,0.08892614626184028,0.3688914805068212,True
43.150000000000006,12.752602822883231,0.8263393258982373,12.915184873951189,0.00037344163703381726,-0.01963051321010645,0.3000000000816935,0.3,0.008999999994008287,0.0887219963816646,0.3688207544299312,True
43.2,12.765047212723573,0.8347245959270677,12.930191512028102,0.0004994969131846269,-0.019455682992581713,0.300000000079887,0.3,0.008999999994140775,0.0885054997604898,0.3687461867494638,True
43.25,12.777465474278374,0.8431484631583992,12.945198489804115,0.0006271233132876506,-0.01928845747552488,0.3000000000781204,0.3,0.008999999994270385,0.08827357154660466,0.3686678120961776,True
43.300000000000004,12.789857589327765,0.8516106944414955,12.960205811395806,0.000756137254164863,-0.019129334724666932,0.3000000000763929,0.3,0.008999999994397108,0.08802486169270822,0.36858566684553395,True
43.35,12.802223551640953,0.860111041680647,12.975213480275059,0.0008863365006648656,-0.018978951917761666,0.3000000000747036,0.3,0.008999999994520962,0.08776005411147968,0.368499765029808,True
43.400000000000006,12.814563362684282,0.8686492488709859,12.990221499401997,0.0010175083904398424,-0.018837779321293935,0.30000000007305166,0.3,0.008999999994642151,0.08748053200271619,0.36841018025814337,True
43.45,12.826877028023606,0.8772250577928997,13.005229871320072,0.0011494365546050747,-0.018706488498600127,0.3000000000714363,0.3,0.008999999994760586,0.08718708813133097,0.36831693053997644,True
43.5,12.839164556844574,0.8858382087758557,13.020238598137926,0.0012819018061134783,-0.018585533126836085,0.3000000000698566,0.3,0.008999999994876441,0.0868808567252157,0.36822010088860946,True
43.550000000000004,12.851425961996286,0.8944884406504782,13.035247681494084,0.001414682062634997,-0.018475391883232772,0.30000000006831185,0.3,0.008999999994989755,0.08656131126648077,0.368119771858877,True
43.6,12.86366126149453,0.9031754885331471,13.050257122474843,0.001547549656987563,-0.018376592106230657,0.3000000000668013,0.3,0.008999999995100514,0.08622542380492043,0.36801601526949523,True
43.650000000000006,12.875870484278913,0.9118990754111225,13.065266921395942,0.0016802611306404585,-0.018289546014402247,0.30000000006532407,0.3,0.008999999995208884,0.08587292822865741,0.3679089526740885,True
43.7,12.888053670679147,0.9206589118258152,13.080277077761565,0.0018125566972341184,-0.018214963259088997,0.30000000006387956,0.3,0.008999999995314811,0.08550487137391868,0.3677986343426798,True
43.75,12.90021086727984,0.9294547037360791,13.095287590398323,0.0019441696171087445,-0.018153360615479567,0.30000000006246696,0.3,0.008999999995418432,0.08512247965636736,0.36768517436678894,True
43.800000000000004,12.912342124695535,0.9382861558568442,13.110298457486627,0.002074830194005748,-0.01810527363922398,0.3000000000610856,0.3,0.008999999995519738,0.08472686999316283,0.36756868430784667,True
43.85,12.924447497108547,0.9471529723325297,13.125309676534002,0.002204266577364379,-0.018071195809570395,0.3000000000597348,0.3,0.008999999995618823,0.08431890473273561,0.3674492903374339,True
43.900000000000006,12.936527042411235,0.9560548565227611,13.140321244330423,0.002332204491217353,-0.018051644666446487,0.3000000000584139,0.3,0.008999999995715728,0.08389758660624785,0.36732711402822343,True
43.95,12.948580824890358,0.9649915071848134,13.155333156825275,0.002458362554465358,-0.018046961299535202,0.3000000000571222,0.3,0.008999999995810427,0.08345951274541188,0.36720233613251774,True
44.0,12.960608921443246,0.9739626098113632,13.170345408895212,0.002582441607839085,-0.018057804042734826,0.30000000005585903,0.3,0.008999999995903073,0.08300600120285849,0.3670750617749678,True
44.050000000000004,12.972611419261087,0.9829678402670211,13.185357994376613,0.0027041290063264476,-0.01808468972142485,0.3000000000546238,0.3,0.008999999995993688,0.0825381826119974,0.36694545136262413,True
44.1,12.984588409536553,0.9920068738306835,13.200370906215447,0.0028231096187503373,-0.01812815079583141,0.30000000005341587,0.3,0.008999999996082303,0.08205722755717548,0.36681366328711507,True
44.150000000000006,12.996539987282434,1.0010793854314306,13.215384136424674,0.002939066110552996,-0.01818867840629135,0.3000000000522347,0.3,0.008999999996168894,0.08156444877106836,0.36667987043676875,True
44.2,13.008466250683723,1.0101850505213656,13.230397676057793,0.0030516800164741417,-0.018266719115960894,0.30000000005107963,0.3,0.008999999996253612,0.08106046546207568,0.3665442600933959,True
44.25,13.020367301464098,1.0193235445303037,13.245411515152625,0.003160631070446395,-0.018362684800739548,0.3000000000499501,0.3,0.008999999996336466,0.08054175179802991,0.3664070316966608,True
44.300000000000004,13.032243251627287,1.028494533664813,13.260425642477243,0.0032655857881035283,-0.018477039371888826,0.3000000000488455,0.3,0.008999999996417487,0.08000815219639677,0.36626838271749523,True
44.35,13.04409422538035,1.0376976725534695,13.275440045420467,0.0033661944182680863,-0.018610312650770622,0.3000000000477654,0.3,0.008999999996496713,0.07946043820499481,0.3661285076332137,True
44.400000000000006,13.055920353385615,1.0469326122876443,13.290454710116366,0.00346210081105746,-0.018763023343882246,0.3000000000467091,0.3,0.008999999996574212,0.07890023312977686,0.3659876107691815,True
44.45,13.06772177001813,1.056199004157196,13.305469621475549,0.0035529470378799846,-0.018935647167851566,0.30000000004567623,0.3,0.00899999999664998,0.07832845558153816,0.36584591108081155,True
44.5,13.079498612686503,1.0654965005141768,13.320484763154454,0.003638374476454035,-0.019128554617880215,0.3000000000446662,0.3,0.00899999999672403,0.0777459428400058,0.3657036594073581,True
44.550000000000004,13.091251022583439,1.0748247537198214,13.335500117481516,0.00371802250575338,-0.019342203874606945,0.3000000000436785,0.3,0.008999999996796466,0.07715314381853669,0.3655610829589033,True
44.6,13.102979145078818,1.0841834155995898,13.350515665395262,0.003791527822386296,-0.019576970411956607,0.3000000000427126,0.3,0.00899999999686734,0.07654664213271437,0.36541843620356695,True
44.650000000000006,13.114683135860354,1.093572129408143,13.36553138619454,0.003858514318302384,-0.019833223206541354,0.3000000000417681,0.3,0.008999999996936629,0.07592688415915529,0.36527598854814775,True
44.7,13.126363161725696,1.1029905290106614,13.3805472574503,0.003918591938669841,-0.02011150358591962,0.3000000000408445,0.3,0.008999999997004328,0.07529493046601293,0.3651339728324453,True
44.75,13.138019394231932,1.1124382473131302,13.395563255148426,0.003971367222807267,-0.020412266205451557,0.30000000003994126,0.3,0.008999999997070601,0.07465236326234595,0.36499265108631745,True
44.800000000000004,13.149652007685766,1.121914918834376,13.4105793536986,0.004016446556457809,-0.0207357991045809,0.300000000039058,0.3,0.008999999997135391,0.07399983432009923,0.3648523348065322,True
44.85,13.161261179247438,1.131420179494857,13.425595525877402,0.0040534359306337395,-0.021082588667433847,0.3000000000381943,0.3,0.00899999999719874,0.07333870200610643,0.364713277766859,True
44.900000000000006,13.172847088907366,1.1409536665766788,13.440611742777566,0.004081940914569889,-0.02145290640917097,0.3000000000373497,0.3,0.00899999999726069,0.07266761275088367,0.3645757976910324,True
44.95,13.184409922122873,1.150515015324342,13.455627973665225,0.004101562345571921,-0.021847083315970628,0.30000000003652383,0.3,0.008999999997321227,0.07198417915043989,0.36444019981284403,True
45.0,13.195949875690685,1.1601038515845936,13.470644185712654,0.004111886907115932,-0.022265517319013273,0.3000000000357162,0.3,0.008999999997380425,0.0712900451265773,0.3643067841254386,True
45.050000000000004,13.207467153932816,1.1697197967888082,13.485660344059154,0.004112493393245759,-0.022708619604481672,0.3000000000349264,0.3,0.008999999997438371,0.07058587314791961,0.3641758549374703,True
45.1,13.218961963935751,1.179362473952976,13.500676411916563,0.004102960357987125,-0.0231767600001338,0.30000000003415406,0.3,0.008999999997495007,0.06987286034404626,0.36404772929951035,True
45.150000000000006,13.230434515857514,1.1890315072188917,13.515692350502043,0.004082865557727584,-0.023670215380915738,0.30000000003339883,0.3,0.008999999997550362,0.06915238098347065,0.363922752729711,True
45.2,13.24188502144174,1.1987265236197222,13.530708119040115,0.004051788250751131,-0.024189335747901834,0.30000000003266025,0.3,0.008999999997604561,0.06842459868038872,0.3638012480873487,True
45.25,13.253313695113244,1.2084471516311097,13.54572367467211,0.004009307376000734,-0.024734264718832444,0.30000000003193805,0.3,0.008999999997657498,0.06768767300258655,0.3636835995561347,True
45.300000000000004,13.264720758742445,1.2181930152932479,13.56073897221574,0.003954993983678525,-0.0253054143143413,0.3000000000312318,0.3,0.00899999999770932,0.06694104942514972,0.36357012068463634,True
45.35,13.276106443193271,1.2279637324070596,13.575753964031572,0.0038884088554479042,-0.025903060573815088,0.30000000003054117,0.3,0.008999999997759944,0.06618572919263038,0.36346117563160396,True
45.400000000000006,13.287470984261414,1.237758919551722,13.59076860011109,0.0038091089537685297,-0.02652753110126793,0.3000000000298658,0.3,0.008999999997809458,0.06542268398825572,0.36335711761712,True
45.45,13.298814620100726,1.2475781951661395,13.60578282812039,0.003716651431495097,-0.02717905854270275,0.3000000000292054,0.3,0.00899999999785788,0.06465299773838859,0.3632583279506472,True
45.5,13.310137590706022,1.257421180083575,13.620796593369198,0.0036105943699614425,-0.02785795792975831,0.3000000000285596,0.3,0.008999999997905234,0.06387786000825535,0.36316516323098547,True
45.550000000000004,13.32144013715443,1.2672874983408478,13.635809838795474,0.003490497883250122,-0.02856438437179487,0.30000000002792804,0.3,0.008999999997951563,0.06309712203108474,0.36307802536264255,True
45.6,13.332722503093436,1.277176775304886,13.650822504854576,0.003355921725592316,-0.02929859354321485,0.3000000000273104,0.3,0.008999999997996914,0.062308585047597224,0.36299728750657223,True
45.650000000000006,13.343984939969026,1.2870886314392453,13.665834529226615,0.0032064171583645333,-0.030060704293692782,0.3000000000267065,0.3,0.008999999998041186,0.06151288506375322,0.3629233718537559,True
45.7,13.355227706333686,1.2970226831890428,13.680845846770238,0.0030415280727333375,-0.03085098262137287,0.30000000002611593,0.3,0.008999999998084525,0.060710896083562435,0.36285666523757665,True
45.75,13.366451063074477,1.306978548607914,13.695856389676264,0.0028607983649900316,-0.031669727086444666,0.3000000000255384,0.3,0.008999999998126926,0.05990384105645644,0.3627975454081338,True
45.800000000000004,13.377655272152603,1.316955848747466,13.710866087478086,0.002663773811513787,-0.03251707950409776,0.3000000000249737,0.3,0.008999999998168315,0.059092204384125456,0.3627464346143111,True
45.85,13.388840596780653,1.3269542073459388,13.72587486699925,0.002450001718606824,-0.033393210737633024,0.30000000002442145,0.3,0.008999999998208786,0.05827700463255451,0.3627037455019956,True
45.900000000000006,13.400007301440125,1.3369732507113024,13.74088265231013,0.0022190308247123517,-0.03429826475802589,0.3000000000238814,0.3,0.00899999999824844,0.057457708576399036,0.3626698976031605,True
45.95,13.41115565317078,1.3470126061469492,13.755889364617866,0.001970409270442347,-0.03523231724807363,0.3000000000233533,0.3,0.008999999998287149,0.05663270165169054,0.362645331463724,True
46.0,13.422285925786102,1.3570718970670055,13.77089492198589,0.0017036781546624778,-0.03619560151476742,0.3000000000228369,0.3,0.00899999999832503,0.05580315853531436,0.3626304490220599,True
46.050000000000004,13.433398397570215,1.367150745660392,13.78589923938537,0.0014183750594246919,-0.03718817991293222,0.3000000000223319,0.3,0.00899999999836205,0.054969945843390246,0.3626257061895523,True
46.1,13.444493347158142,1.3772487775501132,13.800902228868509,0.0011140402706883322,-0.03821025709857384,0.3000000000218381,0.3,0.008999999998398267,0.05413360432258498,0.3626315150519632,True
46.150000000000006,13.455571054160023,1.3873656209759297,13.815903799496496,0.0007902157585696919,-0.039261833746456316,0.3000000000213552,0.3,0.008999999998433659,0.05329503198644793,0.3626483460652048,True
46.2,13.466631798828057,1.3975009070768236,13.830903857322179,0.00044644561555340654,-0.040343123227559397,0.30000000002088295,0.3,0.008999999998468297,0.05245525917872027,0.362676605927271,True
46.25,13.477675860928558,1.407654271060897,13.845902305426872,8.227768574159015e-05,-0.04145412562838213,0.30000000002042115,0.3,0.008999999998502178,0.05161243240451924,0.36271676031575817,True
46.300000000000004,13.488703523820316,1.4178253475284541,13.860899043637168,-0.00030274262728344843,-0.04259479616413686,0.30000000001996957,0.3,0.008999999998535306,0.0507668695655175,0.3621638055949504,True
46.35,13.499715075921106,1.4280137688093728,13.875893968374536,-0.0007090745658144561,-0.043765355937575245,0.300000000019528,0.3,0.008999999998567695,0.049918989094841326,0.361416457622977,True
46.400000000000006,13.510710807123873,1.4382191689406953,13.890886972827921,-0.001137176658711071,-0.044965774478738174,0.30000000001909616,0.3,0.00899999999859936,0.049069941529402514,0.36063883703300503,True
46.45,13.521691007249942,1.4484411853034282,13.905877947021267,-0.00158750446236115,-0.04619617209582383,0.3000000000186739,0.3,0.008999999998630326,0.04822023450246163,0.35983046861812884,True
46.5,13.532655965521556,1.458679459102279,13.920866777826301,-0.0020605098418360335,-0.047456460658771966,0.30000000001826094,0.3,0.008999999998660623,0.04737052271503404,0.35899094199382253,True
46.550000000000004,13.54360597106201,1.4689336347087074,13.935857349155334,-0.0025487849859544926,-0.04697418717037172,0.3000000000178571,0.3,0.008999999998690292,0.046521176343215426,0.35864289716791864,True
46.6,13.554541312853853,1.4792033596128187,13.95085159535494,-0.003019447200941561,-0.04529746797487266,0.30000000001746224,0.3,0.008999999998719215,0.04567096814721825,0.35866002443253586,True
46.650000000000006,13.565462282635293,1.4894882811710517,13.965846424665703,-0.0034692012127329414,-0.04365112629516121,0.3000000000170761,0.3,0.00899999999874752,0.04482054328724777,0.3586896008801114,True
46.7,13.576369174674591,1.4997880468136748,13.980841795862256,-0.0038985044048583635,-0.04203517993800965,0.30000000001669846,0.3,0.008999999998775265,0.04397044865316771,0.358731141919861,True
46.75,13.587262282793128,1.5101023072298843,13.995837669707655,-0.004307811540449125,-0.040449625430682645,0.3000000000163292,0.3,0.008999999998802353,0.04312111100474313,0.35878417229507575,True
46.800000000000004,13.598141900468645,1.5204307161630222,14.010834008881568,-0.004697574980034569,-0.03889444192796743,0.3000000000159681,0.3,0.00899999999882885,0.04227360312183996,0.358848224741954,True
46.85,13.609008319743124,1.530772931499445,14.025830777977985,-0.00506824313935849,-0.03736958181772765,0.300000000015615,0.3,0.008999999998854747,0.04142822475389235,0.35892284428775123,True
46.900000000000006,13.619861831068476,1.5411286153319586,14.040827943440956,-0.005420260335405661,-0.03587497299492048,0.3000000000152697,0.3,0.008999999998880046,0.0405850390820903,0.35900758776003405,True
46.95,13.630702724737205,1.5514974323266233,14.055825473421374,-0.005754068952877114,-0.034410536905650546,0.30000000001493204,0.3,0.008999999998904828,0.03974356376028388,0.35910201635789435,True
47.0,13.641531292099558,1.5618790483477205,14.070823337665344,-0.006070111277138367,-0.032976202522102205,0.30000000001460186,0.3,0.008999999998929026,0.03890425554578739,0.3592056897252658,True
47.050000000000004,13.652347824985073,1.5722731310189653,14.085821507501986,-0.006368828688363512,-0.03157189930903026,0.30000000001427896,0.3,0.008999999998952728,0.03806755266890014,0.35931816880043027,True
47.1,13.663152614072096,1.5826793513924875,14.100819955870664,-0.0066506593284486205,-0.03019754077589698,0.3000000000139632,0.3,0.00899999999897588,0.03723436017383718,0.359439022960483,True
47.150000000000006,13.673945947927363,1.5930973848813643,14.115818657301254,-0.006916036762505266,-0.02885301647014915,0.30000000001365446,0.3,0.008999999998998498,0.036404824926274656,0.3595678337136246,True
47.2,13.684728113171468,1.6035269109896653,14.130817587840282,-0.007165390286743869,-0.027538197185468016,0.30000000001335253,0.3,0.00899999999902062,0.035579460674952,0.35970419287469935,True
47.25,13.695499394945196,1.6139676127320435,14.145816724970238,-0.007399145668636642,-0.026252941954275855,0.30000000001305727,0.3,0.00899999999904227,0.03511414460601802,0.3598476997778091,True
47.300000000000004,13.706259476713754,1.624419807542805,14.160816069327176,-0.007616854624332739,-0.024990743435145846,0.3000000000127685,0.3,0.008999999999063492,0.03427575281668451,0.3600006986771359,True
47.35,13.717008587679722,1.634883236281736,14.175815599741993,-0.007818862464334114,-0.023751833631141864,0.30000000001248617,0.3,0.008999999999084168,0.03343361865831442,0.3601627639005417,True
47.400000000000006,13.727747620643797,1.645356947149243,14.190815274496169,-0.008006473518017277,-0.022542942895098284,0.30000000001221006,0.3,0.008999999999104422,0.032596668700515016,0.36033059967031167,True
47.45,13.738476878937014,1.655840611487934,14.205815075681267,-0.008180134668681241,-0.021364044420252415,0.30000000001194005,0.3,0.008999999999124231,0.03176566146780486,0.36050375211802316,True
47.5,13.749196649538183,1.6663339194599402,14.220814987133489,-0.008340267929447143,-0.02021493843876565,0.300000000011676,0.3,0.008999999999143643,0.030940838000339723,0.3606818436147081,True
47.550000000000004,13.759907216393273,1.676836565955321,14.235814993887649,-0.008487289825744261,-0.019095407375349316,0.3000000000114178,0.3,0.008999999999162563,0.030122550186665247,0.3608645078073092,True
47.6,13.77060886090953,1.6873482499947736,14.250815082104214,-0.008621612167050183,-0.018005223111028368,0.30000000001116534,0.3,0.008999999999181054,0.0293115262327423,0.3610513867059945,True
47.650000000000006,13.781301860971405,1.6978686756715817,14.265815239039519,-0.008743640684990416,-0.016944138282570357,0.3000000000109184,0.3,0.008999999999199182,0.028508045161325785,0.36124213460518134,True
47.7,13.791986490798013,1.7083975522152923,14.280815452989996,-0.008853774887519015,-0.01591188758469286,0.300000000010677,0.3,0.008999999999216855,0.027712680855732634,0.36143641784456726,True
47.75,13.802663021005468,1.7189345938463605,14.295815713233486,-0.008952408205779559,-0.014908190526759624,0.3000000000104409,0.3,0.008999999999234152,0.026925022335288987,0.36163391384637866,True
47.800000000000004,13.813331719567739,1.729479518711353,14.310816009955722,-0.009039929426457457,-0.01393276375505226,0.30000000001021004,0.3,0.00899999999925107,0.026146103767357914,0.3618343060402478,True
47.85,13.823992851029514,1.740032049626616,14.325816334219608,-0.009116721609337033,-0.012985312832106466,0.3000000000099843,0.3,0.00899999999926761,0.025375631952989475,0.3620372873606843,True
47.900000000000006,13.834646676063569,1.7505919144625197,14.340816677923923,-0.00918316150261117,-0.012065530132818747,0.30000000000976346,0.3,0.008999999999283859,0.024614402135010663,0.36224256144548006,True
47.95,13.84529345178848,1.761158845748321,14.355817033748583,-0.009239620046945993,-0.011173099110777573,0.3000000000095476,0.3,0.008999999999299667,0.02386385600965335,0.3624498408635697,True
48.0,13.855933428604523,1.7717325838379914,14.370817395155852,-0.009286457899540895,-0.0103076633184086,0.3000000000093364,0.3,0.008999999999315205,0.023123648128722005,0.362658860741809,True
48.050000000000004,13.86656685164432,1.7823128753438249,14.385817756308501,-0.009324027567501395,-0.009468846776928276,0.30000000000912996,0.3,0.008999999999330328,0.022394246679904143,0.36286937061281027,True
48.1,13.877193962313118,1.7928994714986985,14.400818112000904,-0.009352675655034764,-0.0086562713590006,0.30000000000892807,0.3,0.00899999999934514,0.021675491330988707,0.3630811270184503,True
48.150000000000006,13.88781499786994,1.8034921285270216,14.415818457625146,-0.009372742304976135,-0.007869553481648195,0.3000000000087306,0.3,0.008999999999359654,0.020967601343055958,0.36329389503226595,True
48.2,13.89843019180901,1.8140906072023764,14.430818789127958,-0.009384561781299244,-0.007108308549484522,0.30000000000853755,0.3,0.008999999999373823,0.020270662323283596,0.363507446348178,True
48.25,13.909039773377277,1.8246946732860787,14.445819102979648,-0.009388461817835172,-0.006372146561796965,0.30000000000834876,0.3,0.008999999999387671,0.019586679897281398,0.36372156121788,True
48.300000000000004,13.919643964427703,1.8353041006583242,14.460819396163103,-0.009384759179168155,-0.005660640216929136,0.3000000000081641,0.3,0.008999999999401228,0.01891581963935566,0.3639360423274811,True
48.35,13.930242978732192,1.8459186719417708,14.475819666128896,-0.009373758733852385,-0.004973323485069736,0.3000000000079836,0.3,0.008999999999414452,0.018258769246102716,0.36415071614853445,True
48.400000000000006,13.940837023922917,1.85653817647351,14.49081991073397,-0.009355756261177602,-0.004309715138918646,0.3000000000078071,0.3,0.008999999999427376,0.017614873468532282,0.36436542315588155,True
48.45,13.951426302686997,1.8671624090492052,14.505820128198385,-0.009331040183956408,-0.003669333407080311,0.30000000000763444,0.3,0.008999999999440038,0.016984224330177985,0.3645800117391679,True
48.5,13.962011013851255,1.8777911687898752,14.520820317071045,-0.009299893136873766,-0.0030517066069101206,0.30000000000746563,0.3,0.008999999999452403,0.016366755946619994,0.3647943334643013,True
48.550000000000004,13.972591351408271,1.8884242600873713,14.535820476209572,-0.009262590609247121,-0.002456362620100072,0.30000000000730054,0.3,0.008999999999464511,0.015762229724649055,0.3650082475333653,True
48.6,13.983167505073524,1.8990614920076052,14.550820604752278,-0.009219401760967477,-0.0018828347933493863,0.3000000000071391,0.3,0.008999999999476335,0.015170823825667677,0.36522161820242227,True
48.650000000000006,13.993739659916253,1.9097026786281515,14.56582070209587,-0.009170588922755466,-0.0013306575795642983,0.30000000000698124,0.3,0.008999999999487921,0.01459214144638041,0.3654343165583256,True
48.7,14.004307996601678,1.9203476387626757,14.580820767871865,-0.009116407962299218,-0.0007993693605805596,0.30000000000682686,0.3,0.00899999999949924,0.014026362841347522,0.3656462192998512,True
48.75,14.014872691450204,1.9309961958716864,14.595820801925344,-0.009057108389225075,-0.00028851240812055595,0.30000000000667587,0.3,0.008999999999510351,0.013472860175456857,0.365857208629215,True
48.800000000000004,14.025433916827643,1.9416481776442267,14.610820804295095,-0.008992933926811924,0.00020236299348286302,0.30000000000652827,0.3,0.00899999999952115,0.012932191341552273,0.36594696682395766,True
48.85,14.035991840615155,1.952303416502198,14.625820775195415,-0.00892412178057915,0.0006737052904672857,0.3000000000063839,0.3,0.00899999999953177,0.01240365380122629,0.3658758161307133,True
48.900000000000006,14.046546626263938,1.9629617495195624,14.64082071499765,-0.008850902734080507,0.0011259603274768049,0.3000000000062427,0.3,0.00899999999954212,0.011887536235927545,0.3658147663559768,True
48.95,14.057098433356463,1.9736230178382828,14.655820624214051,-0.008773501958761247,0.0015595665429810612,0.30000000000610466,0.3,0.008999999999552259,0.01138355545481563,0.3657634589811961,True
49.0,14.06764741688534,1.984287067365713,14.670820503480988,-0.008692138010900477,0.0019749624566807182,0.30000000000596966,0.3,0.008999999999562172,0.010891549810560069,0.36572154230049325,True
49.050000000000004,14.078193728057808,1.9949537479511732,14.685820353545562,-0.008607023982725864,0.002372578631629097,0.30000000000583765,0.3,0.00899999999957185,0.010411073671629006,0.3656886726452001,True
49.1,14.088737514645116,2.005622913020152,14.700820175253993,-0.008518368008122348,0.002752834775742064,0.3000000000057086,0.3,0.008999999999581282,0.009942580635162145,0.36566451472702133,True
49.150000000000006,14.099278920040549,2.0162944204941984,14.71581996953601,-0.00842637194608764,0.003116150725815503,0.30000000000558236,0.3,0.008999999999590537,0.009485492613772732,0.3656487396853857,True
49.2,14.109818083421562,2.0269681326112052,14.730819737392416,-0.008331231622466493,0.0034629440840006076,0.3000000000054589,0.3,0.00899999999959961,0.009040124547284601,0.36564102553830746,True
49.25,14.120355140071077,2.037643915589551,14.74581947988479,-0.008233137294621266,0.003793627743526873,0.30000000000533816,0.3,0.008999999999608497,0.008605637810661006,0.3656410574427092,True
49.300000000000004,14.130890221815916,2.048321639178323,14.760819198127468,-0.008132274279495002,0.004108605238839047,0.30000000000522015,0.3,0.008999999999617115,0.008182410365153468,0.3656485284360116,True
49.35,14.141423457083732,2.0590011765881115,14.775818893278862,-0.008028823042804903,0.004408271871480518,0.3000000000051047,0.3,0.008999999999625622,0.007770383933273278,0.36566313900363423,True
49.400000000000006,14.151954969551833,2.0696824058175958,14.790818566524074,-0.007922957305573016,0.0046930286406872135,0.30000000000499183,0.3,0.008999999999633862,0.007369053100090804,0.3656845948343785,True
49.45,14.16248487964178,2.0803652081587978,14.805818219074792,-0.007814846157920032,0.004963266475172312,0.3000000000048814,0.3,0.008999999999641994,0.006978257382783231,0.36571260937379346,True
49.5,14.173013304827784,2.0910494678819536,14.820817852164524,-0.007704654499955728,0.0052193644094794545,0.3000000000047735,0.3,0.008999999999649868,0.006598126795030352,0.3657469039149991,True
49.550000000000004,14.183540358632456,2.101735073220128,14.835817467034722,-0.007592541635450303,0.005461700927424817,0.3000000000046679,0.3,0.008999999999657646,0.006228340568672628,0.36578720563523526,True
49.6,14.194066150887707,2.112421916100729,14.850817064929412,-0.007478661646151003,0.005690651101487254,0.3000000000045647,0.3,0.008999999999665177,0.005868823749977741,0.3658332480626242,True
49.650000000000006,14.204590788151656,2.123109891724299,14.865816647092155,-0.007363163984433303,0.005906582934603222,0.3000000000044638,0.3,0.00899999999967255,0.005519314740911064,0.36588477156058263,True
49.7,14.215114373661649,2.1337988986032377,14.880816214760209,-0.007246193412700371,0.006109858416921688,0.3000000000043651,0.3,0.008999999999679775,0.005179445133645135,0.36594152306843397,True
49.75,14.225637007917271,2.144488837978823,14.895815769164548,-0.007127890827846145,0.006300828288060667,0.3000000000042686,0.3,0.008999999999686863,0.004849614069989955,0.36600325682189505,True
49.800000000000004,14.23615878765439,2.1551796148282176,14.910815311516467,-0.007008391823754991,0.006479843831964427,0.30000000000417415,0.3,0.008999999999693833,0.004529341874043054,0.36606973229031325,True
49.85,14.246679805980692,2.1658711377236073,14.92581484300382,-0.00688782688673048,0.006647254891120835,0.30000000000408183,0.3,0.008999999999700617,0.004218492487718229,0.36614071456417663,True
49.900000000000006,14.257200153375537,2.176563317839633,14.940814364796157,-0.006766322804353482,0.006803400313501906,0.3000000000039916,0.3,0.008999999999707235,0.003916861710435246,0.3662159757700755,True
49.95,14.267719917303744,2.1872560693300325,14.955813878037972,-0.0066440021260659125,0.006948612870235071,0.3000000000039033,0.3,0.008999999999713704,0.0036241813303220963,0.3662952941479132,True
50.0,14.278239182512712,2.1979493090302147,14.97081338384848,-0.006520983583575236,0.007083216896971778,0.300000000003817,0.3,0.008999999999720041,0.0033406976398221828,0.36637845432372496,True
50.050000000000004,14.288758030340118,2.208642957135897,14.985812883311953,-0.006397381121452059,0.007207536335541831,0.30000000000373256,0.3,0.00899999999972627,0.0030661225707409993,0.3664652458928934,True
50.1,14.29927653871788,2.219336937194969,15.000812377474773,-0.006273303905693101,0.007321894379769267,0.30000000000365,0.3,0.008999999999732333,0.0027998998347592936,0.3665554635122005,True
50.150000000000006,14.309794783610327,2.230031174686784,15.01581186735778,-0.006148858345240047,0.007426599149595314,0.3000000000035693,0.3,0.008999999999738252,0.0025421297261343026,0.3666489091155305,True
50.2,14.320312838514763,2.2407255975121982,15.03081135394962,-0.006024147392333468,0.007521950623629702,0.30000000000349036,0.3,0.008999999999744051,0.002292904233484542,0.36674539055624567,True
50.25,14.330830773376062,2.251420137060279,15.045810838193534,-0.005899269020720806,0.007608252211127042,0.3000000000034132,0.3,0.00899999999974968,0.002051808104804122,0.3668447196990875,True
50.300000000000004,14.341348655447382,2.262114727357825,15.060810320994586,-0.005774317435663822,0.007685801549644933,0.3000000000033377,0.3,0.008999999999755242,0.0018187757336128204,0.36694671393104505,True
50.35,14.351866549657796,2.2728093047055453,15.075809803222365,-0.005649383591153753,0.007754887692146162,0.30000000000326393,0.3,0.00899999999976061,0.0015933455317831188,0.36705119647316653,True
50.400000000000006,14.362384518761878,2.2835038075294363,15.090809285711659,-0.005524555400768756,0.007815790280066183,0.30000000000319177,0.3,0.008999999999765885,0.0013758354505722947,0.3671579964109246,True
50.45,14.372902622796476,2.294198176914394,15.10580876925566,-0.005399916976241244,0.007868786389959803,0.30000000000312116,0.3,0.008999999999771103,0.0011657340539140222,0.36726694742563926,True
50.5,14.383420919144795,2.3048923565399013,15.120808254605805,-0.005275548718244712,0.007914149643841961,0.30000000000305216,0.3,0.008999999999776138,0.000963074172213251,0.3673778879641145,True
50.550000000000004,14.393939463122548,2.3155862921021892,15.135807742477642,-0.005151528139456931,0.007952145119899612,0.30000000000298466,0.3,0.0089999999997811,0.0007677126114828598,0.36749066191917973,True
50.6,14.404458307392565,2.326279931889807,15.150807233543903,-0.005027929043639932,0.007983035925709259,0.30000000000291865,0.3,0.008999999999785945,0.0005792865976441089,0.3676051175022183,True
50.650000000000006,14.41497750268631,2.3369732260730154,15.165806728442199,-0.004904822538304423,0.00800707613680085,0.3000000000028541,0.3,0.008999999999790705,0.0003980126580209371,0.36772110831815275,True
50.7,14.425497097287307,2.347666127211929,15.180806227769075,-0.004782276310119026,0.008024517217754323,0.300000000002791,0.3,0.008999999999795338,0.00022348686787779126,0.3678384921870422,True
50.75,14.436017137093828,2.3583585901946438,15.195805732080576,-0.004660354712998747,0.008035607287734559,0.30000000000272925,0.3,0.008999999999799878,5.554879043390305e-05,0.36795713127119584,True
50.800000000000004,14.4465376663512,2.369050571516631,15.210805241900527,-0.004539119795459491,0.008040584391762582,0.3000000000026689,0.3,0.00899999999980429,-0.00010578369221520521,0.3680768930373435,True
50.85,14.45705872700888,2.3797420299135785,15.225804757713398,-0.004418630398525206,0.008039684030008432,0.3000000000026099,0.3,0.008999999999808602,-0.000260835076547468,0.36819764892820683,True
50.900000000000006,14.467580359022403,2.3904329260645123,15.24080427996789,-0.004298942579150422,0.008033136229382844,0.30000000000255217,0.3,0.00899999999981286,-0.0004096657723868337,0.3683192748040391,True
50.95,14.47810260057032,2.40112322237868,15.25580380907964,-0.004180109914325176,0.008021164146073567,0.3000000000024957,0.3,0.008999999999817026,-0.0005524770950953122,0.36844165105046667,True
51.0,14.48862548789637,2.411812883151311,15.270803345429757,-0.004062183279324887,0.008003986264361497,0.30000000000244054,0.3,0.008999999999821059,-0.0006893047900756057,0.36856466214786443,True
51.050000000000004,14.499149055325665,2.4225018745482245,15.285802889365382,-0.003945210870051202,0.007981816836913014,0.3000000000023866,0.3,0.008999999999825002,-0.0008203082535296865,0.3686881965172463,True
51.1,14.50967333522665,2.433190164643899,15.300802441199707,-0.003829238149201379,0.007954866633063775,0.3000000000023338,0.3,0.008999999999828893,-0.0009456124313600037,0.3688121463512587,True
51.150000000000006,14.520198358212019,2.443877723224435,15.315802001214724,-0.003714308127675013,0.007923341346618207,0.3000000000022822,0.3,0.008999999999832626,-0.001065488180099023,0.3689364078028009,True
51.2,14.530724153385416,2.4545645215454734,15.330801569664487,-0.003600461710185927,0.00788743960630589,0.30000000000223176,0.3,0.008999999999836316,-0.0011800556699265764,0.3690608812271866,True
51.25,14.541250748418257,2.4652505322572753,15.345801146776454,-0.0034877378025660643,0.007847353061044227,0.3000000000021824,0.3,0.008999999999839933,-0.0012891108679255962,0.3691854710486072,True
51.300000000000004,14.551778168787562,2.475935730155815,15.360800732743662,-0.0033761722417245494,0.007803274856715836,0.30000000000213417,0.3,0.00899999999984344,-0.0013930583959855076,0.3693100843200277,True
51.35,14.562306438235554,2.486620091731357,15.375800327730504,-0.0032657984398443782,0.007755394558726647,0.300000000002087,0.3,0.00899999999984689,-0.001492381058604835,0.3694346315809762,True
51.400000000000006,14.572835580043913,2.4973035939146704,15.390799931887203,-0.003156649171966914,0.0077038858919809,0.30000000000204086,0.3,0.008999999999850246,-0.0015864697708658465,0.36955902869843094,True
51.45,14.583365615441975,2.507986215645031,15.40579954533299,-0.003048754341682485,0.007648924835531369,0.3000000000019957,0.3,0.008999999999853556,-0.0016759472667598752,0.3696831937441334,True
51.5,14.593896563757607,2.5186679377228245,15.420799168158547,-0.002942141192033371,0.007590687124848339,0.3000000000019516,0.3,0.008999999999856791,-0.0017608457800033592,0.36980704752225235,True
51.550000000000004,14.604428443616012,2.5293487416298617,15.43579880043955,-0.002836835987363874,0.007529336804295239,0.3000000000019084,0.3,0.008999999999860004,-0.001841054210660197,0.36993051527583254,True
51.6,14.614961271749,2.5400286107029904,15.450798442224544,-0.002732862341478644,0.007465039326056467,0.3000000000018662,0.3,0.008999999999863081,-0.001917178374747227,0.3700535244803504,True
51.650000000000006,14.625495063970611,2.550707529174075,15.465798093545988,-0.0026302425863469142,0.007397951311699402,0.3000000000018249,0.3,0.008999999999866153,-0.001988988322514582,0.37017600650558147,True
51.7,14.636029835110364,2.5613854822364592,15.480797754420053,-0.0025289976779117145,0.007328222673641194,0.30000000000178456,0.3,0.008999999999869114,-0.002056237561564662,0.37029789608146396,True
51.75,14.646565597547703,2.572062457490126,15.495797424832185,-0.0024291451378952314,0.0072560118288533815,0.3000000000017451,0.3,0.008999999999872017,-0.002119798248697041,0.3704191288515085,True
51.800000000000004,14.657102363040382,2.582738443141173,15.51079710475683,-0.0023307016198357705,0.007181466026259797,0.3000000000017065,0.3,0.008999999999874834,-0.0021797385214712773,0.37053964463082145,True
51.85,14.667640143463016,2.5934134272741898,15.525796794165133,-0.0022336839458201216,0.007104715730582467,0.30000000000166877,0.3,0.008999999999877616,-0.0022353242340548414,0.3706593880324018,True
51.900000000000006,14.678178948138168,2.6040874004838637,15.54079649299859,-0.002138105358457442,0.007025903294852308,0.30000000000163185,0.3,0.008999999999880342,-0.002287583769597012,0.3707783037252407,True
51.95,14.68871878533132,2.6147603544025957,15.555796201184986,-0.0020439776191090524,0.0069451658200165856,0.30000000000159577,0.3,0.008999999999882984,-0.0023361924658389503,0.3708963394108213,True
52.0,14.699259663132306,2.6254322808319404,15.570795918647526,-0.0019513122453329473,0.0068626278456476175,0.30000000000156046,0.3,0.008999999999885598,-0.0023811677587428338,0.37101344675012893,True
52.050000000000004,14.709801587743609,2.636103173431392,15.585795645288613,-0.00186011810635596,0.006778419395360169,0.300000000001526,0.3,0.008999999999888078,-0.0024231001913304936,0.3711295784244525,True
52.1,14.720344565037431,2.6467730261835554,15.600795381005577,-0.0017704036093970541,0.006692659640378906,0.30000000000149224,0.3,0.008999999999890563,-0.00246143177548699,0.37124469078663414,True
52.150000000000006,14.730888599706526,2.6574418342324253,15.615795125682986,-0.0016821755064476108,0.006605467170865076,0.30000000000145927,0.3,0.008999999999892948,-0.0024964728530141992,0.37135874201258956,True
52.2,14.741433694710258,2.6681095944311206,15.63079487918824,-0.001595438115272568,0.006516964997512309,0.300000000001427,0.3,0.008999999999895288,-0.0025289211717820677,0.37147169139874725,True
52.25,14.75197985346862,2.678776303177349,15.645794641392438,-0.00151019640138102,0.006427258136624371,0.30000000000139543,0.3,0.008999999999897647,-0.0025580493129855946,0.37158350291870806,True
52.300000000000004,14.762527078272855,2.6894419579823214,15.66079441215589,-0.001426453744762815,0.006336452134163784,0.30000000000136456,0.3,0.008999999999899918,-0.002584610469525999,0.3716941419704917,True
52.35,14.77307537028624,2.7001065574709138,15.675794191328803,-0.0013442119403410582,0.006244652076053182,0.30000000000133437,0.3,0.008999999999902166,-0.002608336343897755,0.3718035756690648,True
52.400000000000006,14.78362473044226,2.710770100495421,15.690793978759697,-0.001263472459737975,0.006151954392843662,0.3000000000013049,0.3,0.008999999999904284,-0.002628895379244515,0.3719117740121289,True
52.45,14.794175157585109,2.721432587972799,15.70579377427968,-0.001184233837291411,0.006058466222529368,0.300000000001276,0.3,0.008999999999906416,-0.0026474877315281462,0.3720187067585068,True
52.5,14.804726650906687,2.732094020478392,15.72079357772417,-0.001106495094756201,0.005964279198602318,0.3000000000012478,0.3,0.008999999999908461,-0.0026630700181682976,0.3721243477679682,True
52.550000000000004,14.815279208970948,2.7427543992097876,15.735793388924549,-0.0010302543698729998,0.005869482156161454,0.30000000000122024,0.3,0.008999999999910477,-0.0026763896369409114,0.3722286726091668,True
52.6,14.825832828814171,2.753413726876697,15.750793207701207,-0.000955507650919292,0.005774169213659696,0.30000000000119326,0.3,0.00899999999991245,-0.002687624552246989,0.372331657430779,True
52.650000000000006,14.836387508126846,2.7640720055450485,15.765793033881906,-0.0008822518439946009,0.005678417971813898,0.3000000000011669,0.3,0.008999999999914358,-0.00269620791499455,0.3724332823531824,True
52.7,14.846943243108095,2.7747292387580136,15.780792867284418,-0.0008104817560693049,0.005582312972956971,0.3000000000011411,0.3,0.008999999999916262,-0.002702867863156151,0.37253352753540847,True
52.75,14.857500029301594,2.785385430710503,15.795792707723898,-0.0007401912697990952,0.005485935880417014,0.3000000000011158,0.3,0.008999999999918146,-0.002707565223638964,0.37263237490981377,True
52.800000000000004,14.868057862626056,2.79604058523024,15.810792555021047,-0.0006713747926666192,0.005389356059478656,0.3000000000010911,0.3,0.008999999999919996,-0.0027097644880768675,0.3727298095241519,True
52.85,14.878616737260812,2.8066947078694375,15.82579240898604,-0.0006040242828310134,0.005292653133517011,0.30000000000106697,0.3,0.008999999999921793,-0.002710581798296729,0.37282581583229923,True
52.900000000000006,14.889176647513839,2.817347804057607,15.840792269433251,-0.0005381318761802287,0.0051958963615799094,0.3000000000010434,0.3,0.00899999999992352,-0.00270902963012476,0.3729203811779436,True
52.95,14.899737587251298,2.827999879665987,15.855792136176998,-0.0004736890838435855,0.00509915270688599,0.30000000000102034,0.3,0.008999999999925162,-0.0027059953794245574,0.3730134942065294,True
53.0,14.9102995493912,2.838650941509119,15.870792009028161,-0.00041068607948786844,0.005002490919947977,0.3000000000009978,0.3,0.00899999999992678,-0.0027012863130516664,0.37310514436798303,True
53.050000000000004,14.920862527384722,2.8493009958787647,15.885791887804976,-0.00034911378344989157,0.0049059673515204905,0.3000000000009757,0.3,0.008999999999928439,-0.0026945567138438016,0.3731953240372807,True
53.1,14.931426513137023,2.8599500506025493,15.900791772318488,-0.00028896093684470836,0.004809647963714746,0.3000000000009541,0.3,0.008999999999930047,-0.002686818711172769,0.37328402491711477,True
53.150000000000006,14.94199149898902,2.8705981130821,15.91579166238665,-0.0002302168901440236,0.004713586823155036,0.300000000000933,0.3,0.008999999999931587,-0.00267720139294121,0.3733712416235356,True
53.2,14.952557477017612,2.881245190985847,15.930791557829384,-0.0001728706184679006,0.004617835475727916,0.30000000000091237,0.3,0.008999999999933126,-0.002666001075556678,0.3734569698925407,True
53.25,14.963124437699843,2.891891293572937,15.94579145846015,-0.00011690884086646661,0.004522455723869889,0.3000000000008922,0.3,0.008999999999934569,-0.0026539657036137795,0.3735412046733739,True
53.300000000000004,14.97369237269,2.9025364289419797,15.960791364104214,-6.231992944567903e-05,0.0044274907299144415,0.3000000000008725,0.3,0.008999999999935983,-0.002639960509507667,0.37362394478503697,True
53.35,14.984261272560847,2.913180606269076,15.975791274584001,-9.090729661296752e-06,0.004332990560994676,0.3000000000008532,0.3,0.008999999999937431,-0.002625199091939675,0.3737051885242113,True
53.400000000000006,14.994831127419815,2.9238238351977044,15.990791189723375,4.27925725589352e-05,0.004239003877099634,0.3000000000008343,0.3,0.008999999999938824,-0.002608912588394753,0.3736993501168542,True
53.45,15.005401927708279,2.934466125046318,16.00579110935251,9.334332532433846e-05,0.0041455713996555454,0.3000000000008159,0.3,0.00899999999994015,-0.0025914183348415302,0.3736764996041938,True
53.5,15.015973662604184,2.9451074863923843,16.020791033298458,0.00014257666038277052,0.004052741909846502,0.30000000000079785,0.3,0.008999999999941471,-0.0025733380258319326,0.3736547888307712,True
53.550000000000004,15.02654632241959,2.9557479286947546,16.03579096139923,0.0001905061165617419,0.003960547427124483,0.3000000000007802,0.3,0.008999999999942778,-0.002553590340581592,0.3736341947424757,True
53.6,15.037119896369948,2.966387462506025,16.050790893490806,0.00023714678149893258,0.003869028175278011,0.30000000000076293,0.3,0.00899999999994406,-0.002533233760981607,0.37361469030235206,True
53.650000000000006,15.047694373137444,2.9770260989142927,16.06579082941075,0.00028251449856619575,0.0037782247857641726,0.30000000000074606,0.3,0.008999999999945302,-0.0025119232243164527,0.3735962475951444,True
53.7,15.058269742280178,2.9876638481446527,16.080790769005766,0.0003266238815382008,0.0036881651554798722,0.30000000000072957,0.3,0.008999999999946497,-0.00248928867213175,0.3735788437097978,True
53.75,15.068845991799266,2.9983007219737345,16.095790712118692,0.00036949174223929856,0.0035988899462493507,0.3000000000007134,0.3,0.008999999999947708,-0.0024667954425868,0.3735624497507385,True
53.800000000000004,15.079423111143518,3.008936730747275,16.110790658604248,0.00041113285702943064,0.0035104202691181863,0.30000000000069765,0.3,0.008999999999948851,-0.002442622822530622,0.3735470446542291,True
53.85,15.090001089015997,3.0195718855571934,16.12579060831747,0.000451563057220256,0.0034227835785798355,0.3000000000006822,0.3,0.008999999999949987,-0.0024182157800425796,0.37353260441961195,True
53.900000000000006,15.100579913063372,3.0302061985507045,16.140790561112606,0.000490799667314648,0.003336014036181445,0.3000000000006671,0.3,0.008999999999951113,-0.0023926502594814087,0.3735191015629065,True
53.95,15.111159571567212,3.040839681250735,16.155790516851418,0.0005288591214320611,0.0032501365051642583,0.30000000000065236,0.3,0.008999999999952213,-0.00236650082464863,0.37350651224711473,True
54.0,15.121740051882748,3.0514723461066313,16.17079047539572,0.000565759163793741,0.003165182087201623,0.3000000000006379,0.3,0.008999999999953281,-0.0023404112488008394,0.37349480947403113,True
54.050000000000004,15.13232134318711,3.0621042037634396,16.18579043661977,0.0006015149745092187,0.0030811601366205195,0.3000000000006238,0.3,0.008999999999954307,-0.0023129567915562573,0.3734839752591126,True
54.1,15.142903433246715,3.072735266273569,16.20079040039546,0.0006361437263658454,0.002998093948023306,0.30000000000061006,0.3,0.008999999999955278,-0.0022852505346630542,0.3734739854900616,True
54.150000000000006,15.153486308952463,3.0833655465657466,16.215790366595247,0.0006696638308901764,0.002916012379119981,0.30000000000059657,0.3,0.008999999999956265,-0.002257319331958511,0.37346481316501,True
54.2,15.164069958938656,3.0939950558414693,16.230790335103023,0.0007020912454964742,0.002834923939747269,0.30000000000058336,0.3,0.008999999999957263,-0.002228446331359242,0.3734564397714638,True
54.25,15.174654370556901,3.1046238065829614,16.245790305801293,0.0007334437402167344,0.002754849456218733,0.3000000000005705,0.3,0.008999999999958177,-0.0021998865949799285,0.37344884133060735,True
54.300000000000004,15.185239531828003,3.1152518106126004,16.26079027857916,0.0007637381453019128,0.002675800147788787,0.3000000000005579,0.3,0.008999999999959082,-0.0021703006335282815,0.3734419976530341,True
54.35,15.195825430589117,3.1258790799406997,16.275790253328783,0.0007929915537585663,0.0025977887407355738,0.30000000000054555,0.3,0.008999999999959969,-0.0021407229914445,0.3734358878394459,True
54.400000000000006,15.206412053931318,3.1365056273251533,16.290790229943354,0.0008212221147690133,0.0025208334046044056,0.3000000000005335,0.3,0.008999999999960826,-0.0021108703870437585,0.3734304883193538,True
54.45,15.216999390122982,3.147131464357877,16.30579020832409,0.0008484463205624586,0.0024449388988909693,0.3000000000005217,0.3,0.00899999999996173,-0.0020800572074423348,0.3734257811576205,True
54.5,15.22758742568697,3.1577566043728127,16.320790188369735,0.0008746831294407355,0.0023701272778652305,0.30000000000051014,0.3,0.008999999999962588,-0.0020500431272397024,0.3734217408218786,True
54.550000000000004,15.238176148732682,3.1683810591303185,16.33579016998819,0.0008999492651532304,0.0022964014237866204,0.30000000000049887,0.3,0.008999999999963398,-0.0020187836858923587,0.3734183497024999,True
54.6,15.248765546958955,3.1790048408041383,16.350790153089363,0.0009242620340748428,0.0022237693023444693,0.3000000000004878,0.3,0.00899999999996423,-0.00198801898419272,0.3734155880992159,True
54.650000000000006,15.259355607325615,3.1896279623086374,16.36579013758429,0.0009476397888341917,0.002152244312050633,0.30000000000047705,0.3,0.008999999999964994,-0.0019569295716212734,0.37341343365359037,True
54.7,15.269946318357965,3.2002504350043033,16.380790123392213,0.0009700986763462791,0.002081823417806161,0.3000000000004665,0.3,0.008999999999965766,-0.0019254452886353758,0.37341187108938245,True
54.75,15.28053766702241,3.2108722718083897,16.395790110430866,0.0009916570466330563,0.002012519464053786,0.3000000000004562,0.3,0.008999999999966535,-0.0018948295109888782,0.3734108782156027,True
54.800000000000004,15.29112964221417,3.22149348372171,16.41079009862673,0.0010123305307079174,0.0019443239963274905,0.3000000000004461,0.3,0.008999999999967296,-0.0018628051911931728,0.37341044188088657,True
54.85,15.301722231243946,3.2321140833274233,16.425790087904762,0.0010321369988969095,0.0018772466542010813,0.3000000000004362,0.3,0.008999999999968044,-0.0018316030557783203,0.37341054132564644,True
54.900000000000006,15.31231542109807,3.2427340835364133,16.440790078192276,0.001051094782629577,0.0018112979040776356,0.30000000000042654,0.3,0.008999999999968769,-0.0017996539309626948,0.3734111550839634,True
54.95,15.32290919994093,3.2533534960901966,16.455790069422736,0.0010692205534500463,0.001746476403645447,0.3000000000004171,0.3,0.008999999999969468,-0.0017681228265170076,0.37341226685454787,True
55.0,15.33350355515387,3.2639723335145896,16.470790061530497,0.0010865320911876892,0.0016827880249201679,0.3000000000004079,0.3,0.008999999999970133,-0.0017372564753250026,0.3734138570872215,True
55.050000000000004,15.344098476576715,3.2745906058890726,16.485790054458498,0.001103043707437809,0.001620213440322038,0.3000000000003989,0.3,0.008999999999970754,-0.0017051969003585453,0.37341591717950895,True
55.1,15.354693951481174,3.285208325856169,16.500790048146094,0.0011187733420765242,0.001558762082969456,0.30000000000039007,0.3,0.008999999999971408,-0.0016738871245386166,0.37341842636542827,True
55.150000000000006,15.365289967070654,3.2958255061306034,16.51579004253539,0.0011337390343300665,0.0014984418679129252,0.30000000000038146,0.3,0.00899999999997201,-0.0016423491452088523,0.37342136423041794,True
55.2,15.375886512260406,3.3064421577242045,16.530790037574832,0.001147956408835684,0.0014392434846013378,0.300000000000373,0.3,0.008999999999972632,-0.0016111621341195804,0.37342471788765175,True
55.25,15.386483575313735,3.317058292302101,16.545790033213805,0.0011614420131859258,0.0013811647416137607,0.30000000000036475,0.3,0.008999999999973269,-0.0015803342403850383,0.37342847141495783,True
55.300000000000004,15.397081145572448,3.3276739204571624,16.560790029406128,0.0011742108741472433,0.001324192963861659,0.3000000000003567,0.3,0.008999999999973836,-0.0015488477541074571,0.3734326135234444,True
55.35,15.407679210766965,3.3382890543924115,16.57579002610473,0.0011862802964657223,0.0012683334969049165,0.3000000000003488,0.3,0.008999999999974407,-0.0015183261558785613,0.3734371252978026,True
55.400000000000006,15.418277759557142,3.3489037053871806,16.590790023266617,0.0011976662745237666,0.0012135808733070297,0.3000000000003411,0.3,0.008999999999974976,-0.0014874960404763751,0.3734419923432244,True
55.45,15.42887678137103,3.3595178839574067,16.605790020852183,0.0012083837197108393,0.0011599233767937145,0.30000000000033356,0.3,0.00899999999997554,-0.0014566400619421748,0.37344720320351105,True
55.5,15.439476263966855,3.3701316022877923,16.62079001882106,0.0012184499041559254,0.0011073669759853466,0.3000000000003262,0.3,0.008999999999976088,-0.0014267642877997323,0.37345273881253693,True
55.550000000000004,15.450076197289759,3.3807448703840044,16.635790017138483,0.0012278790127874324,0.001055894635846766,0.30000000000031896,0.3,0.008999999999976622,-0.0013958968457940281,0.3734585900207252,True
55.6,15.460676569858725,3.391357699677323,16.650790015769267,0.001236687247048418,0.0010055065609420042,0.3000000000003119,0.3,0.008999999999977136,-0.0013664590800215645,0.373464740544884,True
55.650000000000006,15.471277370845383,3.40197010095046,16.665790014681136,0.0012448898882810666,0.0009561949327736574,0.300000000000305,0.3,0.008999999999977621,-0.0013363443936503536,0.3734711774042534,True
55.7,15.481878590203328,3.4125820842081036,16.68079001384459,0.0012525011147503132,0.0009079463146143274,0.30000000000029825,0.3,0.008999999999978156,-0.001306766657236979,0.3734778903897623,True
55.75,15.492480216351797,3.423193660988834,16.6957900132298,0.0012595372742977766,0.0008607632048842628,0.30000000000029164,0.3,0.008999999999978654,-0.001278158095345653,0.37348486239249834,True
55.800000000000004,15.50308224061026,3.433804839938422,16.710790012812186,0.0012660106184736101,0.0008146187192449305,0.3000000000002852,0.3,0.008999999999979112,-0.0012483858089074797,0.37349208912389587,True
55.85,15.513684651668598,3.444415632329779,16.72579001256544,0.0012719371158862085,0.0007695163303609309,0.3000000000002789,0.3,0.008999999999979606,-0.0012201549597806141,0.373499553566262,True
55.900000000000006,15.52428743903665,3.455026048619551,16.740790012465865,0.001277331578167326,0.0007254492960219183,0.3000000000002727,0.3,0.00899999999998005,-0.0011908377684916036,0.37350724289210374,True
55.95,15.53489059260163,3.4656360988896777,16.755790012491648,0.0012822082851436426,0.0006824094927451174,0.3000000000002667,0.3,0.00899999999998044,-0.0011628424677495044,0.3735151452164101,True
56.0,15.545494101792137,3.4762457936821067,16.770790012621962,0.0012865821662088723,0.0006403927159545075,0.30000000000026084,0.3,0.008999999999980853,-0.001135677521521376,0.3735232468415787,True
56.050000000000004,15.556097959550824,3.486855140031021,16.785790012840426,0.0012904631855786093,0.0005993605480915098,0.30000000000025506,0.3,0.008999999999981283,-0.0011072936930049385,0.37353154919436204,True
56.1,15.566702154801538,3.497464148985842,16.800790013128143,0.0012938669883945677,0.0005593199243274505,0.3000000000002494,0.3,0.00899999999998173,-0.0010805336001759823,0.3735400345551646,True
56.150000000000006,15.577306677638854,3.5080728304286706,16.815790013468614,0.0012968075665535923,0.0005202636180029474,0.3000000000002439,0.3,0.008999999999982106,-0.0010527185153846397,0.37354869106300936,True
56.2,15.587911518697926,3.5186811937033053,16.830790013846958,0.001299298149062501,0.00048218147702216996,0.3000000000002385,0.3,0.008999999999982487,-0.0010263124944464243,0.37355750848899694,True
56.25,15.598516668181913,3.529289248586713,16.845790014249125,0.001301352576694541,0.00044506718117764965,0.30000000000023325,0.3,0.008999999999982872,-0.0009999185474814719,0.37356647485515915,True
56.300000000000004,15.609122118363349,3.539897002789828,16.860790014663422,0.001302981766047909,0.00040889536316879305,0.3000000000002281,0.3,0.00899999999998326,-0.0009736480864170512,0.3735755867641885,True
56.35,15.619727859472402,3.5505044660654517,16.87579001507781,0.0013041995217077328,0.000373663603224883,0.30000000000022303,0.3,0.00899999999998364,-0.000948673247417434,0.37358483111724744,True
56.400000000000006,15.630333883992996,3.5611116459157426,16.890790015482445,0.0013050164631714634,0.00033934657028356074,0.3000000000002181,0.3,0.008999999999984014,-0.0009226614338529986,0.37359420480464456,True
56.45,15.640940182745007,3.5717185515068324,16.905790015867435,0.001305445563198665,0.0003059396474671683,0.30000000000021326,0.3,0.008999999999984375,-0.0008978231206198148,0.3736036962128627,True
56.5,15.6515467462395,3.5823251923148622,16.92079001622373,0.0013055002321251913,0.000273440397768665,0.30000000000020854,0.3,0.008999999999984725,-0.0008731627001145321,0.37361329264385273,True
56.550000000000004,15.662153567254876,3.5929315755511366,16.935790016544054,0.0013051906755532803,0.00024182469884070912,0.30000000000020394,0.3,0.008999999999985058,-0.0008483430347389707,0.3736229910445401,True
56.6,15.672760636457951,3.603537710538467,16.95079001682107,0.0013045300852650554,0.00021109221779580523,0.30000000000019944,0.3,0.00899999999998537,-0.0008249511603630496,0.3736327783115105,True
56.650000000000006,15.683367946660148,3.6141436044571393,16.965790017048917,0.0013035286215809744,0.0001812203111055677,0.30000000000019506,0.3,0.008999999999985657,-0.0008008118302400801,0.37364265099886534,True
56.7,15.693975489996372,3.624749265164525,16.980790017222134,0.001302197401962417,0.00015219683478762125,0.3000000000001907,0.3,0.008999999999985997,-0.0007777173885368068,0.3736526015860224,True
56.75,15.704583257931322,3.635354701188955,16.99579001733579,0.0013005484922210542,0.0001240164796590948,0.3000000000001865,0.3,0.008999999999986307,-0.0007550830503360973,0.37366261957467006,True
56.800000000000004,15.715191244187961,3.645959918801973,17.010790017386004,0.0012985907655419225,9.665238164779932e-05,0.3000000000001824,0.3,0.008999999999986585,-0.0007319526234213337,0.3736727040610086,True
56.85,15.725799440072741,3.6565649266918365,17.02579001736903,0.0012963365127183811,7.010518307071223e-05,0.30000000000017835,0.3,0.008999999999986909,-0.0007103477494141657,0.3736828425550977,True
56.900000000000006,15.736407838667917,3.6671697317721894,17.040790017281974,0.001293795514019017,4.4356508012155516e-05,0.3000000000001744,0.3,0.008999999999987192,-0.000687496230964492,0.3736930307260744,True
56.95,15.747016432080684,3.6777743419323436,17.055790017122362,0.001290978929084488,1.9401377949979096e-05,0.3000000000001705,0.3,0.008999999999987516,-0.0006665252975585077,0.3737032588851906,True
57.0,15.757625212910417,3.6883787645702477,17.070790016888306,0.001287897222089279,-4.771522947200068e-06,0.30000000000016674,0.3,0.0089999999999878,-0.000645778452797535,0.37371068563701837,True
57.050000000000004,15.768234176617323,3.6989830042235643,17.085790016578294,0.0012845568117619698,-2.8199763041247827e-05,0.3000000000001631,0.3,0.008999999999988037,-0.0006243837317891042,0.37370706790831754,True
57.1,15.778843314583641,3.70958706950851,17.100790016191237,0.0012809698843638737,-5.087577775197971e-05,0.3000000000001595,0.3,0.008999999999988304,-0.0006047255630061694,0.37370392017142184,True
57.150000000000006,15.789452620671959,3.7201909665615,17.11579001572643,0.0012771451188040097,-7.281899991695706e-05,0.3000000000001559,0.3,0.0089999999999886,-0.0005837094504147187,0.37370122796965266,True
57.2,15.800062087873924,3.7307947023905,17.1307900151836,0.0012730924261151726,-9.403618769354692e-05,0.3000000000001525,0.3,0.008999999999988843,-0.0005646782338881941,0.3736989793788563,True
57.25,15.810671709487261,3.7413982836979094,17.14579001456283,0.0012688212848334306,-0.00011453853216647492,0.3000000000001491,0.3,0.00899999999998911,-0.0005447265285874412,0.37369716159112976,True
57.300000000000004,15.821281479895918,3.752001716100133,17.160790013864375,0.0012643396375044884,-0.00013434503297515832,0.3000000000001458,0.3,0.00899999999998932,-0.0005259259561369239,0.37369576101585866,True
57.35,15.831891392060653,3.7626050066375316,17.175790013089024,0.0012596574399131718,-0.00015345980711678475,0.3000000000001426,0.3,0.008999999999989551,-0.0005082278636013501,0.37369476646942157,True
57.400000000000006,15.842501442614372,3.773208158677604,17.190790012237066,0.001254779454133579,-0.0001719230815004913,0.30000000000013943,0.3,0.008999999999989797,-0.0004890171971701321,0.37369416123825894,True
57.45,15.853111624008323,3.7838111797711003,17.205790011309908,0.0012497163571266608,-0.00018972753597246148,0.3000000000001364,0.3,0.00899999999998998,-0.0004717098956562977,0.37369393681481117,True
57.5,15.863721929836021,3.7944140763266283,17.220790010309056,0.001244477210530942,-0.0002068801461445613,0.3000000000001334,0.3,0.008999999999990176,-0.0004536056186830386,0.3736940820614646,True
57.550000000000004,15.874332355217822,3.805016853225692,17.235790009235824,0.0012390689165221714,-0.00022340066103210265,0.30000000000013044,0.3,0.00899999999999038,-0.0004364468005867273,0.3736945842069441,True
57.6,15.884942893657223,3.815619516967634,17.250790008092217,0.00123350066454911,-0.0002392917310645171,0.30000000000012755,0.3,0.008999999999990595,-0.00041999886486486184,0.37369543327078625,True
57.650000000000006,15.895553541402673,3.826222071305851,17.265790006879545,0.0012277777614109076,-0.0002545829218734142,0.3000000000001247,0.3,0.008999999999990816,-0.00040298842726733415,0.3736966151623884,True
57.7,15.90616429239451,3.8368245223031603,17.28079000560004,0.0012219087789971965,-0.00026927688205025113,0.30000000000012195,0.3,0.008999999999991043,-0.0003873820149181989,0.37369812051987783,True
57.75,15.916775141719228,3.8474268748759166,17.295790004255707,0.0012159006680670967,-0.0002833886327585633,0.3000000000001192,0.3,0.008999999999991275,-0.0003712828931977743,0.37369993792844997,True
57.800000000000004,15.927386084867408,3.858029133536339,17.310790002848535,0.0012097598078830308,-0.0002969344409546881,0.3000000000001166,0.3,0.008999999999991426,-0.00035574730940291367,0.37370205617507823,True
57.85,15.937997115929619,3.868631304197685,17.325790001381225,0.0012034945583463998,-0.00030991557092985284,0.300000000000114,0.3,0.00899999999999166,-0.0003409269437061265,0.37370446652153966,True
57.900000000000006,15.948608231164679,3.879233390603852,17.3407899998557,0.00119711021221062,-0.00032235484843123885,0.3000000000001115,0.3,0.008999999999991811,-0.0003253402831598864,0.3737071568940038,True
57.95,15.959219424784267,3.8898353985473153,17.355789998274897,0.0011906149583321623,-0.0003342513617445864,0.30000000000010907,0.3,0.008999999999991959,-0.0003119811494417876,0.3737101193718264,True
58.0,15.969830693511229,3.900437331307909,17.37078999664071,0.0011840134332044196,-0.0003456311938045964,0.3000000000001066,0.3,0.00899999999999218,-0.00029737861336130104,0.373713341570587,True
58.050000000000004,15.980442033709128,3.911039192525029,17.385789994955232,0.001177310781616865,-0.00035651191119601133,0.3000000000001043,0.3,0.008999999999992314,-0.0002832711681609833,0.3737168131267973,True
58.1,15.991053438714237,3.921640988867654,17.400789993222176,0.0011705164312163585,-0.00036688015659191997,0.30000000000010196,0.3,0.00899999999999252,-0.0002701935266850165,0.37372052857728577,True
58.150000000000006,16.001664905760357,3.9322427231046,17.415789991443393,0.0011636342958502486,-0.0003767631493012402,0.3000000000000997,0.3,0.008999999999992713,-0.00025639384405427384,0.3737244759233589,True
58.2,16.012276430299764,3.9428443997875693,17.430789989621694,0.0011566708097828662,-0.0003861663828755857,0.30000000000009747,0.3,0.008999999999992897,-0.00024419539590217113,0.3737286470976332,True
58.25,16.022888008720255,3.953446022532132,17.445789987759465,0.001149631083822802,-0.00039510555088173577,0.3000000000000953,0.3,0.008999999999993069,-0.00023085308690890018,0.3737330323273931,True
58.300000000000004,16.033499636993486,3.964047595370386,17.460789985859357,0.0011425208175626896,-0.0004035888174221957,0.3000000000000932,0.3,0.008999999999993227,-0.0002190094323837623,0.37373762348716266,True
58.35,16.04411131082724,3.9746491225986045,17.475789983924237,0.0011353460839810493,-0.00041162251555038054,0.30000000000009114,0.3,0.008999999999993367,-0.00020770660364160414,0.3737424126219211,True
58.400000000000006,16.054723029075102,3.9852506053647048,17.490789981955167,0.001128108505419563,-0.00041924304990614836,0.30000000000008914,0.3,0.00899999999999349,-0.00019536697102494777,0.3737473872977016,True
58.45,16.065334786533736,3.9958520488768965,17.505789979955598,0.0011208154439503897,-0.00042644156730231586,0.3000000000000872,0.3,0.008999999999993595,-0.0001848372234715484,0.373752542780175,True
58.5,16.075946579999993,4.006453456341615,17.52078997792785,0.0011134714318319387,-0.00043323186720733986,0.30000000000008525,0.3,0.008999999999993756,-0.0001728515797201948,0.373757870438248,True
58.550000000000004,16.08655840587224,4.017054831364153,17.53578997587451,0.0011060815651346557,-0.00043962026830890455,0.30000000000008337,0.3,0.008999999999993897,-0.00016249998088983952,0.3737633632985069,True
58.6,16.097170260105912,4.02765617799317,17.550789973798476,0.0010986515666279385,-0.0004456099505554256,0.30000000000008153,0.3,0.008999999999994016,-0.00015196651108928647,0.3737690146929511,True
58.650000000000006,16.107782141087153,4.038257497844488,17.565789971701136,0.0010911837200414138,-0.0004512268351924975,0.30000000000007976,0.3,0.00899999999999411,-0.00014148258208017896,0.37377481463980744,True
58.7,16.118394044623674,4.048858795114659,17.580789969585506,0.0010836839571825062,-0.00045646856013281667,0.300000000000078,0.3,0.008999999999994257,-0.00013240666663510425,0.3737807579078875,True
58.75,16.129005969260728,4.0594600712602364,17.595789967452863,0.0010761543366509378,-0.0004613611426617092,0.30000000000007626,0.3,0.008999999999994379,-0.00012198318143311928,0.37378683471222085,True
58.800000000000004,16.13961791149031,4.070061329792892,17.6107899653058,0.0010685998221056049,-0.00046590566169923964,0.3000000000000746,0.3,0.008999999999994472,-0.00011305973124400345,0.37379303976813094,True
58.85,16.150229867801094,4.080662574227648,17.62578996314693,0.0010610253819257312,-0.000470104838744434,0.30000000000007293,0.3,0.008999999999994616,-0.00010371743595165133,0.3737993672985196,True
58.900000000000006,16.160841836495432,4.0912638062641635,17.640789960977674,0.0010534334183735033,-0.0004739779729926452,0.3000000000000713,0.3,0.00899999999999473,-9.454001240569001e-05,0.37380580916986317,True
58.95,16.171453813651564,4.101865029828295,17.655789958800927,0.0010458294805481935,-0.00047752053103033987,0.3000000000000697,0.3,0.00899999999999489,-8.719612900245017e-05,0.3738123611787415,True
59.0,16.182065799229434,4.112466244960488,17.67078995661697,0.00103821362537319,-0.000480768184426994,0.30000000000006816,0.3,0.008999999999995022,-7.799045340582645e-05,0.37381901267548023,True
59.050000000000004,16.19267779016959,4.123067454723442,17.685789954428095,0.0010305901818647128,-0.00048372042888489286,0.30000000000006666,0.3,0.00899999999999512,-7.014898039897672e-05,0.3738257594804496,True
59.1,16.203289782362965,4.133668663230502,17.700789952237333,0.001022964964146105,-0.0004863683824506415,0.30000000000006516,0.3,0.008999999999995264,-6.204925704217228e-05,0.37383259841659855,True
59.150000000000006,16.2139017745813,4.144269871711404,17.715789950045718,0.0010153397102795727,-0.0004887317863259132,0.3000000000000637,0.3,0.008999999999995373,-5.4187068072673164e-05,0.3738395218836323,True
59.2,16.224513763755994,4.154871083238,17.73078994785556,0.0010077187622232944,-0.0004908102707317231,0.30000000000006233,0.3,0.008999999999995446,-4.719518613662429e-05,0.3738465256491418,True
59.25,16.23512574879633,4.165472298902305,17.74578994566777,0.0010001036634013946,-0.0004926236105914361,0.30000000000006094,0.3,0.00899999999999556,-3.946918586798542e-05,0.3738536022975466,True
59.300000000000004,16.24573772718179,4.176073521227521,17.760789943484244,0.0009924979802657038,-0.0004941742368677061,0.3000000000000596,0.3,0.008999999999995636,-3.347299569256188e-05,0.373860747540369,True
59.35,16.256349697801912,4.186674751325368,17.775789941305877,0.0009849032841333532,-0.0004954799226171147,0.3000000000000583,0.3,0.008999999999995753,-2.672975113405825e-05,0.37386795452864235,True
59.400000000000006,16.26696165986771,4.197275989985753,17.79078993913332,0.0009773206914468475,-0.0004965582099880628,0.300000000000057,0.3,0.008999999999995829,-1.9863575085287696e-05,0.3738752169368755,True
59.45,16.27757360941777,4.207877241174141,17.805789936969433,0.0009697558073615276,-0.0004973935697691889,0.3000000000000557,0.3,0.008999999999995947,-1.4225835983245763e-05,0.37388253377103065,True
59.5,16.288185545779708,4.218478505563678,17.82078993481476,0.0009622095833069484,-0.0004980057351867684,0.3000000000000545,0.3,0.00899999999999602,-7.39613918933438e-06,0.373889898220063,True
59.550000000000004,16.298797466727933,4.229079785382235,17.835789932670906,0.0009546851683616593,-0.0004983953573939326,0.3000000000000533,0.3,0.008999999999996131,-2.2821745140963966e-06,0.3738973069414909,True
59.6,16.30940937073329,4.239681082160541,17.850789930538994,0.0009471847261802683,-0.0004985717857424188,0.3000000000000521,0.3,0.0089999999999962,3.820867787583781e-06,0.3739047549954526,True
59.650000000000006,16.320021256899775,4.250282396795512,17.86578992841966,0.0009397095245634487,-0.000498547990984588,0.30000000000005095,0.3,0.008999999999996304,9.26310055879596e-06,0.3739122372626288,True
59.7,16.330633122475014,4.260883732042266,17.88078992631485,0.0009322634578818662,-0.0004983181135486126,0.30000000000004984,0.3,0.008999999999996363,1.3878784856545816e-05,0.37391975158857804,True
59.75,16.34124496788657,4.271485087472783,17.89578992422424,0.0009248459211531469,-0.0004979087027127127,0.3000000000000487,0.3,0.008999999999996455,1.9672859630698246e-05,0.37392729069481834,True
59.800000000000004,16.35185679067517,4.282086465548746,17.91078992214953,0.0009174603940205939,-0.0004973134781118826,0.3000000000000477,0.3,0.0089999999999965,2.3723914433198138e-05,0.37393485296661166,True
59.85,16.362468589772448,4.292687867339519,17.92578992009143,0.0009101083880863254,-0.0004965425183590666,0.3000000000000466,0.3,0.008999999999996578,2.9169320102154037e-05,0.3739424338996753,True
59.900000000000006,16.37308036402789,4.303289293996669,17.94078991805068,0.0009027915311656796,-0.0004956020471831302,0.30000000000004556,0.3,0.008999999999996686,3.317394031692268e-05,0.37395003001818305,True
59.95,16.383692111636698,4.313890747326679,17.95578991602848,0.0008955123768187208,-0.0004944928934395021,0.30000000000004456,0.3,0.008999999999996748,3.685095685545547e-05,0.37395763852251607,True
60.0,16.394303833957796,4.324492225969157,17.970789914023783,0.0008882690022034577,-0.0004932466228004806,0.30000000000004357,0.3,0.00899999999999684,4.188859038854054e-05,0.37396525196252905,True
60.050000000000004,16.404915527772765,4.3350937331455714,17.985789912038747,0.0008810659610037812,-0.000491844796021268,0.3000000000000426,0.3,0.008999999999996882,4.5088849644296555e-05,0.37397287125992373,True
60.1,16.415527192170583,4.345695269767676,18.000789910073895,0.0008739045421173831,-0.0004902959231994907,0.3000000000000417,0.3,0.008999999999996951,4.969303522761045e-05,0.373980492598907,True
60.150000000000006,16.426138826457315,4.356296836529913,18.01578990812958,0.0008667857272784871,-0.0004886077413629453,0.30000000000004073,0.3,0.008999999999997052,5.320324077750163e-05,0.3739881127004059,True
60.2,16.436750428531745,4.366898435535367,18.030789906207126,0.0008597124893711229,-0.0004867747179830851,0.30000000000003985,0.3,0.008999999999997099,5.684472826979091e-05,0.37399573023444865,True
60.25,16.44736199859112,4.377500066586384,18.045789904306243,0.0008526845491637669,-0.000484814037180703,0.30000000000003896,0.3,0.008999999999997173,6.0383895796371015e-05,0.37400334037772465,True
60.300000000000004,16.457973535223637,4.388101731095916,18.060789902427747,0.0008457039040551931,-0.00048272518198577696,0.3000000000000381,0.3,0.008999999999997194,6.23818972192083e-05,0.3740109412864379,True
60.35,16.468585039917325,4.398703427574269,18.075789900570456,0.000838768448481702,-0.00048053748855592104,0.3000000000000373,0.3,0.008999999999997241,6.611976313340083e-05,0.374018526355177,True
60.400000000000006,16.479196511378035,4.409305157316616,18.0907898987351,0.000831880013367048,-0.0004782474101333589,0.30000000000003646,0.3,0.008999999999997314,6.881861341751735e-05,0.37402609480627425,True
60.45,16.489807947199136,4.419906922731647,18.105789896923127,0.0008250420036564439,-0.000475842436595042,0.3000000000000356,0.3,0.00899999999999741,7.155880948505194e-05,0.37403364694963437,True
60.5,16.500419347952306,4.430508723246868,18.120789895133967,0.0008182536103044826,-0.00047334037630608616,0.30000000000003485,0.3,0.008999999999997453,7.45525610456555e-05,0.37404117830637645,True
60.550000000000004,16.51103071209583,4.441110560405187,18.135789893368464,0.0008115170144597426,-0.00047073596529090267,0.3000000000000341,0.3,0.008999999999997519,7.638374698704186e-05,0.3740486882585338,True
60.6,16.521642040099607,4.4517124337359855,18.150789891626104,0.0008048315510831854,-0.000468045429342423,0.3000000000000333,0.3,0.008999999999997607,7.945627991697398e-05,0.374056172653135,True
60.650000000000006,16.532253330987597,4.4623143442159305,18.16578988990733,0.000798198600944265,-0.000465267362216526,0.3000000000000326,0.3,0.00899999999999764,8.116894459987756e-05,0.37406363052707015,True
60.7,16.54286458395822,4.47291629264705,18.180789888212466,0.000791619297966267,-0.000462403879512574,0.30000000000003185,0.3,0.008999999999997696,8.338139653951319e-05,0.37407106011829655,True
60.75,16.553475799678115,4.483518278361792,18.195789886540858,0.0007850926987321323,-0.00045947033364046597,0.30000000000003113,0.3,0.00899999999999777,8.587926375439862e-05,0.3740784578115397,True
60.800000000000004,16.564086976015673,4.494120303493422,18.210789884893686,0.0007786218189630367,-0.00045645270876770727,0.30000000000003046,0.3,0.00899999999999779,8.691945855142505e-05,0.37408582475305746,True
60.85,16.574698114087475,4.504722366924018,18.225789883269993,0.0007722050786303485,-0.0004533719296354599,0.3000000000000298,0.3,0.008999999999997827,8.952659001031958e-05,0.37409315630951223,True
60.900000000000006,16.585309213126912,4.515324469420572,18.240789881670054,0.0007658435621510822,-0.0004502260458815188,0.30000000000002913,0.3,0.008999999999997886,9.022415124201019e-05,0.3741004519757076,True
60.95,16.59592027293697,4.525926611179962,18.255789880093772,0.0007595375480489632,-0.0004470211735007057,0.30000000000002847,0.3,0.008999999999997964,9.182982723525753e-05,0.3741077096570884,True
61.0,16.60653129474349,4.536528790974934,18.270789878540153,0.0007532853017216416,-0.0004437751884313057,0.30000000000002786,0.3,0.008999999999997984,9.38358301999996e-05,0.37411492578016625,True
61.050000000000004,16.617142275791622,4.5471310115624775,18.285789877010703,0.0007470907206334926,-0.00044046473504288913,0.30000000000002724,0.3,0.00899999999999802,9.449756953427722e-05,0.37412210338286245,True
61.1,16.627753217003978,4.557733272018823,18.300789875504606,0.0007409524991929735,-0.0004371066625655784,0.30000000000002663,0.3,0.008999999999998076,9.668370344666094e-05,0.37412923876754844,True
61.150000000000006,16.638364117648994,4.568335573075849,18.315789874022084,0.0007348716722122258,-0.0004336977556693711,0.300000000000026,0.3,0.00899999999999815,9.716454354485286e-05,0.37413633185425077,True
61.2,16.648974977404066,4.5789379150561,18.330789872563095,0.0007288486958740767,-0.00043024124339818837,0.30000000000002547,0.3,0.008999999999998164,9.889820030519771e-05,0.37414338122799917,True
61.25,16.659585796653964,4.589540297574133,18.345789871127163,0.0007228830255605552,-0.00042674520245022935,0.3000000000000249,0.3,0.008999999999998193,9.963459168587395e-05,0.3741503850351252,True
61.300000000000004,16.670196574458696,4.600142721570406,18.36078986971462,0.0007169759909496786,-0.0004232050712458246,0.30000000000002436,0.3,0.00899999999999824,9.961928747956299e-05,0.3741573433005504,True
61.35,16.680807313436564,4.610745184424071,18.37578986832366,0.0007111238874057783,-0.00041965206866534377,0.3000000000000238,0.3,0.008999999999998303,0.00010126654064049728,0.37416425045859986,True
61.400000000000006,16.691418011923975,4.62134768779981,18.39078986695506,0.0007053290683693307,-0.0004160699358639608,0.3000000000000233,0.3,0.008999999999998303,0.00010136970697866754,0.37417110898388123,True
61.45,16.70202866930227,4.631950232316468,18.405789865608945,0.000699592408891801,-0.00041245655814736715,0.3000000000000228,0.3,0.008999999999998317,0.00010255580035545241,0.37417791862933736,True
61.5,16.712639286134525,4.64255281741017,18.420789864284757,0.0006939131120959993,-0.00040882016719856473,0.3000000000000223,0.3,0.008999999999998346,0.00010295895678689486,0.37418467774749864,True
61.550000000000004,16.723249861589743,4.653155443912265,18.435789862982737,0.000688292353438553,-0.0004051554082068476,0.3000000000000218,0.3,0.008999999999998393,0.00010302170596767642,0.37419138675304753,True
61.6,16.733860397358068,4.663758110130907,18.450789861701686,0.0006827277414921695,-0.0004014823328193362,0.3000000000000213,0.3,0.008999999999998454,0.00010418177561647064,0.3741980420831177,True
61.650000000000006,16.744470892064328,4.674360817442063,18.465789860442168,0.0006772212216064289,-0.0003977874301666073,0.30000000000002086,0.3,0.008999999999998447,0.00010374884115853125,0.37420464580442714,True
61.7,16.7550813462645,4.684963565288983,18.480789859203632,0.00067177200696341,-0.00039407954818104773,0.3000000000000204,0.3,0.008999999999998457,0.00010462975670239905,0.3742111960764243,True
61.75,16.765691760403833,4.6955663532257566,18.495789857985613,0.0006663794674190652,-0.00039036366975175874,0.30000000000002,0.3,0.008999999999998478,0.00010468422099553394,0.3742176920495962,True
61.800000000000004,16.776302133472026,4.706169182263156,18.510789856788445,0.0006610450320878791,-0.00038663109483128016,0.30000000000001953,0.3,0.008999999999998514,0.00010453428053018629,0.37422413487833317,True
61.85,16.786912467125887,4.716772050742772,18.525789855610995,0.0006557663567571231,-0.000382900224156435,0.3000000000000191,0.3,0.008999999999998565,0.0001052550210514155,0.3742305214427335,True
61.900000000000006,16.797522760244554,4.727374959786028,18.540789854453656,0.0006505450269595454,-0.0003791591647244186,0.30000000000001864,0.3,0.008999999999998625,0.00010443546891281054,0.3742368536889199,True
61.95,16.808133013822367,4.737977908397521,18.55578985331568,0.0006453796357396897,-0.00037541986907563274,0.30000000000001825,0.3,0.008999999999998622,0.0001048254083434334,0.37424312947451877,True
62.0,16.818743228546854,4.7485808958889155,18.570789852196498,0.0006402692102111175,-0.00037168824199584893,0.30000000000001786,0.3,0.008999999999998629,0.00010481419370473769,0.37424934801896714,True
62.050000000000004,16.829353403025625,4.759183923653347,18.585789851096635,0.0006352157200397451,-0.00036794985469423835,0.3000000000000175,0.3,0.00899999999999865,0.00010440215910991176,0.37425551163727533,True
62.1,16.83996353859842,4.769786990349793,18.600789850015182,0.0006302172696378745,-0.000364219022373824,0.3000000000000171,0.3,0.008999999999998681,0.00010481811696975968,0.3742616179740772,True
62.150000000000006,16.850573634632084,4.780390096611576,18.61578984895226,0.0006252747545403973,-0.00036048812002331676,0.3000000000000167,0.3,0.008999999999998723,0.0001039730171024561,0.37426766839811176,True
62.2,16.861183691822085,4.790993241742445,18.630789847907316,0.0006203871906554387,-0.00035676487783975475,0.3000000000000163,0.3,0.008999999999998778,0.00010462526435028821,0.3742736615979475,True
62.25,16.87179370992061,4.801596425990104,18.645789846880273,0.0006155549283686002,-0.0003530450780674377,0.3000000000000159,0.3,0.008999999999998842,0.0001035114928421117,0.37427959847567516,True
62.300000000000004,16.882403689333977,4.812199648947667,18.660789845870724,0.000610777392650476,-0.0003493335164839184,0.3000000000000156,0.3,0.00899999999999884,0.00010301311232020821,0.37428547818218305,True
62.35,16.893013632249772,4.822802908425754,18.675789844877407,0.0006060514885272747,-0.0003456507317470825,0.30000000000001525,0.3,0.00899999999999885,0.00010321350688500165,0.3742912977133397,True
62.400000000000006,16.903623536662515,4.833406206430992,18.690789843901133,0.000601380052979591,-0.0003419732660472352,0.3000000000000149,0.3,0.008999999999998868,0.00010199544429540113,0.3742970611980911,True
62.45,16.914233403828423,4.844009541706032,18.705789842941094,0.0005967613086533409,-0.00033831396567918226,0.3000000000000146,0.3,0.008999999999998898,0.00010237696360141002,0.3743027665989779,True
62.5,16.924843233716373,4.854612914281768,18.72078984199714,0.0005921952993993229,-0.00033466959757399994,0.30000000000001426,0.3,0.008999999999998934,0.00010129810716248709,0.37430841483221033,True
62.550000000000004,16.935453026143023,4.865216324341417,18.735789841069167,0.0005876822844127962,-0.000331037676907564,0.3000000000000139,0.3,0.008999999999998983,0.00010071528493391797,0.3743140063764628,True
62.6,16.946062782999338,4.875819769992513,18.750789840156127,0.0005832195884050562,-0.0003274354171362015,0.3000000000000136,0.3,0.008999999999999042,0.00010062006106711715,0.3743195387953152,True
62.650000000000006,16.95667250286808,4.886423252652998,18.765789839258513,0.0005788092161486584,-0.00032384526045936557,0.3000000000000133,0.3,0.00899999999999903,9.93032487540745e-05,0.3743250152979106,True
62.7,16.967282187115494,4.897026770955498,18.780789838375526,0.0005744492346895884,-0.0003202803085695649,0.30000000000001303,0.3,0.008999999999999028,9.957552521679152e-05,0.3743304339265088,True
62.75,16.977891835450514,4.907630325191042,18.795789837507144,0.0005701400556250718,-0.00031673400160125986,0.30000000000001276,0.3,0.008999999999999033,9.822531150296154e-05,0.3743357962174989,True
62.800000000000004,16.988501448028206,4.918233915204236,18.81078983665313,0.0005658814594279218,-0.0003132069357679734,0.3000000000000125,0.3,0.008999999999999047,9.775869451182078e-05,0.3743411022133314,True
62.85,16.99911102643213,4.928837539410309,18.82578983581263,0.0005616712057507934,-0.0003097123002870905,0.3000000000000122,0.3,0.00899999999999907,9.716055040650545e-05,0.3743463502376413,True
62.900000000000006,17.009720569650234,4.939441198821732,18.840789834985937,0.0005575107261480956,-0.00030623667074747285,0.3000000000000119,0.3,0.008999999999999099,9.606109332808186e-05,0.37435154284536765,True
62.95,17.020330078986206,4.950044892133809,18.85578983417234,0.0005533981762133761,-0.0003027913433183427,0.30000000000001165,0.3,0.008999999999999139,9.579391705037716e-05,0.37435667852635757,True
63.0,17.030939554220748,4.960648619565773,18.8707898333718,0.0005493338660323588,-0.00029937041023764266,0.30000000000001137,0.3,0.008999999999999186,9.445076566557066e-05,0.3743617587248703,True
63.050000000000004,17.04154899598118,4.971252380489727,18.8857898325839,0.0005453169080342892,-0.00029597822143867525,0.30000000000001115,0.3,0.008999999999999161,9.409210708070096e-05,0.3743667830366761,True
63.1,17.052158404798224,4.981856174374444,18.900789831808282,0.000541346551311144,-0.000292616409876878,0.30000000000001087,0.3,0.008999999999999222,9.349962328615836e-05,0.3743717517277183,True
63.150000000000006,17.062767779634108,4.992460002258112,18.915789831045252,0.0005374242637838135,-0.0002892715761668718,0.30000000000001065,0.3,0.008999999999999213,9.213417256731026e-05,0.3743766673091705,True
63.2,17.073377122423945,5.003063862204304,18.930789830293868,0.0005335473078616959,-0.00028596169150640893,0.3000000000000104,0.3,0.008999999999999213,9.209925443872249e-05,0.37438152718179896,True
63.25,17.08398643262314,5.013667754757754,18.945789829554233,0.000529716453820219,-0.00028267680337157314,0.3000000000000102,0.3,0.008999999999999217,9.044244155246454e-05,0.3743863335308324,True
63.300000000000004,17.094595710916384,5.024271679233197,18.960789828825945,0.0005259307329462493,-0.000279422112564931,0.30000000000001,0.3,0.008999999999999227,8.989168647328125e-05,0.3743910857804966,True
63.35,17.10520495861786,5.034875634315557,18.97578982810837,0.0005221882860794902,-0.00027620682675444375,0.30000000000000976,0.3,0.008999999999999245,8.905303606932049e-05,0.37439578305555565,True
63.400000000000006,17.115814174661175,5.045479621071656,18.9907898274018,0.0005184906216278636,-0.0002730163417740128,0.30000000000000954,0.3,0.008999999999999269,8.777566461029404e-05,0.37440042818449276,True
63.45,17.1264233605835,5.0560836379633125,19.00578982670554,0.0005148355649881929,-0.0002698636276956546,0.3000000000000093,0.3,0.008999999999999302,8.74208131694054e-05,0.37440501949020755,True
63.5,17.137032515976607,5.0666876853988345,19.020789826019637,0.0005112236935431385,-0.00026674004872806467,0.3000000000000091,0.3,0.00899999999999934,8.600661486970725e-05,0.3744095589598149,True
63.550000000000004,17.147641641327684,5.077291762890609,19.035789825343787,0.0005076543179988738,-0.00026364804722467383,0.30000000000000887,0.3,0.008999999999999383,8.530449272672744e-05,0.37441404655727584,True
63.6,17.15825073763868,5.087895869436018,19.050789824677523,0.0005041260209161215,-0.0002605938219529813,0.3000000000000087,0.3,0.008999999999999354,8.436535929701461e-05,0.37441848185916105,True
63.650000000000006,17.168859804443912,5.098500005500852,19.065789824020918,0.0005006394609461558,-0.0002575688930249731,0.30000000000000854,0.3,0.008999999999999333,8.31255553212503e-05,0.37442286672502967,True
63.7,17.179468842998425,5.109104169829271,19.08078982337341,0.0004971928626227721,-0.00025458285803880987,0.3000000000000083,0.3,0.008999999999999394,8.292847183924273e-05,0.3744272000801334,True
63.75,17.190077852450734,5.119708363273063,19.09578982273522,0.0004937874303406582,-0.00025162247143395433,0.30000000000000815,0.3,0.008999999999999382,8.117346662202114e-05,0.3744314846535488,True
63.800000000000004,17.200686833897613,5.1303125847347655,19.110789822105847,0.0004904216125426106,-0.0002486969295310005,0.300000000000008,0.3,0.008999999999999377,8.070093814144544e-05,0.37443571926578323,True
63.85,17.211295788282964,5.140916833269881,19.125789821484883,0.00048709407393219347,-0.0002458111490117876,0.3000000000000078,0.3,0.008999999999999373,7.950199816475888e-05,0.37443990379199155,True
63.900000000000006,17.221904714986135,5.15152110949925,19.140789820872453,0.0004838056923707096,-0.00024295520413486482,0.30000000000000765,0.3,0.008999999999999378,7.860918317608603e-05,0.37444404030191303,True
63.95,17.232513615095854,5.162125412333492,19.1557898202681,0.0004805549277048515,-0.00024013659699684275,0.3000000000000075,0.3,0.008999999999999385,7.791255134488219e-05,0.3744481281077716,True
64.0,17.243122488120303,5.172729742264548,19.17078981967191,0.00047734247555843054,-0.00023734636141836685,0.3000000000000073,0.3,0.008999999999999397,7.627957209701839e-05,0.3744521691765931,True
64.05,17.25373133562748,5.183334097723558,19.185789819083276,0.00047416611783670886,-0.00023459770930056578,0.30000000000000715,0.3,0.008999999999999418,7.602340517164047e-05,0.3744561618028955,True
64.10000000000001,17.264340157355903,5.1939384789720275,19.20078981850221,0.00047102622435235585,-0.00023188277836316828,0.300000000000007,0.3,0.00899999999999944,7.471332098092825e-05,0.3744601079516924,True
64.15,17.27494895301801,5.204542886297539,19.215789817928727,0.0004679232017882079,-0.00022919580494296096,0.3000000000000068,0.3,0.008999999999999468,7.362909791693316e-05,0.37446400892790943,True
64.2,17.285557724408253,5.215147317904718,19.230789817362172,0.0004648545117538059,-0.00022655156980744273,0.30000000000000665,0.3,0.008999999999999501,7.31119000936076e-05,0.37446786288043976,True
64.25,17.296166470594798,5.225751774725723,19.245789816802784,0.000461821472294038,-0.00022393591996805462,0.3000000000000065,0.3,0.00899999999999954,7.160167106080796e-05,0.37447167269423737,True
64.3,17.306775192581423,5.236356255756228,19.26078981625017,0.00045882266346438733,-0.00022135645961351977,0.3000000000000063,0.3,0.008999999999999585,7.119047670224571e-05,0.37447543753098494,True
64.35000000000001,17.31738389063124,5.246960760732913,19.275789815704186,0.0004558577130154011,-0.0002188112965864075,0.3000000000000062,0.3,0.008999999999999552,6.977566717875356e-05,0.37447915832481593,True
64.4,17.327992564873604,5.257565289526282,19.29078981516472,0.0004529264379226576,-0.00021629872765249747,0.3000000000000061,0.3,0.008999999999999526,6.899892762528588e-05,0.37448283576453667,True
64.45,17.338601216349385,5.26816984109492,19.305789814631407,0.0004500273657785704,-0.00021382527777824567,0.30000000000000593,0.3,0.00899999999999958,6.807829547050392e-05,0.37448646938478325,True
64.5,17.349209844578773,5.2787744159187655,19.32078981410432,0.00044716117523111137,-0.0002113821259182025,0.3000000000000058,0.3,0.00899999999999956,6.686389311962002e-05,0.37449006112648886,True
64.55,17.359818450648742,5.289379012910304,19.335789813583084,0.0004443263286893638,-0.00020897708433509354,0.3000000000000057,0.3,0.008999999999999545,6.635726943733112e-05,0.37449361020717875,True
64.60000000000001,17.370427034266175,5.299983632362699,19.350789813067735,0.00044152324070923573,-0.00020660276299488967,0.3000000000000056,0.3,0.008999999999999531,6.487399100780753e-05,0.3744971184069117,True
64.65,17.381035596176986,5.31058827352965,19.365789812557992,0.0004387508561370959,-0.0002042639613244468,0.3000000000000055,0.3,0.008999999999999522,6.419368658979997e-05,0.3745005853555068,True
64.7,17.391644137119695,5.321192935672264,19.3807898120536,0.0004360081302874336,-0.00020196377951764433,0.3000000000000054,0.3,0.008999999999999515,6.33105438657646e-05,0.3745040111769391,True
64.75,17.402252656415605,5.331797619469444,19.395789811554693,0.00043329602312671073,-0.00019969150517706868,0.30000000000000526,0.3,0.008999999999999514,6.193318273045547e-05,0.3745073980925234,True
64.8,17.412861155578533,5.342402323406704,19.41078981106081,0.00043061239332138157,-0.00019745958073613679,0.30000000000000515,0.3,0.008999999999999515,6.169881736724701e-05,0.374510744548474,True
64.85000000000001,17.423469633945878,5.353007048146839,19.425789810572084,0.00042795817806654327,-0.00019525642554607536,0.30000000000000504,0.3,0.008999999999999517,6.041677836535492e-05,0.3745140530467317,True
64.9,17.43407809158578,5.363611793621622,19.44078981008845,0.0004253332809396776,-0.00019308033811071823,0.30000000000000493,0.3,0.008999999999999526,5.9883652005809344e-05,0.37451732418899875,True
64.95,17.44468652936786,5.374216558961022,19.455789809609623,0.00042273647181353773,-0.0001909366513013211,0.3000000000000048,0.3,0.008999999999999536,5.866794994944951e-05,0.3745205576216448,True
65.0,17.455294947473746,5.384821343983286,19.47078980913551,0.00042016749375002913,-0.0001888241810061864,0.3000000000000047,0.3,0.00899999999999955,5.759631764434695e-05,0.3745237539532351,True
65.05,17.46590334720852,5.395426147382783,19.48578980866573,0.000417624500686566,-0.0001867525395340408,0.3000000000000046,0.3,0.008999999999999567,5.737623507302118e-05,0.3745269121751762,True
65.10000000000001,17.476511727274747,5.406030970457383,19.50078980820058,0.00041510932778552424,-0.0001847039551186036,0.3000000000000045,0.3,0.008999999999999586,5.584777207294842e-05,0.37453003573007804,True
65.15,17.48712008865298,5.416635812226111,19.515789807739772,0.0004126205880397866,-0.0001826865821686896,0.3000000000000044,0.3,0.008999999999999612,5.516123223574371e-05,0.3745331235832571,True
65.2,17.49772843256318,5.427240671468508,19.530789807282943,0.00041015655580469443,-0.00018070874692699412,0.30000000000000426,0.3,0.008999999999999638,5.417144988008709e-05,0.3745361749876283,True
65.25,17.508336758440173,5.437845548749907,19.545789806830218,0.0004077180304758659,-0.000178760833966507,0.30000000000000415,0.3,0.00899999999999967,5.337772094456422e-05,0.3745391919993336,True
65.3,17.51894506680571,5.448450443548331,19.56078980638143,0.0004053042740212924,-0.00017684475660817434,0.30000000000000404,0.3,0.008999999999999704,5.299297967650835e-05,0.3745421747881691,True
65.35000000000001,17.52955335693895,5.459055356584819,19.57578980593672,0.00040291630600626136,-0.00017494971489384614,0.30000000000000393,0.3,0.008999999999999739,5.132712373447555e-05,0.374545125541898,True
65.4,17.540161630544958,5.469660286153669,19.590789805495632,0.00040055171465759376,-0.00017309127625420026,0.3000000000000039,0.3,0.008999999999999701,5.118904635846213e-05,0.3745480420490885,True
65.45,17.550769887666256,5.480265232212299,19.605789805058137,0.0003982104397917615,-0.00017126503774900215,0.30000000000000376,0.3,0.008999999999999744,4.9941628608620365e-05,0.3745509256774775,True
65.5,17.56137812782447,5.490870195239213,19.620789804624312,0.00039589315802754897,-0.00016946353027402772,0.3000000000000037,0.3,0.008999999999999708,4.9295597008995254e-05,0.3745537779685899,True
65.55,17.571986352230038,5.501475174023515,19.635789804193845,0.0003935981572186962,-0.00016769582079101397,0.3000000000000036,0.3,0.008999999999999756,4.8728407539136395e-05,0.3745565979418578,True
65.60000000000001,17.582594560027374,5.5120801694210435,19.650789803766905,0.0003913266475321789,-0.00016594976725348157,0.30000000000000354,0.3,0.008999999999999729,4.7214370035049706e-05,0.37455938799302757,True
65.65,17.593202752941842,5.522685179705825,19.66578980334307,0.0003890761884979241,-0.00016424086353061806,0.3000000000000035,0.3,0.008999999999999701,4.7193223524108504e-05,0.3745621459611941,True
65.7,17.60381093048308,5.53329020536835,19.680789802922426,0.0003868474736885744,-0.00016255936277831395,0.3000000000000034,0.3,0.008999999999999753,4.584722924869691e-05,0.3745648740473756,True
65.75,17.614419092556943,5.543895246502757,19.69578980250497,0.00038464063623352556,-0.00016090226543208352,0.3000000000000033,0.3,0.008999999999999732,4.502037096488524e-05,0.37456757300923554,True
65.8,17.625027240898817,5.554500301373074,19.710789802090282,0.0003824532215193117,-0.00015928395341335833,0.30000000000000326,0.3,0.008999999999999711,4.4693574905419054e-05,0.37457024103022807,True
65.85000000000001,17.635635374125133,5.565105371363279,19.72578980167866,0.0003802871864909602,-0.00015768623407652615,0.3000000000000032,0.3,0.008999999999999694,4.364827974644222e-05,0.3745728815562417,True
65.9,17.64624349280037,5.575710455908685,19.740789801269948,0.00037814173271249324,-0.00015611300651074966,0.30000000000000315,0.3,0.008999999999999675,4.3602003866823725e-05,0.37457549422774655,True
65.95,17.65685159674458,5.58631555518926,19.755789800864168,0.0003760171146820817,-0.00015455926344243307,0.30000000000000304,0.3,0.008999999999999739,4.203402297997268e-05,0.3745780802772936,True
66.0,17.667459687005028,5.596920668157384,19.770789800461067,0.0003739118510903429,-0.00015303433479008088,0.300000000000003,0.3,0.008999999999999729,4.1784251693129424e-05,0.3745806384153736,True
66.05,17.678067764335125,5.607525794059393,19.785789800060464,0.00037182487627470285,-0.00015154185293819733,0.30000000000000293,0.3,0.008999999999999718,4.123217323757409e-05,0.37458316862888325,True
66.10000000000001,17.688675827239354,5.618130934391229,19.80078979966266,0.000369758305517733,-0.00015006368407066706,0.3000000000000029,0.3,0.008999999999999708,4.0099231289242136e-05,0.3745856741879249,True
66.15,17.69928387741551,5.628736087454562,19.815789799267275,0.0003677097373931637,-0.00014861559274703673,0.3000000000000028,0.3,0.008999999999999701,3.977866480323301e-05,0.37458815281213564,True
66.2,17.709891914818936,5.639341253294036,19.830789798874306,0.0003656792350513695,-0.00014719344648839172,0.30000000000000276,0.3,0.008999999999999696,3.871101509514119e-05,0.37459060566561886,True
66.25,17.72049993956062,5.6499464317986074,19.845789798483708,0.0003636666414862449,-0.00014579607983089549,0.3000000000000027,0.3,0.008999999999999692,3.842537830401884e-05,0.3745930332514884,True
66.3,17.731107951890092,5.6605516227186525,19.860789798095414,0.0003616716037491696,-0.00014442286928095793,0.30000000000000265,0.3,0.00899999999999969,3.776724041945965e-05,0.3745954361078463,True
66.35000000000001,17.74171595130615,5.671156826555494,19.875789797709515,0.0003596948307268401,-0.00014306650506956675,0.3000000000000026,0.3,0.008999999999999689,3.647569065646081e-05,0.374597815696664,True
66.4,17.752323939750113,5.681762041367238,19.8907897973256,0.0003577335765768769,-0.00014174494270136062,0.30000000000000254,0.3,0.008999999999999689,3.673281484609329e-05,0.3746001694313086,True
66.45,17.762931916048576,5.6923672683276,19.90578979694389,0.0003557895009642573,-0.0001404418447864542,0.3000000000000025,0.3,0.008999999999999692,3.554565210874771e-05,0.3746025005040158,True
66.5,17.773539880119145,5.702972507518977,19.920789796564385,0.00035386272040868283,-0.00013915534802078078,0.30000000000000243,0.3,0.008999999999999697,3.530867454540262e-05,0.37460480935162577,True
66.55,17.78414783308328,5.713577757819577,19.935789796186853,0.0003519516486947295,-0.00013789427210009197,0.3000000000000024,0.3,0.008999999999999704,3.448930245641681e-05,0.3746070949410482,True
66.60000000000001,17.794755774514716,5.724183019655765,19.950789795811367,0.0003500568887247125,-0.00013665205197654906,0.3000000000000023,0.3,0.00899999999999971,3.390795966110034e-05,0.37460935861907607,True
66.65,17.80536370524555,5.734788292195196,19.965789795437743,0.0003481772635573249,-0.00013543483455524807,0.30000000000000226,0.3,0.00899999999999972,3.3483272042811195e-05,0.3746115997371149,True
66.7,17.815971624843524,5.745393575870233,19.980789795066066,0.00034631338457400936,-0.00013423557473490888,0.3000000000000022,0.3,0.00899999999999973,3.2885072800597223e-05,0.3746138197760488,True
66.75,17.826579533518327,5.7559988704711085,19.99578979469627,0.00034446495517299577,-0.00013305457340229143,0.30000000000000215,0.3,0.008999999999999744,3.2242560134523576e-05,0.37461601894311314,True
66.8,17.837187431851145,5.766604175416464,20.010789794328243,0.00034263115331353627,-0.00013189571872551653,0.3000000000000021,0.3,0.00899999999999976,3.175516366584026e-05,0.3746181969056186,True
66.85000000000001,17.847795319888064,5.777209490660187,20.02578979396196,0.0003408119137978555,-0.00013075703287968032,0.30000000000000204,0.3,0.008999999999999774,3.15565091744999e-05,0.37462035431613516,True
66.9,17.85840319706577,5.787814816765726,20.040789793597515,0.0003390080333681156,-0.00012963059301485114,0.300000000000002,0.3,0.008999999999999791,3.065438273481973e-05,0.37462249273086995,True
66.95,17.869011064212955,5.798420152904152,20.055789793234748,0.0003372183399126139,-0.00012852380204364522,0.30000000000000193,0.3,0.008999999999999812,3.0061841237035238e-05,0.37462461112338347,True
67.0,17.879618922263404,5.809025498141428,20.07078979287347,0.0003354415126777387,-0.00012744369083272922,0.3000000000000019,0.3,0.008999999999999833,2.9393619122329197e-05,0.37462670872636583,True
67.05,17.89022677107611,5.819630852618589,20.08578979251371,0.00033367775109789004,-0.00012638608419968111,0.3000000000000018,0.3,0.008999999999999857,2.9097802769084225e-05,0.3746287865803349,True
67.10000000000001,17.90083461038148,5.830236216605285,20.100789792155506,0.00033192743647881423,-0.00012534568561306525,0.30000000000000177,0.3,0.00899999999999988,2.8405737560185232e-05,0.37463084587696294,True
67.15,17.911442440379727,5.840841589901237,20.11578979179881,0.0003301902856260745,-0.00012432292067110495,0.3000000000000017,0.3,0.008999999999999906,2.818841797615752e-05,0.3746328867730415,True
67.2,17.92205026114714,5.851446972430127,20.1307897914436,0.00032846619063098444,-0.00012331638820972654,0.30000000000000165,0.3,0.008999999999999933,2.7534351157472828e-05,0.3746349097925968,True
67.25,17.93265807276021,5.862052364115433,20.145789791089854,0.00032675504330161297,-0.00012232540995926744,0.30000000000000165,0.3,0.008999999999999883,2.718647246331614e-05,0.3746369152452502,True
67.3,17.943265875637177,5.872657764538798,20.160789790737496,0.00032505625206731597,-0.00012135231639442967,0.3000000000000016,0.3,0.008999999999999914,2.6728116387851324e-05,0.37463890303045105,True
67.35000000000001,17.953873669610008,5.883263173868284,20.17578979038654,0.0003233700545879646,-0.0001203936140865558,0.30000000000000154,0.3,0.008999999999999946,2.5873665209114498e-05,0.3746408739480286,True
67.4,17.96448145571415,5.893868591068187,20.190789790036803,0.00032169498633595266,-0.00011945834533344524,0.30000000000000154,0.3,0.008999999999999899,2.567781725848336e-05,0.37464282677707794,True
67.45,17.975089233769243,5.904474016318904,20.205789789688318,0.0003200313024079701,-0.00011854182437598393,0.3000000000000015,0.3,0.00899999999999993,2.5292807345458453e-05,0.3746447626540951,True
67.5,17.98569700312089,5.915079450274974,20.22078978934118,0.00031837992835844853,-0.00011763567170708367,0.3000000000000015,0.3,0.008999999999999885,2.503207786558543e-05,0.3746466831421096,True
67.55,17.99630476400316,5.925684892702262,20.23578978899534,0.00031674053311957597,-0.0001167410454594453,0.30000000000000143,0.3,0.00899999999999992,2.4357287458984212e-05,0.3746485882282372,True
67.60000000000001,18.006912517031477,5.936290342985191,20.2507897886507,0.00031511224623837397,-0.0001158631182026637,0.30000000000000143,0.3,0.008999999999999876,2.399833279756752e-05,0.3746504772467488,True
67.65,18.01752026257889,5.946895800750614,20.26578978830718,0.00031349454007899134,-0.00011500364325223167,0.3000000000000014,0.3,0.008999999999999913,2.3714232099145418e-05,0.3746523502045652,True
67.7,18.028128000145667,5.957501266498376,20.280789787964864,0.0003118881214493221,-0.00011415564681316326,0.3000000000000013,0.3,0.00899999999999995,2.3579288918052974e-05,0.3746542084659903,True
67.75,18.038735729461493,5.968106740498838,20.29578978762379,0.0003102933726612276,-0.00011331513028989271,0.3000000000000013,0.3,0.00899999999999991,2.2528056487601457e-05,0.3746560528362346,True
67.8,18.049343451922645,5.978712221355397,20.310789787283717,0.0003087083188536695,-0.00011249578695171625,0.30000000000000127,0.3,0.00899999999999995,2.2459660715107215e-05,0.37465788122344856,True
67.85000000000001,18.059951167696433,5.989317708900703,20.325789786944622,0.0003071327233823123,-0.00011169642893027465,0.30000000000000127,0.3,0.008999999999999913,2.21939241009553e-05,0.37465969421705014,True
67.9,18.070558875574665,5.999923204343209,20.340789786606692,0.0003055682950780087,-0.00011090303515792765,0.30000000000000127,0.3,0.008999999999999874,2.1844256553284347e-05,0.37466149427226536,True
67.95,18.081166576119365,6.010528707120761,20.35578978626983,0.00030401423902304405,-0.00011012062632420605,0.3000000000000012,0.3,0.008999999999999914,2.1343730481563668e-05,0.3746632806929343,True
68.0,18.091774269858274,6.021134216705491,20.37078978593395,0.0003024698087929513,-0.00010935339341111572,0.3000000000000012,0.3,0.008999999999999878,2.123271005498243e-05,0.374665052980814,True
68.05,18.10238195654923,6.031739733339603,20.38578978559908,0.00030093534688267515,-0.00010859707657751017,0.30000000000000115,0.3,0.00899999999999992,2.0713764933539263e-05,0.37466681205852,True
68.10000000000001,18.112989636315273,6.04234525690003,20.400789785265204,0.0002994106792694478,-0.00010785200460261546,0.30000000000000115,0.3,0.008999999999999885,2.0428748647845155e-05,0.37466855800242904,True
68.15,18.123597309602236,6.052950786940834,20.415789784932244,0.00029789517537776034,-0.00010712128330536698,0.3000000000000011,0.3,0.00899999999999993,2.021001862214771e-05,0.374670290520727,True
68.2,18.13420497602847,6.063556323843733,20.430789784600247,0.00029638937498593085,-0.00010639955385871591,0.3000000000000011,0.3,0.008999999999999895,1.989238977856675e-05,0.3746720106651317,True
68.25,18.14481263574155,6.074161867461125,20.445789784269195,0.0002948930693765446,-0.00010568739839544872,0.30000000000000104,0.3,0.008999999999999942,1.9495270117453276e-05,0.37467371847147257,True
68.3,18.155420289157675,6.084767417376704,20.46078978393902,0.00029340566987483594,-0.00010498800116320872,0.30000000000000104,0.3,0.00899999999999991,1.8969306442022888e-05,0.37467541358274203,True
68.35000000000001,18.166027936777386,6.095372973089826,20.475789783609642,0.00029192646854056016,-0.00010430508092995616,0.30000000000000104,0.3,0.00899999999999988,1.940206656039357e-05,0.3746770956024513,True
68.4,18.176635577348687,6.105978535852742,20.490789783281244,0.0002904572361428333,-0.0001036238243763421,0.300000000000001,0.3,0.008999999999999928,1.871776091131766e-05,0.374678767159191,True
68.45,18.187243211102494,6.11658410543448,20.505789782953784,0.0002889976460741622,-0.00010294705789992697,0.300000000000001,0.3,0.008999999999999899,1.797345720495576e-05,0.37468042774016463,True
68.5,18.19785084019207,6.127189679681326,20.52078978262694,0.00028754465284504596,-0.00010229579204090733,0.300000000000001,0.3,0.008999999999999867,1.6673555194573455e-05,0.37468207415099863,True
68.55,18.208458465956024,6.1377952572544,20.535789782300526,0.00028609636318524274,-0.00010168101516860872,0.30000000000000093,0.3,0.008999999999999916,1.843998654202405e-05,0.374683705021551,True
68.60000000000001,18.219066084475305,6.148400842073549,20.550789781975105,0.0002846583200304697,-0.00010105791076708837,0.30000000000000093,0.3,0.008999999999999888,1.7079703921895064e-05,0.3746853281188166,True
68.65,18.22967369557249,6.159006434316219,20.565789781650693,0.00028323077431478773,-0.00010042755662775793,0.3000000000000009,0.3,0.008999999999999939,1.693521470720122e-05,0.37468694287177273,True
68.7,18.24028130267201,6.169612030557287,20.5807897813268,0.0002818088826672231,-9.982406260289345e-05,0.3000000000000009,0.3,0.008999999999999913,1.689312456605361e-05,0.3746885439935917,True
68.75,18.25088890370283,6.180217632868198,20.59578978100371,0.0002803955742635716,-9.922389901173556e-05,0.3000000000000009,0.3,0.008999999999999885,1.6006105857550633e-05,0.3746901355431147,True
68.8,18.261496499977657,6.190823239935981,20.610789780681245,0.00027898899247452507,-9.864031997475208e-05,0.3000000000000008,0.3,0.008999999999999939,1.640874968752562e-05,0.37469171544066004,True
68.85000000000001,18.272104090956738,6.2014288523004915,20.625789780359476,0.00027758990069410964,-9.8065387009183e-05,0.3000000000000008,0.3,0.008999999999999913,1.603245186872337e-05,0.3746932852804621,True
68.9,18.28271167576734,6.212034470834628,20.640789780038517,0.0002761995332718652,-9.748998376835072e-05,0.3000000000000008,0.3,0.008999999999999888,1.6025995858248014e-05,0.37469484653561336,True
68.95,18.29331925516097,6.222640094786733,20.65578977971826,0.0002748168273098363,-9.692141266737231e-05,0.3000000000000008,0.3,0.008999999999999862,1.6017353344158453e-05,0.374696398100283,True
69.0,18.30392682855106,6.233245724743481,20.67078977939878,0.00027344261241598846,-9.635311107447642e-05,0.30000000000000077,0.3,0.008999999999999918,1.5657060879396796e-05,0.3746979410938843,True
69.05,18.314534396552393,6.243851360089963,20.685789779079997,0.00027207601906432553,-9.579139495552445e-05,0.30000000000000077,0.3,0.008999999999999895,1.5032110884021204e-05,0.3746994745101768,True
69.10000000000001,18.325141960322615,6.254456999668312,20.700789778761745,0.0002707154099435905,-9.524726537335493e-05,0.30000000000000077,0.3,0.008999999999999873,1.5338150978360552e-05,0.37470099671928586,True
69.15,18.335749518912834,6.265062644427596,20.715789778444154,0.0002693621271085254,-9.470882831963401e-05,0.3000000000000007,0.3,0.008999999999999928,1.5560700574789777e-05,0.37470250991153276,True
69.2,18.34635707085932,6.2756682958318155,20.730789778127416,0.0002680182407844446,-9.416095596204156e-05,0.3000000000000007,0.3,0.008999999999999907,1.4373443608774674e-05,0.37470401650947904,True
69.25,18.356964618649222,6.286273951393345,20.745789777811186,0.00026668023327214383,-9.363030359066382e-05,0.3000000000000007,0.3,0.008999999999999885,1.487997749068842e-05,0.37470551211451664,True
69.3,18.36757216206312,6.296879611331651,20.760789777495503,0.00026534841490981803,-9.311180209792269e-05,0.3000000000000007,0.3,0.008999999999999862,1.4641099986522577e-05,0.37470699792177004,True
69.35000000000001,18.378179699483216,6.307485277264823,20.775789777180577,0.0002640250738126765,-9.258852295002118e-05,0.30000000000000066,0.3,0.00899999999999992,1.4136576178462241e-05,0.3747084766707001,True
69.4,18.38878723265402,6.31809094744802,20.790789776866166,0.00026270774264133996,-9.20785134844726e-05,0.30000000000000066,0.3,0.0089999999999999,1.4905594897478456e-05,0.37470994546879566,True
69.45,18.39939475999035,6.328696623466719,20.805789776552484,0.00026139866339237774,-9.156378279584487e-05,0.30000000000000066,0.3,0.00899999999999988,1.419173449893976e-05,0.37471140741715064,True
69.5,18.410002281723713,6.339302305089361,20.820789776239486,0.00026009750862175153,-9.104806753346129e-05,0.30000000000000066,0.3,0.00899999999999986,1.385438879631741e-05,0.3747128617334676,True
69.55,18.420609799850183,6.349907990319507,20.835789775926926,0.0002588014552021067,-9.055111625611012e-05,0.3000000000000006,0.3,0.00899999999999992,1.3995559736531995e-05,0.3747143053757756,True
69.60000000000001,18.43121731306662,6.360513680460526,20.85078977561496,0.00025751234621222544,-9.005766669012426e-05,0.3000000000000006,0.3,0.0089999999999999,1.285540853753406e-05,0.3747157410337159,True
69.65,18.44182482276805,6.3711193741171455,20.865789775303412,0.00025622820860986436,-8.958204888009913e-05,0.3000000000000006,0.3,0.008999999999999881,1.262439654334431e-05,0.3747171664244673,True
69.7,18.45243232986796,6.38172507037571,20.880789774992163,0.0002549477504174381,-8.913090627582498e-05,0.3000000000000006,0.3,0.008999999999999864,1.310780198783497e-05,0.37471858086697357,True
69.75,18.463039831761368,6.392330771841666,20.895789774681546,0.00025367465595675903,-8.867525845901447e-05,0.30000000000000054,0.3,0.008999999999999925,1.2731100458453883e-05,0.37471998928377176,True
69.8,18.47364732860731,6.402936478355945,20.91078977437153,0.0002524087002963814,-8.821770598177459e-05,0.30000000000000054,0.3,0.008999999999999907,1.2603213545305024e-05,0.3747213911274587,True
69.85000000000001,18.484254821496805,6.413542188827327,20.925789774061982,0.0002511483403619977,-8.776916038710779e-05,0.30000000000000054,0.3,0.008999999999999892,1.2556354029797785e-05,0.3747227847005006,True
69.9,18.494862309939368,6.424147903746384,20.94078977375296,0.00024989426986441853,-8.732373400888171e-05,0.30000000000000054,0.3,0.008999999999999874,1.2825570488780997e-05,0.37472417105775757,True
69.95,18.505469793276358,6.434753623771869,20.955789773444543,0.00024864742034326807,-8.687433856857663e-05,0.30000000000000054,0.3,0.008999999999999859,1.2547413905908791e-05,0.37472555137283126,True
70.0,18.516077271845656,6.445359348565839,20.970789773136683,0.0002474073139157849,-8.642510270906456e-05,0.3000000000000005,0.3,0.008999999999999921,1.1747569790305082e-05,0.37472692489744275,True
70.05,18.52668474753194,6.455965076243283,20.98578977282915,0.0002461712850102525,-8.599510911699858e-05,0.3000000000000005,0.3,0.008999999999999907,1.2719002805701441e-05,0.3747282886298109,True
70.10000000000001,18.53729221841162,6.466570808728126,21.00078977252218,0.00024494205423515234,-8.556205267029603e-05,0.3000000000000005,0.3,0.008999999999999892,1.1761995883225117e-05,0.3747296464737068,True
70.15,18.54789968461217,6.477176545892861,21.015789772215747,0.00024371944128483486,-8.512873871835415e-05,0.3000000000000005,0.3,0.008999999999999878,1.1698563262916146e-05,0.3747309977762777,True
70.2,18.55850714804188,6.487782285828873,21.030789771909625,0.00024250074720113724,-8.471363956974455e-05,0.3000000000000005,0.3,0.008999999999999864,1.2127413938296906e-05,0.3747323397504018,True
70.25,18.569114606441335,6.498388030795961,21.045789771604085,0.0002412891675574426,-8.429201772408579e-05,0.3000000000000005,0.3,0.008999999999999848,1.2669104836569198e-05,0.3747336765472796,True
70.3,18.579722058664004,6.508993781940842,21.060789771299255,0.00024008632391698062,-8.38530717518493e-05,0.30000000000000043,0.3,0.008999999999999913,1.1059794778063742e-05,0.3747350097532605,True
70.35000000000001,18.590329508043098,6.519599535929738,21.075789770994735,0.0002388875020118282,-8.343318273706934e-05,0.30000000000000043,0.3,0.0089999999999999,1.0781587242785157e-05,0.37473633327781253,True
70.4,18.600936956334113,6.530205291006867,21.090789770690325,0.0002376902189900927,-8.304698583250224e-05,0.30000000000000043,0.3,0.008999999999999887,1.1205369542644983e-05,0.3747376452572961,True
70.45,18.611544400295067,6.540811050414747,21.1057897703864,0.00023649906008761467,-8.265819042452272e-05,0.30000000000000043,0.3,0.008999999999999873,1.079532768047397e-05,0.37473895188440776,True
70.5,18.62215184008205,6.5514168139972595,21.12078977008295,0.00023531380453997396,-8.226914975029144e-05,0.30000000000000043,0.3,0.008999999999999859,1.1227677858468812e-05,0.37474025268102507,True
70.55,18.632759275730262,6.562022581719196,21.135789769779954,0.00023413440256267888,-8.187971087358914e-05,0.3000000000000004,0.3,0.008999999999999925,1.120423656252414e-05,0.37474154774235297,True
70.60000000000001,18.64336670651387,6.572628354306506,21.150789769477505,0.00023296188071358074,-8.148297299037655e-05,0.3000000000000004,0.3,0.008999999999999913,1.0620165683797358e-05,0.37474283809130227,True
70.65,18.653974134141663,6.583234130050116,21.1657897691754,0.00023179382220588125,-8.109707917414166e-05,0.3000000000000004,0.3,0.0089999999999999,1.0496326834023772e-05,0.3747441207563518,True
70.7,18.66458155893762,6.593839908625993,21.180789768873602,0.00023062976882568133,-8.072382151702585e-05,0.3000000000000004,0.3,0.00899999999999989,1.1163343929987937e-05,0.37474539566348075,True
70.75,18.67518897884352,6.60444569209269,21.19578976857234,0.00022947263156899007,-8.034086815078556e-05,0.3000000000000004,0.3,0.008999999999999878,9.626388302293588e-06,0.3747466665340319,True
70.8,18.685796396149975,6.615051478159223,21.210789768271354,0.00022831917075727114,-7.997344315102684e-05,0.3000000000000004,0.3,0.008999999999999867,1.028213010840045e-05,0.37474792911638666,True
70.85000000000001,18.696403811180254,6.625657266502273,21.22578976797061,0.00022716892918650896,-7.962174778120001e-05,0.3000000000000004,0.3,0.008999999999999855,1.0103234237127627e-05,0.3747491838079739,True
70.9,18.707011221614653,6.636263059441911,21.240789767670368,0.00022602518767291834,-7.926154073134574e-05,0.3000000000000003,0.3,0.008999999999999923,1.1086876829467815e-05,0.37475043452740403,True
70.95,18.71761862684861,6.646868857582792,21.25578976737069,0.0002248888012618467,-7.888696898616931e-05,0.3000000000000003,0.3,0.008999999999999913,1.0673617423468595e-05,0.37475168215792065,True
71.0,18.728226027061634,6.657474660745366,21.27078976707155,0.00022375951605615465,-7.85022159248694e-05,0.3000000000000003,0.3,0.008999999999999902,1.0450314793795767e-05,0.3747529257110005,True
71.05,18.738833424320774,6.668080466862263,21.285789766772723,0.00022263440858701872,-7.812882546942569e-05,0.3000000000000003,0.3,0.008999999999999892,1.0315020558284401e-05,0.3747541617117793,True
71.10000000000001,18.74944081825393,6.678686276305637,21.300789766474242,0.00022151400511740115,-7.776183595298304e-05,0.3000000000000003,0.3,0.008999999999999881,1.1912879331713483e-05,0.3747553911075593,True
71.15,18.76004820577455,6.689292092162521,21.31578976617645,0.00022040267103188814,-7.736873972064019e-05,0.3000000000000003,0.3,0.008999999999999871,9.229219358864776e-06,0.3747566191874141,True
71.2,18.77065559090264,6.699897910412275,21.330789765878897,0.00021929472073741786,-7.699502499436406e-05,0.3000000000000003,0.3,0.00899999999999986,8.954171195012503e-06,0.3747578381273765,True
71.25,18.781262977352306,6.710503727340226,21.345789765581188,0.00021818490128932595,-7.667412308487442e-05,0.3000000000000003,0.3,0.00899999999999985,1.0342305813944553e-05,0.37475904325160936,True
71.3,18.79187035849131,6.721109549579634,21.360789765284036,0.0002170825928112276,-7.633335262857699e-05,0.30000000000000027,0.3,0.00899999999999992,9.463876178253788e-06,0.3747602467656539,True
71.35000000000001,18.802477735047255,6.731715376402777,21.375789764987367,0.0002159867662381479,-7.598348395965182e-05,0.30000000000000027,0.3,0.00899999999999991,9.375425431549372e-06,0.3747614464998907,True
71.4,18.81308510961978,6.74232120520962,21.390789764690894,0.0002148937448431259,-7.565087406513625e-05,0.30000000000000027,0.3,0.008999999999999904,1.0052524104277223e-05,0.3747626383032719,True
71.45,18.823692479652475,6.752927038556959,21.40578976439489,0.00021380714420681375,-7.530775682973444e-05,0.30000000000000027,0.3,0.008999999999999895,9.31569861718182e-06,0.3747638268064895,True
71.5,18.83429984610667,6.763532875483317,21.420789764099254,0.0002127256047013665,-7.496570571541294e-05,0.30000000000000027,0.3,0.008999999999999887,9.145960189716595e-06,0.37476500993196304,True
71.55,18.844907210547127,6.774138714423692,21.435789763803818,0.00021164691324880572,-7.46398367291734e-05,0.30000000000000027,0.3,0.008999999999999878,9.65636961770731e-06,0.3747661854034573,True
71.60000000000001,18.85551457095314,6.784744557399095,21.45078976350879,0.00021057392777475923,-7.430788677975642e-05,0.30000000000000027,0.3,0.00899999999999987,9.507924676030422e-06,0.3747673569749759,True
71.65,18.866121927180473,6.795350404553775,21.465789763214186,0.0002095068522687795,-7.396947577942292e-05,0.30000000000000027,0.3,0.008999999999999862,9.837934406311133e-06,0.37476852455541243,True
71.7,18.8767292795141,6.805956255602715,21.480789762919976,0.00020844528368310812,-7.362782385522681e-05,0.30000000000000027,0.3,0.008999999999999854,8.17807026654273e-06,0.37476968759146767,True
71.75,18.887336630502798,6.8165621079967655,21.49578976262589,0.00020738561724874943,-7.33099097767198e-05,0.30000000000000027,0.3,0.008999999999999845,9.223287612511122e-06,0.3747708416754635,True
71.8,18.897943979287252,6.827167962595362,21.510789762332024,0.00020632906829514314,-7.300296711776344e-05,0.3000000000000002,0.3,0.008999999999999916,8.001433141673673e-06,0.3747719893835797,True
71.85000000000001,18.908551325055775,6.837773820210312,21.52578976203845,0.0002052767848136035,-7.269917742414032e-05,0.3000000000000002,0.3,0.00899999999999991,8.666162222591401e-06,0.37477313188983363,True
71.9,18.91915866864276,6.8483796800071035,21.540789761745096,0.00020422758670630953,-7.240533239549762e-05,0.3000000000000002,0.3,0.008999999999999904,9.656243538423698e-06,0.37477426835724925,True
71.95,18.929766006210038,6.858985545824451,21.55578976145234,0.00020318690234938028,-7.208194907026844e-05,0.3000000000000002,0.3,0.008999999999999899,9.45465567091176e-06,0.37477540508353324,True
72.0,18.94037333892172,6.869591416498075,21.570789761160064,0.0002021530853243945,-7.174449116997828e-05,0.3000000000000002,0.3,0.008999999999999892,9.433487946791482e-06,0.3747765391225209,True
72.05,18.95098066845225,6.880197290353289,21.5857897608681,0.00020112376743703126,-7.141100944763058e-05,0.3000000000000002,0.3,0.008999999999999885,1.0140600961285915e-05,0.3747776674814958,True
72.10000000000001,18.9615879932612,6.890803168930731,21.600789760576593,0.00020010112733000125,-7.106528363054476e-05,0.3000000000000002,0.3,0.00899999999999988,8.515617896192536e-06,0.37477879279909165,True
72.15,18.972195315945864,6.9014090496327425,21.61578976028529,0.0001990814916181283,-7.073594175555088e-05,0.3000000000000002,0.3,0.008999999999999873,8.725186534336417e-06,0.3747799102464213,True
72.2,18.98280263768746,6.9120149312779375,21.63078975999406,0.00019806318968723825,-7.043186496902276e-05,0.3000000000000002,0.3,0.008999999999999867,8.846367398314662e-06,0.37478101885647475,True
