time_s,x_m,y_m,progress_m,lateral_error_m,heading_error_rad,speed_mps,target_speed_mps,drive,steer,clearance_m,reference_valid
0.0,0.0,0.15,0.0,0.15,0.08,0.0,0.8,0.35,-0.3588223483132328,0.20166512260332825,True
0.05,0.0014558847563230898,0.15008588331262232,0.0014558847563230898,0.15008588331262232,0.07976841575479243,0.05831443590147568,0.8,0.35,-0.299065657390948,0.2016454904353171,True
0.1,0.005830631586738995,0.1502168934269292,0.005830631586738995,0.1502168934269292,0.07814123264494366,0.11651566605872463,0.8,0.35,-0.25579064170756943,0.201980205540721,True
0.15000000000000002,0.0131262376588358,0.15024137363844783,0.0131262376588358,0.15024137363844783,0.0741181414782771,0.1744913620874936,0.8,0.35,-0.3047853490890918,0.20310887414960882,True
0.2,0.023332481190246834,0.15004844038001672,0.023332481190246834,0.15004844038001672,0.0671937504306764,0.23213093591663345,0.8,0.35,-0.34403256052027303,0.20529211100085695,True
0.25,0.03643016655009198,0.14949918780220464,0.03643016655009198,0.14949918780220464,0.05687853903877721,0.2893263743246895,0.8,0.35,-0.33235636384958994,0.2088191367127587,True
0.30000000000000004,0.05238187465141156,0.1485723268840802,0.05238187465141156,0.1485723268840802,0.04379021774126172,0.3459730318485169,0.8,0.35,-0.30334495478047024,0.21354596442943297,True
0.35000000000000003,0.07114043887362274,0.14735026023996448,0.07114043887362274,0.14735026023996448,0.029357946324412333,0.40197036999714497,0.8,0.35,-0.23917408196475884,0.21898554635499334,True
0.4,0.0926595754801292,0.14596982858587515,0.0926595754801292,0.14596982858587515,0.015308481264791628,0.4572226321563647,0.8,0.35,-0.2709748337179318,0.2244983766233313,True
0.45,0.11689923722265404,0.14419369290653705,0.11689923722265404,0.14419369290653705,0.00038330794893365154,0.5116394452686154,0.8,0.35,-0.17565033615504907,0.23069247381822874,True
0.5,0.14380867883267467,0.14209347635728184,0.14380867883267467,0.14209347635728184,-0.014029394401303833,0.5651363412513684,0.8,0.35,-0.27194786785550906,0.2287522314819733,True
0.55,0.17332869352521574,0.1393513179743252,0.17332869352521574,0.1393513179743252,-0.030005262618177313,0.6176351931036671,0.8,0.22332889675497222,-0.19807957704172538,0.22679472168631926,True
0.6000000000000001,0.204859742647632,0.13574447904104495,0.204859742647632,0.13574447904104495,-0.0478928535277725,0.6481780669343957,0.8,0.20032605409920481,-0.15866792464044138,0.22518011100268137,True
0.65,0.23777047322633083,0.13205877648156703,0.23777047322633083,0.13205877648156703,-0.06201267591298149,0.6742767120066465,0.8,0.11844870202434572,-0.1645858933488811,0.22477553221125918,True
0.7000000000000001,0.2715869735069174,0.12799629730645462,0.2715869735069174,0.12799629730645462,-0.07516900500920032,0.6863041942737518,0.8,0.1950531213637281,-0.07487272127885375,0.2250525090228001,True
0.75,0.3062945727152613,0.12386697965892113,0.3062945727152613,0.12386697965892113,-0.08513336052035755,0.7106796055469791,0.8,0.17280669161020965,-0.18170484762082048,0.22633165074124997,True
0.8,0.34206017222427243,0.1192191464456989,0.34206017222427243,0.1192191464456989,-0.09590438678883231,0.7308211696257779,0.8,0.07547685946545817,-0.06487636123013735,0.22791530705018231,True
0.8500000000000001,0.3783555483807246,0.11405094350549579,0.3783555483807246,0.11405094350549579,-0.1068284364133126,0.7344544776025156,0.8,0.10305112738470683,-0.02354334961709385,0.2299939164573947,True
0.9,0.4149985060130208,0.10945328887345797,0.4149985060130208,0.10945328887345797,-0.11115160746757176,0.7425395358979872,0.8,0.13649620485800618,-0.08308154619796468,0.23337399006250334,True
0.9500000000000001,0.45215107200725957,0.10460063788616966,0.45215107200725957,0.10460063788616966,-0.11591663282286567,0.7559320534325715,0.8,0.09823944581649272,-0.041482215344125876,0.23688801996925768,True
1.0,0.4897606835772417,0.09935365342367788,0.4897606835772417,0.09935365342367788,-0.12154661703476054,0.7626955785686838,0.8,0.04118791343414628,-0.056366696914100206,0.2405580343294527,True
1.05,0.5274623864828932,0.09407809085473265,0.5274623864828932,0.09407809085473265,-0.12598068345183203,0.759900787881668,0.8,0.09855363872371067,-0.026763564875026465,0.2445951752671905,True
1.1,0.565249806458062,0.08870876195504915,0.565249806458062,0.08870876195504915,-0.12975555759034682,0.7666165725141292,0.8,0.08295763198763487,-0.031988005078205275,0.24891269160911256,True
1.1500000000000001,0.6033045931724037,0.08333474283044992,0.6033045931724037,0.08333474283044992,-0.1324431054050649,0.7705966691542945,0.8,0.03311313676660291,-0.018645971856651632,0.2535392747142875,True
1.2000000000000002,0.6413422663482425,0.07791001797873448,0.6413422663482425,0.07791001797873448,-0.13475905778929875,0.7662741855697424,0.8,0.08809467832931825,-0.0012280422960286393,0.25832085318290726,True
1.25,0.679409680810264,0.0726050671538398,0.679409680810264,0.0726050671538398,-0.13566725105469848,0.7711082320886392,0.8,0.1401639029433031,-0.03382202768359672,0.2633738358052431,True
1.3,0.7179089628596625,0.06711094994745982,0.7179089628596625,0.06711094994745982,-0.13729377107583884,0.7843863793562684,0.8,0.031209767775582296,0.017275219932999304,0.268417031221869,True
1.35,0.7566169820079975,0.06162912695460594,0.7566169820079975,0.06162912695460594,-0.13806620526542057,0.7793989856489345,0.8,0.023226266058473083,0.030876858651637706,0.27368486381649604,True
1.4000000000000001,0.7951080010235477,0.05661658685134737,0.7951080010235477,0.05661658685134737,-0.13584262719674192,0.7732259704758306,0.8,0.1197289275221356,-0.020484113596891368,0.27931367551003294,True
1.4500000000000002,0.8336702958243246,0.05143408631047729,0.8336702958243246,0.05143408631047729,-0.13536638662116945,0.7830879658443913,0.8,0.06049218498274627,0.09031910619643457,0.28462827319158635,True
1.5,0.8725147603081415,0.046533790030273595,0.8725147603081415,0.046533790030273595,-0.13261435687661297,0.7829513414390947,0.8,0.04289114672042403,0.005340927492259484,0.29029264050811787,True
1.55,0.9113241567692798,0.04198330464954619,0.9113241567692798,0.04198330464954619,-0.12866413537491816,0.7799226283813718,0.8,0.059135491211001555,-0.014901512160653186,0.29594202036488915,True
1.6,0.9499831671826574,0.03692004590324224,0.9499831671826574,0.03692004590324224,-0.12910767669031964,0.7796441897356814,0.8,0.0335292306837589,0.05132270599980532,0.30088176597465943,True
1.6500000000000001,0.9885593258447876,0.03214857606070742,0.9885593258447876,0.03214857606070742,-0.12742547709632635,0.7751600502515876,0.8,0.08229211227252449,0.011807266625335515,0.30612184742339865,True
1.7000000000000002,1.0271510960830703,0.02766160731044704,1.0271510960830703,0.02766160731044704,-0.12450751397968973,0.7788133736818946,0.8,0.009107993922896598,0.05826233831814692,0.31142276003932434,True
1.75,1.0656372327605335,0.023323123882806773,1.0656372327605335,0.023323123882806773,-0.12128103241210521,0.7703323584888704,0.8,0.0944378598115238,0.06090179136570876,0.31666284101951003,True
1.8,1.1041130440024052,0.019469359186207142,1.1041130440024052,0.019469359186207142,-0.11579446828012344,0.7761071558751058,0.8,0.0818913253675673,0.0658353593065717,0.3220535730821845,True
1.85,1.1428474784499247,0.01585761809241749,1.1428474784499247,0.01585761809241749,-0.10992344658518453,0.7796703114467038,0.8,0.017397922799881654,0.09672787120605822,0.32731526323380034,True
1.9000000000000001,1.1815373142895584,0.012722861264884214,1.1815373142895584,0.012722861264884214,-0.10240838250380142,0.7725314167564832,0.8,0.0445661932145108,0.03782978889296534,0.33256987918588476,True
1.9500000000000002,1.2199939913089815,0.009728609107778655,1.2199939913089815,0.009728609107778655,-0.09622505761778515,0.7700444922129381,0.8,0.07949702082261109,-0.022330061045630352,0.3373148889932215,True
2.0,1.2584131370525269,0.006146014754382952,1.2584131370525269,0.006146014754382952,-0.09551520379393985,0.7733682845463842,0.8,0.0854703459101348,0.0840879120614437,0.34109884811035485,True
2.0500000000000003,1.2970444527474077,0.0028041331102101616,1.2970444527474077,0.0028041331102101616,-0.09295584388721904,0.7775902803698197,0.8,0.05833753345050999,0.0465772243419587,0.34516738361475013,True
2.1,1.3358266677253374,7.291036788668621e-05,1.3358266677253374,7.291036788668621e-05,-0.0872037020849505,0.7772403129686634,0.8,0.019920215973919207,0.040342628895223435,0.3495353822709334,True
2.15,1.374426168411097,-0.0026914500162394557,1.374426168411097,-0.0026914500162394557,-0.0831993605978293,0.7705783953015355,0.8,0.09350955180447573,0.049821671221319565,0.3480592217626689,True
2.2,1.4130130612181322,-0.0052816796957279,1.4130130612181322,-0.0052816796957279,-0.07904798070609105,0.7761941930855717,0.8,0.04810441248611408,0.06165701863630307,0.3466558454597231,True
2.25,1.4517108923662614,-0.007569326033733703,1.4517108923662614,-0.007569326033733703,-0.07390307756781318,0.7741962403949294,0.8,0.04778099926504609,0.03139714694750063,0.3458426330678388,True
2.3000000000000003,1.4903121368335366,-0.009768259921027108,1.4903121368335366,-0.009768259921027108,-0.06961943121696887,0.7721959750936926,0.8,0.12277640861233724,0.10021459607078681,0.34487427478230503,True
2.35,1.5291488287932407,-0.011570878643890897,1.5291488287932407,-0.011570878643890897,-0.06351758239681211,0.7825857031894987,0.8,0.09485595645702569,0.052031912221712634,0.3448291521661931,True
2.4000000000000004,1.5684035101626137,-0.012970820706642627,1.5684035101626137,-0.012970820706642627,-0.05639657244392284,0.7881150836506557,0.8,0.08214933712850253,0.06042058470651896,0.34548700800505344,True
2.45,1.6078723060822564,-0.014397992515706084,1.6078723060822564,-0.014397992515706084,-0.05110856221039934,0.7914110065962656,0.8,0.07129577763647629,0.08463423076920325,0.3455925916780029,True
2.5,1.6474762395302538,-0.015391042833616109,1.6474762395302538,-0.015391042833616109,-0.04426396982737528,0.7928358912873803,0.8,0.10090480498892625,0.04549485865123013,0.3465892868579199,True
2.5500000000000003,1.6872753757820715,-0.016203934386995703,1.6872753757820715,-0.016203934386995703,-0.03809755511248769,0.7990936059093692,0.8,0.1085331609921671,0.0003352774919797504,0.34757453169294084,True
2.6,1.7273982846721554,-0.017386106477390403,1.7273982846721554,-0.017386106477390403,-0.03591128090083233,0.8064413587488125,0.8,0.0035095919374254075,0.08510500707824527,0.3470311279810546,True
2.6500000000000004,1.7674605059885438,-0.0182335190047306,1.7674605059885438,-0.0182335190047306,-0.03184289697453964,0.796323191030563,0.8,0.031900417906311575,0.0021486847880672977,0.34737410653197665,True
2.7,1.8071458656090813,-0.018844563203295826,1.8071458656090813,-0.018844563203295826,-0.027714894974021347,0.7911400279319863,0.8,0.09126178738395935,0.03339830822240629,0.34797317085658686,True
2.75,1.8468126479062918,-0.019698788810205432,1.8468126479062918,-0.019698788810205432,-0.02603493862409726,0.7958560345425073,0.8,0.07398400620440035,-0.004369422499523171,0.3476120691468717,True
2.8000000000000003,1.88664151379277,-0.020515017095860257,1.88664151379277,-0.020515017095860257,-0.02465930225052187,0.7976069110721636,0.8,0.08219137011683808,0.024897815069482736,0.3471999155070378,True
2.85,1.9265897843929571,-0.02136104863424459,1.9265897843929571,-0.02136104863424459,-0.02368225293822722,0.8006616853732466,0.8,-0.016465074240891893,0.013148840850060482,0.34664103112285216,True
2.9000000000000004,1.9662852957817925,-0.02202435356703769,1.9662852957817925,-0.02202435356703769,-0.02188311499560198,0.7874098230433441,0.8,0.012264277136716906,0.01949874196065753,0.34650680821218915,True
2.95,2.0054458049614396,-0.022652741445133733,2.0054458049614396,-0.022652741445133733,-0.020361962077409094,0.7792277688344086,0.8,0.08558033699337962,-0.00787455838683333,0.3463260858996488,True
3.0,2.044503596134849,-0.02335812338872014,2.044503596134849,-0.02335812338872014,-0.019822685483908708,0.7833177847255888,0.8,0.08473166313499303,0.021231461845522107,0.3457794824501799,True
3.0500000000000003,2.083759989980587,-0.024050474126286255,2.083759989980587,-0.024050474126286255,-0.019197480598714012,0.7871627834435929,0.8,0.06563380599357987,0.0662467361827629,0.3452712575934216,True
3.1,2.1231365142330723,-0.02419817328965911,2.1231365142330723,-0.02419817328965911,-0.015096457453046825,0.78776670388339,0.8,0.03530219605990486,0.04730140342115754,0.3463325928197084,True
3.1500000000000004,2.162420044319498,-0.023979896554633954,2.162420044319498,-0.023979896554633954,-0.009784715223566961,0.783365394195775,0.8,0.03695456708220365,-0.01801192493665019,0.34812007313810744,True
3.2,2.2014876618922767,-0.024135603059582355,2.2014876618922767,-0.024135603059582355,-0.008420085705593484,0.779349370687045,0.8,0.08910427366942356,-0.018814458995023032,0.34836809212459047,True
3.25,2.240568520881292,-0.02472402924386706,2.240568520881292,-0.02472402924386706,-0.010133061661438342,0.7840159917688414,0.8,0.03446711827872056,0.0012511963559761162,0.3472729203235497,True
3.3000000000000003,2.2796544119445383,-0.025250137056635452,2.2796544119445383,-0.025250137056635452,-0.010950951776500092,0.7795740117216937,0.8,0.0637933848647255,0.003274334796307342,0.3465049904066019,True
3.35,2.3186435874104263,-0.02564591823676766,2.3186435874104263,-0.02564591823676766,-0.010740961282935389,0.7800708307356833,0.8,0.056836243951251975,0.014386557409459926,0.346171288046817,True
3.4000000000000004,2.357629545145078,-0.025943904015200622,2.357629545145078,-0.025943904015200622,-0.00992165136838112,0.7794103185782261,0.8,0.07010850844336453,-0.012429526140491852,0.34611556627116413,True
3.45,2.3966370199779345,-0.026309138946499257,2.3966370199779345,-0.026309138946499257,-0.009831212079837651,0.7809502914217694,0.8,0.07491902090255079,-0.0015388341124895892,0.34577707884815984,True
3.5,2.4357391558084616,-0.026795356758822973,2.4357391558084616,-0.026795356758822973,-0.010480993091756215,0.7832420836915536,0.8,0.06388620639024453,0.06945034258226933,0.3450987109225909,True
3.5500000000000003,2.474913691955549,-0.026747394467307027,2.474913691955549,-0.026747394467307027,-0.007313415400228656,0.7836598373120658,0.8,0.06521030815060912,0.03575580739858368,0.3460838833843749,True
3.6,2.514115064951332,-0.026279386505612953,2.514115064951332,-0.026279386505612953,-0.0024030649187968,0.7842846446585545,0.8,0.10826316058262797,-0.03428131550382698,0.3480072648203062,True
3.6500000000000004,2.5535223509866403,-0.026342831514230995,2.5535223509866403,-0.026342831514230995,-0.0023392428008355663,0.7919754967448597,0.8,0.052838149261558505,0.04811437578194964,0.34796275601094306,True
3.7,2.5930803172734276,-0.026362271500160878,2.5930803172734276,-0.026362271500160878,-0.0016891629646535998,0.7903496419985279,0.8,0.0929354111672347,-0.0006171810041019823,0.3481362256673368,True
3.75,2.632723802108224,-0.026074140611666092,2.632723802108224,-0.026074140611666092,0.0005496491332128022,0.795361550610852,0.8,0.09874988250492045,-0.006159242387937529,0.34876263248612466,True
3.8000000000000003,2.672638466143141,-0.026099409738742172,2.672638466143141,-0.026099409738742172,0.00022745749317090665,0.8011986209970431,0.8,0.07063162035465892,-0.026618487369218444,0.3488330386199255,True
3.85,2.7127248691872556,-0.02632155465839936,2.7127248691872556,-0.02632155465839936,-0.0013364695073213562,0.8022576925071893,0.8,0.03652810599084852,-0.0033745511119737184,0.3482816256504943,True
3.9000000000000004,2.7527223144114834,-0.026599555363203575,2.7527223144114834,-0.026599555363203575,-0.002765222800592562,0.7976801148705581,0.8,0.02756896295098654,0.01199493255711348,0.3475796524149224,True
3.95,2.792457382655469,-0.02665247794954225,2.792457382655469,-0.02665247794954225,-0.0023585094753532584,0.7917490521958218,0.8,0.05770568315945829,0.0021368237089136283,0.34764739304595926,True
4.0,2.83202436442008,-0.026641727738983448,2.83202436442008,-0.026641727738983448,-0.0016930337316245821,0.7909297452326315,0.8,0.03461007896282921,0.01003083734369379,0.34785562063059833,True
4.05,2.8714554841376287,-0.026624353302411412,2.8714554841376287,-0.026624353302411412,-0.0011224469296188429,0.7863326740319347,0.8,0.06508823651363535,-0.03922654755556632,0.3480423587724286,True
4.1000000000000005,2.910785193536324,-0.02686070064593498,2.910785193536324,-0.02686070064593498,-0.002489377512931229,0.7868683430278505,0.8,0.05458483728429445,0.012789174549357333,0.3474003423086697,True
4.15,2.9500975694766867,-0.027162207833355597,2.9500975694766867,-0.027162207833355597,-0.003727023774908878,0.7856623299371525,0.8,0.06976720309856997,0.007982493239365344,0.34673173683629255,True
4.2,2.9894141105038954,-0.027159887759440747,2.9894141105038954,-0.027159887759440747,-0.002755235010264284,0.7869850367101774,0.8,0.0953322409214424,-0.03213165196612715,0.34702228293504345,True
4.25,3.028900624150991,-0.02742882061632049,3.028900624150991,-0.02742882061632049,-0.003892309558345382,0.7924787762577954,0.8,0.07734249363245913,-0.034166906839251734,0.34641611324221383,True
4.3,3.068581756808519,-0.02805815234971366,3.068581756808519,-0.02805815234971366,-0.007023939569512053,0.7948703887003757,0.8,0.08521242871777983,-0.0176945312148695,0.34485883822165675,True
4.3500000000000005,3.1084121755042347,-0.02871655679313548,3.1084121755042347,-0.02871655679313548,-0.00948210789146963,0.7984938555564431,0.8,0.020340537290350694,0.007405732456899479,0.3434729187196556,True
4.4,3.148154961846818,-0.02917545937390234,3.148154961846818,-0.02917545937390234,-0.009970532530254999,0.7913525767817994,0.8,0.06615155654705915,-0.0008772648419704153,0.3428695546965259,True
4.45,3.1877356769037384,-0.029520866990545677,3.1877356769037384,-0.029520866990545677,-0.009663070775778104,0.7919328325350015,0.8,0.02522569206875829,-0.046908405042829844,0.342615081540267,True
4.5,3.2271721285412167,-0.03022770135595967,3.2271721285412167,-0.03022770135595967,-0.011903614353485411,0.7857660266787249,0.8,0.04356889003739735,0.02829615332786468,0.3412458645694599,True
4.55,3.2663806544750322,-0.03084944496460323,3.2663806544750322,-0.03084944496460323,-0.012774627071254744,0.7827763117652037,0.8,0.08721053431933723,0.010062025644598377,0.340366793292156,True
4.6000000000000005,3.30562670305533,-0.03107370252483937,3.30562670305533,-0.03107370252483937,-0.01098380735402405,0.7870430782908757,0.8,0.07856162200832643,-0.008600443876859123,0.3406717124602828,True
4.65,3.3450452931522316,-0.03149060798156615,3.3450452931522316,-0.03149060798156615,-0.010915748627899631,0.7897766786284124,0.8,0.08790429490536023,0.01284638316450497,0.3402749260818201,True
4.7,3.3846374690067775,-0.03189896622151545,3.3846374690067775,-0.03189896622151545,-0.010714794848620039,0.7939759906216535,0.8,0.002049880061025626,-0.026934667486080283,0.33992597595775165,True
4.75,3.4240811302754137,-0.03240908932572134,3.4240811302754137,-0.03240908932572134,-0.011372226809379134,0.7839437806889367,0.8,0.10409136287691362,0.04499338340854257,0.3392215149974591,True
4.800000000000001,3.4634530298417827,-0.03274982384039633,3.4634530298417827,-0.03274982384039633,-0.010520861933676195,0.790957231797533,0.8,0.0720936066434153,0.0358130999727458,0.3391324557793308,True
4.8500000000000005,3.5030431241133324,-0.03258546822714745,3.5030431241133324,-0.03258546822714745,-0.006713022022490986,0.7925251696617654,0.8,0.036218175007096357,0.03393076937111118,0.3404235957378482,True
4.9,3.5425612262724684,-0.03235231103085242,3.5425612262724684,-0.03235231103085242,-0.0034324530930100864,0.7881511846683842,0.8,0.08070497225757847,0.025158219032170196,0.3416289887599816,True
4.95,3.5820462151634374,-0.03206379674270743,3.5820462151634374,-0.03206379674270743,-0.000655840331559117,0.7912085851675649,0.8,0.06667386238313325,0.05119219114476877,0.342741445575691,True
5.0,3.6216228829206103,-0.03155182896847786,3.6216228829206103,-0.03155182896847786,0.0029413974053399267,0.791878503038057,0.8,0.11488061726333862,0.08271456867724948,0.3425751180001119,True
5.050000000000001,3.6614264068458584,-0.03047972174989282,3.6614264068458584,-0.03047972174989282,0.009293842082191098,0.8004599098104932,0.8,0.08464147517563303,-0.013781652834279937,0.3417654453180905,True
5.1000000000000005,3.701526804542065,-0.029576058030172058,3.701526804542065,-0.029576058030172058,0.012583035785562151,0.803842495699649,0.8,0.04889186882714127,0.011139031696754518,0.34169677462871995,True
5.15,3.7416511539524886,-0.029098392570976506,3.7416511539524886,-0.029098392570976506,0.012456202588353825,0.8012565235206195,0.8,0.08759908977461453,0.08705115430236296,0.34221190811259694,True
5.2,3.7817973222095835,-0.027907928701993608,3.7817973222095835,-0.027907928701993608,0.01715529344536057,0.8051044728420671,0.8,-0.000867062308090423,0.0483180687514794,0.34201559261498415,True
5.25,3.821755290968376,-0.026229308407392606,3.821755290968376,-0.026229308407392606,0.02360700017872009,0.794301689744995,0.8,0.03355046551425249,0.0069232182319177065,0.3417948927772543,True
5.300000000000001,3.861327178834402,-0.02488648745720703,3.861327178834402,-0.02488648745720703,0.02621236081270291,0.7894426576743137,0.8,0.04190030089054626,0.022897804932585492,0.34237227338790677,True
5.3500000000000005,3.9006958658457402,-0.023647187663277974,3.9006958658457402,-0.023647187663277974,0.02760966130930193,0.7860833756733047,0.8,0.04881626264190153,0.00467469322344551,0.34320142500885786,True
5.4,3.9399258042358802,-0.022362800651927216,3.9399258042358802,-0.022362800651927216,0.028897976232573584,0.7839486986184712,0.8,0.11442632241089837,0.05868996981398681,0.34410788459810676,True
5.45,3.9793123673188937,-0.020788999623815585,3.9793123673188937,-0.020788999623815585,0.031875835524226216,0.792662056010221,0.8,0.021750045014827295,0.0929945729564922,0.3448089792810295,True
5.5,4.018717952961474,-0.018460757244438172,4.018603367561637,-0.018518793181141417,0.03280458846995094,0.7859045871833433,0.8,0.07975276379658418,0.059116232505769806,0.34680724419884523,True
5.550000000000001,4.0580111980573825,-0.015833887283033605,4.0576996401074865,-0.01639177408783354,0.026906743856802053,0.7888636367798167,0.8,0.07732597554514872,0.08535774043691957,0.3506631327737862,True
5.6000000000000005,4.0974241368148805,-0.012989213108967715,4.096970479657054,-0.014563892297710306,0.020616582380021328,0.7913467108399519,0.8,0.04941515270107826,0.13247105215590996,0.35433998076779805,True
5.65,4.1367923168421505,-0.009357500083623972,4.136273291715792,-0.012464887970746094,0.017783189281255565,0.7891741627351898,0.8,0.10637063775478145,0.07657708846900835,0.3572735477787725,True
5.7,4.176250936330612,-0.005339387311839714,4.175736645687514,-0.01050315154881061,0.014509816803246062,0.7964265668778415,0.8,0.023166923326996852,0.02664894626763995,0.36020074226580184,True
5.75,4.215743117390001,-0.0016896096778195508,4.215251666074254,-0.009432771395456223,0.006215890937488686,0.7898041789897317,0.8,0.08268466134776761,0.07139909568527897,0.3637235357077502,True
5.800000000000001,4.255141899156544,0.002078087417647894,4.254705122751733,-0.00875940923275498,-0.0023136328901852687,0.7931442231216883,0.8,0.11490144350710695,0.11736029896073039,0.3655537769678221,True
5.8500000000000005,4.294760848432502,0.006711631243663333,4.294472505158533,-0.007766483007053379,-0.00659193081467649,0.8016958795930651,0.8,0.07709378865655143,0.13654549374607167,0.365278443557033,True
5.9,4.334551137131659,0.012217241869916748,4.334525823794333,-0.006454768183864434,-0.007774542090135922,0.8038045801697137,0.8,0.06268955586586343,0.08932322426790967,0.3662399937763795,True
5.95,4.374336724904237,0.018030593585836682,4.37464055967939,-0.005373441754296972,-0.010315985582705132,0.8034887258499945,0.8,0.10713536311400673,0.07882333820611802,0.3665694160329948,True
6.0,4.414276709010676,0.023868265993071014,4.414933014075322,-0.00482699831318184,-0.01566188723104861,0.8104902619886967,0.8,0.039561196893028235,0.15457607176913052,0.3655369419509781,True
6.050000000000001,4.4541740944184705,0.03048775665971641,4.45530882366427,-0.004043453645216987,-0.017863365080354715,0.8061937491518308,0.8,0.025107779136412767,0.1293409885733265,0.3656713522890579,True
6.1000000000000005,4.493668611613273,0.03790657931283199,4.49543273679609,-0.0029495718327315697,-0.017616012374958828,0.7996341966700266,0.8,0.058332455745211405,0.0703014413598961,0.3668381378295359,True
6.15,4.532971172693188,0.04522819112843989,4.535372705915752,-0.002454781245516342,-0.021414472381682426,0.7987117026112354,0.8,0.05069399751099631,0.10694290497570277,0.36621426667933665,True
6.2,4.572158433812993,0.05271768594751884,4.575237632924308,-0.0023054994636848643,-0.0262775558422757,0.7965571447802137,0.8,0.1391068234905988,0.12927716735189912,0.3649341189813883,True
6.25,4.611459002867949,0.06101848335058339,4.615375424540437,-0.0019151332766176189,-0.028337778312099215,0.8089997702032033,0.8,0.029074669605033,0.11175895426839318,0.3647198589417161,True
6.300000000000001,4.650809745433196,0.0698464699409278,4.65567964417213,-0.0015584342918369067,-0.030177358171036256,0.8030183485212447,0.8,0.03710269947115963,0.09334834709212908,0.3645371633536225,True
6.3500000000000005,4.689852438917346,0.07881142937061493,4.695718001652958,-0.0015394471264176313,-0.03372897244259512,0.7985152465705196,0.8,0.10112162764428521,0.10536455807987026,0.3635160433251061,True
6.4,4.728858053568702,0.08811317231700612,4.735795510553423,-0.0017193338961070987,-0.03759041397864166,0.8046593959337731,0.8,0.035681913371945415,0.11349719510201463,0.3622072467971409,True
6.45,4.767773503759673,0.09793785780116919,4.775907612618292,-0.0019061994437917487,-0.040488465902277365,0.799879365320016,0.8,0.054031650059351566,0.15478013458996864,0.3611744546425516,True
6.5,4.806349727016668,0.10846860896805462,4.81587057542946,-0.0018583690079373074,-0.041006664785818187,0.7982430859807985,0.8,0.022657208072394866,0.14141747898342893,0.36107114645075167,True
6.550000000000001,4.844532892932039,0.11964705971241703,4.855632931548,-0.0016110454000334822,-0.040187980123795264,0.7914894131641282,0.8,0.07036338457179743,0.12966858806861115,0.3615572656422005,True
6.6000000000000005,4.882471500608613,0.13114408967886299,4.895254858605776,-0.0015146482352767095,-0.04057019275455981,0.792758890068698,0.8,0.07260062308761658,0.11709715391496585,0.36154216683732154,True
6.65,4.920374841572139,0.14297934371239776,4.934942515335491,-0.0016090484027029173,-0.042111377940139416,0.7943632440010245,0.8,0.03966398414769485,0.07629174679642692,0.360998387761775,True
6.7,4.95818694683599,0.15487772967327312,4.97455446745675,-0.0021397299586145666,-0.04617727906456154,0.7905082052439746,0.8,0.08066306759420135,0.08446200147563013,0.3592837393311176,True
6.75,4.995939603246748,0.1668745647990064,5.014122108566404,-0.00308098873442133,-0.05178072641100856,0.7934973899483846,0.8,0.05108168628736436,0.12111473728932867,0.3567145473060166,True
6.800000000000001,5.033533166230765,0.17946543332340917,5.053713001453209,-0.0039317647903544155,-0.055262712098562934,0.7915429753590231,0.8,0.10448225155349064,0.12578535163822332,0.3548543869690358,True
6.8500000000000005,5.071026599214531,0.19275703263862914,5.093430544129973,-0.004614959362500153,-0.05678591108174435,0.7984229174737438,0.8,0.07017216755657937,0.16270438997662545,0.3537301735620969,True
6.9,5.108454696905083,0.20683509228095942,5.13335199810401,-0.005069386354341224,-0.0563186055073473,0.7994794975307393,0.8,0.10708399826123802,0.17673436736258022,0.35341101281030907,True
6.95,5.145749222758741,0.2218652148069935,5.173493340239058,-0.005124650684502078,-0.053382379547747494,0.8065787405345101,0.8,0.0667171752786503,0.15015879903892018,0.3542063741982495,True
7.0,5.182990067175833,0.23749965264214745,5.21381420763706,-0.005141206031579644,-0.05104468878108043,0.8068517615863611,0.8,0.09423137159890227,0.14510827884460709,0.354867916203195,True
7.050000000000001,5.220182938880041,0.25354543611840613,5.2542502849230885,-0.005305155188067048,-0.050242228324660576,0.8116419926844757,0.8,0.057005649501090966,0.1334658234268423,0.3549369144803258,True
7.1000000000000005,5.257263447148345,0.27004188641466187,5.294760894396703,-0.00555862984999177,-0.050250688814279465,0.8101833639316162,0.8,0.06453318726222436,0.13266658417654298,0.3546809833406627,True
7.15,5.294117748409029,0.28693121199055266,5.335222335933253,-0.005908015095988413,-0.05086326248015999,0.8100014115416604,0.8,0.03932850465649311,0.13164838731940753,0.3541537657670518,True
7.2,5.330654900510005,0.3042322159468238,5.375565077342989,-0.006294464916945745,-0.051560462858067986,0.8056796258068284,0.8,0.06322333403964653,0.10888719096133401,0.35356498007887344,True
7.25,5.36693416823756,0.32179314705608913,5.415778893877057,-0.006875615560284511,-0.05340153038701567,0.8054019322802712,0.8,0.0376079912609671,0.1255851259280713,0.35244985738026213,True
7.300000000000001,5.402925059859836,0.3396662898957523,5.455860796142143,-0.007586103954424837,-0.05552615473094791,0.800919057662601,0.8,0.08719697841691772,0.18051427707656867,0.35112374858200845,True
7.3500000000000005,5.438478063197153,0.358400216318969,5.495943633288691,-0.007867775591723405,-0.05419015334257893,0.8047097911989333,0.8,0.08152872521975327,0.14694824140322243,0.351229115694164,True
7.4,5.473812629422339,0.37790148371085797,5.5361968391949485,-0.007910287187852631,-0.05181479177472981,0.8074680793432929,0.8,0.039048912778513266,0.21648445157603366,0.3518753654741476,True
7.45,5.508693510703795,0.3981458959743966,5.57642201997318,-0.00762379427258454,-0.04768844696801977,0.8031675180911746,0.8,0.04053436155875345,0.18124197886207333,0.35336021457918365,True
7.5,5.54290148336342,0.4191445873562613,5.616457600734146,-0.0068853733286086275,-0.041915443202250824,0.7992248687663984,0.8,0.0599613187605262,0.124872175918863,0.3557791754186796,True
7.550000000000001,5.576933860607349,0.44014872085471607,5.656359389619752,-0.006585932926538595,-0.04059176390475128,0.7985810273614254,0.8,0.03305986018462517,0.17378608393832432,0.35646459018126686,True
7.6000000000000005,5.610579608229185,0.46149379275721003,5.696118578477847,-0.0063234088590416945,-0.03963454743076833,0.7935295315605125,0.8,0.1252588873881544,0.12580360483380504,0.35700638050368094,True
7.65,5.64400924024495,0.48341994928580745,5.736014299681697,-0.005984286995430411,-0.03863348166011982,0.8037745110041109,0.8,0.04923302179495044,0.1550842867450204,0.3576376955367166,True
7.7,5.67736496919153,0.5057925224269064,5.776099377325618,-0.00576515733555585,-0.038528560249209254,0.8012464388138365,0.8,0.0192957260814053,0.20216531453644632,0.3578874577951301,True
7.75,5.709915021186432,0.5289360946106776,5.815959789151282,-0.004990216988555691,-0.03475206438783618,0.7938612172364686,0.8,0.04909994365027008,0.14872527934054902,0.3597659713188408,True
7.800000000000001,5.7418798490689404,0.5524754453393496,5.855586798560182,-0.004084195600924029,-0.031301653602215485,0.7915713487156113,0.8,0.09418445695305022,0.11684629935103971,0.3616819634232113,True
7.8500000000000005,5.773861821413623,0.5760702816188998,5.895277342152226,-0.003667931233400528,-0.031937953702137145,0.7967568082840738,0.8,0.04143194864224335,0.15350220642552131,0.36191185567059775,True
7.9,5.805566668893733,0.6000997950333793,5.935011766973581,-0.003263556469668025,-0.03234784758064724,0.7931300757384779,0.8,0.1268273151135625,0.20654708281673043,0.36219620144957726,True
7.95,5.836713562557346,0.6251711048697852,5.974945699908864,-0.0022206767703623325,-0.02843184899259832,0.8036434964657443,0.8,0.06586317103441448,0.19337941082010884,0.3643867214378317,True
8.0,5.8674368382341076,0.6512011571839152,6.015165221139993,-0.0006959774039052943,-0.022553735819168752,0.803853813982669,0.8,0.08447458388322344,0.11261618895568315,0.36763792151855873,True
8.05,5.898134958602335,0.6773456222594398,6.055471318942384,0.0003934125446253134,-0.021250365235602864,0.8071192247521359,0.8,0.0924942081911979,0.1668054380397926,0.36832392654580615,True
8.1,5.928740722987197,0.7038807427058551,6.0959800242134765,0.0012995447650677833,-0.021238131413298885,0.8116166837787533,0.8,0.03797979377619366,0.15795396379821336,0.36742139446584776,True
8.15,5.958755029931106,0.731100167103608,6.136505299074259,0.0025631417830195317,-0.019022288406076004,0.8070301583659136,0.8,0.025433400304040975,0.15134306997426036,0.366810194055037,True
8.200000000000001,5.988210583298326,0.7585089346259709,6.176764663976417,0.0037918096882738287,-0.017576854137217657,0.8005020571328793,0.8,0.05748804327989284,0.13827872777301498,0.3660074420439048,True
8.25,6.017213359241559,0.7861132624695516,6.216846525333003,0.004930013619743584,-0.01709222691545953,0.7994178613525874,0.8,0.035131004238275115,0.13263030429003575,0.3650121007251129,True
8.3,6.045820610833807,0.8139106195883378,6.256794513939841,0.005944430899610758,-0.01751174068303729,0.7946850917475146,0.8,0.06520164077835082,0.14554565585080126,0.3638740137633838,True
8.35,6.073958112053649,0.8420312047047195,6.29664752717682,0.006986205841794047,-0.017587349766642554,0.7950221408125321,0.8,0.028443951722547774,0.1368194721146262,0.3628099522359587,True
8.4,6.101602299557329,0.8704504551546745,6.336379563935683,0.008058575196434874,-0.017467340565813116,0.7893043757919955,0.8,0.06085517460746793,0.1685210357377757,0.36177295722234626,True
8.450000000000001,6.128655650432918,0.8992376132721905,6.375979513053831,0.009284787277412249,-0.016259845217203694,0.7890666884539616,0.8,0.0828104147935555,0.09647971405189981,0.3609027750281919,True
8.5,6.15552829312667,0.9282877880511997,6.415669661849261,0.010302070173749844,-0.016975355323946006,0.7924466113561471,0.8,0.08401095292048708,0.13592565611983787,0.3596745011644581,True
8.55,6.182343867285626,0.9576112681794533,6.455541007350271,0.011024174245177817,-0.019250711479345095,0.795935887128413,0.8,0.0758169973129012,0.12831497519496685,0.35828187873080003,True
8.6,6.208748260739099,0.9875016623032358,6.495567227908234,0.011903877290719707,-0.02001757043140684,0.7979861458934078,0.8,0.10343573970258493,0.07649694306689585,0.35717634443691754,True
8.65,6.235222517530026,1.017599755314653,6.535812464128108,0.012336961268591875,-0.02364908057183257,0.8045248153030694,0.8,0.10700046866150276,0.11822338489240142,0.3556748698009128,True
8.700000000000001,6.261696722568681,1.0481420301079147,6.57639973870962,0.012522535731999025,-0.027794636030701314,0.8114766528919877,0.8,0.06146528540540432,0.12136328425640608,0.3542718009691078,True
8.75,6.287726543959153,1.079279423474661,6.617155359690761,0.012884288645127969,-0.02978288346354807,0.8107557520900177,0.8,0.06949312409789875,0.1332324187858936,0.3533269372614697,True
8.8,6.313310202525706,1.1107859659970987,6.657917047856196,0.013273738793084917,-0.031042431447623753,0.811374128945163,0.8,0.07261529739540493,0.05836401457726247,0.3525683619118968,True
8.85,6.338864052437647,1.1423555757460648,6.698712821354589,0.013174283165020406,-0.03536567576838189,0.8124893890156925,0.8,0.020491937686324846,0.10708282213357219,0.3514024630674727,True
8.9,6.364203655029176,1.1738845886120284,6.739334558057501,0.01266734055914448,-0.04093648902776714,0.8050039018700688,0.8,0.04539552628699738,0.12187886382945133,0.35028264030765005,True
8.950000000000001,6.388759589560229,1.2057076483980407,6.779698605302372,0.012416123397830672,-0.04341704168236282,0.8018122571554854,0.8,0.05208979267402914,0.11341745773148539,0.34981086252450017,True
9.0,6.412845236098985,1.2377278801510398,6.819929948592289,0.012120290613674575,-0.04558392231617647,0.7998057517984446,0.8,0.0790871483303268,0.06264553613637408,0.3494758184271125,True
9.05,6.436905594890848,1.269768116142239,6.860147773045893,0.011319480050051178,-0.05058501922181579,0.8022921300976312,0.8,0.026410102735984868,0.060451649070636035,0.3488230693218427,True
9.1,6.4609551137821635,1.3016874642798935,6.900230827617698,0.009922151342102276,-0.05808805940885309,0.796049561582471,0.8,0.10304479820006347,0.06372736198247156,0.34804622510119115,True
9.15,6.484817442479994,1.3337576964633238,6.94029041595896,0.008231102416494458,-0.06553045571130545,0.802574915167477,0.8,0.04925030836826064,0.06597800787802045,0.3475885727307829,True
9.200000000000001,6.508516478941636,1.3660735057137403,6.980414506980526,0.006278116816405238,-0.0727156764142931,0.8000813268986775,0.8,0.06948338639499615,0.002591591027978578,0.3474746819816754,True
9.25,6.532329473593659,1.3982492074707173,7.02042156176183,0.0036191556814204723,-0.08278440392745079,0.8009810010436685,0.8,0.088544205945579,-0.015273796850015127,0.3472500342323196,True
9.3,6.556593362362398,1.4302378399441413,7.060427111397379,-5.380945387539471e-05,-0.09672617203315757,0.8049916561592734,0.8,0.039571827615738395,0.023084141113579287,0.34684758355068757,True
9.35,6.580769697611012,1.4622871509413262,7.100335049596403,-0.004152632318700205,-0.10965728368833116,0.8008425861358698,0.8,0.1238760632988822,0.06426256799060401,0.33909517800112843,True
9.4,6.604556640523774,1.494808854488495,7.140340760943399,-0.008208051020195931,-0.11879877249652171,0.8106671896097863,0.8,0.06790699188685098,0.022501547826549027,0.3324726827848374,True
9.450000000000001,6.62833771361839,1.5276488375528143,7.180827293562276,-0.012127059466399984,-0.10195010206152842,0.81102711443269,0.8,0.04353434716438643,-0.012653201290417122,0.33329523719794746,True
9.5,6.652388076021922,1.5601843106836606,7.2213008185520575,-0.015889834517156587,-0.08798335855036865,0.8073696747743246,0.8,0.04188482010951651,0.024574323132600853,0.3334963136137368,True
9.55,6.676318700361532,1.5925754226733946,7.261681941318875,-0.01908406735642435,-0.07395314511020012,0.8035380886464959,0.8,0.08057703049277444,0.003387831637922724,0.334313524555238,True
9.600000000000001,6.700104340989517,1.6250373572565049,7.3021224545486465,-0.021576967846227542,-0.05913428768709406,0.806170913372787,0.8,0.0412056976946922,0.003509031806269631,0.3360888730753274,True
9.65,6.723956072508713,1.657409670150061,7.342585412238368,-0.023632597314497406,-0.04531664057728857,0.8022593760066625,0.8,0.03977543694899231,-0.06950888464953348,0.3380412944440756,True
9.700000000000001,6.748084411215233,1.6893296990146947,7.382879948170384,-0.025630635708957246,-0.035026273534622517,0.7982158288832703,0.8,0.08947513002705776,-0.01935397636557687,0.3390453576672848,True
9.75,6.772480447897394,1.7210556339241787,7.42321807556781,-0.027422058547249918,-0.02581207925102924,0.8024524948183186,0.8,0.06667198714283157,-0.005496126836545225,0.339954244322983,True
9.8,6.796700638433085,1.7530554529170665,7.463716086133483,-0.02837190168026392,-0.013499467151084743,0.8028272901715943,0.8,0.06129773993841406,-0.04484545869044364,0.34263026790176476,True
9.850000000000001,6.82109078885134,1.784922290704672,7.504228366694043,-0.02899569097627762,-0.002399625679513795,0.802308358855878,0.8,-0.010792662482574884,-0.10391169904264498,0.3452919807684144,True
9.9,6.845918502625116,1.8160485953601826,7.544428718585687,-0.02987656444114222,0.003952171665032811,0.7899464476175964,0.8,0.058780974841844275,-0.015183489039626774,0.34395061985758757,True
9.950000000000001,6.870630999637384,1.8468500887201567,7.5843163674236305,-0.03033564709108812,0.01164556403012773,0.7893508936019207,0.8,0.08723882178453915,-0.055236138961893964,0.3412141746716391,True
10.0,6.895265359538844,1.8778202920854885,7.624291425716384,-0.0301024355418971,0.02165187272887248,0.7934518340515947,0.8,0.06890746253752951,-0.06845070481390311,0.3384967597742874,True
10.05,6.920388676142546,1.908565521902582,7.664396331379657,-0.02986125158429248,0.029172491967732857,0.7944306411984715,0.8,0.08244713184480087,0.0013753690292914627,0.3365289330460478,True
10.100000000000001,6.945459325253684,1.9394816165245883,7.704583547734675,-0.028937976114725567,0.03939196309057258,0.7976108125648067,0.8,0.07220554703816785,-0.061154578783624854,0.33446260670999295,True
10.15,6.970627192596254,1.970465320667455,7.74485472449212,-0.027509914815867557,0.04997422536878826,0.7990231508970154,0.8,0.07550442079981956,-0.1324768472579812,0.3328099738820682,True
10.200000000000001,6.996688580888502,2.0008325430837637,7.7852264736485655,-0.026622590410706935,0.054193190260674595,0.800940914726268,0.8,0.05213866864507834,-0.103182479124547,0.3324734207964896,True
10.25,7.02328810605567,2.0307403389319214,7.825598892744644,-0.025904034567161133,0.05640081633190652,0.7989653870791529,0.8,0.051370323323981296,-0.12680890052909935,0.3325525656167352,True
10.3,7.050109786733779,2.060310636914482,7.865854157182913,-0.025041168238074618,0.05887031295511036,0.7969154080231892,0.8,0.06831452996712263,-0.14568346351007763,0.3327009909914004,True
10.350000000000001,7.0774665444007825,2.0893583041809687,7.906082456183698,-0.024390970843075063,0.05930275630879256,0.7977060423994953,0.8,0.0744847487759501,-0.1269165391249914,0.333226168933882,True
10.4,7.105252633544996,2.11808618998837,7.946367467232828,-0.023735202966336147,0.059728415310180694,0.7994907342768339,0.8,0.04848932751142358,-0.14480638697646891,0.33375890471878034,True
10.450000000000001,7.133382814782176,2.1464489833825318,7.986622558102275,-0.02304471241276447,0.060192623332275375,0.7969531254777854,0.8,0.0953616362707633,-0.12320126779295858,0.3343152504406931,True
10.5,7.161916604669504,2.174502738131751,8.026935971806939,-0.02231993036629073,0.06083352803662645,0.8021911236096178,0.8,0.12245134939695478,-0.17326684313556476,0.3348548771305223,True
10.55,7.191211255835485,2.2023124590659817,8.067623659273108,-0.02175046209203521,0.06008959711138884,0.8117456788535827,0.8,0.005607878174705594,-0.13589443828921555,0.3356392701813984,True
10.600000000000001,7.220979106364512,2.229606273931982,8.108300498300302,-0.021333383763016203,0.05872983960559818,0.8018323114734814,0.8,0.022247163868917466,-0.07597639115419001,0.33644939206300883,True
10.65,7.250344351015554,2.2566791116397233,8.148506191961323,-0.020273386100538755,0.062038119550054345,0.7949171437341117,0.8,0.04121926690351531,-0.07509399975313281,0.33655357750591314,True
10.700000000000001,7.2794683790331,2.2836086639333635,8.188397468354097,-0.01863332233739208,0.06819785856021521,0.7913034810968819,0.8,0.06851816614024478,-0.15970866941183423,0.336418182260406,True
10.75,7.309131197203283,2.309867005059073,8.228230409557277,-0.017327425899755673,0.07037721827263299,0.7922742904588689,0.8,0.08680991077522267,-0.13194564277682982,0.3370972222702644,True
10.8,7.339480151020283,2.335545975024289,8.268198958777191,-0.016376714867696898,0.06985690184588356,0.7962284357563685,0.8,0.04554481974713892,-0.16485877229487964,0.33819753091299254,True
10.850000000000001,7.370212930735784,2.3608042060732486,8.308181395075753,-0.015464442633484215,0.06908544167366358,0.7932920020574257,0.8,0.107594847082363,-0.10733086113194708,0.3393316802390094,True
10.9,7.401287543968523,2.3858098121986635,8.348254165850689,-0.014429812931204596,0.06948833825052504,0.8006380815743467,0.8,0.08779551168301641,-0.08751202564193768,0.34025042340889206,True
10.950000000000001,7.432531492502279,2.411023516528549,8.388552685071017,-0.01279493251770774,0.07359899191911412,0.8045346652277874,0.8,0.13800848629262813,-0.17268117542858114,0.3407042937271161,True
11.0,7.464612715675866,2.4358443840644113,8.42925629994009,-0.011427006760036641,0.0745589082118192,0.8165850237046515,0.8,0.035403718698900716,-0.18581093255090658,0.34179678682713466,True
11.05,7.4976169042282175,2.4597709762270266,8.470167336933676,-0.010769821326539787,0.07071796434010291,0.811442285127085,0.8,0.03822655411312957,-0.15301533876606466,0.34355687935563295,True
11.100000000000001,7.530754052522141,2.483083807829555,8.510820599412888,-0.01014083798778682,0.0678568481245505,0.8069009786651026,0.8,0.08061647273185779,-0.13169350907475139,0.34500881493262747,True
11.15,7.563984483015331,2.5061473194879835,8.551391234928147,-0.009222938212738735,0.06763260144268635,0.8094510858678299,0.8,0.06548985082630347,-0.1804388184305957,0.34599126571324423,True
11.200000000000001,7.597688382597043,2.5286405809726813,8.592025320976965,-0.008493469767300359,0.06606672388343415,0.80944594631397,0.8,0.03223590030392955,-0.10876487507281614,0.3471716859192118,True
11.25,7.6315374348613085,2.5506540063363965,8.632504675234165,-0.007700424841690317,0.06561088155317163,0.8039725543317182,0.8,0.03342637822354379,-0.20566259015308286,0.3480960738870222,True
11.3,7.665538128423905,2.571945728041232,8.67271593729957,-0.007060683017886319,0.06394281143171088,0.7988396898144483,0.8,0.0030562711515714214,-0.16577277787291209,0.3492166963535802,True
11.350000000000001,7.699784803452243,2.592144882733064,8.712568948825249,-0.006952734050104288,0.059552407104820015,0.7888463997454935,0.8,0.06426494693954642,-0.16462921116804313,0.3505922437574902,True
11.4,7.7340054230698225,2.6118811202620225,8.752162671610487,-0.006707897980475319,0.05715153305583864,0.7891814880352614,0.8,0.07212561230441937,-0.20131774354509516,0.35153142360020817,True
11.450000000000001,7.76870201646655,2.630894576505424,8.791816839128149,-0.006804101015143973,0.053047168905218545,0.7908008915262036,0.8,0.12529360588842064,-0.1264610614939326,0.35262411177948844,True
11.5,7.803864983250977,2.649652367235546,8.831761178235084,-0.006820633939513577,0.05075493042352475,0.8011231466359804,0.8,0.03075442426796761,-0.18974087643005083,0.3532725922870952,True
11.55,7.839358487305516,2.6680242638703895,8.871818836262374,-0.006800378671151708,0.04900980358022555,0.7956258031228539,0.8,0.10566885644292688,-0.14167091582832078,0.353799628593687,True
11.600000000000001,7.875231092304259,2.685746149632604,8.911922232776107,-0.006997119982656844,0.046531543357008154,0.8025938576894096,0.8,0.047578751793208515,-0.16109709549361825,0.3543232978125562,True
11.65,7.911365012167593,2.7031463839990457,8.952121889688406,-0.007061687418978669,0.04542989536993225,0.7998248629461839,0.8,0.09407301503331662,-0.13453503456481902,0.35457924440685695,True
11.700000000000001,7.947780749323012,2.720077367859736,8.992376595708542,-0.0071329160646306415,0.044672492202457614,0.8047752795971922,0.8,0.03508659077403129,-0.22428773566326426,0.354728472459209,True
11.75,7.984623635247394,2.7361060535957766,9.03265127963412,-0.007663291014810032,0.040850693265306874,0.7998942842074739,0.8,0.0801352357098872,-0.15998587630186414,0.3553117114504731,True
11.8,8.021788717990606,2.7512608702628936,9.07288612958526,-0.008584430722117434,0.03580024537101967,0.8025506977786655,0.8,0.08661952788596661,-0.1919380587767125,0.35586526254104667,True
11.850000000000001,8.059263574712407,2.7660306378196338,9.113279077424354,-0.00944113196874276,0.03231106373308873,0.8062033418804466,0.8,0.02885610007132587,-0.16621596223378513,0.3560293964201289,True
11.9,8.096954355684202,2.780083280830658,9.15362476085442,-0.010501710975311421,0.028527009574362383,0.8002599795408816,0.8,0.08236036499632071,-0.14410289326771267,0.35607777472004726,True
11.950000000000001,8.134678512782159,2.793788857790826,9.193899367897037,-0.011357564946572975,0.02707456878152953,0.8032726941167828,0.8,0.08326466533732375,-0.16630529678659212,0.3556480822112882,True
12.0,8.17274183844354,2.806993150147688,9.234337298266542,-0.012261673093171353,0.025614293038359773,0.8063545245381498,0.8,0.069558272793216,-0.15760894665264757,0.3551727172197061,True
12.05,8.211128060129234,2.8195535956687654,9.274885228849161,-0.01333698008397807,0.02349792322541361,0.8071007002526464,0.8,0.05627703722947212,-0.20701837805648288,0.3547192868717539,True
12.100000000000001,8.249784156872831,2.831239954365189,9.315433705375183,-0.014780900143748584,0.019397578275399285,0.8056430315046557,0.8,-0.005810604070606504,-0.17699689642823752,0.3544818962751549,True
12.15,8.288377271602911,2.8419960327241984,9.355669150687511,-0.016546019300525877,0.01439061196751257,0.7940130173608924,0.8,0.06221976247046082,-0.1256697977118435,0.35419305934459266,True
12.200000000000001,8.32669905342542,2.8525289687049757,9.395618441343935,-0.017908261242851352,0.013339449694330263,0.7938771721184779,0.8,0.11364120471859498,-0.15073873860987744,0.35314116083424046,True
12.25,8.365304677339072,2.86276729791153,9.43578882754776,-0.01910331992702087,0.01355017163071587,0.8022023282676651,0.8,0.028241087293546983,-0.14470063009339887,0.3518838775203636,True
12.3,8.404139988853624,2.8723667564358464,9.476036167383745,-0.020440485974790618,0.012852992697280576,0.7962632607708803,0.8,0.09243937918114312,-0.15004477680310488,0.3507526051186339,True
12.350000000000001,8.443077313208542,2.881419496702082,9.516272562772679,-0.021795702995576576,0.012195564692518812,0.8010387859387196,0.8,0.10060441279479586,-0.11799636033557559,0.34959159969872866,True
12.4,8.482355469883698,2.8901578950379623,9.556795803859735,-0.023001658462485298,0.012833717099313692,0.807031241073743,0.8,0.10094936394999843,-0.10166825298677992,0.3481971260668121,True
12.450000000000001,8.52194658030537,2.8988015893547066,9.597630101460133,-0.023827201110826694,0.0158330493660562,0.8129213687920392,0.8,0.05136591818124831,-0.10123341982351347,0.34648624720965016,True
12.5,8.56168129716004,2.907167333104713,9.638561180399964,-0.024403278787774173,0.01965650664954846,0.8105012406351257,0.8,0.03777184695214152,-0.13116892740556776,0.34478326253828095,True
12.55,8.601370031181386,2.9149065657504045,9.679328776832598,-0.02502996741076148,0.02203977489334505,0.8059101889082607,0.8,0.1327187454871191,-0.06269285410626707,0.3434551076239201,True
12.600000000000001,8.641252521763532,2.922477585813842,9.720266337919778,-0.025308514644835477,0.026312274737311597,0.8170540736035669,0.8,0.05022453006695421,-0.14986125354342344,0.34192090995616364,True
12.65,8.681428024503505,2.929623710543735,9.761420817148677,-0.025502300616610688,0.029688766809428394,0.814335683581279,0.8,0.04816124459509778,-0.13349849820026813,0.3407365158010322,True
12.700000000000001,8.721641727945867,2.935780778926457,9.802451797098666,-0.026118793185316083,0.02960391993726247,0.8113508253136542,0.8,0.09499972249942937,-0.10223476639085195,0.3401448973012806,True
12.75,8.761920248712466,2.941734715717353,9.843526874669234,-0.026389240640096016,0.03184990510579078,0.8161473270057026,0.8,0.003831597705016801,-0.10686214017907336,0.33921633243027327,True
12.8,8.802090476608486,2.947415196869152,9.884456887270336,-0.026358903893878453,0.03538157130632397,0.8058247677573996,0.8,0.042259192695184744,-0.13862977569480048,0.3382131945878897,True
12.850000000000001,8.842008647041425,2.9523904226721105,9.925041293525831,-0.026445357997313543,0.03713067456768332,0.8020956369615112,0.8,0.028264450801261658,-0.09740469718292945,0.3376155235022138,True
12.9,8.881735656372653,2.9569139385440284,9.965380702942849,-0.026416621456490184,0.03931862631185268,0.7961632166590608,0.8,0.08008829781784149,-0.06460940961690424,0.3370053648453343,True
12.950000000000001,8.92135935066674,2.9615176700994525,10.005615749333694,-0.02576088922823063,0.0450322338996513,0.7989100164511703,0.8,0.05682889275383778,-0.06100142833442243,0.3359957796962221,True
13.0,8.961020922689835,2.9660907857558074,10.045861461341019,-0.024603976616333536,0.052475959142287025,0.7977592613886679,0.8,0.11414864404853649,-0.06021446416481679,0.3349898839045836,True
13.05,9.000883937669803,2.9704786063657034,10.086258967332189,-0.023110174129762677,0.060153676577565124,0.8060657175630929,0.8,0.006096509268918228,-0.013877089336712686,0.3342610422080173,True
13.100000000000001,9.040695925486974,2.97495634545889,10.126562050394043,-0.020984716033020583,0.07005018876068018,0.7963829077816132,0.8,0.061421037576884434,-0.07582374237933201,0.33353395269541053,True
13.15,9.080284763270619,2.9791895444860703,10.166566500286322,-0.01855811431090511,0.0791329756115765,0.7960537066731668,0.8,0.07041911732380252,-0.08604716681453108,0.33335508567951333,True
13.200000000000001,9.119972334540405,2.9827226702960163,10.206580046291567,-0.016304644570803186,0.08478767172326122,0.7972130768808604,0.8,0.03513818928684374,-0.04784362882823106,0.3339926182528704,True
13.25,9.15957840413212,2.986129052902732,10.24644267922884,-0.013646973520646246,0.09173482978689503,0.7925392167149278,0.8,0.07261937125282578,0.013223261187100151,0.33467156488212435,True
13.3,9.199059118545454,2.989980654469403,10.286081892358368,-0.010020748734524366,0.10138309332992576,0.7941523882521454,0.8,0.10292678881946192,-0.007225878408265463,0.335561886638426,True
13.350000000000001,9.238717640554214,2.9941036277521245,10.32566375519691,-0.0061977273555739254,0.08847237260373284,0.8007081566623768,0.8,0.08872422010889472,-0.0017682035929830562,0.3430491345999257,True
13.4,9.27865033798256,2.998149056577383,10.365611171867519,-0.002984340440837574,0.0747271932317475,0.8047556209915026,0.8,0.08770064442750264,0.008446673474154258,0.3501911803723261,True
13.450000000000001,9.318767728175798,3.0023092686241393,10.405826268619656,-0.00019735505540459234,0.061643077462354326,0.8085276360782133,0.8,0.05008360661939917,0.06644444914903644,0.3567436600175248,True
13.5,9.358864008538353,3.0069660328973575,10.44611477496387,0.002546530408976666,0.051810962184213584,0.8060136157180701,0.8,0.13254435163054076,-0.026670561986584865,0.35724023332337984,True
13.55,9.399181083894536,3.0115839766843338,10.486687817147525,0.0046951977593595005,0.040198031533363446,0.8171260649070984,0.8,0.06186768390810397,0.06470635404978431,0.35847018091117533,True
13.600000000000001,9.439751708281406,3.0162370420295015,10.527567771851075,0.006309656545842374,0.028419916479350077,0.8163201176395696,0.8,0.01824825911426395,0.00454078657545935,0.36030124179375167,True
13.65,9.480063930767471,3.0212181203708792,10.568257565042584,0.007718749732391933,0.01820978006475571,0.8083635711884775,0.8,-0.0325335110351697,0.04092851314693821,0.361893968661812,True
13.700000000000001,9.51978553225241,3.026054043636756,10.60837361321133,0.008496570309776765,0.0069974125171605025,0.7922668402490525,0.8,0.0655444040031502,0.052188530038861584,0.3644282753561484,True
13.75,9.559069051985633,3.0312751512723186,10.64811410931226,0.009174776859274206,-0.001856604544770185,0.7927234054127241,0.8,0.06533553607593741,0.08820960499421121,0.36527402734392844,True
13.8,9.59830932595086,3.0370008961264374,10.687890749248577,0.009833842116918734,-0.008484304537895728,0.7931337090228483,0.8,0.09905018111874327,0.04973096378783827,0.3626508486032979,True
13.850000000000001,9.637667752261521,3.0430166303281903,10.727838143205433,0.010236430534298624,-0.015261379929681629,0.7990785911789555,0.8,0.047765000383383244,0.08132177998089578,0.3602456721482603,True
13.9,9.677076371438693,3.049231613297138,10.767871077475231,0.010297395701519151,-0.02238016774122506,0.7964326700064835,0.8,-0.00687490619624153,0.08637206657120326,0.3580875525281596,True
13.950000000000001,9.71605477406789,3.0559009864308315,10.807552741462363,0.010348317652899286,-0.02770787770620245,0.7848685297260364,0.8,0.07217742762850406,0.07795762880548072,0.3564714754311873,True
14.0,9.754742095044568,3.0628145263125663,10.846987683014955,0.010170467478325418,-0.033159621456839955,0.7866082503749144,0.8,0.12571310588172085,0.12400922706029927,0.3550516459038848,True
14.05,9.793635350115593,3.0703341002921296,10.88673502933543,0.010028793358054672,-0.03686682531043814,0.797109003693834,0.8,0.06157684890196978,0.10536235783533902,0.3541091777575619,True
14.100000000000001,9.832665417962835,3.0784912299319895,10.926741876313084,0.009956195944706705,-0.03929629948250457,0.7967864033036424,0.8,0.11215497758421827,0.08820056556718976,0.3534723066302095,True
14.15,9.871840681588445,3.0868587260468687,10.966929231690184,0.009524059962710845,-0.04345264285402817,0.8047906311068066,0.8,0.03688687309000906,0.09231356404040311,0.3526925556146576,True
14.200000000000001,9.911038490545412,3.095506496501877,11.007186900089897,0.008822268090785849,-0.04823841698067688,0.800205304378687,0.8,0.06787750399153024,0.10536736156274967,0.35200188355763395,True
14.25,9.950039994697107,3.10458964034234,11.04733796958812,0.008052937732687946,-0.05218724501867725,0.8008376069511903,0.8,0.07670306731316115,0.11416481310233488,0.35162466574755075,True
14.3,9.988985886685805,3.114213976492705,11.087551164037073,0.007284601590268454,-0.055091192429521374,0.8029047000441735,0.8,0.13197502468020422,0.09217541606924762,0.3515512315936846,True
14.350000000000001,10.028167471887249,3.1242456128234064,11.12807678343449,0.00630464183221597,-0.058654275500421245,0.8140063553443752,0.8,0.005068183538778942,0.16024352331011954,0.3514999838312085,True
14.4,10.067198103933,3.134974788863988,11.168627065492586,0.005490093741850793,-0.059985440096177726,0.8039441720794169,0.8,0.008729815365127756,0.08409765741404626,0.35192973623324136,True
14.450000000000001,10.105635840796173,3.1460326605864295,11.20868215050899,0.004622030303008255,-0.06166999585676498,0.7947503010908997,0.8,0.051094553023139415,0.06305122590051786,0.352311212528579,True
14.5,10.143857479847878,3.1567595793675314,11.248396901873308,0.0029747308760911142,-0.06795035427475932,0.7927653126614725,0.8,0.08217409933832646,0.1637559028767932,0.3521480077842713,True
14.55,10.181894444773647,3.1682753315357215,11.288146025397472,0.0016085294170856432,-0.0704765923163288,0.7959441389346383,0.8,0.09780868025943693,0.14833487996287711,0.35278755192870603,True
14.600000000000001,10.219837206382886,3.1808989077040444,11.328141526352088,0.0007899433918490773,-0.06893536148332835,0.8016111113022923,0.8,0.06718527473876221,0.1736642080676479,0.3540493535898708,True
14.65,10.257713344600777,3.1941996393942476,11.36828537799272,9.555265726856104e-05,-0.06687097213206417,0.8020925225035279,0.8,0.05424328057783123,0.18269588129872408,0.35533794603231045,True
14.700000000000001,10.29527275154476,3.208319621400464,11.408408881846068,-0.00025736435769728157,-0.06314438625880142,0.8004327999058432,0.8,0.0298825668344812,0.14952025756973528,0.35625033111589954,True
14.75,10.332468474056865,3.22285653491301,11.448337134930084,-0.0006231675144906326,-0.06059476672728692,0.7948101809886159,0.8,0.030101452446850002,0.10933623859588466,0.35662061052217386,True
14.8,10.369350858635684,3.237375269681858,11.487953221246688,-0.0014145582248364214,-0.061555177311252096,0.7893705784815199,0.8,0.031058721454957746,0.19153035488783973,0.3555518372853499,True
14.850000000000001,10.40571701720461,3.2524901992310693,11.527309486765773,-0.001975345343238472,-0.06052259885956223,0.7842297155078527,0.8,0.05647973973355244,0.0922311485542765,0.35528928129434945,True
14.9,10.441753221069547,3.267997296644652,11.566506890935512,-0.002558818979908842,-0.06029195432971885,0.78340357594506,0.8,0.06547633203813703,0.1699687869373625,0.35477244362170496,True
14.950000000000001,10.477654032643382,3.283786221626147,11.605680187206604,-0.003341969960679409,-0.061074899629987744,0.7840787553363003,0.8,0.08895239439027985,0.11566637403560422,0.35376312124439446,True
15.0,10.513397332493573,3.3002619676411733,11.644985756005859,-0.003950548736535248,-0.06075666316483025,0.7885983946680438,0.8,0.08316274203715336,0.16988292249401948,0.35324646168579965,True
15.05,10.549108822844612,3.317271735869372,11.68448037090075,-0.0045833728635408235,-0.06043317301891576,0.7920484503895587,0.8,0.06143909036105083,0.18544738680350922,0.35270708906819137,True
15.100000000000001,10.58444773559758,3.3352711553457355,11.724078111695322,-0.004686831816421339,-0.056779437027148105,0.7918354436331163,0.8,0.10950519885146753,0.16638893438046984,0.3536601748763408,True
15.15,10.619650236582832,3.353939918074447,11.76386286018244,-0.004659586479150438,-0.053277964314850434,0.7995338751548746,0.8,-0.005557367419500789,0.1842987855643546,0.3547017099080509,True
15.200000000000001,10.654460492425715,3.3731310369362912,11.803552082386116,-0.0045136385546288675,-0.04984079172057698,0.7881056359052997,0.8,0.13152368755901314,0.18078907979977238,0.3558449985207979,True
15.25,10.688896845128523,3.3930008359041963,11.84325095265886,-0.0041187997490791045,-0.04571068725391514,0.7995230496582193,0.8,0.06173863476891313,0.13704635543854077,0.35744042238132945,True
15.3,10.723375572768207,3.413314331436697,11.883215006457561,-0.0038895603105529274,-0.043834868753600376,0.7991636796259957,0.8,0.05911183389527929,0.11883248169882198,0.3582157268341769,True
15.350000000000001,10.757739675276602,3.433729753170715,11.923133193505945,-0.004046754211526199,-0.044938414445786834,0.7983817333468496,0.8,0.04968508620360148,0.1761882458198973,0.35773722351678494,True
15.4,10.791657436871319,3.4547496528245527,11.96298310402759,-0.003986474075160199,-0.044163540460911754,0.796069893058822,0.8,0.0669319022132968,0.1637253639161187,0.35802309912458896,True
15.450000000000001,10.825063349210716,3.4765232640270893,12.002806336540779,-0.003545368763925683,-0.0412352617901921,0.7966552856785475,0.8,0.11425501934141633,0.10754589347403948,0.3593174854630722,True
15.5,10.858552211796367,3.4985430389816297,12.042839334380043,-0.0034745059062098525,-0.04160680511350012,0.805008336079632,0.8,0.053904539845131404,0.17379685094620445,0.35928001776682633,True
15.55,10.89186822991466,3.5211173399596185,12.083037296885962,-0.0033831664448845363,-0.041488588514826064,0.803215923618944,0.8,0.0626098441457299,0.19028688662975382,0.35940582348157135,True
15.600000000000001,10.924493293105623,3.544636320835472,12.12320926155826,-0.0026608279028838048,-0.03736287739762756,0.8029025144019902,0.8,0.022231480811790175,0.14645689160535516,0.3613322180394808,True
15.65,10.956657473038156,3.5684622206959395,12.163200194560778,-0.001958206502882827,-0.03457728139483741,0.7959566443463024,0.8,0.03016366848319723,0.15686867873354784,0.3628491039698658,True
15.700000000000001,10.988337547766449,3.5923978198083235,12.20288010738504,-0.0014121398040946665,-0.03342050346835357,0.7904973808696701,0.8,0.06942045860850368,0.17267011191726286,0.36373361994759856,True
15.75,11.019476102227873,3.616873457345844,12.242465635471264,-0.0006333322409915977,-0.031017195758716424,0.7916375932747791,0.8,0.10728115188035275,0.176797964810412,0.36521616198897366,True
15.8,11.050304411256251,3.642087428679098,12.282277303984888,0.000394974286483553,-0.027645443766668554,0.7989754068546133,0.8,0.13724374202774017,0.1395310871267885,0.3664431386083985,True
15.850000000000001,11.081219294111602,3.66794366437786,12.322580477477583,0.0013398216056026797,-0.025852802208818915,0.8110477101081646,0.8,0.02776838489970415,0.18890738110624675,0.36602452206348635,True
15.9,11.111806400355759,3.6944107602549057,12.36304012637946,0.0024224961407033055,-0.023464146754564878,0.8047971206225129,0.8,0.05645538143810093,0.13535089979960593,0.36564370053228573,True
15.950000000000001,11.14182678458266,3.7212350010791124,12.403322361936068,0.0035992233968597494,-0.021290095181482505,0.8034297893242468,0.8,0.08862010235094751,0.14714979875404535,0.36510642419396483,True
16.0,11.17168548494877,3.748316063837502,12.443676881603281,0.004535030440836325,-0.02114716776073888,0.8073881533272687,0.8,0.09051831317420968,0.14269839715867375,0.36421267797617063,True
16.05,11.201282029260454,3.775985430226111,12.484248871007479,0.0055410362690525,-0.020650501453061576,0.8115535444300714,0.8,0.04559376241365226,0.13120932310069575,0.363352852453767,True
16.1,11.230579061903573,3.803994266340264,12.524851711955174,0.006451627771199832,-0.020934208792329653,0.8082207387879878,0.8,0.007135608193598424,0.1618359176166506,0.3623587554002812,True
16.150000000000002,11.259187539666803,3.832254290640144,12.565145463693659,0.007470256878670109,-0.020297089328797924,0.7986519522098704,0.8,0.052601815468488314,0.14730007701960737,0.3615276688484445,True
16.2,11.287106671409976,3.8608064533720756,12.60516984707796,0.00863950775733829,-0.018892528096663752,0.7968127434877363,0.8,0.10818590122183044,0.17133388780084924,0.36077205249621347,True
16.25,11.314656505373373,3.8899100489950915,12.645348884843091,0.009926751819246746,-0.01702712818865515,0.8041635281947218,0.8,0.07967320752563604,0.11679586614331199,0.36003455522039896,True
16.3,11.342065077909707,3.9194708980955606,12.68578609438563,0.011096968281028192,-0.01663859554883051,0.806631158097327,0.8,0.028541704855251135,0.19029658569233718,0.3589788991281868,True
16.35,11.368931237542272,3.9494103416428668,12.72615028744562,0.012378106864650604,-0.015338410958316118,0.8006247860157929,0.8,0.009379076541148203,0.13745184277469152,0.3580812675951893,True
16.400000000000002,11.394968138697871,3.9795902073175013,12.76615606289984,0.013891307960691728,-0.013055504840030817,0.7916248029718497,0.8,0.07243003540853611,0.08922727374458168,0.35724196998791663,True
16.45,11.420954538744352,4.009533549803747,12.80598428513976,0.014752946813572261,-0.015614895131771942,0.7932306831152993,0.8,0.0825233474562435,0.11336430232974498,0.3556248565411321,True
16.5,11.446842333804046,4.039714054732953,12.8459431324782,0.015318296180488113,-0.019331924323351957,0.7964547883917507,0.8,0.08872761895980967,0.12578175989513113,0.3539638368946178,True
16.55,11.472355816860233,4.07046267269857,12.886102329251365,0.01600687241008168,-0.02132161849772285,0.800614824587192,0.8,0.07161601648437159,0.07489775881751633,0.35268949882828327,True
16.6,11.497798378861347,4.101434481676944,12.926400595939803,0.016357273751717243,-0.025166775902202287,0.8018511796533604,0.8,0.0850014663177693,0.06603482380198707,0.3512085661240065,True
16.650000000000002,11.523357539009918,4.132447347714506,12.966806622015014,0.016104001152442562,-0.031890610098148864,0.8052562284193675,0.8,0.02814984045268063,0.1129479470086205,0.3494896508067252,True
16.7,11.548466875889362,4.163746978489386,13.007147459433789,0.01584062055747543,-0.03678203339828967,0.7992217213141177,0.8,0.07384421030652699,0.0835247973805491,0.34832212646975946,True
16.75,11.573123370363199,4.195271242588233,13.047378479796732,0.0155342995686375,-0.040821219357801586,0.8008612162629873,0.8,0.08596823883655524,0.09107653882423991,0.3474492989418303,True
16.8,11.597695753975028,4.227021418788277,13.087726452119082,0.01489327634305292,-0.0459185254675154,0.8044514047666748,0.8,0.041437965766680226,0.11259598781319119,0.3466054724464039,True
16.85,11.621835685445914,4.259099754578756,13.12806432967961,0.014255256539108047,-0.04961880515609839,0.800623500942837,0.8,0.08282864608921989,0.07715185644710006,0.3461678496887468,True
16.900000000000002,11.645717023014145,4.29134607876788,13.168367480787058,0.013385920736010786,-0.05398044053944818,0.8037036387036987,0.8,0.038611386875791284,0.10422280231860212,0.3457717470700147,True
16.95,11.669351214745177,4.323733412764626,13.20861788956418,0.01226161975939245,-0.058733157073286524,0.7994306012431316,0.8,0.026330114136363214,0.05065587806654296,0.34552019681854307,True
17.0,11.692684353197528,4.356011451002036,13.248573020624638,0.010791290458263865,-0.0646997811541099,0.7932499660081634,0.8,0.052162617482408594,0.005844916364146194,0.34526781577994203,True
17.05,11.716232700409535,4.387873614603426,13.288246752523442,0.008385927946029688,-0.07525913826968234,0.7914797990296799,0.8,0.09153805611701912,0.04939298629132674,0.34463703110145405,True
17.1,11.739769738731859,4.419837286217006,13.327930227862204,0.005521429777633233,-0.08587508761057161,0.7962323748787405,0.8,0.07853753285257706,0.008311099118061873,0.34446563041261713,True
17.150000000000002,11.763294599556847,4.452034596921886,13.367724869514518,0.0022651071251700693,-0.09640222990712544,0.7987223066254057,0.8,0.07412329680275456,0.008639762889728245,0.34472814439544086,True
17.2,11.787039923984127,4.484197815439976,13.407508044057469,-0.001724993584053457,-0.10885674744874008,0.8004208398530759,0.8,0.06214235714357438,-0.014180069097413902,0.34174824703988144,True
17.25,11.810904516935933,4.516315245773624,13.44729215856977,-0.006200175940721298,-0.10737240780946566,0.8001042490117868,0.8,0.09859133663752412,-0.02953175929845129,0.33769131874975966,True
17.3,11.835082639980724,4.54836759228183,13.487317018368628,-0.010547636197648778,-0.09612022067082648,0.8057903479974198,0.8,0.05705224033540389,-0.015199667878782824,0.336525596229871,True
17.35,11.859407092183256,4.580446057547408,13.527551393754242,-0.014471802768343749,-0.08485214084227222,0.8044948862528036,0.8,0.07033546796872173,0.012482697791039554,0.3358070642764003,True
17.400000000000002,11.883553259359571,4.612646350420249,13.567890513216899,-0.017641765330218467,-0.07153563631441662,0.8054181576304358,0.8,0.07712237296457831,-0.054791528884446314,0.3364499644820878,True
17.45,11.907954725926775,4.644746989565108,13.60836638387621,-0.020539299727815416,-0.060075739346076136,0.807433055171543,0.8,0.09067630189363785,-0.009607105285130545,0.33685443686152794,True
17.5,11.93267376716228,4.676802012400697,13.649055939930859,-0.02318157431665703,-0.04961361062995129,0.8116232299268841,0.8,0.002649733104861794,-0.048713274612846955,0.33724304058350735,True
17.55,11.957338461606463,4.708700090679333,13.689649237643348,-0.02532098862455578,-0.03887746133307257,0.801226641719659,0.8,0.11196895295335718,-0.014698069866228009,0.33822976800409016,True
17.6,11.982102752819706,4.740443660269494,13.730225951533571,-0.027086241862660357,-0.028387907487415598,0.8090830050161378,0.8,0.06362892656088902,-0.031088559974725035,0.3395340456805964,True
17.650000000000002,12.006964615374512,4.772348121669008,13.771032562388463,-0.02828940672845299,-0.01698970578063297,0.8087816523701081,0.8,0.01542654762190742,0.023288521240386367,0.34168293360062985,True
17.7,12.031564194520831,4.804184130229377,13.811648935159385,-0.02877554025420475,-0.0038288632503579167,0.8005615363681425,0.8,0.07615411134706475,-0.0840559573541797,0.3450882063999573,True
17.75,12.056303786437807,4.835716329974737,13.852117314926499,-0.029014741480480666,0.007109085756651812,0.8025456289845809,0.8,0.06320373167112531,-0.030715457211391888,0.34387703651491064,True
17.8,12.081497246267178,4.866950353778783,13.89263865549341,-0.02925372678388096,0.01548330627680794,0.8023475867096403,0.8,0.0469780124372986,-0.11309718696545416,0.3411628979855733,True
17.85,12.106976910408427,4.897856597975014,13.933089131875448,-0.029380284397384222,0.022106214626792742,0.7994862817730791,0.8,0.0969603569181075,-0.07884997354166308,0.33908524614390273,True
17.900000000000002,12.133012182555067,4.928393815423026,13.973616502353956,-0.029628958586180056,0.026437302254069598,0.804920472107664,0.8,0.07697424143330786,-0.09491783829827376,0.3375637579060828,True
17.95,12.159333687203993,4.958925213116563,14.014329470304654,-0.029554530678670234,0.03166226183923826,0.806924205980209,0.8,0.043544810335074347,-0.09045585615887869,0.33610599961697385,True
18.0,12.185953385493503,4.9891477377479845,14.0550028781321,-0.029361413410403246,0.03632366683614563,0.8033774061255111,0.8,0.02635008686769713,-0.12385894532740424,0.334935283689917,True
18.05,12.212826662636823,5.018820928855217,14.095430616143755,-0.029181722205384373,0.039572693178541285,0.7970964196293974,0.8,0.036411872496474734,-0.13852692021013824,0.3341661173388859,True
18.1,12.240085604754437,5.0477882573371335,14.135598244963436,-0.029228622459633726,0.04050909903044175,0.7926351053929166,0.8,0.11211086885276669,-0.1144096534539081,0.3338460130359346,True
18.150000000000002,12.267725787565738,5.076517991363471,14.175857437363053,-0.02918170601859344,0.041900604799193,0.8007411496129656,0.8,0.11739854376696197,-0.10159806238541946,0.33348716815672785,True
18.2,12.295805132326874,5.105397999437948,14.216529351767516,-0.0288032712008211,0.045086025447375166,0.8095032450857906,0.8,0.03947734874385034,-0.08262637579888048,0.33293774072207205,True
18.25,12.324091685727428,5.134221353357257,14.257293838431302,-0.028063812716975674,0.049808114966389476,0.8052191676647411,0.8,0.09041267036880632,-0.11269878069002155,0.332304313882241,True
18.3,12.352679585327405,5.162746712809525,14.298045441085034,-0.02719950015078769,0.053989199541190525,0.8094248538418525,0.8,0.04926055214311547,-0.11701781580986231,0.3319556290994792,True
18.35,12.381749101630946,5.19084603357339,14.338833204494762,-0.026426554977823688,0.056510223029651585,0.8067516538121738,0.8,0.08489213422194775,-0.07615358064038448,0.3319983748520583,True
18.400000000000002,12.410958400939105,5.218811607135912,14.379607546442916,-0.025297158189293303,0.060792943178975545,0.8100088208786136,0.8,0.01575937200720745,-0.11957159089786815,0.33188937240636884,True
18.45,12.44032900798758,5.246425246161094,14.420233482409625,-0.023990188603120483,0.06493387338024548,0.8018109369925835,0.8,0.055152527243677335,-0.11621453786857908,0.3320014335503922,True
18.5,12.469993834428205,5.2733775219230345,14.460612447218741,-0.022832999914542178,0.0671230519826963,0.8003081708740418,0.8,0.07979977248188677,-0.07677873413900026,0.3325279085180095,True
18.55,12.499774143395333,5.300230400448038,14.500978944134513,-0.021287065728862728,0.07135623085923626,0.8028985043243105,0.8,0.07750648940692337,-0.151281884491427,0.33285621070719174,True
18.6,12.530040320100065,5.32672380590609,14.541451971568192,-0.01978671090453673,0.0739036451252284,0.80504329763535,0.8,0.047874893733812374,-0.14807720178921277,0.3336250853308778,True
18.650000000000002,12.560950681818216,5.3524675557073556,14.581925015693475,-0.018731793894757674,0.07301382996483097,0.8022583581489331,0.8,0.0244934448221696,-0.10130171593916922,0.33493540147569295,True
18.7,12.59181314900924,5.377881454928322,14.622123409980214,-0.017368773665992765,0.07451578188606989,0.7957014454196383,0.8,0.04480983205503601,-0.14708894337694564,0.33586739143224736,True
18.75,12.62276360329754,5.402805301972317,14.662056990409313,-0.015917557635199718,0.07605247874514354,0.7926578931942473,0.8,0.0821829888275295,-0.17870083976432108,0.33687794874926524,True
18.8,12.654373226341574,5.4269308870915465,14.702016187739003,-0.014970960568766106,0.07388960093912267,0.7958409884140831,0.8,0.03973522175463311,-0.14588161030446803,0.3384448657972483,True
18.85,12.686345280117791,5.450544438193863,14.741947898138802,-0.014122468667177094,0.07178229923755407,0.791959109530361,0.8,0.08055618970633169,-0.1209093872646326,0.3398983978300069,True
18.900000000000002,12.718397385883376,5.47398136662287,14.781817041266468,-0.012936464880644377,0.07243105094459479,0.7948928780449657,0.8,0.07269483026612814,-0.15065585391704614,0.3408980654016822,True
18.95,12.750845787049009,5.497061868347163,14.821783385405025,-0.01173889701892964,0.07284648951824158,0.7964569452485342,0.8,0.07304490272728364,-0.15343726554766188,0.3419763421812697,True
19.0,12.783801499058084,5.5195690266807285,14.86183011568843,-0.01076770250230074,0.07170134959176945,0.7980376121439291,0.8,0.11977495331854016,-0.12267426926541608,0.3432764188834827,True
19.05,12.817192756880365,5.5419025658394165,14.902123349098083,-0.009641257808542506,0.07189593759393986,0.8072619907844988,0.8,0.07029687219838893,-0.1876730339516592,0.34434696473278775,True
19.1,12.85121640499453,5.563744773354184,14.942668626461135,-0.008722758695427898,0.07041848898109082,0.8081055332165527,0.8,0.011457859211412659,-0.16678626818939107,0.34569002530587134,True
19.150000000000002,12.88559073275677,5.584676469592778,14.983025651633897,-0.008221500643374895,0.06680887067170914,0.7992506228647391,0.8,0.09236334700667324,-0.153803390405062,0.3472298825241483,True
19.200000000000003,12.920089467368545,5.605179128699597,15.023258841272265,-0.0076138015371377795,0.06484847108849179,0.8039350206284893,0.8,0.03834784563648557,-0.196773390521322,0.3484024394667743,True
19.25,12.955014766833187,5.624981224717579,15.063506241993327,-0.007287521565987144,0.06143384273582331,0.7996125396666871,0.8,0.061368674735281376,-0.13512414603549824,0.3497139101088745,True
19.3,12.990110553025312,5.644225202740507,15.103626537798679,-0.006995729252812203,0.058927406618707,0.7991899707656228,0.8,0.06505944076143134,-0.19806208108709616,0.3507299226632865,True
19.35,13.025486713611567,5.662933173903573,15.143736525826343,-0.00677369173977096,0.0563573889445822,0.799385517637512,0.8,0.0424182172859031,-0.1369400125068601,0.35169547999734996,True
19.400000000000002,13.061108026961355,5.680991048917011,15.183763717882107,-0.0067080258573617,0.05370365922369836,0.7958521479516277,0.8,0.049505914871904894,-0.1204276381831348,0.35252986496531014,True
19.450000000000003,13.09660373548531,5.698923102398413,15.223614001810176,-0.006168645742924133,0.054775268474904215,0.7935770711139679,0.8,0.13064118409444936,-0.16106874408340277,0.3527587070686061,True
19.5,13.132591306565494,5.716377057752731,15.263688397041063,-0.0057419200691178705,0.05468765988560681,0.8047059852275353,0.8,0.04524794834565518,-0.13520262330826593,0.35321081446253655,True
19.55,13.169048366446743,5.7333126599778685,15.303961359949902,-0.0054460313925290965,0.05388939299473572,0.8014979411928944,0.8,0.11869604664823313,-0.10638915788055425,0.35373802468016613,True
19.6,13.205695813446852,5.750147139771171,15.34435406738294,-0.0047789269144433355,0.055734922632582895,0.8104533531237795,0.8,0.05006173771598989,-0.1520881953914817,0.3538704684595033,True
19.650000000000002,13.242725439549485,5.766527472843156,15.384900341706988,-0.0041351680402997824,0.05676281608477085,0.8078845494571113,0.8,0.0033845576166762065,-0.1744920000996906,0.354216649234185,True
19.700000000000003,13.279877324514874,5.781859559865939,15.425145831361089,-0.003963175353927142,0.05449469042516831,0.7977077449323036,0.8,0.05007937842358661,-0.1566299201763023,0.35504546957845073,True
19.75,13.316995212801082,5.796453245176385,15.465082390355613,-0.003929132253769782,0.052022975181274134,0.7954784230663321,0.8,0.01888068420480124,-0.15787535598939276,0.3557961237264207,True
19.8,13.354064209423735,5.8104937292885825,15.504773138379587,-0.003866201551353893,0.05036034403447026,0.7881757184878764,0.8,0.040864204051870925,-0.15261600384406343,0.3563415744807672,True
19.85,13.391073522473818,5.8239154927605545,15.544191974667445,-0.003842123425784523,0.04889883868628103,0.7846788051359177,0.8,0.07787005429839082,-0.12154874612095054,0.35679012217459316,True
19.900000000000002,13.428163130381892,5.8370245758755015,15.583578760171086,-0.0036227087737052614,0.049155937553879314,0.7873598774015905,0.8,0.06780913224123561,-0.14768563749902405,0.35693484519514895,True
19.950000000000003,13.465485585776646,5.8497333712727215,15.62305071474269,-0.0033396188940681424,0.049644562989112684,0.7883165259864695,0.8,0.07449766099186186,-0.18796728974588978,0.35707600641266046,True
20.0,13.503200718973531,5.8615442438589795,15.662617041879038,-0.003511913659708258,0.04697513973422396,0.7903485818351788,0.8,0.08224371421140408,-0.1501882806615776,0.3576794914860213,True
20.05,13.541239785348841,5.872751975008766,15.702320450830776,-0.0038332951798714437,0.04418048774000388,0.793601917279776,0.8,0.06346374551809122,-0.21614463336428194,0.35817134313163834,True
20.1,13.579587570113157,5.883205082678603,15.742117938831145,-0.004439914199747601,0.04002308939851501,0.7936814186022632,0.8,0.09070580076750034,-0.10757899195427341,0.35877650360081953,True
20.150000000000002,13.618167431284483,5.893204205405133,15.78203154617021,-0.005017754276161793,0.037496740141425955,0.798239537743809,0.8,0.07545136110732284,-0.15483249071787095,0.3589361884387097,True
20.200000000000003,13.656919362505308,5.903102431151953,15.82209575480622,-0.00520536442983081,0.03791517562088392,0.8001691851038438,0.8,0.06768486732523124,-0.15717700238307503,0.3586263630031608,True
20.25,13.69594182574128,5.91221214719978,15.862237704216207,-0.005688651185898379,0.036360616630451204,0.8007707572169613,0.8,0.056159076940161604,-0.19139462479709216,0.3585972468891232,True
20.3,13.735143890952747,5.920483934248927,15.902376678120008,-0.006492630414440894,0.033040932915560206,0.7994609226813376,0.8,0.07743797359478165,-0.17276545006881927,0.35876422316726664,True
20.35,13.774532806034259,5.9279758128831475,15.942551892643829,-0.007562176346391898,0.028967034116506363,0.8016851595011895,0.8,0.052366508596281745,-0.18719373658999186,0.3588882570133112,True
20.400000000000002,13.814043476072765,5.934820373804131,15.982742926319805,-0.008753379222572027,0.025099969279064133,0.7997275112383715,0.8,0.024755746035326286,-0.12531812437749668,0.35883208609135314,True
20.450000000000003,13.853392504722994,5.941266676953986,16.02272726272208,-0.009769955689807357,0.023535991890989844,0.7932801507013331,0.8,0.061403769014269534,-0.1267122550252543,0.35827511989567457,True
20.5,13.892579986489748,5.947554442038369,16.06254527188457,-0.010384356025310744,0.024875742745234075,0.7930292208080599,0.8,0.07439157853663649,-0.08933763288615237,0.3572669834846331,True
20.55,13.931835693620565,5.953623958435086,16.10240654199945,-0.010698085463901438,0.027931653852232646,0.7949210926641143,0.8,0.05705616194401604,-0.08955537412218428,0.3560560498965074,True
20.6,13.971124558236758,5.95957048476436,16.14228469373188,-0.010610441805859279,0.03275460737417482,0.793912213552397,0.8,0.07740269287977253,-0.10901456878631587,0.35473022722676983,True
20.650000000000002,14.010518741074135,5.965054399057045,16.182198991880213,-0.010466943758573913,0.03664563262265563,0.796276268675574,0.8,0.07744423003915749,-0.09730058593359148,0.35373566116574284,True
20.700000000000003,14.050089033788337,5.970116574881573,16.222229490173778,-0.010233480810124698,0.04017876177162615,0.7985852336021012,0.8,0.09183649752703703,-0.11787242806263644,0.3529375195819945,True
20.75,14.089887283687146,5.974755856471273,16.26243121320027,-0.009911618324502124,0.043299888310114915,0.8032005227627204,0.8,0.030232766763886323,-0.07636092431955417,0.3523494946984975,True
20.8,14.129686764886646,5.97911433192431,16.30259356538571,-0.009332810943091727,0.04741643219260874,0.7975627612772063,0.8,0.14787538920972076,-0.11611286763298062,0.35173027871170803,True
20.85,14.169726804833989,5.983161645370057,16.34295051977204,-0.008546474138411675,0.05163141724917894,0.8114207786622828,0.8,0.06309111287480347,-0.10223577724270257,0.3512923828640825,True
20.900000000000002,14.210159250813625,5.986661306771708,16.383638175374866,-0.007789675808721703,0.05462910154397721,0.8109687095227472,0.8,0.09765577923484815,-0.0569322508082195,0.3511800246886507,True
20.950000000000003,14.25070096028022,5.9901684374586095,16.424407511840116,-0.006480528823685451,0.060505131292170916,0.816212156592116,0.8,0.0021204762550204315,-0.10339938103192185,0.3507891441373918,True
21.0,14.291130710956123,5.993374357912486,16.465011433452517,-0.004916334039226547,0.06629798219214919,0.8056064932531618,0.8,0.03835263913315695,-0.063987104851242,0.3506822000518074,True
21.05,14.331218742587899,5.996162106689279,16.505215046928967,-0.0032152513730322177,0.071683647892665,0.8012406766294553,0.8,0.03145961295687248,-0.09451192406063584,0.3508339554131066,True
21.1,14.371076826311304,5.998701384386024,16.545134066893624,-0.0012234822393865574,0.07745081938432527,0.7958562292538537,0.8,0.051257116126618624,-0.05905219438136599,0.3511713421076352,True
21.150000000000002,14.410768158011965,6.000944849650879,16.58483374791675,0.0009448496508790427,0.07725705446188609,0.793869082022827,0.8,0.041123716455451945,-0.07819252181971914,0.35150547909823754,True
21.200000000000003,14.45032540463243,6.003027357344796,16.624390994537215,0.003027357344795867,0.070783345196758,0.7902670292483518,0.8,0.031277065937685075,-0.0864891013396688,0.3512805515379065,True
21.25,14.489689787423465,6.0046456292110415,16.66375537732825,0.004645629211041502,0.06305473286606503,0.785138866108827,0.8,0.13420818882713056,-0.05915858710460934,0.351887933662193,True
21.3,14.529230546865358,6.006090305752374,16.703296136770142,0.0060903057523740145,0.056194246721716586,0.7970751693241205,0.8,0.062045690480750655,-0.08477515760809118,0.35242609550560783,True
21.35,14.569069749547996,6.00729983940894,16.74313533945278,0.007299839408940301,0.049361663659188176,0.7968305674659841,0.8,0.06382594604729884,-0.0869006532216348,0.35319795423540806,True
21.400000000000002,14.608920374484173,6.008029240807866,16.782985964388956,0.008029240807865712,0.04120964483090534,0.7968851807333166,0.8,0.05150423874052297,-0.09063506569840835,0.35484108323079505,True
21.450000000000003,14.64872880072651,6.008391656270457,16.822794390631294,0.008391656270457126,0.03278874890279185,0.7949117579751039,0.8,0.12164977673333517,-0.08107042128123652,0.35693901800716266,True
21.5,14.688730334745648,6.008456404213688,16.862795924650435,0.008456404213688096,0.024606701740059748,0.8045268402711321,0.8,0.038936229912453185,-0.08824986367325534,0.35927398405417155,True
21.55,14.728863503038628,6.008215100305621,16.902929092943413,0.00821510030562056,0.01651126979496284,0.8002855119399784,0.8,0.07775610172136146,-0.06163079677581148,0.36189831386816085,True
21.6,14.768943285615132,6.007780485457314,16.943008875519915,0.007780485457313802,0.009356386487037724,0.8025403430565553,0.8,0.08353433229817664,-0.025653503235278676,0.3644461796332361,True
21.650000000000002,14.809152287852008,6.0075098107832785,16.983217877756793,0.007509810783278503,0.00517946807278256,0.8056858978475173,0.8,0.08060514529045533,-0.035652290213600044,0.3659535707539187,True
21.700000000000003,14.849502521568404,6.007273958079263,17.02356811147319,0.007273958079262677,0.0022350045244184306,0.8082664152486769,0.8,0.06918848608707405,0.024896257446624603,0.36706255833231904,True
21.75,14.889931858163019,6.007265962354766,17.063997448067802,0.0072659623547659535,0.0017177979461407704,0.8089009971200285,0.8,0.0881057406344433,-0.033127392141727656,0.3672240363329583,True
21.8,14.930470527609739,6.007293711000167,17.104536117514524,0.007293711000166958,0.0013184990736993163,0.8126293712394287,0.8,0.0555240880007852,0.001102409092905969,0.3673148035408771,True
21.85,14.97105868925371,6.007100355898281,17.145124279158495,0.007100355898280952,-0.00022906540475558287,0.8109007782880152,0.8,0.06080618058728597,-0.026094093763604196,0.36783161495653655,True
21.900000000000002,15.011583144165131,6.006916444777065,17.185648734069915,0.006916444777065323,-0.0014341400998678776,0.8100868532185644,0.8,0.014678042485861166,-0.012570643415492558,0.3676577443066251,True
21.950000000000003,15.051876397114942,6.0065720318069475,17.225941987019727,0.0065720318069475425,-0.003289392884999185,0.8017090744874539,0.8,0.05944632058074969,-0.023982459369029648,0.3674516965239771,True
22.0,15.091940620059683,6.006178911038082,17.266006209964466,0.006178911038081658,-0.0050322145845135575,0.8009151558147406,0.8,0.06709744383822201,-0.02237773478634016,0.3673281102338153,True
22.05,15.131996008482387,6.005640815715494,17.306061598387174,0.005640815715493908,-0.00724239481128276,0.8014004699306639,0.8,0.06575056417810908,-0.03038201639347239,0.367211490082906,True
22.1,15.172068074413989,6.004970523211858,17.346133664318774,0.00497052321185798,-0.009758940176965953,0.8016514840766523,0.8,0.04235435539375104,0.00944950880631538,0.3671370698210717,True
22.150000000000002,15.212056571294422,6.004415972491436,17.386122161199207,0.00441597249143566,-0.010756661603938365,0.7980480775388914,0.8,0.06398291722341042,0.013348711652695447,0.36739659216075027,True
22.200000000000003,15.25195955604196,6.004150014451278,17.426025145946745,0.004150014451277606,-0.009674058576082204,0.7980965703093121,0.8,0.03487363847229111,0.020138445681798633,0.367982684134701,True
22.25,15.291745614469075,6.004003772326248,17.46581120437386,0.004003772326248267,-0.008088840393413182,0.7933560836494971,0.8,0.08419527750705919,-0.010363731205644978,0.3685979575859576,True
22.3,15.331500522477821,6.003761833718044,17.505566112382606,0.003761833718043839,-0.007627447589892287,0.7968519022833023,0.8,0.061643103775684126,-0.020404027683966534,0.36897647241795295,True
22.35,15.371332482422961,6.003239585982802,17.545398072327746,0.003239585982801607,-0.009086000777000688,0.7965469379408144,0.8,0.09196400244923067,-0.040657295618578095,0.3690670685937884,True
22.400000000000002,15.411271391264211,6.002441744688908,17.585336981168997,0.0024417446889080097,-0.011990091513245595,0.8012368266291635,0.8,0.026159322968389243,-0.031231948793330078,0.3690062684910993,True
22.450000000000003,15.451166157704998,6.001441403507536,17.62523174760978,0.0014414035075356324,-0.015405377293520974,0.7949807346533345,0.8,0.029601547152428617,0.043647762424765514,0.36899821297040236,True
22.5,15.490772693440492,6.000896152410744,17.664838283345276,0.0008961524107435892,-0.014824079246147086,0.7894544592279937,0.8,0.07442163529505182,0.04439210736257356,0.36971499163592114,True
22.55,15.530299112256225,6.000938650448132,17.70436470216101,0.0009386504481323499,-0.010681738324549304,0.7914444389496732,0.8,0.03872196719233245,0.008541802066329212,0.3708960647518563,True
22.6,15.569773983776244,6.00090566029904,17.74383957368103,0.0009056602990398233,-0.00819334347126778,0.787510395819136,0.8,0.03298628707680256,0.04340184913125649,0.37166513957256164,True
22.650000000000002,15.609030781424797,6.00094110919173,17.783096371329584,0.0009411091917304049,-0.005768013678757389,0.7827347272910835,0.8,0.13737783162232264,0.0036569447080437006,0.37234787961289484,True
22.700000000000003,15.648482864739876,6.001060340582472,17.82254845464466,0.0010603405824722856,-0.0035632685648245032,0.7952548797255071,0.8,0.044775958252332076,-0.037131224869875766,0.3728821644476118,True
22.75,15.68816809899375,6.000691777757765,17.862233688898534,0.0006917777577646333,-0.005143155315693965,0.7922174192330985,0.8,0.06639618969196596,0.023889178338111064,0.3727823650970593,True
22.8,15.727792827677455,6.00037421383344,17.90185841758224,0.00037421383343971826,-0.0057673494372961825,0.7928153782041761,0.8,0.08511435598158966,0.06637815089139923,0.3729149717687291,True
22.85,15.767527228593755,6.000780468823599,17.941592818498542,0.0007804688235992785,-0.0014956238403960815,0.7964765020017569,0.8,0.04008632297668158,0.06819648357025733,0.37377547086704854,True
22.900000000000002,15.807253069549045,6.001687536163889,17.98131865945383,0.0016875361638888364,0.004872310975762868,0.7926357689875569,0.8,0.0567791790208971,-0.07101923386438977,0.3718668769122154,True
22.950000000000003,15.846857710965669,6.002172309977612,18.020923300870454,0.002172309977612308,0.00658956095018082,0.7916409686616463,0.8,0.0677277514858058,-0.04062771455402338,0.3708733184685598,True
23.0,15.886462346631639,6.001917700118135,18.060527936536424,0.0019177001181347464,0.0031750507934151405,0.7924729738528544,0.8,0.06221842429813385,-0.017152559158513325,0.3721399414392844,True
23.05,15.926084173610537,6.001622523712375,18.100149763515322,0.0016225237123750347,0.00045018385140597507,0.7923770929060734,0.8,0.03928125204482213,0.01954030062811647,0.37324378435486716,True
23.1,15.96560593540972,6.001645777731194,18.139671525314505,0.0016457777311940092,0.0005610744917507097,0.7885108104844123,0.8,0.060812238567244103,-0.0067518924523010185,0.3731876028287852,True
23.150000000000002,16.005025754609434,6.001767020813764,18.17909134451422,0.0017670208137641197,0.0011610502253857683,0.7882866537309842,0.8,0.09536111255482685,0.010101282350316543,0.3728882315991129,True
23.200000000000003,16.044577252725528,6.00183177744375,18.218642842630313,0.0018317774437504042,0.001319600969663657,0.7937512973849788,0.8,0.03389666144822552,0.01506551479292987,0.3727764100161588,True
23.25,16.084144226720426,6.002062278294344,18.25820981662521,0.002062278294343578,0.0025043767750234525,0.788963543962541,0.8,0.10680462564485126,0.011513867026409457,0.3721943145747156,True
23.3,16.123775724453775,6.002352912422701,18.29784131435856,0.002352912422701081,0.0037576998141491775,0.7962928232568707,0.8,-0.0005145495609694545,-0.0446933327028236,0.3715319358771636,True
23.35,16.163326724963234,6.002282796571272,18.33739231486802,0.002282796571272172,0.0022016134332105844,0.7857785628295146,0.8,0.15695006412156956,-0.023893845183465934,0.37206362771103507,True
23.400000000000002,16.203009110968214,6.001872238083592,18.377074700873,0.0018722380835916042,-0.0010348184622216358,0.8014387412617909,0.8,0.07970517428808094,-0.005212097376605541,0.37282048781605337,True
23.450000000000003,16.243144563166407,6.0016133966880485,18.417210153071192,0.0016133966880484962,-0.0024245853331103873,0.8039836878991974,0.8,0.003671636897529036,0.01415073347111986,0.37266686958674833,True
23.5,16.28309197475121,6.001574696959374,18.457157564655994,0.0015746969593743998,-0.0020015899632019204,0.7939568554730637,0.8,0.07197389191070053,0.03718870949530551,0.37283108161606493,True
23.55,16.322826951744332,6.001856722058325,18.496892541649117,0.0018567220583252109,0.0004266799580205532,0.7954268297481527,0.8,0.04197553772504145,-0.03736486861564953,0.3730165653764743,True
23.6,16.36251031061636,6.001896067299565,18.536575900521147,0.0018960672995653738,0.00042093890034809094,0.7919242588010866,0.8,0.03010256809323876,-0.05938130548664986,0.37297892492507045,True
23.650000000000002,16.401970625738773,6.001229986834966,18.57603621564356,0.0012299868349661125,-0.004123310222539613,0.7865599051835331,0.8,0.0911710994698458,0.016498788555694307,0.37254645610299053,True
23.700000000000003,16.441417628693166,6.000738899109202,18.61548321859795,0.0007388991092023289,-0.006133564951775196,0.7913802156987643,0.8,0.05906632610265739,0.013275066672772722,0.3724417948034674,True
23.75,16.48097235118127,6.000710007099992,18.655037941086054,0.0007100070999923602,-0.004732049096212292,0.7907943191139013,0.8,0.0926694146488411,0.03671654352836053,0.3728859790789455,True
23.8,16.520637346473418,6.00087349086793,18.694702936378203,0.0008734908679297604,-0.0023709179291971885,0.795750875046787,0.8,0.09254917158285397,0.028756777010185152,0.37342269849488563,True
23.85,16.5605459065487,6.001253916413326,18.734611496453486,0.0012539164133258396,0.0007387642279935913,0.8005579140136835,0.8,0.00781771643573264,-0.024302407496413037,0.37352670474170335,True
23.900000000000002,16.600341341585338,6.001332765340859,18.774406931490123,0.0013327653408587992,0.0009545986414743343,0.791302870834572,0.8,0.06767512652190764,-0.0002308694807502035,0.3733837758593388,True
23.950000000000003,16.63992743370453,6.001187663724104,18.813993023609314,0.001187663724103949,-0.00020097700442032313,0.7921350277480583,0.8,0.058425894761424166,0.03457786066602578,0.3737526486304698,True
24.0,16.679516195292013,6.001414497008897,18.8535817851968,0.0014144970088967312,0.0014170784739628447,0.7914241356740002,0.8,0.06757620496949521,-0.0007672765858656651,0.37316475633213764,True
24.05,16.719107214133302,6.001723379224548,18.893172804038088,0.0017233792245479052,0.0030099301421854336,0.7922368627408112,0.8,0.08972682993570608,0.008057926154791773,0.37238323910257687,True
24.1,16.758830081118976,6.001892575435729,18.93289567102376,0.0018925754357290714,0.003354944981686962,0.7966717537453465,0.8,0.04036909194278711,0.050224528425035636,0.3721117112517627,True
24.150000000000002,16.79856614384058,6.002431109147996,18.972631733745366,0.0024311091479960467,0.006110160869852494,0.7928724266501325,0.8,0.07567450320138666,0.043360524674457425,0.37075651773729196,True
24.200000000000003,16.838256389241362,6.0033473627267995,19.012321979146147,0.0033473627267994743,0.01053285284553145,0.7949794086601677,0.8,0.09455449583501992,-0.020751385336374068,0.3685313715674631,True
24.25,16.878130610811862,6.003950159121587,19.052196200716647,0.003950159121586694,0.011602744159159304,0.8001365056686793,0.8,0.10670272280000656,-0.03127473087655951,0.3676123170669302,True
24.3,16.91831490062947,6.004041237951048,19.092380490534254,0.00404123795104816,0.009113870156630148,0.8071556870987767,0.8,0.008952346467931957,-0.015494884058105183,0.36825717146325965,True
24.35,16.95844171515049,6.004062049927096,19.132507305055274,0.004062049927095579,0.006878910747104559,0.7979138103037353,0.8,0.040317852419123223,-0.007127954605907941,0.36889788714517874,True
24.400000000000002,16.998241086051443,6.004170392052102,19.17230667595623,0.004170392052102123,0.005807111230661217,0.7940735581060346,0.8,0.12065549782865376,0.028265995108978467,0.369107013258867,True
24.450000000000003,17.03818108330534,6.004544335664192,19.212246673210124,0.004544335664191657,0.006815213987461993,0.8035471568273223,0.8,0.06720241955941335,-0.008565445062734621,0.36843446438570243,True
24.5,17.07836725171439,6.00497330363176,19.252432841619175,0.004973303631760295,0.00775728877216596,0.8039802655271509,0.8,0.07563998868831871,0.0073137209342187485,0.36772656566109385,True
24.55,17.11861059556907,6.005271310742763,19.292676185473855,0.005271310742762658,0.00769761839035521,0.8057894894603828,0.8,0.015017148221086511,-0.01700454426895887,0.3674462224874249,True
24.6,17.158693221943604,6.005517621583828,19.33275881184839,0.005517621583828181,0.007237329589120269,0.7975810873626545,0.8,0.08654713566595183,-0.010552656538748277,0.3673361839622291,True
24.650000000000002,17.198667273989166,6.005605675595251,19.37273286389395,0.005605675595250936,0.005926649028458482,0.8013529089568064,0.8,0.05594085516501784,0.005107769881607591,0.3676363152645371,True
24.700000000000003,17.238700295674324,6.005798495361509,19.41276588557911,0.005798495361508671,0.005667032753450136,0.7999918586034553,0.8,0.028392032152668126,-0.0005292424200714602,0.3675204121180071,True
24.75,17.27855199410807,6.006059151707154,19.452617584012856,0.006059151707153987,0.005884486215453142,0.7941356503480065,0.8,0.1458983579455793,-0.02578619502081478,0.3671953301654962,True
24.8,17.31860114828367,6.006111661652071,19.492666738188454,0.006111661652070666,0.00462683727221701,0.8077590321318296,0.8,0.049012041670615895,0.005622193406646526,0.36751551055508985,True
24.85,17.35892227515015,6.006140738379304,19.532987865054935,0.006140738379303734,0.0036584236886128382,0.805089192465504,0.8,0.08116146679567011,-0.036089481961347904,0.367773548711983,True
24.900000000000002,17.399244574252165,6.0060790592189885,19.57331016415695,0.006079059218988547,0.002195190635588133,0.8077770257089055,0.8,0.08354774783279514,0.05371495719918511,0.368269270864618,True
24.950000000000003,17.43970859310343,6.0062683840523405,19.613774183008214,0.0062683840523405365,0.0030469374734889256,0.8107858478969443,0.8,-0.010364810588358822,0.007463377804912189,0.3678272571570502,True
25.0,17.479931372275132,6.006852255051387,19.653996962179917,0.006852255051387424,0.005982022106379536,0.7982711436054312,0.8,0.013715307635480636,-0.040270834008662396,0.3663733315092874,True
25.05,17.519638828132777,6.006869860455774,19.693704418037562,0.006869860455774202,0.0044354475011552895,0.7900459512641755,0.8,0.05234816362142651,0.05808104985436167,0.36681404552836244,True
25.1,17.559098649718592,6.007141225241564,19.733164239623378,0.007141225241563909,0.005270590130197593,0.7883896578673846,0.8,0.08832738624289901,-0.07868886317860939,0.3662951529281699,True
25.150000000000002,17.598624821914516,6.007495332261855,19.7726904118193,0.007495332261854948,0.006026945800466667,0.7926946655375893,0.8,0.05826671874275338,-0.023520483963803455,0.36571694591994497,True
25.200000000000003,17.638242118035407,6.007259907905113,19.812307707940192,0.0072599079051132165,0.002941072435308796,0.7919430092357335,0.8,0.10074044779999355,-0.05490611530646135,0.36686713545968186,True
25.25,17.677996780814865,6.006822683796165,19.85206237071965,0.00682268379616513,-0.0007724014734078557,0.7981970574806571,0.8,0.01051337106020532,-0.04621698485065391,0.3679479502767936,True
25.3,17.717684680741332,6.006063575706461,19.891750270646117,0.006063575706461322,-0.005551855688417881,0.7894471315585716,0.8,0.06797201208338896,-0.04609727568775768,0.3672894580636742,True
25.35,17.757174737639716,6.00518559982168,19.9312403275445,0.00518559982168032,-0.009892511939009193,0.7903764020264146,0.8,0.05264910825904339,-0.00948887261752176,0.3668824883652468,True
25.400000000000002,17.79664651612058,6.004387341951006,19.970712106025363,0.004387341951005652,-0.012505083500668555,0.7887610304015682,0.8,0.10735741239978541,0.011039765922155862,0.3669085184884495,True
25.450000000000003,17.836267983752865,6.003896784581285,20.01033357365765,0.003896784581285395,-0.012430448566571129,0.796186512734953,0.8,0.07330059195446906,-0.01782035615207924,0.3674211243974216,True
25.5,17.87611465196712,6.003361608675349,20.050180241871907,0.0033616086753491814,-0.01275248396636102,0.7978163241554673,0.8,0.08471633325188313,0.005358702226677678,0.3678611702207527,True
25.55,17.91608794460757,6.002754477753188,20.090153534512353,0.002754477753187601,-0.013344560619751587,0.801280858765411,0.8,0.04002762797573679,0.049090806261873635,0.36829343503765233,True
25.6,17.956053168514526,6.002600690741402,20.13011875841931,0.002600690741402012,-0.010756173072805797,0.7973045298397217,0.8,0.021339375673214013,0.02206858315718326,0.36921201833929373,True
25.650000000000002,17.995746431992153,6.002692990704254,20.169812021896938,0.0026929907042543277,-0.007392319456416356,0.7903586212269792,0.8,0.08383953573011808,-0.03494785014337089,0.3701149257969619,True
25.700000000000003,18.03535097021079,6.0023254872316185,20.209416560115574,0.002325487231618517,-0.008001437053365857,0.7938741825189681,0.8,0.08177026238356776,-0.0067839614645895515,0.3703021127369447,True
25.75,18.075118066933033,6.001698545948894,20.24918365683782,0.0016985459488942922,-0.009975904700645691,0.7969575918370244,0.8,0.09030942702012057,0.001369967300457052,0.370344879363395,True
25.8,18.11507420088675,6.0012582774069285,20.289139790791534,0.0012582774069285207,-0.010232995633659437,0.8013645682032466,0.8,0.048867263685100616,-0.021989253489304406,0.3707091205111922,True
25.85,18.155075418148094,6.000707213895545,20.32914100805288,0.0007072138955450669,-0.011214061622184447,0.7988398603988072,0.8,0.0675422892377176,-0.018602218069009607,0.3709701392246929,True
25.900000000000002,18.19502672075206,5.999964731818471,20.369092310656846,-3.526818152899125e-05,-0.013144304431045261,0.7994529554713109,0.8,0.0791656360490891,0.003372128113433039,0.3710717839555806,True
25.950000000000003,18.235057320292594,5.999321305412504,20.40912291019738,-0.0006786945874956984,-0.013869388587477867,0.8019615355899715,0.8,0.057617282440600076,0.025156331456903512,0.37021425136605113,True
26.0,18.27512652643065,5.998965411782508,20.449192116335436,-0.0010345882174922494,-0.012509201786279626,0.8008601573979892,0.8,0.08637534097129013,0.005269054102894103,0.37026005562513187,True
26.05,18.31526091397734,5.998690586065041,20.489326503882126,-0.0013094139349592027,-0.01105670471182599,0.8045173238773947,0.8,0.0766649572778701,0.0017824823883282382,0.37041445226598285,True
26.1,18.355534199178145,5.998297808321648,20.52959978908293,-0.0017021916783521718,-0.010718817634444693,0.8064808800411617,0.8,-0.011345583317382585,-0.005399944856254073,0.3701215611909577,True
26.150000000000002,18.395540231873575,5.997845208538403,20.56960582177836,-0.0021547914615966945,-0.010890158889755449,0.7939184829153737,0.8,0.0726876312347851,-0.006932995083523909,0.36961830742751534,True
26.200000000000003,18.435272700555327,5.997324403202601,20.609338290460112,-0.002675596797399038,-0.011473364463460103,0.7955068546261975,0.8,0.09496795117822496,0.022846119031230603,0.36892511600839006,True
26.25,18.47517744634898,5.996972210680515,20.649243036253765,-0.003027789319484775,-0.01071610226098539,0.8007181091495795,0.8,0.04855989708493869,0.02859342682901153,0.3687967663317574,True
26.3,18.515150349192144,5.9969139436582015,20.68921593909693,-0.003086056341798482,-0.008269136440254562,0.7981598561840848,0.8,0.08362998890644333,-0.034461439481166756,0.36946231176347955,True
26.35,18.555139052767075,5.996560497436118,20.72920464267186,-0.0034395025638822574,-0.008550498817347896,0.8014366906831192,0.8,0.04760297866122126,0.0702121659144237,0.3690255996430102,True
26.400000000000002,18.595142235561497,5.996411288514067,20.76920782546628,-0.0035887114859329827,-0.0070729980358294935,0.7987021541438821,0.8,0.059444092014367,0.03026034212846731,0.36931375230590135,True
26.450000000000003,18.635061822611377,5.996832018618434,20.809127412516162,-0.00316798138156571,-0.0025197415451184077,0.7979869768890246,0.8,0.0353996295171097,0.001884530123242828,0.37108405298982,True
26.5,18.67484468088204,5.996972048773992,20.848910270786824,-0.0030279512260076302,-0.0009965199821178948,0.7933358726936555,0.8,0.09463737855200723,0.010878300771795982,0.3716761444540379,True
26.55,18.714642438975712,5.997021448448988,20.888708028880497,-0.0029785515510116767,-0.0003916160577025034,0.7985496771419843,0.8,0.09198620224836382,0.009808415857547652,0.37190514806801955,True
26.6,18.754686445193656,5.99715596039389,20.92875203509844,-0.002844039606110016,0.0005941198373643128,0.803190523339586,0.8,0.05946404202659572,0.01701382868277738,0.37197952887372165,True
26.650000000000002,18.79482488717033,5.997372328133086,20.968890477075114,-0.0026276718669135946,0.0018752679727330021,0.802360437719548,0.8,0.0664961516346088,-0.003911860029267617,0.3718155936609272,True
26.700000000000003,18.834951361900707,5.997549385372555,21.009016951805492,-0.0024506146274445584,0.0025008383409783784,0.8027087458669276,0.8,0.018491772672736162,-0.0009278722971643652,0.37180702804632226,True
26.75,18.87489702558994,5.997613341336554,21.048962615494727,-0.0023866586634460063,0.0022705506937108688,0.7951529009016383,0.8,0.07702171587094093,0.035392933573199434,0.3719393105723387,True
26.8,18.914710814586908,5.997940529120421,21.088776404491693,-0.0020594708795789174,0.0039045026689669485,0.7974218204965778,0.8,0.045553551495210676,0.004645012484275816,0.37178184759431576,True
26.85,18.95450568190918,5.998393762097095,21.128571271813964,-0.00160623790290515,0.005801761060154763,0.7944556003485954,0.8,0.05979822718906867,-0.008536364414886574,0.371672752500118,True
26.900000000000002,18.994214226205635,5.99860035259734,21.16827981611042,-0.0013996474026596317,0.005617944158373333,0.7939098990061294,0.8,0.062111335286662704,-0.027739278343069343,0.3719338045349623,True
26.950000000000003,19.033906522086976,5.99856914857703,21.20797211199176,-0.0014308514229703917,0.003904410773081228,0.7937589126020811,0.8,0.08801225684222524,0.020472345967460476,0.372410494298944,True
27.0,19.073697687727798,5.9986573940289025,21.247763277632583,-0.001342605971097477,0.0035622292897499793,0.7978719868611474,0.8,0.10719177000669125,-0.044468305676870594,0.37260020725889126,True
27.05,19.11377126115075,5.998646110101557,21.287836851055534,-0.0013538898984428727,0.002413031751421299,0.8050313715826701,0.8,0.07511816848641623,-0.04249394984454846,0.3729298042868433,True
