time_s,x_m,y_m,progress_m,lateral_error_m,heading_error_rad,speed_mps,target_speed_mps,drive,steer,clearance_m,reference_valid
0.0,0.0,0.15,0.0,0.15,0.08,0.0,0.8,0.35,-0.31067044891537954,0.20166512260332825,True
0.05,0.0010191093622148929,0.15006015328516997,0.0010191093622148929,0.15006015328516997,0.07983789250543591,0.040819443973975036,0.8,0.35,-0.31155254763328555,0.20165134386171138,True
0.1,0.0040812867893310015,0.15015274590146485,0.0040812867893310015,0.15015274590146485,0.0786989132217959,0.08155568980341639,0.8,0.35,-0.311489766027536,0.20188469203510848,True
0.15000000000000002,0.009190670824675621,0.15013601656582976,0.009190670824675621,0.15013601656582976,0.07558564282741141,0.12212621626033282,0.8,0.35,-0.3092488498687472,0.20279332161337565,True
0.2,0.016339769722651838,0.14993618779263382,0.016339769722651838,0.14993618779263382,0.07013095010881423,0.1624498442822824,0.8,0.35,-0.30434195303176087,0.2045592607063553,True
0.25,0.025507303373897262,0.14958490228888588,0.025507303373897262,0.14958490228888588,0.06286128827856623,0.20244737922415207,0.8,0.35,-0.2973526986470729,0.20700447844542533,True
0.30000000000000004,0.03666957800177166,0.14908657321125326,0.03666957800177166,0.14908657321125326,0.054149125914291996,0.2420422194605334,0.8,0.35,-0.2886662867906834,0.21002220767818203,True
0.35000000000000003,0.0498010076740812,0.14840594448389022,0.0498010076740812,0.14840594448389022,0.044115299040043576,0.2811609216566592,0.8,0.35,-0.2783507721544272,0.21361767638075352,True
0.4,0.06487158790710015,0.14750441720519747,0.06487158790710015,0.14750441720519747,0.03289840484649617,0.3197337142534725,0.8,0.35,-0.2664869476161364,0.21779415692678464,True
0.45,0.08184709090194134,0.14634180246315684,0.08184709090194134,0.14634180246315684,0.020655224114869697,0.3576949521438333,0.8,0.35,-0.2531714424993489,0.22255069611942857,True
0.5,0.1006893688585054,0.14487774097515727,0.1006893688585054,0.14487774097515727,0.0075576301506298845,0.39498350709285057,0.8,0.35,-0.23851574200429865,0.227881234081809,True
0.55,0.12135673894179662,0.14307313298348728,0.12135673894179662,0.14307313298348728,-0.006210824809626927,0.43154309011314157,0.8,0.35,-0.22264490288828676,0.2300846747959674,True
0.6000000000000001,0.14380444531966366,0.1408915304279704,0.14380444531966366,0.1408915304279704,-0.020458499488297255,0.4673225036827324,0.8,0.35,-0.20569604079796336,0.2280588775543111,True
0.65,0.1679851877306598,0.13830044113067996,0.1679851877306598,0.13830044113067996,-0.03498932760024828,0.502275823329788,0.8,0.35,-0.1878166159468643,0.22638635682336725,True
0.7000000000000001,0.19384970015210226,0.13527250023888784,0.19384970015210226,0.13527250023888784,-0.049606459496189546,0.5363625096508159,0.8,0.35,-0.169162546242483,0.22515419160712052,True
0.75,0.22134735830542449,0.13178647161808613,0.22134735830542449,0.13178647161808613,-0.06411579324093378,0.5695474532320027,0.8,0.32954714187823614,-0.14989617959195423,0.22444102097597554,True
0.8,0.2503681884578082,0.12783640078428224,0.2503681884578082,0.12783640078428224,-0.07830102813539577,0.5994496633999671,0.8,0.293700557741087,-0.1302257861123164,0.224314944869736,True
0.8500000000000001,0.2807023200887919,0.12344122442303879,0.2807023200887919,0.12344122442303879,-0.09191842952961223,0.6243509437951943,0.8,0.2641082368739131,-0.11042573137386322,0.22482511905082148,True
0.9,0.31212086669381667,0.11863596799998556,0.31212086669381667,0.11863596799998556,-0.10475219135426005,0.6450891950073072,0.8,0.23972200932673582,-0.09076673795249847,0.22599468459591893,True
0.9500000000000001,0.3444356151731367,0.11346094215150336,0.3444356151731367,0.11346094215150336,-0.11664514254953638,0.6623705330588651,0.8,0.21965702006278887,-0.07146813506542768,0.2278233745735342,True
1.0,0.3774925035915431,0.1079595679135583,0.3774925035915431,0.1079595679135583,-0.12749050729275285,0.6767870121432045,0.8,0.2031703389804176,-0.05270294853024958,0.23029273154714924,True
1.05,0.4111659372863905,0.10217672110824805,0.4111659372863905,0.10217672110824805,-0.13722272447721154,0.6888330079544266,0.8,0.18964095460607383,-0.03460473163741863,0.23337094730211566,True
1.1,0.4453538917286436,0.09615742004215412,0.4453538917286436,0.09615742004215412,-0.14580927277174335,0.6989199478401941,0.8,0.17855164033079354,-0.017273887934083774,0.23701692968805155,True
1.1500000000000001,0.4799737392131401,0.08994582709713102,0.4799737392131401,0.08994582709713102,-0.15324366714968443,0.7073892900731529,0.8,0.16947288250245662,-0.0007832739952010714,0.24118358746610577,True
1.2000000000000002,0.5149587255431958,0.08358452232049073,0.5149587255431958,0.08358452232049073,-0.1595395982579376,0.7145237888514169,0.8,0.16204887054734451,0.014816950932709957,0.24582040196987234,True
1.25,0.5502550192477818,0.07711400100506889,0.5502550192477818,0.07711400100506889,-0.16472611322074157,0.7205571590021851,0.8,0.15598543756620348,0.029495197051666172,0.2508753849912551,True
1.3,0.5858192574500268,0.0705723486029045,0.5858192574500268,0.0705723486029045,-0.16884370594390588,0.7256822934449793,0.8,0.15103978054294226,0.04323497366564968,0.25629652953687565,True
1.35,0.6216165173172972,0.06399505154355427,0.6216165173172972,0.06399505154355427,-0.17194117872636183,0.7300582007967794,0.8,0.14701176422651865,0.0560319980385993,0.2620328544177406,True
1.4000000000000001,0.6576186485921177,0.05741490923298916,0.6576186485921177,0.05741490923298916,-0.1740731442703252,0.7338158295579762,0.8,0.14373660907410385,0.06789180252476079,0.26803513167655374,True
1.4500000000000002,0.6938029099990738,0.05086201930966438,0.6938029099990738,0.05086201930966438,-0.1752980511200888,0.7370629355680434,0.8,0.14107877259296853,0.07882776302420705,0.27425637171014106,True
1.5,0.7301508596659352,0.04436381441866597,0.7301508596659352,0.04436381441866597,-0.1756766319229995,0.7398881351362072,0.8,0.1389268491434529,0.08885947917356911,0.2806521269407507,True
1.55,0.7666474566709413,0.03794513403369565,0.7666474566709413,0.03794513403369565,-0.1752706902570745,0.7423642701674709,0.8,0.13718933199465969,0.09801144539152214,0.2871806622186138,True
1.6,0.8032803372034643,0.03162831914903673,0.8032803372034643,0.03162831914903673,-0.174142156827053,0.7445511953929724,0.8,0.1357911008171683,0.10631196075512811,0.29380302928574337,True
1.6500000000000001,0.8400392345007083,0.025433321043927214,0.8400392345007083,0.025433321043927214,-0.17235235902786103,0.7464980824419908,0.8,0.1346705164752829,0.1137922340169656,0.3004830736798481,True
1.7000000000000002,0.8769155166794963,0.019377817910677997,0.8769155166794963,0.019377817910677997,-0.16996145906435114,0.7482453214641974,0.8,0.1337770222002677,0.12048564755488012,0.3071873952774372,True
1.75,0.9139018208499362,0.013477335072536983,0.9139018208499362,0.013477335072536983,-0.16702802508158443,0.7498260885346343,0.8,0.13306916564561705,0.12642715055510023,0.31388527804175703,True
1.8,0.9509917655341841,0.007745365929814065,0.9509917655341841,0.007745365929814065,-0.16360870729619054,0.751267636180897,0.8,0.13251296985542238,0.13165275726590486,0.3205486002022248,True
1.85,0.9881797264880468,0.0021934917801165613,0.9881797264880468,0.0021934917801165613,-0.15975799716443828,0.7525923549892909,0.8,0.13208059287399215,0.13619913078922505,0.32715173280497134,True
1.9000000000000001,1.0254606636077963,-0.0031685006410098653,1.0254606636077963,-0.0031685006410098653,-0.1555280524177062,0.7538186462472186,0.8,0.1317492257254768,0.14010323669890423,0.327334430840968,True
1.9500000000000002,1.0628299887683832,-0.008332504579557636,1.0628299887683832,-0.008332504579557636,-0.15096857456480553,0.7549616388123405,0.8,0.13150018696993598,0.14340205389453803,0.32342172045665096,True
2.0,1.1002834662454037,-0.013291982014530346,1.1002834662454037,-0.013291982014530346,-0.14612672840024898,0.756033777710215,0.8,0.13131817918160524,0.14613233262490663,0.3197948578023088,True
2.0500000000000003,1.1378171388776652,-0.018041855920911794,1.1378171388776652,-0.018041855920911794,-0.14104709533603255,0.7570453072026203,0.8,0.13119067867615913,0.14833039164305026,0.31644724988545897,True
2.1,1.1754272743785323,-0.022578406111126718,1.1754272743785323,-0.022578406111126718,-0.13577165413147135,0.7580046671021122,0.8,0.1311074348038071,0.15003194807321,0.31337154003212686,True
2.15,1.2131103272438446,-0.02689916866248554,1.2131103272438446,-0.02689916866248554,-0.13033978394515686,0.758918817812741,0.8,0.13106005927454467,0.15127197485361205,0.31055970530127186,True
2.2,1.2508629125670472,-0.031002838912166097,1.2508629125670472,-0.031002838912166097,-0.12478828566698053,0.7597935068455601,0.8,0.13104168942323102,0.15208458163241534,0.30800314960204944,True
2.25,1.288681788787584,-0.03488917799518583,1.288681788787584,-0.03488917799518583,-0.11915141827939517,0.7606334872985611,0.8,0.13104671217007288,0.15250291579060846,0.3056927925545368,True
2.3000000000000003,1.3265638469910073,-0.03855892290514146,1.3265638469910073,-0.03855892290514146,-0.11346094760311559,0.7614426969253905,0.8,0.13107053778475,0.1525590808894143,0.303619154040496,True
2.35,1.364506104869,-0.04201370006601528,1.364506104869,-0.04201370006601528,-0.1077462052480634,0.762224404879111,0.8,0.13110941450316788,0.15228407032696448,0.30177243433929524,True
2.4000000000000004,1.4025057038514825,-0.04525594241216363,1.4025057038514825,-0.04525594241216363,-0.10203415595013339,0.7629813319503836,0.8,0.1311602766448747,0.15170771436892758,0.3001425897249422,True
2.45,1.4405599082552296,-0.048288809980460666,1.4405599082552296,-0.048288809980460666,-0.09634947175478069,0.7637157490769135,0.8,0.13122062019542546,0.15085863901390176,0.29871940340465575,True
2.5,1.4786661055656671,-0.05111611402235935,1.4786661055656671,-0.05111611402235935,-0.0907146117296122,0.7644295580437488,0.8,0.13128840090054364,0.1497642353855225,0.29749255170038336,True
2.5500000000000003,1.516821807190511,-0.0537422446440047,1.516821807190511,-0.0537422446440047,-0.08514990606524007,0.7651243575895634,0.8,0.13136195080871627,0.14845063852423074,0.2964516654063781,True
2.6,1.5550246492038315,-0.056172101979630976,1.5550246492038315,-0.056172101979630976,-0.07967364356790688,0.7658014975554812,0.8,0.13143990992976692,0.14694271459416466,0.29558638629377165,True
2.6500000000000004,1.5932723927438448,-0.058411030897717944,1.5932723927438448,-0.058411030897717944,-0.07430216166716752,0.7664621232380127,0.8,0.13152117027708254,0.14526405563385417,0.29488641877343663,True
2.7,1.6315629238430267,-0.060464759231338344,1.6315629238430267,-0.060464759231338344,-0.06904993816332035,0.7671072117178996,0.8,0.13160483005370377,0.14343698107033712,0.2943415767686271,True
2.75,1.6698942525599028,-0.06233933951441302,1.6698942525599028,-0.06233933951441302,-0.06392968402676034,0.767737601616896,0.8,0.131690156146602,0.14148254529046939,0.2939418258869528,True
2.8000000000000003,1.7082645113522283,-0.06404109419479977,1.7082645113522283,-0.06404109419479977,-0.058952436638174066,0.7683540174722694,0.8,0.13177655342491115,0.13942055062469963,0.2936773210158452,True
2.85,1.746671952684732,-0.06557656428381999,1.746671952684732,-0.06557656428381999,-0.05412765292679425,0.7689570897037847,0.8,0.13186353960967612,0.13726956515058977,0.29353843949595737,True
2.9000000000000004,1.7851149459041498,-0.06695246139044264,1.7851149459041498,-0.06695246139044264,-0.0494633019254063,0.769547370971664,0.8,0.13195072470549518,0.13504694476826068,0.2935158100524685,True
2.95,1.8235919734424306,-0.06817562307728223,1.8235919734424306,-0.06817562307728223,-0.04496595631660347,0.7701253495795469,0.8,0.13203779416707273,0.1327688590394773,0.29360033768489435,True
3.0,1.862101626427923,-0.06925297146512742,1.862101626427923,-0.06925297146512742,-0.04064088259574643,0.7706914604580916,0.8,0.1321244951233675,0.13045032031757778,0.2937832247318333,True
3.0500000000000003,1.9006425997958387,-0.07019147500312248,1.9006425997958387,-0.07019147500312248,-0.03649212952279235,0.7712460941678515,0.8,0.13221062510466802,0.1281052157278419,0.2940559883383627,True
3.1,1.9392136869949077,-0.07099811331312557,1.9392136869949077,-0.07099811331312557,-0.0325226145780597,0.7717896042806024,0.8,0.1322960228183987,0.12574634158787362,0.2944104745609147,True
3.1500000000000004,1.9778137743881599,-0.07167984500925877,1.9778137743881599,-0.07167984500925877,-0.028734208176427387,0.7723223134331935,0.8,0.13238056060177542,0.1233854398856355,0.2948388693478421,True
3.2,2.016441835443281,-0.07224357838728399,2.016441835443281,-0.07224357838728399,-0.025127815430702114,0.7728445182946878,0.8,0.1324641382468427,0.1210279170135809,0.2953337066340087,True
3.25,2.0550969241460324,-0.07269617502918367,2.0550969241460324,-0.07269617502918367,-0.021703663473653052,0.7733564936438897,0.8,0.13254667794864336,0.11864002450290739,0.29588778237730246,True
3.3000000000000003,2.0937781647239935,-0.07304468346988552,2.0937781647239935,-0.07304468346988552,-0.018463081571145453,0.773858495718603,0.8,0.13262812017248668,0.11622358420657203,0.2964933975721096,True
3.35,2.132484748231757,-0.07329642133359827,2.132484748231757,-0.07329642133359827,-0.015408644076131276,0.7743507649686869,0.8,0.13270842027330854,0.1137790983838474,0.2971422313162278,True
3.4000000000000004,2.171215933223663,-0.07345881073561625,2.171215933223663,-0.07345881073561625,-0.012542830983671255,0.7748335283210067,0.8,0.13278754573043064,0.11129691347742249,0.29782589867253456,True
3.45,2.2099710410245668,-0.07353943978907339,2.2099710410245668,-0.07353943978907339,-0.009868477991869982,0.7753070010447488,0.8,0.13286547388584927,0.10879009316403888,0.29853575644880326,True
3.5,2.248749452656246,-0.07354600958776276,2.248749452656246,-0.07354600958776276,-0.0073882843945723975,0.7757713882895102,0.8,0.132942190094498,0.10626164457415399,0.299263101566588,True
3.5500000000000003,2.2875506049638394,-0.07348624478272658,2.2875506049638394,-0.07348624478272658,-0.00510431598033652,0.7762268863554167,0.8,0.13301768621156643,0.10372063328694496,0.29999940832808014,True
3.6,2.326373985254377,-0.0733678961078628,2.326373985254377,-0.0733678961078628,-0.003018160853286414,0.7766736837437639,0.8,0.13309195935556745,0.1011805581955383,0.30073628081013104,True
3.6500000000000004,2.365219126190627,-0.07319865830985153,2.365219126190627,-0.07319865830985153,-0.0011305162787376402,0.7771119620278648,0.8,0.13316501089699023,0.09865478638807665,0.3014656583060673,True
3.7,2.4040855999783703,-0.07298610795478828,2.4040855999783703,-0.07298610795478828,0.0005589820781662887,0.7775418965765767,0.8,0.1332368456314963,0.09593315762917098,0.30184789390545175,True
3.75,2.4429730149291595,-0.07273893697007063,2.4429730149291595,-0.07273893697007063,0.0020429623630216836,0.7779636571570807,0.8,0.13330747110407823,0.09344530726700817,0.30165456448604394,True
3.8000000000000003,2.4818810110649028,-0.07246499392173414,2.4818810110649028,-0.07246499392173414,0.0033226883504174306,0.7783774084386594,0.8,0.13337689705670824,0.09102890171759569,0.3015488594694984,True
3.85,2.520809244710004,-0.07217034629959782,2.520809244710004,-0.07217034629959782,0.004409955837125202,0.7787833104152654,0.8,0.13344513497700194,0.08868517736622021,0.30152111654200275,True
3.9000000000000004,2.5597573882730673,-0.0718616151381301,2.5597573882730673,-0.0718616151381301,0.005310236880848638,0.7791815187614417,0.8,0.13351219772951184,0.08644285127159161,0.3015630143297849,True
3.95,2.5987251248869057,-0.07154504683328122,2.5987251248869057,-0.07154504683328122,0.006030197494271856,0.7795721851335109,0.8,0.13357809925460964,0.08430715620457672,0.3016662680633768,True
4.0,2.637712143842404,-0.07122642853213762,2.637712143842404,-0.07122642853213762,0.006577857053617763,0.779955457425783,0.8,0.13364285432265524,0.08229862917847029,0.30182266626416715,True
4.05,2.6767181372165445,-0.07091109286898223,2.6767181372165445,-0.07091109286898223,0.006962267882553469,0.7803314799897638,0.8,0.13370647833338917,0.08043877611440259,0.30202415983641995,True
4.1000000000000005,2.7157427963067122,-0.07060377543587415,2.7157427963067122,-0.07060377543587415,0.007194159122690356,0.7807003938228969,0.8,0.13376898715231594,0.07872668625337244,0.30226281246687836,True
4.15,2.7547858101670464,-0.07030867018577679,2.7547858101670464,-0.07030867018577679,0.007285092296608533,0.7810623367321846,0.8,0.1338303969773476,0.07719570032816354,0.3025309935616292,True
4.2,2.7938468639752205,-0.07002933931607731,2.7938468639752205,-0.07002933931607731,0.007247930099877005,0.7814174434770682,0.8,0.13389072423019854,0.07584596151077033,0.3028213275577224,True
4.25,2.8329256382303574,-0.06976863737378695,2.8329256382303574,-0.06976863737378695,0.007096879646199216,0.7817658458951511,0.8,0.133949985468028,0.07468729446460953,0.303126754907576,True
4.3,2.872021809916696,-0.06952880914944602,2.872021809916696,-0.06952880914944602,0.006846564374799383,0.7821076730137002,0.8,0.1340081973116482,0.07374546257861415,0.30344070682130997,True
4.3500000000000005,2.911135052338228,-0.06931132016790292,2.911135052338228,-0.06931132016790292,0.006513037716394399,0.7824430511493337,0.8,0.1340653763872814,0.07300764965061707,0.3037569725255973,True
4.4,2.9502650371158676,-0.06911692102554486,2.9502650371158676,-0.06911692102554486,0.006112888495428394,0.7827721039978633,0.8,0.1341215392794039,0.07250355744402032,0.304069897853807,True
4.45,2.989411435851216,-0.06894562242141149,2.989411435851216,-0.06894562242141149,0.00566339717525155,0.7830949527159099,0.8,0.13417670249266145,0.07223089980702393,0.3043743622329742,True
4.5,3.028573921531496,-0.06879658437801509,3.028573921531496,-0.06879658437801509,0.005182953048484048,0.783411715995616,0.8,0.13423088242120446,0.07218663897577327,0.30466576439233056,True
4.55,3.067752171496131,-0.06866827616017326,3.067752171496131,-0.06866827616017326,0.004689757747290293,0.7837225101335453,0.8,0.13428409532409702,0.07239786160329759,0.30494024550630283,True
4.6000000000000005,3.106945868398006,-0.06855831407932421,3.106945868398006,-0.06855831407932421,0.004202988557680037,0.784027449094661,0.8,0.13433635730569518,0.07284377535995398,0.3051945060621575,True
4.65,3.1461547020391203,-0.06846350858430034,3.1461547020391203,-0.06846350858430034,0.0037420946361792174,0.784326644572118,0.8,0.13438768430009193,0.07354561758663493,0.3054259671061257,True
4.7,3.185378370524607,-0.06837991097256106,3.185378370524607,-0.06837991097256106,0.0033265646330245756,0.7846202060434729,0.8,0.1344380920588908,0.07450152911843834,0.30563279277999555,True
4.75,3.224616580060408,-0.06830268009942715,3.224616580060408,-0.06830268009942715,0.002976677130509416,0.7849082408238113,0.8,0.1344875961417028,0.07569747910845187,0.30581380188589397,True
4.800000000000001,3.2638690449779406,-0.06822626540181738,3.2638690449779406,-0.06822626540181738,0.0027121006783171367,0.7851908541161994,0.8,0.13453621190887347,0.07715859445982773,0.3059687014020379,True
4.8500000000000005,3.3031354856207122,-0.06814428088034653,3.3031354856207122,-0.06814428088034653,0.002552964092762152,0.785468149059803,0.8,0.1345839545160343,0.07886055572220252,0.30609789695912887,True
4.9,3.342415625555073,-0.06804952506713736,3.342415625555073,-0.06804952506713736,0.002519447432893659,0.7857402267759513,0.8,0.13463083891014807,0.0808137045439822,0.30620259656267146,True
4.95,3.381709187586434,-0.06793408910683428,3.381709187586434,-0.06793408910683428,0.0026311940485690606,0.7860071864123807,0.8,0.13467687982677562,0.08301774704211104,0.306284879861077,True
5.0,3.4210158876662375,-0.06778922055057535,3.4210158876662375,-0.06778922055057535,0.002908264539434656,0.7862691251858497,0.8,0.1347220917883435,0.08545063186204808,0.3063475547236103,True
5.050000000000001,3.4603354280130216,-0.0676054985965266,3.4603354280130216,-0.0676054985965266,0.0033698486586197607,0.78652613842329,0.8,0.13476648910322836,0.08813170810751304,0.3063943679879355,True
5.1000000000000005,3.4996674879588845,-0.06737276572503892,3.4996674879588845,-0.06737276572503892,0.0040350456613641285,0.7867783196016244,0.8,0.13481008586551152,0.09103632276206723,0.30642984656374583,True
5.15,3.5390117131392045,-0.06708012412454553,3.5390117131392045,-0.06708012412454553,0.004922760483642607,0.7870257603863683,0.8,0.13485289595527897,0.09416287165305616,0.3064593365120757,True
5.2,3.578367703635239,-0.06671608681737634,3.578367703635239,-0.06671608681737634,0.00605086961687714,0.7872685506691098,0.8,0.1348949330393675,0.09751108201454446,0.3064891041796154,True
5.25,3.6177349992638925,-0.06626846499640063,3.6177349992638925,-0.06626846499640063,0.007437191015438685,0.787506778603948,0.8,0.1349362105724756,0.1010538993974661,0.3065261666067036,True
5.300000000000001,3.6571130644479743,-0.065724516524895,3.6571130644479743,-0.065724516524895,0.009098470509490005,0.7877405306429602,0.8,0.1349767417985697,0.10480094827765382,0.30657844886624996,True
5.3500000000000005,3.6965012708824903,-0.06507094502250269,3.6965012708824903,-0.06507094502250269,0.011050775576981992,0.7879698915707568,0.8,0.1350165397525318,0.10872832151041736,0.3066546738316853,True
5.4,3.7358988782899667,-0.06429388950786477,3.7358988782899667,-0.06429388950786477,0.013309620486855389,0.7881949445381748,0.8,0.13505561726200133,0.11282341583330338,0.3067643413763362,True
5.45,3.7753050159770547,-0.06337909292707063,3.7753050159770547,-0.06337909292707063,0.015889079919839417,0.7884157710951541,0.8,0.13509398694937566,0.11708244389442529,0.3069178274954882,True
5.5,3.814718660835358,-0.06231183754007888,3.814718660835358,-0.06231183754007888,0.018802590576024826,0.7886324512228359,0.8,0.13513166123393616,0.12147614546207879,0.3071262175375745,True
5.550000000000001,3.854138616760644,-0.06107706324735213,3.854138616760644,-0.06107706324735213,0.022062286183162527,0.7888450633649168,0.8,0.1351686523340754,0.12600219854838338,0.3074013896042931,True
5.6000000000000005,3.8935634932400336,-0.05965942569326206,3.8935634932400336,-0.05965942569326206,0.025679055076376498,0.7890536844582894,0.8,0.1352049722696051,0.13063724932267734,0.3077559442132888,True
5.65,3.9329916823407163,-0.05804329940596617,3.9329916823407163,-0.05804329940596617,0.029662774962073087,0.7892583899629966,0.8,0.1352406328641251,0.13536113270527986,0.3082031367895991,True
5.7,3.972421339880465,-0.05621293504722226,3.972421339880465,-0.05621293504722226,0.034021598927455335,0.7894592538915234,0.8,0.13527564574744189,0.14016346855398878,0.3087569340637556,True
5.75,4.011850363425043,-0.05415245412363545,4.011640320156511,-0.05417544423085337,0.03488236541618374,0.7896563488374495,0.8,0.13531002235802184,0.14501597164064117,0.3105426351005306,True
5.800000000000001,4.051276373929525,-0.05184594277617136,4.050400659815159,-0.05227667896649534,0.027090585539231788,0.789849746003482,0.8,0.13534377394547184,0.14990646815482103,0.3147242671740186,True
5.8500000000000005,4.090696699298592,-0.04927753697103699,4.089204835881576,-0.05062606504629028,0.0196754538786394,0.7900395152288879,0.8,0.1353769115730369,0.15481395553951252,0.3185548966148533,True
5.9,4.130108356868673,-0.046431440690638516,4.128047657707478,-0.049208537859538604,0.0126411852275329,0.7902257250163437,0.8,0.13540944612010855,0.15971536108896608,0.32204711745960013,True
5.95,4.1695080432101985,-0.04329205199520387,4.166924376747483,-0.04800910275053631,0.005990081700733042,0.790408442558217,0.8,0.13544138828473948,0.16459441144202486,0.3252140961841096,True
6.0,4.2088921236126176,-0.0398440126991192,4.205830670379619,-0.047012888198878576,-0.00027726386661297564,0.7905877337622977,0.8,0.13547274858615746,0.1694280075677508,0.32790476923849565,True
6.050000000000001,4.248256625305019,-0.03607227413711818,4.244762623553886,-0.04620521399855264,-0.006161976359617709,0.7907636632769921,0.8,0.13550353736727558,0.17419709983413728,0.3269670637186636,True
6.1000000000000005,4.287597236093943,-0.031962186654432324,4.283716707893142,-0.04557168221521262,-0.011667008083644806,0.7909362945159919,0.8,0.13553376479719612,0.17888331059414786,0.3259718023403274,True
6.15,4.326909303823908,-0.027499544621755894,4.322689758942231,-0.0450982226541679,-0.016796916171966464,0.7911056896824344,0.8,0.13556344087370353,0.18346779466277072,0.3249309609309764,True
6.2,4.366187841103138,-0.02267065230418033,4.361678952264601,-0.04477115844077122,-0.021557910570029024,0.7912719097925641,0.8,0.13559257542574504,0.18793341741912853,0.32385568338825266,True
6.25,4.405427533838896,-0.017462384121138076,4.400681778658248,-0.04457726536554,-0.025957748550919365,0.7914350146989074,0.8,0.13562117811589722,0.19226574356596174,0.3227562594928718,True
6.300000000000001,4.444622751667012,-0.011862223392398851,4.439696019488924,-0.04450380916137941,-0.030005538905202214,0.7915950631129735,0.8,0.13564925844281558,0.196450196325333,0.3216421495150623,True
6.3500000000000005,4.483767562258078,-0.005858304202679622,4.478719722206776,-0.04453858560494047,-0.03371173193676252,0.7917521126274908,0.8,0.13567682574366657,0.2004743948221978,0.3205219497102474,True
6.4,4.522855749402814,0.0005605466712421386,4.51775117623061,-0.044669960581720326,-0.03708789837085344,0.7919062197381911,0.8,0.13570388919654044,0.20433001176106083,0.31940341832284014,True
6.45,4.561880830716121,0.007404797102569975,4.556788890518191,-0.04488688071181866,-0.0401465696740278,0.7920574398651499,0.8,0.13573045782284365,0.20800714580692567,0.31829351145153245,True
6.5,4.60083607923803,0.014684186477134962,4.595831571876959,-0.04517889467660219,-0.042901095499782105,0.7922058273736944,0.8,0.1357565404896705,0.21150138934130283,0.3171984019601422,True
6.550000000000001,4.639714546246405,0.022407712537867074,4.634878104714149,-0.04553616478826608,-0.0453654871575761,0.7923514355948881,0.8,0.1357821459121527,0.21485324805312,0.31612351119533033,True
6.6000000000000005,4.678509036463023,0.030583897375085642,4.673927545288409,-0.04594919575000714,-0.047552382084072704,0.7924943168456017,0.8,0.13580728265578562,0.21796966446276744,0.31507436893333174,True
6.65,4.717212200987154,0.03922034978649023,4.712979086215022,-0.04640927624035288,-0.0494766097403051,0.7926345224481789,0.8,0.13583195913873217,0.22089874703808932,0.3140551298754464,True
6.7,4.755816594675728,0.048323653925413754,4.7520320327361425,-0.04690859343752456,-0.0511548874650912,0.7927721027497064,0.8,0.13585618363410237,0.22364530771849087,0.31306854609450474,True
6.75,4.794314598105112,0.057899934507030085,4.7910858149437985,-0.047439659146120375,-0.052601833925697394,0.7929071071408968,0.8,0.13587996427220891,0.2262128408611943,0.31211769443461107,True
6.800000000000001,4.832698474348621,0.06795465666101397,4.830139965762658,-0.047995512558762575,-0.0538318147945403,0.7930395840745917,0.8,0.13590330904279832,0.22860539350852818,0.31120523197890404,True
6.8500000000000005,4.870960391907623,0.07849263195150764,4.869194109346406,-0.048569714773390386,-0.05485897229930062,0.7931695810838951,0.8,0.13592622579725672,0.23082728139048786,0.3103333886072427,True
6.9,4.9090924458449985,0.08951803406876255,4.908247950947538,-0.04915633398869913,-0.05569704153348124,0.7932971447999431,0.8,0.13594872225079133,0.2328832077230645,0.3095040309272543,True
6.95,4.94708667854374,0.1010344154275233,4.947301267756015,-0.049749930274719203,-0.056359590608653254,0.7934223209693189,0.8,0.13597080598458564,0.23477874153385866,0.30871860410847135,True
7.0,4.984935098765439,0.11304472892856016,4.98635390087396,-0.0503455355004049,-0.056859729891290296,0.7935451544711203,0.8,0.13599248444793002,0.2365190636647349,0.3079782326650137,True
7.050000000000001,5.022629700460329,0.12555134810178004,5.025405747981022,-0.050938635348648946,-0.057210120860215596,0.7936656893336869,0.8,0.13601376496032622,0.23811029736105743,0.30728373262748476,True
7.1000000000000005,5.060162480586046,0.13855608835767108,5.064456756763294,-0.051525150595569114,-0.05742310105871418,0.793783968750994,0.8,0.1360346547135664,0.23955811486286804,0.30663559121349837,True
7.15,5.09752545558699,0.15206022994366053,5.1035069190760725,-0.052101416979780706,-0.05751051359254822,0.7939000350987214,0.8,0.1360551607737864,0.2408687934507372,0.3060340337324107,True
7.2,5.134710677355786,0.16606453950341585,5.14255626559618,-0.05266416684921502,-0.05748372916942379,0.7940139299500028,0.8,0.13607529008349248,0.2420484299984647,0.3054790332936629,True
7.25,5.171710247330362,0.18056929434671737,5.181604861145926,-0.05321050824857924,-0.05735362740535793,0.794125694090862,0.8,0.13609504946356368,0.24320887035863842,0.30497033516822947,True
7.300000000000001,5.208516116632507,0.19557489057590832,5.220652835521378,-0.053737283809601265,-0.05712636326106579,0.794235367535345,0.8,0.13611444561522715,0.24444696961931164,0.3045093213261929,True
7.3500000000000005,5.24511979034229,0.21108256663501027,5.259700423625171,-0.05424028891460845,-0.056799640467612766,0.794342989540351,0.8,0.1361334851220082,0.2457676325171881,0.30410087037050315,True
7.4,5.281512375589189,0.22709409544536877,5.298747947119973,-0.054714573295218,-0.05636702129986198,0.7944485986201714,0.8,0.13615217445165453,0.2472476282924143,0.30375181000182006,True
7.45,5.317684540598034,0.24361175974045504,5.337795814213443,-0.05515444447120612,-0.05581879764333003,0.7945522325607411,0.8,0.1361705199580346,0.2488807484476807,0.30347066324652894,True
7.5,5.353626432621392,0.2606384261356576,5.376844526022251,-0.05555336256067425,-0.055142379180018575,0.7946539284336094,0.8,0.1361885278830108,0.250658909243215,0.3032676437216374,True
7.550000000000001,5.38932780676719,0.2781771230396437,5.415894654013726,-0.05590437157337784,-0.054325833113823434,0.7947537226096341,0.8,0.1362062043582872,0.2525759079963727,0.3031532018841136,True
7.6000000000000005,5.424778016678075,0.29623100119274254,5.454946839597989,-0.05620012363724394,-0.053357705139474076,0.7948516507724079,0.8,0.13622355540723155,0.2545916573147326,0.3031380545792759,True
7.65,5.459966087478982,0.31480312453381926,5.49400178321018,-0.05643309048341937,-0.05222853264308435,0.7949477479314202,0.8,0.1362405869466718,0.2566583574625263,0.30323253660027627,True
7.7,5.494880861083849,0.3338961522712806,5.533060226855269,-0.0565959032408375,-0.050932394275036263,0.7950420484349594,0.8,0.13625730478866813,0.25873180108288035,0.3034458117109582,True
7.75,5.5295110895621296,0.3535121822673691,5.572122945589973,-0.05668152454598331,-0.049467173311667605,0.795134585982763,0.8,0.1362737146422602,0.2607564809255901,0.3037856224292141,True
7.800000000000001,5.563845550951691,0.3736525814375023,5.611190738040097,-0.05668344292000447,-0.04783472981014242,0.7952253936384193,0.8,0.13628982211518884,0.2626628680416208,0.3042580424777289,True
7.8500000000000005,5.597873239317764,0.39431771460096937,5.650264411823997,-0.05659599250050679,-0.046042060893279335,0.7953145038415264,0.8,0.13630563271559312,0.26442054520491554,0.30486681481970396,True
7.9,5.631583450971779,0.41550691000784407,5.689344782039483,-0.056414417205589554,-0.044100433477578305,0.7954019484196129,0.8,0.1363211518536836,0.2659545092767464,0.3056135325025759,True
7.95,5.6649659309874885,0.4372183331082086,5.72843266510756,-0.05613504667344542,-0.04202513757984272,0.7954877585998256,0.8,0.13633638484339108,0.2672315230146379,0.306497526852916,True
8.0,5.6980110515237214,0.4594488373228505,5.767528872259758,-0.055755510716933895,-0.03983614325054119,0.7955719650203886,0.8,0.13635133690399115,0.2682309217147868,0.30751545299508987,True
8.05,5.730709800189988,0.48219414955947904,5.806634218770293,-0.05527457243799638,-0.03755552529751549,0.7956545977418398,0.8,0.13636601316170435,0.2694875947505801,0.30866219905991826,True
8.1,5.763052041154166,0.5054516654262119,5.84574963972479,-0.05468883740107508,-0.035184405294965915,0.7957356862580465,0.8,0.1363804186512736,0.2698935884186871,0.30994091354510195,True
8.15,5.795029360872605,0.5292159515845648,5.8848759914988396,-0.053998071430117915,-0.03274741242191803,0.7958152595070076,0.8,0.1363945583175178,0.26989794411882756,0.31134470390740476,True
8.200000000000001,5.826636602125084,0.5534769589112163,5.924014005333461,-0.053207537459807094,-0.03029591216019911,0.7958933458814453,0.8,0.1364084370168616,0.26951877869644836,0.31285331376129366,True
8.25,5.857868399480622,0.5782254909915664,5.963164502787761,-0.05232153651474332,-0.02786247435343603,0.7959699732391903,0.8,0.13642205951884295,0.2687847183734683,0.3144528959554536,True
8.3,5.888720276567826,0.6034515806946039,6.002328314651269,-0.05134537691059069,-0.025477523490187722,0.7960451689133652,0.8,0.1364354305075971,0.26764868217425886,0.3161291840141386,True
8.35,5.919188874167887,0.6291442918626159,6.04150626597948,-0.05028567900408612,-0.023172357594327116,0.7961189597223706,0.8,0.13644855458331848,0.2661560603090602,0.3178663050650097,True
8.4,5.949271989050145,0.6552918001470909,6.080699170065394,-0.04915034554758843,-0.020978277337482032,0.7961913719796764,0.8,0.13646143626370005,0.2642989553905873,0.3196470675702905,True
8.450000000000001,5.97896844692255,0.6818816676132006,6.119907824370678,-0.04794827988645582,-0.01892515599936917,0.7962624315034241,0.8,0.13647407998535047,0.26207116403186936,0.32145366872721726,True
8.5,6.008278311017523,0.7089006785199318,6.159132991983036,-0.04668965852937228,-0.017043246893812425,0.7963321636258422,0.8,0.13648649010518984,0.25952502055781296,0.32326689627093563,True
8.55,6.037202704613371,0.7363351502017201,6.198375392486165,-0.04538559330280881,-0.015360953957557877,0.79640059320248,0.8,0.13649867090182255,0.2566195549325859,0.3250671299267731,True
8.6,6.065743898947487,0.764170900391435,6.237635681374747,-0.04404822870716209,-0.01390624994931855,0.7964677446212619,0.8,0.13651062657689006,0.2533996305976169,0.32683383446609793,True
8.65,6.093905388935135,0.7923932362542576,6.27691442804558,-0.042690815897590814,-0.012706680779524082,0.796533641811367,0.8,0.13652236125640194,0.24987386664915448,0.3285454925628789,True
8.700000000000001,6.121691678271249,0.8209872533432603,6.316212096015351,-0.04132736280361943,-0.011787814173277789,0.7965983082519371,0.8,0.13653387899204564,0.24602155694625708,0.33018042189935526,True
8.75,6.1491085084484185,0.8499376348729015,6.35552901159077,-0.03997295300818761,-0.011175380329374929,0.7966617669806164,0.8,0.13654518376247612,0.2418973790433127,0.3317158336089973,True
8.8,6.176162707638258,0.8792288618537738,6.394865336439146,-0.038643505005072715,-0.010893807711920054,0.796724040601926,0.8,0.13655627947458487,0.237459548460171,0.33312851521590386,True
8.85,6.202862214513882,0.9088452219463903,6.434221033698836,-0.03735579771442735,-0.01096678497188286,0.7967851512954776,0.8,0.13656716996474844,0.23273893101697227,0.33439464926095763,True
8.9,6.22921620551525,0.938770718800534,6.473595829378393,-0.03612763905042003,-0.011418410615667396,0.7968451208240278,0.8,0.13657785900005723,0.2277499091077656,0.33548931535633186,True
8.950000000000001,6.255234841245,0.9689893447116686,6.512989175619618,-0.03497750750480749,-0.012270725151447559,0.7969039705413785,0.8,0.13658835027952487,0.22245820966672628,0.33638758913170297,True
9.0,6.280929494490348,0.9994848792297302,6.552400203573197,-0.033924868428102634,-0.013546604398042783,0.7969617214001239,0.8,0.13659864743527764,0.21691284705171748,0.3370633823490532,True
9.05,6.30631264059175,1.0302410099649923,6.591827677170564,-0.032990022234992894,-0.015267932750180901,0.7970183939592492,0.8,0.1366087540337247,0.21107490356605516,0.33749014698944724,True
9.1,6.331397817904507,1.0612413734958566,6.63126994242246,-0.03219405664844087,-0.017456210767125002,0.7970740083915832,0.8,0.1366186735767097,0.20496197631503746,0.33764075652458836,True
9.15,6.356199781764943,1.0924694238603023,6.6707248685234415,-0.03155905607939802,-0.020133536155283013,0.7971285844911067,0.8,0.13662840950264357,0.19859231125209828,0.33748702175850187,True
9.200000000000001,6.380734240581398,1.123908657233207,6.710189793777742,-0.03110775966167029,-0.023320342375733993,0.797182141680122,0.8,0.13663796518761842,0.19192877052885787,0.3370007147769083,True
9.25,6.40501804172464,1.155542440192266,6.74966145818884,-0.03086381596945447,-0.027037565076854397,0.7972346990162834,0.8,0.13664734394650396,0.18501364814032448,0.33615269213482346,True
9.3,6.429069094267486,1.1873540604860156,6.789135937401653,-0.030851689997714926,-0.03130584740063491,0.7972862751994934,0.8,0.13665654903402524,0.17781934478030526,0.3349132404860391,True
9.35,6.452906266172757,1.2193267850718206,6.828608575540938,-0.03109654234111086,-0.036144739457882435,0.7973368885786662,0.8,0.1366655836458232,0.17035653289137173,0.33325245107509405,True
9.4,6.4765495200155865,1.2514437213782441,6.868073905434384,-0.031624413511177896,-0.04157434202686916,0.797386557158363,0.8,0.13667445091949681,0.16264932779238706,0.33113957463979304,True
9.450000000000001,6.500019655819171,1.2836879814055713,6.9075255825963096,-0.03246190819503786,-0.04761303754425062,0.7974352986052976,0.8,0.13668315393562946,0.15466998355963535,0.32854402283919437,True
9.5,6.523338412877152,1.3160425545838985,6.946956302716059,-0.0336363367868777,-0.054278932520482326,0.7974831302547198,0.8,0.13669169571879677,0.14738317090562766,0.32543482741930463,True
9.55,6.546524029476134,1.3484935435750198,6.986358055890738,-0.03517021076458975,-0.06155219838368364,0.7975300691166755,0.8,0.13670007923855865,0.13894154394136998,0.3217970449055081,True
9.600000000000001,6.569598112266856,1.3810249117544613,7.025721670755553,-0.03708985624808958,-0.06944812653865795,0.7975761318821469,0.8,0.13670830741043416,0.130206615383921,0.31760194526604696,True
9.65,6.592588529192664,1.4136164528513633,7.065036357940301,-0.03942890036356502,-0.07802149172815176,0.7976213349290762,0.8,0.13671638309686096,0.12125766053930034,0.31280248579823233,True
9.700000000000001,6.615520377803388,1.4462503809048064,7.104290291673347,-0.04221707403387566,-0.08728857255379062,0.7976656943282728,0.8,0.13672430910813743,0.11209223221678676,0.3073670323532997,True
9.75,6.638419128114969,1.478908882525558,7.143527586044858,-0.04548270584992978,-0.09599126442281958,0.7977092258492093,0.8,0.13673208820335006,0.1027526850076825,0.30162710403404425,True
9.8,6.661310692918866,1.5115739744061323,7.1839210874677795,-0.04868168178557611,-0.08018722149104196,0.7977519449657052,0.8,0.13673972309128463,0.09326581206874586,0.3029298866938809,True
9.850000000000001,6.684221175138763,1.5442275897381397,7.224395026894477,-0.05136662679887382,-0.06511591241675552,0.7977938668615033,0.8,0.13674721643132218,0.08366024596409154,0.3045725226127832,True
9.9,6.70717680684325,1.5768515238469591,7.2649344213752425,-0.053567977939637086,-0.05079327339438367,0.797835006435739,0.8,0.13675457083432008,0.07398238648313968,0.306514118349673,True
9.950000000000001,6.730203738769048,1.6094274848726424,7.305525785079947,-0.05531647800588962,-0.037231376764468305,0.7978753783083059,0.8,0.13676178886347723,0.0642625233547952,0.3087149835305861,True
10.0,6.753327882723635,1.6419371072527982,7.346157089543826,-0.056642989897929305,-0.024438904738484202,0.7979149968251185,0.8,0.13676887303518612,0.054549489017922566,0.3111367047902386,True
10.05,6.776574763522732,1.6743619614132543,7.386817707433721,-0.05757832628321596,-0.012420993342248776,0.797953876063275,0.8,0.1367758258198688,0.04432417842275938,0.313742375994707,True
10.100000000000001,6.799971988394021,1.7066816995904557,7.427498339533221,-0.058156298435032304,-0.0012014131559456853,0.7979920298361217,0.8,0.13678264964279965,0.03490875325937352,0.31648697215557775,True
10.15,6.823543977507846,1.7388776998097464,7.468191049406341,-0.05840727774919613,0.009229072427312968,0.7980294716982212,0.8,0.13678934688491368,0.025669310573277888,0.31385705009968157,True
10.200000000000001,6.847310640679098,1.7709339920107048,7.508888971278671,-0.05835655407292521,0.018907509734160662,0.7980662149502256,0.8,0.1367959198836009,0.0166168054742182,0.311050592821026,True
10.25,6.8712935616692326,1.8028327901987558,7.54958622481214,-0.058031947422293714,0.027846293907019426,0.7981022726436567,0.8,0.13680237093348752,0.007787275514143389,0.3087472324465982,True
10.3,6.895513302237957,1.8345563606020823,7.590277865989782,-0.05746051525581092,0.0360599861434886,0.798137657585597,0.8,0.1368087022872033,-0.0007733760704449796,0.3069132511010846,True
10.350000000000001,6.919989140405948,1.8660871778163926,7.630959787719047,-0.05666824051627447,0.04356667869332187,0.798172382343289,0.8,0.13681491615613575,-0.009031134309745684,0.3055151584819096,True
10.4,6.944738951800681,1.897407994335045,7.671628620468786,-0.05567989098700528,0.050387927504205066,0.7982064592486495,0.8,0.13682101471117156,-0.016956713723603672,0.30451987675982906,True
10.450000000000001,6.969779177431055,1.9285018605121347,7.712281640378171,-0.05451898148484628,0.056548034690582005,0.7982399004026967,0.8,0.1368270000834247,-0.024517264172342974,0.3038950032602897,True
10.5,6.995124742745096,1.9593521951153419,7.752916679528818,-0.053207669988508996,0.06207407497814943,0.7982727176798932,0.8,0.13683287436495278,-0.03170151349442826,0.3036089141386578,True
10.55,7.020789059162085,1.9899428063710531,7.7935320470357805,-0.051766751719841124,0.06699517840889091,0.7983049227324076,0.8,0.13683863960946033,-0.03849210285368669,0.30363097872007394,True
10.600000000000001,7.046784051795532,2.020257902044891,7.834126459753845,-0.05021568227636407,0.07134161451766698,0.7983365269942944,0.8,0.13684429783299004,-0.044886702554417984,0.3039317939214354,True
10.65,7.073120168890003,2.050282122267195,7.874698978627443,-0.04857257345706133,0.07514479487452674,0.7983675416855944,0.8,0.13684985101460212,-0.0508896074685557,0.30448317575324735,True
10.700000000000001,7.099806472772313,2.0800005121041134,7.915248959609826,-0.046854290664754245,0.07843610080662457,0.7983979778163586,0.8,0.13685530109704155,-0.05650770849485344,0.30525838336096434,True
10.75,7.126850699014134,2.1093985216426683,7.955776009124449,-0.0450765084537907,0.08124663004376342,0.7984278461905941,0.8,0.13686064998739392,-0.06174860856414594,0.30623211755424684,True
10.8,7.154259300669311,2.138462021385324,7.996279943873448,-0.043253744680559966,0.08360694339535535,0.7984571574101368,0.8,0.13686589955773013,-0.0666211672705398,0.30738054007530324,True
10.850000000000001,7.182037492117291,2.1671773210965775,8.03676075553744,-0.041399391667434594,0.08554722230550715,0.7984859218784492,0.8,0.1368710516457392,-0.07113564745554353,0.30868117864045475,True
10.9,7.210189300664594,2.195531184165207,8.077218580789518,-0.03952575542436974,0.08709668198424148,0.7985141498043483,0.8,0.13687610805535008,-0.07530257490376122,0.3101130371772776,True
10.950000000000001,7.238717618709359,2.223510842757963,8.117653675429807,-0.03764409384674957,0.08828409704761976,0.7985418512056603,0.8,0.13688107055734344,-0.07913332921515286,0.3116563904857623,True
11.0,7.26762425652492,2.251104013169803,8.158066392179723,-0.03576465415775578,0.0891371568385978,0.7985690359128087,0.8,0.13688594088995149,-0.0826398659284538,0.3132929147150514,True
11.05,7.296909999127277,2.278298907379247,8.198457162161613,-0.033896714697912805,0.08968288039939543,0.7985957135723326,0.8,0.136890720759448,-0.08583523364286799,0.31500551271463806,True
11.100000000000001,7.326574666451337,2.305084240469797,8.238826479647562,-0.03204863064555498,0.0899471272296518,0.7986218936503395,0.8,0.13689541184072815,-0.08873192800786676,0.31677839446916706,True
11.15,7.356617171308562,2.331449238672806,8.27917488904489,-0.030227876374039474,0.08995498840719052,0.7986475854358926,0.8,0.136900015777877,-0.09134354129470855,0.3185969116811282,True
11.200000000000001,7.387035577593833,2.3573836452773294,8.319502974093824,-0.028441088110416866,0.08973034303358007,0.7986727980443336,0.8,0.13690453418472973,-0.09377531205447201,0.320447631081065,True
11.25,7.41782752561438,2.3828773145365822,8.359811398637095,-0.026694654763989165,0.08929235653993683,0.798697540420543,0.8,0.13690896864542026,-0.09617027892308078,0.3223187315824534,True
11.3,7.448990899981009,2.407919456790349,8.400100986489878,-0.02499572762270578,0.08865011194263928,0.7987218213421392,0.8,0.13691332071492135,-0.09854068826179034,0.3242005176579167,True
11.350000000000001,7.480523699488651,2.4324987005017467,8.440372700210279,-0.02335209489238591,0.08780634243416918,0.7987456494226166,0.8,0.13691759191957448,-0.1009784221614837,0.3260844817286998,True
11.4,7.512423917466973,2.456603160424894,8.48062762213433,-0.021772060871132166,0.08675951660427372,0.7987690331144244,0.8,0.13692178375761088,-0.10348666789971102,0.3279628327086359,True
11.450000000000001,7.544689604922117,2.4802202946353944,8.52086696115409,-0.02026460543427268,0.08550444162009174,0.7987919807119875,0.8,0.13692589769966282,-0.10606354823070863,0.32982816749656746,True
11.5,7.577318548184801,2.503337238166933,8.561092007108385,-0.018838934706419265,0.08403562431447063,0.7988145003546708,0.8,0.1369299351892661,-0.10870522950256288,0.33167296514036165,True
11.55,7.6103082211246535,2.5259408356848714,8.601304121952948,-0.017504438300266392,0.08234809520332663,0.7988366000296866,0.8,0.13693389764335345,-0.11137078673943963,0.33348939592411864,True
11.600000000000001,7.643655621518761,2.5480178396714193,8.641504714522657,-0.016270446264009364,0.08043847504390046,0.7988582875749476,0.8,0.13693778645273963,-0.1140100381399692,0.33526926009410146,True
11.65,7.6773570511217395,2.5695552260478984,8.68169520695277,-0.01514585892477518,0.07830729859402952,0.7988795706818664,0.8,0.13694160298259725,-0.11657768517694142,0.3370036914222533,True
11.700000000000001,7.711408029234695,2.5905403726315206,8.72187701893867,-0.014138964852430208,0.07595890330835053,0.798900456898102,0.8,0.13694534857292445,-0.11900614291918311,0.3386833650228546,True
11.75,7.7458031780689325,2.6109613108846004,8.762051548015528,-0.013257181275250182,0.07340233108396566,0.7989209536302537,0.8,0.13694902453900437,-0.12122930462013191,0.3402984903264009,True
11.8,7.780536094974886,2.6308070436840065,8.802220148389301,-0.012506730230146578,0.07065213273922664,0.7989410681465061,0.8,0.13695263217185583,-0.12321137949224333,0.34183889243378995,True
11.850000000000001,7.815599404666449,2.6500676271613894,8.842384134120348,-0.011892606666951189,0.06772700922702923,0.7989608075792219,0.8,0.13695617273867702,-0.1248662340544804,0.3432944204179042,True
11.9,7.850984693470361,2.668734459123777,8.882544766864854,-0.011418305562490703,0.06465076049583518,0.798980178927488,0.8,0.13695964748327996,-0.1261782203516834,0.34465493334537844,True
11.950000000000001,7.886682548483699,2.6868004351368002,8.922703257687301,-0.011085711816455353,0.061451221890121206,0.7989991890596115,0.8,0.13696305762651861,-0.1270998673103783,0.3459107013829671,True
12.0,7.922682708599988,2.704259920321617,8.962860782355301,-0.010895200443899912,0.05815903073445844,0.7990178447155712,0.8,0.13696640436670787,-0.12759242630497322,0.34705264845872635,True
12.05,7.95897404106165,2.7211090316991635,9.003018473926105,-0.010845376274315928,0.05480833601235796,0.7990361525094207,0.8,0.136969688880036,-0.12767375188920235,0.3480723965824509,True
12.100000000000001,7.995544772061856,2.7373454679474936,9.043177445146279,-0.01093332685945164,0.05143398378849706,0.7990541189316471,0.8,0.1369729123209696,-0.127287557951481,0.3489628188161452,True
12.15,8.032382539166104,2.752968648047156,9.083338786984132,-0.011154514818596575,0.04807258953429805,0.7990717503514857,0.8,0.13697607582265103,-0.12647108945254565,0.34971783268503065,True
12.200000000000001,8.069474503808816,2.767979739532187,9.123503572463969,-0.011502791183567522,0.044761552084021994,0.7990890530191905,0.8,0.13697918049728855,-0.12521330683801168,0.3503326706424025,True
12.25,8.10680757451704,2.782381425346229,9.16367286936763,-0.01197068783441441,0.04153706200934126,0.7991060330682626,0.8,0.13698222743653982,-0.12350991142375135,0.35080416932907477,True
12.3,8.144368400484755,2.7961781356826982,9.203847725103492,-0.012549188357504465,0.038435982564377184,0.7991226965176353,0.8,0.13698521771188887,-0.12141354449224459,0.3511304567741411,True
12.350000000000001,8.18214360464321,2.8093757352374427,9.244029173769349,-0.01322809023009976,0.035493160486835706,0.7991390492738206,0.8,0.13698815237501485,-0.11888605856276074,0.3513113812727391,True
12.4,8.22011982131616,2.821981614312312,9.284218219669839,-0.01399591652091673,0.032742753317252904,0.7991550971330124,0.8,0.13699103245815605,-0.11598674393262318,0.351348222761961,True
12.450000000000001,8.258283775853002,2.8340046805368644,9.324415822582498,-0.014839933280396608,0.030218129383161593,0.7991708457831522,0.8,0.13699385897446567,-0.11271270674459358,0.35124371471222465,True
12.5,8.296622453583403,2.8454550774858975,9.364622887489777,-0.01574645196630618,0.02795005648963411,0.7991863008059557,0.8,0.1369966329183622,-0.10906827268291443,0.3510022842089383,True
12.55,8.335123061617924,2.85634443152915,9.404840232846265,-0.016700563564147244,0.025969376706230174,0.7992014676789,0.8,0.13699935526587312,-0.10510771739569659,0.3506295466304089,True
12.600000000000001,8.373773195240059,2.8666855152264805,9.445068573545276,-0.01768649002216356,0.024304298346157216,0.7992163517771752,0.8,0.13700202697497257,-0.10079080565128971,0.3501327608610128,True
12.65,8.412560831631449,2.8764923691716406,9.485308486145335,-0.01868744580233029,0.0229824644364906,0.7992309583755982,0.8,0.13700464898591241,-0.09617413766519506,0.34952037378561396,True
12.700000000000001,8.451474366638937,2.8857803034079574,9.525560374757363,-0.019685627243082097,0.0220306786799655,0.7992452926504906,0.8,0.13700722222154835,-0.09124575800203955,0.34880212365851004,True
12.75,8.490502716285661,2.894565643665077,9.565824438722895,-0.0206624651177818,0.02147380618684297,0.7992593596815218,0.8,0.13700974758765896,-0.08600644957219288,0.3479891237516747,True
12.8,8.529635261247485,2.9028660000026165,9.606100624541709,-0.02159833251122045,0.021337003319375575,0.7992731644535176,0.8,0.1370122259732594,-0.08050016425398585,0.34709351148979545,True
12.850000000000001,8.568861953325557,2.910699939571249,9.646388587339498,-0.022472871178974667,0.02164360853149394,0.7992867118582335,0.8,0.13701465825091008,-0.07468150665696512,0.3461287556678383,True
12.9,8.608173283455276,2.918087140251704,9.686687637926635,-0.023264819104537624,0.022416677191507778,0.7993000066960968,0.8,0.1370170452770186,-0.06859922464101241,0.34510939074899427,True
12.950000000000001,8.647560290635637,2.925048395381367,9.726996688926098,-0.023951994212503193,0.023678966295792414,0.7993130536779142,0.8,0.13701938789213686,-0.0622334494296064,0.344051051675913,True
13.0,8.687014612357945,2.9316053924191814,9.767314202017007,-0.02451150968693334,0.025452013202566903,0.7993258574265478,0.8,0.1370216869212533,-0.055584327989347974,0.3429705441439065,True
13.05,8.726528425841334,2.9377809676427864,9.807638120006505,-0.024919503512324987,0.027757825229097005,0.7993384224785608,0.8,0.13702394317407834,-0.048686306725776986,0.3418856339879638,True
13.100000000000001,8.766094503317058,2.9435987945211903,9.847965808526515,-0.025151448473072192,0.03061678634220949,0.7993507532858302,0.8,0.13702615744532629,-0.04149775879073363,0.34081536870558715,True
13.15,8.805706165197929,2.9490835361915044,9.888293982740832,-0.025181990460602054,0.034049304821567344,0.799362854217131,0.8,0.13702833051499114,-0.03406246866440001,0.3397797726155204,True
13.200000000000001,8.845357265580303,2.9542608280573286,9.928618633721204,-0.024984963410428742,0.03807555617164293,0.7993747295596905,0.8,0.13703046314861725,-0.02636155215983658,0.33879992690900923,True
13.25,8.885042198395585,2.959157081286536,9.96893495866678,-0.024533588175929846,0.042714264374137445,0.7993863835207119,0.8,0.1370325560975659,-0.01840148548555751,0.33789814705065807,True
13.3,8.92475583343002,2.9637996806765967,10.009237274155472,-0.02380027562902279,0.047984463527653454,0.7993978202288715,0.8,0.13703461009927628,-0.010212550145885428,0.3370976862498385,True
13.350000000000001,8.964493522642416,2.9682166917484007,10.04951894688559,-0.02275693003772483,0.05390326765629719,0.799409043735786,0.8,0.13703662587752238,-0.0017685513057054856,0.3364231046730008,True
13.4,9.004251038128027,2.972436968674404,10.08977230791631,-0.02137485144404371,0.060487383800074734,0.7994200580174536,0.8,0.13703860414266414,0.006887656771737482,0.3358999487544627,True
13.450000000000001,9.044024530612598,2.976490095050874,10.12998857305598,-0.01962481188627318,0.06775243039227474,0.799430866975667,0.8,0.1370405455918954,0.015762732972331245,0.33555489751655043,True
13.5,9.08381049558641,2.9804061974852094,10.17015777465684,-0.01747726412752914,0.0757120935129224,0.7994414744394008,0.8,0.13704245090948602,0.024837739124946415,0.3354158201995219,True
13.55,9.123605698227792,2.9842160467487164,10.210268678629802,-0.014902266380040927,0.0843794031633738,0.7994518841661723,0.8,0.1370443207670208,0.034079094464160686,0.3355115072544434,True
13.600000000000001,9.16340713726308,2.987950783064684,10.25030873367619,-0.011869789810155611,0.09376445626335476,0.7994620998433771,0.8,0.13704615582363272,0.04348754298784846,0.33587203772677643,True
13.65,9.203211969379375,2.9916419339020144,10.290224793033214,-0.008366348589130483,0.09916971336003937,0.7994721250895995,0.8,0.1370479567262334,0.05301800119044045,0.337842660960464,True
13.700000000000001,9.243017444481618,2.995321308164125,10.329973125091076,-0.00504415053415406,0.08347947873010567,0.7994819634558984,0.8,0.13704972410973804,0.06265336228240015,0.3456265296401295,True
13.75,9.282820847199112,2.9990207922058234,10.369800941621763,-0.0022304334598721364,0.06853789556587743,0.7994916184270692,0.8,0.13705145859728685,0.07236239994247629,0.35272321976789117,True
13.8,9.322619416830214,3.0027723424352066,10.409693801582868,0.00010542435123522146,0.05435688679693168,0.7995010934228818,0.8,0.13705316080046276,0.08210153297996052,0.35894315061024384,True
13.850000000000001,9.36241029058295,3.00660774164656,10.44963872240243,0.0019941956201512813,0.04094491493803398,0.7995103917992958,0.8,0.13705483131950422,0.0918420986393913,0.3609533279565589,True
13.9,9.402190435438026,3.0105584831490875,10.489624130904929,0.0034666468695335757,0.02830712443830702,0.7995195168496525,0.8,0.13705647074351532,0.10153697826149684,0.36317733738844393,True
13.950000000000001,9.441956585130054,3.0146556372758075,10.529639801978643,0.004553368803029482,0.016445210429541484,0.7995284718058449,0.8,0.13705807965067066,0.11114554679651323,0.36557952627705315,True
14.0,9.481705189474626,3.01892964407648,10.569676786024553,0.005284537957912898,0.0053569627404459605,0.7995372598394653,0.8,0.137059658608418,0.12062617241844652,0.368126245279074,True
14.05,9.521432361469758,3.0234102010670956,10.609727322985208,0.005689779316904255,-0.004963505894118786,0.7995458840629327,0.8,0.13706120817367573,0.12993467682912088,0.3678376052567985,True
14.100000000000001,9.561133837799224,3.02812610165816,10.649784750666372,0.0057979847660337095,-0.014525851470477595,0.799554347530597,0.8,0.13706272889302787,0.13902825015561432,0.3649011763518286,True
14.15,9.600804948991856,3.0331050796818877,10.689843407335381,0.00563714268199262,-0.023343541551837474,0.7995626532398243,0.8,0.13706422130291482,0.14787029093096432,0.3624645111307182,True
14.200000000000001,9.640440595393168,3.0383737041800662,10.729898532686107,0.005234222585707865,-0.031433545699659025,0.7995708041320615,0.8,0.13706568592982094,0.15642045064871013,0.36049330081260506,True
14.25,9.680035236486352,3.0439572580879615,10.76994616928004,0.004615047504269946,-0.038816182162782265,0.7995788030938801,0.8,0.13706712329045856,0.16464690199232473,0.3589535978193633,True
14.3,9.719582891278652,3.049879628416582,10.809983066085753,0.003804181047822149,-0.04551490143962179,0.7995866529580014,0.8,0.1370685338919487,0.17252518995165086,0.35781201308496136,True
14.350000000000001,9.759077140595188,3.0561632753802903,10.850006589313203,0.002824896407747014,-0.05155567834806062,0.7995943565043023,0.8,0.13706991823199827,0.18002831769761835,0.3570359368779339,True
14.4,9.798511144830233,3.062829161794311,10.890014637706821,0.0016991070878365248,-0.05696675470539314,0.7996019164608024,0.8,0.13707127679907416,0.18714629609157124,0.3565936871539762,True
14.450000000000001,9.837877663753789,3.0698967416738805,10.93000556686615,0.0004473583299762123,-0.06177804891197797,0.7996093355046315,0.8,0.13707261007257437,0.19386834574135212,0.3564546870116735,True
14.5,9.877169077115243,3.0773839934002267,10.969978123722584,-0.0009111358951815496,-0.06602049178092659,0.799616616262981,0.8,0.13707391852299575,0.20019324487065163,0.3547673394016897,True
14.55,9.916377414833942,3.0853074267773315,11.009931386994577,-0.0023584820733946223,-0.06972564729642547,0.7996237613140355,0.8,0.1370752026120984,0.20612617846115314,0.3522535072848746,True
14.600000000000001,9.955494381400872,3.093682152715131,11.049864718728784,-0.0038780331750575313,-0.07292506783441467,0.7996307731878884,0.8,0.13707646279306754,0.21167385930003227,0.3498146454983601,True
14.65,9.994511385860212,3.102521931025924,11.089777721291615,-0.005454337053774324,-0.07564997332222276,0.7996376543674398,0.8,0.13707769951067242,0.2168451048009242,0.34745655705450856,True
14.700000000000001,10.033419576444423,3.1118392044882723,11.129670199100744,-0.00707309933913111,-0.07793099943370974,0.7996444072892774,0.8,0.13707891320142143,0.2216486104807807,0.3451842002302449,True
14.75,10.072209877778018,3.1216451308183966,11.169542125128576,-0.008721149313748794,-0.07979822040149598,0.7996510343445413,0.8,0.13708010429371578,0.22609551946294407,0.3430016975362391,True
14.8,10.11087302860968,3.1319496200867625,11.20939361222836,-0.010386401268431539,-0.08128097803656359,0.7996575378797726,0.8,0.13708127320799887,0.2301958527299452,0.3409124055732705,True
14.850000000000001,10.149399620343308,3.1427613729023958,11.249224888464834,-0.012057816172909514,-0.08240785509309145,0.7996639201977456,0.8,0.1370824203569043,0.2339615143326229,0.33891894421921287,True
14.9,10.187780136500495,3.1540879170795444,11.289036275785135,-0.01372536608285049,-0.08320661149062925,0.7996701835582852,0.8,0.1370835461454002,0.2374162217319769,0.3370232349557186,True
14.950000000000001,10.22600497122902,3.1659357228358043,11.328828178507555,-0.01537991872999204,-0.08370359115475345,0.7996763301790689,0.8,0.13708465097093098,0.24054962332051671,0.335226771480752,True
15.0,10.264064492447648,3.1783101392419053,11.368601059406625,-0.017013306958406915,-0.08392465797607934,0.7996823622364129,0.8,0.13708573522355708,0.2433864751874493,0.33353027023947607,True
15.05,10.301949089730668,3.1912154078745933,11.408355424237925,-0.01861832120131863,-0.08389515022399556,0.7996882818660446,0.8,0.13708679928609135,0.24594121240175898,0.3319336798286074,True
15.100000000000001,10.339649168930348,3.204654850961208,11.448091823394712,-0.020188521644866442,-0.08363883288774904,0.7996940911638601,0.8,0.13708784353423376,0.2482651356313906,0.33043665797551103,True
15.15,10.377155125474273,3.218631082547342,11.487810857644035,-0.021718023655102937,-0.08317683536610043,0.7996997921866679,0.8,0.13708886833670292,0.25053077372101296,0.32903908102389046,True
15.200000000000001,10.41445702450181,3.2331470224217034,11.527513255386383,-0.02320043300677327,-0.08252116738359444,0.7997053869529178,0.8,0.13708987405536546,0.252759415685517,0.32774395470659956,True
15.25,10.451544476812828,3.2482061171341026,11.56719988366093,-0.024628591996867927,-0.08167593592546418,0.7997108774434178,0.8,0.1370908610453629,0.2550184898617745,0.32655731962811474,True
15.3,10.488406724919123,3.263811948750689,11.606871708325297,-0.025994968622675533,-0.08064170269863946,0.7997162656020358,0.8,0.1370918296552367,0.25734804407941136,0.325486618565992,True
15.350000000000001,10.525032515173027,3.2799684796649857,11.646529810110682,-0.027291374999740284,-0.07941462021181052,0.7997215533363892,0.8,0.1370927802270503,0.2597322877678653,0.3245412272019096,True
15.4,10.561410183170144,3.296679716544295,11.686175351944275,-0.02850930089262678,-0.07798981040637887,0.7997267425185218,0.8,0.13709371309650892,0.2621801460740518,0.3237311574067755,True
15.450000000000001,10.597527704435564,3.3139495286638283,11.72580956046521,-0.029640089821542658,-0.07636284893436912,0.7997318349855673,0.8,0.1370946285930782,0.2646588981774798,0.3230664578724993,True
15.5,10.633372728050004,3.3317815417894896,11.765433714311662,-0.030675038159307187,-0.07453010318028302,0.7997368325404008,0.8,0.13709552704009922,0.2671231183431902,0.32255701860481534,True
15.55,10.668932739391613,3.350178773867282,11.805049112103768,-0.031605781260459924,-0.07249132429141886,0.7997417369522782,0.8,0.13709640875490253,0.2695260036551022,0.32221144027065574,True
15.600000000000001,10.7041951816171,3.3691434346555735,11.844657055328145,-0.03242451394381958,-0.07024996303275688,0.7997465499574635,0.8,0.13709727404891922,0.2718215822871911,0.32203671809191226,True
15.65,10.739147565916667,3.3886767915133125,11.884258837458615,-0.033124147693224824,-0.06781325817874845,0.7997512732598446,0.8,0.13709812322779033,0.2739324361550744,0.322038052333518,True
15.700000000000001,10.773777676989301,3.4087788837490662,11.923855723036251,-0.03369864721496713,-0.06519362138791512,0.799755908531537,0.8,0.13709895659147492,0.27582514739417074,0.3222181040440156,True
15.75,10.80807371447577,3.429448420019537,11.963448942615297,-0.03414317788795985,-0.062407919205120066,0.7997604574134771,0.8,0.13709977443435445,0.27744050320518765,0.3225770421692968,True
15.8,10.842024397717003,3.450682768608075,12.003039695141776,-0.03445415753324782,-0.05947696762977495,0.7997649215160036,0.8,0.1371005770453372,0.2787266027414564,0.3231126252416311,True
15.850000000000001,10.875619187680208,3.4724777568380927,12.042629137961292,-0.034629535271289376,-0.056425997846968556,0.7997693024194288,0.8,0.13710136470795914,0.27967889164909926,0.32381977537790174,True
15.9,10.908848308179843,3.494827850796283,12.082218403075418,-0.03466864545461829,-0.053282704727763634,0.7997736016745981,0.8,0.13710213770048416,0.2802313424500972,0.32469127658426084,True
15.950000000000001,10.941702911493868,3.517726078344764,12.121808595282786,-0.03457236000499171,-0.05007764759847765,0.7997778208034407,0.8,0.13710289629600128,0.28106234899461,0.3257174971725939,True
16.0,10.97417301515395,3.5411673871293297,12.161400982528441,-0.034339154607864644,-0.0468162914569692,0.7997819612995085,0.8,0.1371036407625211,0.28090129479827725,0.3268984457869265,True
16.05,11.006250582890733,3.565143741987245,12.200996703070661,-0.03397089465745345,-0.04352832459439515,0.7997860246285056,0.8,0.13710437136307008,0.2802715698691175,0.32822367599663177,True
16.1,11.037931450465125,3.5896418382786024,12.240596683058758,-0.03347580855033162,-0.04027434192061131,0.7997900122288076,0.8,0.13710508835578294,0.27924828318890255,0.3296673079801423,True
16.150000000000002,11.069211125747053,3.6146497100568733,12.280201988516692,-0.03286068265932053,-0.037090037465780545,0.7997939255119723,0.8,0.1371057919939933,0.27779192335226877,0.3312120712857902,True
16.2,11.100086240592434,3.640154560271317,12.319813687012598,-0.032133485786260886,-0.03400998151055501,0.7997977658632388,0.8,0.137106482526323,0.2759430819124145,0.3328397823141339,True
16.25,11.13055472667615,3.6661426507477533,12.359432832781154,-0.03130357725525441,-0.031068379794027545,0.7998015346420193,0.8,0.13710716019676972,0.2737168963762264,0.33453092122020744,True
16.3,11.160615637634239,3.6925996599165285,12.399060469241697,-0.030381331374989592,-0.028297294127641814,0.7998052331823807,0.8,0.1371078252447923,0.27109612151617357,0.3362655365432148,True
16.35,11.190269349120724,3.719510525573751,12.43869760718519,-0.029378402383275833,-0.025728720527623317,0.7998088627935173,0.8,0.13710847790539563,0.2681440422742138,0.33802238131361395,True
16.400000000000002,11.219517426572308,3.7468597091571056,12.478345216428554,-0.028307454547787707,-0.023392782990954708,0.7998124247602146,0.8,0.1371091184092129,0.2648264803137839,0.3397797223725415,True
16.45,11.248362634677324,3.7746312574228633,12.518004205974258,-0.0271821401241292,-0.02131824883905542,0.7998159203433051,0.8,0.13710974698258713,0.2611840497396947,0.34151522269598744,True
16.5,11.27680905004725,3.802808743627813,12.557675398254942,-0.02601723687500578,-0.019533637889031397,0.7998193507801145,0.8,0.13711036384765055,0.25723859494165685,0.34320548853373956,True
16.55,11.304861819240093,3.831375599679765,12.597359510875703,-0.024828258554563214,-0.01806486039635558,0.7998227172849006,0.8,0.1371109692224029,0.25296376309478924,0.3448271653630633,True
16.6,11.332527371008165,3.8603149245615147,12.637057120964059,-0.02363175869918481,-0.01693778897523124,0.7998260210492836,0.8,0.13711156332078825,0.24842041149732932,0.34635588861989236,True
16.650000000000002,11.35981328829554,3.889609667783518,12.676768636411678,-0.0224451279711497,-0.016176896240993166,0.7998292632426677,0.8,0.1371121463527705,0.24356896392240965,0.3477668987856173,True
16.7,11.386728289402496,3.9192426770628335,12.716494260127092,-0.021286564773186367,-0.015805619541510496,0.7998324450126564,0.8,0.13711271852440662,0.2384382000214703,0.3490349749479117,True
16.75,11.413282376541146,3.949196578372262,12.756233947412355,-0.020175282012990056,-0.015847676720593066,0.7998355674854584,0.8,0.1371132800379201,0.2330482665585422,0.3501338514898251,True
16.8,11.43948656402673,3.9794540636973785,12.795987368607252,-0.019131127360717606,-0.016324740881925925,0.7998386317662869,0.8,0.13711383109177155,0.2273623647416811,0.3510372956469979,True
16.85,11.465353095493674,4.009997690909881,12.83575385774883,-0.018174892838662693,-0.017259007616266864,0.7998416389397511,0.8,0.13711437188072906,0.22143098545525194,0.3517180529968028,True
16.900000000000002,11.490895347836801,4.04080998673934,12.875532363855811,-0.017328186855179513,-0.01867177662944064,0.7998445900702408,0.8,0.13711490259593634,0.21521637880388295,0.3521484067770174,True
16.95,11.516127770482372,4.071873501114771,12.915321397762597,-0.01661336325106083,-0.02058391002290727,0.7998474862023027,0.8,0.1371154234249805,0.2087359231193559,0.35230012731923,True
17.0,11.541066039572273,4.10317066780992,12.955118969451823,-0.01605373728440108,-0.023016650292484564,0.7998503283610116,0.8,0.13711593455195784,0.20200764660288165,0.3521440300633928,True
17.05,11.565726795050356,4.1346840232747795,12.994922531929102,-0.015673249247041988,-0.025989704844926242,0.7998531175523322,0.8,0.1371164361575389,0.19499537919412194,0.351650891534695,True
17.1,11.59012781798623,4.166396034924826,13.034728909996517,-0.01549671334120313,-0.02952337350757206,0.799855854763477,0.8,0.13711692841903197,0.18774276149316285,0.35079059136919905,True
17.150000000000002,11.614287940792535,4.198289155938155,13.074534231819404,-0.01554971288693455,-0.033637150686071315,0.7998585409632547,0.8,0.1371174115104455,0.18021885204334848,0.34953264662592176,True
17.2,11.638226956983198,4.23034586673026,13.11433385850857,-0.015858499856600546,-0.038349993584843256,0.7998611771024141,0.8,0.13711788560254992,0.17243998039761568,0.3478462526115946,True
17.25,11.661965738498955,4.262548544293148,13.15412230155195,-0.01645015962830958,-0.04368096129912724,0.7998637641139806,0.8,0.1371183508629374,0.16442550529161784,0.3456999527100772,True
17.3,11.685525974172757,4.294879623508075,13.193893155069429,-0.017352293129696942,-0.04964747366230726,0.7998663029135871,0.8,0.13711880745608077,0.15615188123518503,0.3430624868277131,True
17.35,11.708930278628936,4.3273214578526265,13.233639009964534,-0.018593170665293736,-0.05626669958662723,0.7998687943997976,0.8,0.13711925554339205,0.14765911460009282,0.33990225509119537,True
17.400000000000002,11.732202089144165,4.359856340175041,13.27335137694204,-0.02020161489440566,-0.06355478509298308,0.7998712394544265,0.8,0.1371196952832788,0.1389363078308423,0.3361876842752959,True
17.45,11.755365523593834,4.392466541393431,13.313020615496736,-0.02220683659372878,-0.07152640745701044,0.7998736389428501,0.8,0.13712012683120023,0.13101046563076127,0.33188754473152426,True
17.5,11.778440626607148,4.425137686593577,13.352636322841953,-0.024632590721163146,-0.08015486259731419,0.7998759937143134,0.8,0.13712055033972229,0.1218650443304719,0.3269882335472213,True
17.55,11.801451064748282,4.45785300332792,13.392186681255081,-0.027506729317617516,-0.08945292696897812,0.799878304602231,0.8,0.13712096595857073,0.11246659470772571,0.32146094938194436,True
17.6,11.824427070785147,4.490591252340117,13.431801290839472,-0.03084921828083846,-0.09484081983283887,0.799880572424482,0.8,0.13712137383468487,0.10291147696384123,0.31658701888582885,True
17.650000000000002,11.847395399626624,4.523333903228282,13.472107666918097,-0.034008073999395705,-0.07903797562355697,0.7998827979837002,0.8,0.13712177411226834,0.09322362415149069,0.317932314636677,True
17.7,11.870382746848003,4.556062517935364,13.512490698425456,-0.03665400474164526,-0.06398804401290092,0.7998849820675579,0.8,0.13712216693284088,0.08343804360053278,0.31961032944570744,True
17.75,11.893415870450596,4.588758559436964,13.552935599287531,-0.03881818430406889,-0.04970546720168356,0.799887125449045,0.8,0.13712255243528762,0.07359992143909745,0.32157975278635575,True
17.8,11.916521361863168,4.621403452242953,13.593429105099311,-0.04053198898250107,-0.036200612068944094,0.7998892288867427,0.8,0.13712293075590842,0.0637415297083397,0.323800673701099,True
17.85,11.939725504495796,4.653978582049253,13.633959423325997,-0.04182683249193255,-0.02348024258578918,0.7998912931250926,0.8,0.1371233020284659,0.05391236376168053,0.3262346322572298,True
17.900000000000002,11.963054113273095,4.686465312820365,13.67451616997968,-0.04273398112913439,-0.011547585362499778,0.7998933188946594,0.8,0.1371236663842325,0.043633332521583766,0.32884479631728536,True
17.95,11.986534824175408,4.718843258110845,13.715090291965193,-0.043287383526380264,-0.0004228455378125773,0.7998953069123909,0.8,0.13712402395203677,0.03414153734229346,0.3315870425275284,True
18.0,12.010192155624408,4.751093696187718,13.755674081303425,-0.043517634897538356,0.009904853854849627,0.7998972578818706,0.8,0.13712437485830903,0.024844207046352665,0.32854680319080465,True
18.05,12.03404628742617,4.783200423761945,13.796260892348165,-0.04345046153835369,0.019472781324166966,0.7998991724935679,0.8,0.13712471922712577,0.01575256820714743,0.3257901864798488,True
18.1,12.058118853037401,4.815145563157646,13.836845058836495,-0.043113854294166684,0.0282949271425903,0.7999010514250819,0.8,0.13712505718025364,0.006902299182405797,0.3235337079662418,True
18.150000000000002,12.082430402177264,4.846911322407451,13.877421836523766,-0.04253496838488833,0.03638750582580386,0.799902895341382,0.8,0.13712538883719208,-0.0016619390188475404,0.32174307111331635,True
18.2,12.107000147397816,4.8784801483970455,13.917987301841107,-0.04173982069710126,0.04377014421431047,0.7999047048950427,0.8,0.1371257143152158,-0.009908602087023986,0.3203843169235481,True
18.25,12.131845858972628,4.909834789484678,13.95853825207259,-0.04075316484444975,0.05046596674888659,0.7999064807264752,0.8,0.1371260337294161,-0.01780904013055184,0.3194239464110963,True
18.3,12.15698383647287,4.940958315623174,13.999072113385381,-0.03959845692626508,0.056500543226340016,0.7999082234641539,0.8,0.13712634719274128,-0.025334828801026815,0.3188292748830973,True
18.35,12.182428841515366,4.971834181495895,14.039586852206568,-0.03829776753622054,0.06190201420846164,0.799909933724839,0.8,0.137126654816037,-0.032475498752395145,0.31856848813047334,True
18.400000000000002,12.208194109444921,5.002446242077964,14.08008089784053,-0.03687178759618427,0.06670048400702211,0.799911612113795,0.8,0.1371269567080847,-0.03921627878128017,0.3186108109701208,True
18.45,12.234291374937657,5.032778766456804,14.120553073942151,-0.035339847798643215,0.07092687962883304,0.7999132592250049,0.8,0.13712725297564074,-0.04555722720035948,0.31892680852822997,True
18.5,12.260730894987173,5.062816461655844,14.161002537040796,-0.03371993078490498,0.07461324520579726,0.7999148756413805,0.8,0.13712754372347344,-0.05150325757873498,0.3194882757113317,True
18.55,12.287521538090568,5.092544447749595,14.201428728364885,-0.0320287656767724,0.0777913495298619,0.7999164619349691,0.8,0.13712782905440032,-0.05706178145769445,0.32026852646585924,True
18.6,12.31467083910278,5.121948262896236,14.241831329756963,-0.03028187720819371,0.08049262699181713,0.7999180186671556,0.8,0.13712810906932457,-0.06224134364121144,0.32124234214327374,True
18.650000000000002,12.342185047520806,5.151013876785028,14.282210224667061,-0.028493624191890603,0.08274791075000999,0.7999195463888615,0.8,0.13712838386727047,-0.06705082548014754,0.32238598997457535,True
18.7,12.37006917219937,5.179727710013636,14.32256546370578,-0.02667723091584235,0.08458772964340133,0.7999210456407401,0.8,0.1371286535454183,-0.07150141554236493,0.32367708783552207,True
18.75,12.39832703478435,5.2080766479961484,14.362897235556837,-0.024844827902846908,0.08604142374775892,0.7999225169533676,0.8,0.13712891819913878,-0.07560344016757149,0.3250947978984297,True
18.8,12.426961323451254,5.236048055708612,14.403205841939972,-0.023007491369488063,0.0871379173851804,0.7999239608474311,0.8,0.1371291779220269,-0.07936940215580497,0.32661954923402886,True
18.85,12.45597364791808,5.263629791803103,14.44349167626795,-0.02117528292202299,0.08790512594959099,0.7999253778339133,0.8,0.13712943280593448,-0.08281138787567216,0.3282331515917303,True
18.900000000000002,12.48536460013405,5.2908102170150535,14.48375520614836,-0.01935729602355552,0.08836999971406989,0.7999267684142728,0.8,0.13712968294100297,-0.08594235259423993,0.32991872188303734,True
18.95,12.51513381109421,5.317578205256171,14.523996958213115,-0.017561696499461644,0.08855856117901961,0.799928133080622,0.8,0.13712992841569532,-0.08877570008454945,0.3316606200467234,True
19.0,12.545280012742644,5.343923148107976,14.564217506021063,-0.015795769894192506,0.08849584727288062,0.7999294723159015,0.8,0.13713016931682706,-0.09132498649806461,0.3334444066633212,True
19.05,12.575801098224693,5.369834958603667,14.604417459910312,-0.014065966778132124,0.08820570198647837,0.7999307865940506,0.8,0.1371304057295968,-0.09365395643562142,0.3352568466671454,True
19.1,12.606694379755265,5.395303850807996,14.644597484920663,-0.012378244288418619,0.08770900703570972,0.7999320763801754,0.8,0.13713063773761683,-0.09583586640313572,0.3370860633278495,True
19.150000000000002,12.637956936857389,5.420319975398319,14.6847583346404,-0.010738573397402284,0.08702098920707291,0.7999333421307133,0.8,0.1371308654229423,-0.09788333950101151,0.33892179214382473,True
19.200000000000003,12.669585558096244,5.444873475310631,14.72490083507253,-0.009152864310863349,0.08615336794494277,0.7999345842935951,0.8,0.13713108886609998,-0.09984989377641011,0.34075484049048366,True
19.25,12.70157672933625,5.46895449677986,14.76502587578583,-0.007626956287036772,0.08511527889986648,0.7999358033084027,0.8,0.13713130814611718,-0.10174301898731529,0.34257683274344786,True
19.3,12.73392669196331,5.4925531157673815,14.805134411656102,-0.006166717178018371,0.0839131829979104,0.7999369996065256,0.8,0.13713152334054937,-0.10357126965441787,0.3443801358652169,True
19.35,12.766631315923966,5.515659492460894,14.845227440754453,-0.004777850499763832,0.08255324545166055,0.799938173611313,0.8,0.13713173452550764,-0.10534303909650386,0.34615737303906013,True
19.400000000000002,12.799686121276865,5.538263856193658,14.885306002498774,-0.0034659270103853624,0.08104058251911217,0.799939325738224,0.8,0.13713194177568555,-0.10704774849391901,0.3479016061193543,True
19.450000000000003,12.833086228432554,5.560356585149228,14.925371166634076,-0.0022362979211894523,0.07938070226058203,0.7999404563949745,0.8,0.13713214516438568,-0.10867317659076847,0.3496060099044417,True
19.5,12.866826285924557,5.58192833220775,14.965424019325411,-0.0010939575176786985,0.07757987473923933,0.7999415659816815,0.8,0.13713234476354533,-0.11020773434585393,0.35126390170444,True
19.55,12.900900460630837,5.602970080986459,15.005465657651719,-4.349799232229089e-05,0.0756454128895594,0.7999426548910052,0.8,0.13713254064376199,-0.11162845642183773,0.35286870360868516,True
19.6,12.935302399801968,5.623473252495835,15.045497180275913,0.0009109941474896218,0.07358611509713997,0.7999437235082874,0.8,0.1371327328743184,-0.11291201699313677,0.3525919278139923,True
19.650000000000002,12.970025185334322,5.643429841614613,15.085519676990373,0.00176607187172007,0.07141257011526936,0.7999447722116881,0.8,0.13713292152320666,-0.11404755210136525,0.35236101671118514,True
19.700000000000003,13.005061366478303,5.662832448697242,15.125534228508961,0.002518932610828104,0.06913683943017146,0.7999458013723199,0.8,0.13713310665715267,-0.11499714504737206,0.3522624052356005,True
19.75,13.040402926263308,5.681674423906913,15.165541897241559,0.00316755541178247,0.06677305800584199,0.7999468113543782,0.8,0.13713328834163968,-0.11575595994301732,0.3522941416286851,True
19.8,13.076041297929994,5.699949948774486,15.205543724379986,0.0037107606507738983,0.06433706745379109,0.7999478025152714,0.8,0.13713346664093098,-0.11629990526942438,0.3524529242365557,True
19.85,13.111967430036847,5.7176540397349465,15.245540732809154,0.00414818022715811,0.06184578734643819,0.7999487752057467,0.8,0.13713364161809322,-0.11660754004343049,0.3527343082674848,True
19.900000000000002,13.148171762010564,5.7347827139555445,15.285533917945118,0.004480415046561775,0.05931819542324107,0.7999497297700143,0.8,0.13713381333501812,-0.1166856198864706,0.35313226177173224,True
19.950000000000003,13.18464433489104,5.751332920186322,15.32552425519288,0.004708924339336522,0.05677381831366273,0.7999506665458694,0.8,0.13713398185244485,-0.11649958832246854,0.35363970856733173,True
20.0,13.22137480637431,5.767302639986932,15.365512694402259,0.004836112410743946,0.054233149865584196,0.7999515858648119,0.8,0.13713414722998113,-0.11606328963131356,0.35424831888943686,True
20.05,13.258352499306344,5.782690934500838,15.405500157749511,0.004865354132627148,0.05171777411227296,0.7999524880521632,0.8,0.1371343095261243,-0.1153670807632745,0.3549484466761471,True
20.1,13.295566521126952,5.797497836555299,15.445487545116327,0.0048008528668904114,0.04924897963036507,0.7999533734271822,0.8,0.13713446879828228,-0.11440117669337517,0.35572967305373215,True
20.150000000000002,13.333005756847674,5.8117244996314765,15.485475723044395,0.004647786443936464,0.046848788499892824,0.7999542423031774,0.8,0.13713462510279373,-0.11319017091548962,0.35658036308190827,True
20.200000000000003,13.370658996179607,5.825373053973475,15.525465528596015,0.004412133362421491,0.04453866403641843,0.7999550949876184,0.8,0.13713477849494773,-0.11170979311848342,0.35748821665391095,True
20.25,13.408514966071234,5.838446654859762,15.565457760712956,0.004100714535572784,0.042340044423032686,0.7999559317822448,0.8,0.13713492902900348,-0.10998763635904177,0.35844007481225293,True
20.3,13.446562378515248,5.850949497370887,15.605453172259939,0.0037211998589856306,0.04027415731225609,0.7999567529831724,0.8,0.13713507675820966,-0.10802443392679374,0.3594219705265902,True
20.35,13.484790042918709,5.862886648869794,15.64545246808332,0.003281923120336735,0.038360989747462104,0.7999575588809986,0.8,0.13713522173482295,-0.10581869802599328,0.36041961859701843,True
20.400000000000002,13.523186856504172,5.87426418161472,15.685456288111048,0.0027920217206687747,0.036620601395240815,0.7999583497609051,0.8,0.13713536401012677,-0.10340307741287133,0.36141789789455403,True
20.450000000000003,13.561741907800444,5.8850889942428415,15.725465202000809,0.002261246486573407,0.03507175230240117,0.7999591259027585,0.8,0.13713550363444918,-0.10075914104047912,0.36240144719858236,True
20.5,13.600444498170587,5.895368836142375,15.765479693591292,0.001699990647028434,0.03373253887384153,0.7999598875812102,0.8,0.13713564065718056,-0.09791836653758065,0.3633544562113862,True
20.55,13.639284170218984,5.905112312797989,15.80550014506429,0.0011192990716613397,0.032620322560311554,0.7999606350657924,0.8,0.13713577512679168,-0.09488552485738558,0.36426068266480405,True
20.6,13.678250789069011,5.914328698988075,15.845526826126186,0.0005306787740341211,0.03175119505071472,0.7999613686210147,0.8,0.13713590709084997,-0.0916611693716949,0.36510380404708764,True
20.650000000000002,13.717334523856778,5.923028062912413,15.885559871227207,-5.3764163570700376e-05,0.03114071151349701,0.799962088506457,0.8,0.13713603659603707,-0.08827812189014196,0.36575954336778,True
20.700000000000003,13.756525914764556,5.93122108909763,15.925599265719208,-0.0006215007956636608,0.030803098800956632,0.7999627949768614,0.8,0.13713616368816506,-0.08472085865447448,0.3652907227671174,True
20.75,13.795815879935343,5.938919089296047,15.965644824730376,-0.0011595586928440302,0.03075185632093674,0.7999634882822227,0.8,0.13713628841219253,-0.08101875636831318,0.36476767957077694,True
20.8,13.835195724052163,5.946134009107031,16.005696171385424,-0.0016545063580848233,0.0309997794383573,0.799964168667877,0.8,0.13713641081224023,-0.07717710699782031,0.3642000905365067,True
20.85,13.87465718555445,5.952878249230873,16.045752719981476,-0.0020926274152937435,0.03155804924596516,0.7999648363745877,0.8,0.13713653093160766,-0.07319682223319443,0.3635984268551417,True
20.900000000000002,13.91419241325789,5.959164775581394,16.085813649646887,-0.0024597983541219354,0.03243769767140048,0.7999654916386316,0.8,0.13713664881278723,-0.06910748411914083,0.3629736518354536,True
20.950000000000003,13.953794000883475,5.965006958257751,16.125877886013633,-0.002741644334963463,0.03364825817173316,0.7999661346918822,0.8,0.13713676449748,-0.06489605091528104,0.3623374648233091,True
21.0,13.993454981264843,5.97041857608502,16.16594407761699,-0.0029235257828039217,0.0351986364433621,0.7999667657618915,0.8,0.13713687802661015,-0.06058867521072241,0.3617020637183117,True
21.05,14.033168821090982,5.975413821144466,16.206010571966537,-0.0029905262412503637,0.0370968949845098,0.7999673850719713,0.8,0.13713698944033934,-0.056190501720941005,0.3610802242106504,True
21.1,14.072929440143715,5.980007138606351,16.246075397688188,-0.0029276077805547337,0.039349870174966245,0.7999679928412713,0.8,0.13713709877808122,-0.05170363062105319,0.36048525985111013,True
21.150000000000002,14.112731185843781,5.984213317220927,16.28613623824763,-0.002719513258933529,0.04196385834185473,0.7999685892848571,0.8,0.13713720607851532,-0.04715373152646757,0.35993092257601444,True
21.200000000000003,14.152568843035207,5.9880473484741294,16.32619041478665,-0.002350903822823507,0.0449440189453689,0.7999691746137867,0.8,0.13713731137960034,-0.04253192018209543,0.3594314425233034,True
21.25,14.192437619256667,5.9915244234170855,16.366234865012906,-0.0018063581335090798,0.04829464588479701,0.7999697490351845,0.8,0.1371374147185879,-0.03786080490887896,0.35900145209430456,True
21.3,14.23233312995573,5.994659932969371,16.406266122541066,-0.0010703696283073123,0.05201929426669041,0.799970312752315,0.8,0.1371375161320357,-0.033146685630941045,0.3586559541797224,True
21.35,14.272251397267294,5.997469330866152,16.446280304501123,-0.0001274830647262518,0.05612028314474233,0.7999708659646547,0.8,0.13713761565582047,-0.028393872528777498,0.35841033182026705,True
21.400000000000002,14.312188824349649,5.999968195425088,16.48627309140343,0.0010377675570770305,0.060599263720022147,0.7999714088679627,0.8,0.13713771332515043,-0.0236240351683419,0.3562047113663672,True
21.450000000000003,14.352142187489882,6.0021721159433215,16.52623971799427,0.002440743579404197,0.06545677452077726,0.7999719416543498,0.8,0.13713780917457796,-0.01883434070048097,0.3534001651901366,True
21.5,14.39210861612276,6.004096676881591,16.566174961807615,0.004096683262767427,0.07069235493472109,0.7999724645123468,0.8,0.13713790323801175,-0.014043964120039387,0.3502373782576098,True
21.55,14.432085572467127,6.005757449690775,16.606151162371912,0.005757449690775296,0.06307062892567886,0.7999729776269711,0.8,0.13713799554872871,-0.009261405651977387,0.35077152666035605,True
21.6,14.47207083724143,6.007169882767594,16.646136427146217,0.007169882767594338,0.05577247827928154,0.7999734811797918,0.8,0.13713808613938588,-0.004493931692927175,0.35146863750850804,True
21.650000000000002,14.512062484870048,6.00834932828961,16.686128074774835,0.008349328289609659,0.04886203187105183,0.7999739753489948,0.8,0.1371381750420318,0.00023991083247158575,0.3522936110759435,True
21.700000000000003,14.552058865751835,6.009310954587389,16.72612445565662,0.009310954587388842,0.04233717270629564,0.7999744603094451,0.8,0.13713826228811815,0.0049358073564867745,0.3532306717024646,True
21.75,14.592058584280771,6.010069712625578,16.766124174185556,0.010069712625577765,0.036194866326367155,0.7999749362327488,0.8,0.1371383479085104,0.009578039375113862,0.3542646294335216,True
21.8,14.632060476436983,6.010640320916707,16.80612606634177,0.010640320916706969,0.03043127643852992,0.7999754032873144,0.8,0.13713843193349917,0.014154975089043806,0.35538085933427166,True
21.85,14.672063589929456,6.011037181903405,16.846129179834243,0.011037181903405191,0.02504146879592916,0.7999758616384117,0.8,0.13713851439281058,0.018656634860511848,0.35656546928201466,True
21.900000000000002,14.712067161665097,6.011274372219778,16.886132751569882,0.011274372219777895,0.020019644474059822,0.7999763114482307,0.8,0.13713859531561715,0.023068913914521105,0.3578052388301989,True
21.950000000000003,14.752070597172304,6.011365592976621,16.92613618707709,0.011365592976621208,0.015359039910973211,0.7999767528759386,0.8,0.1371386747305479,0.027380533986874078,0.3590876949829138,True
22.0,14.79207345028028,6.0113241201821905,16.966139040185066,0.011324120182190534,0.011051874436829597,0.7999771860777369,0.8,0.1371387526656981,0.03133014768079249,0.36040117384850334,True
22.05,14.832075413670381,6.01116130949194,17.006141003575166,0.011161309491940052,0.0070793367342570695,0.7999776112069159,0.8,0.13713882914864006,0.035494282207947724,0.36173927736025846,True
22.1,14.872076264464557,6.010889479452684,17.046141854369342,0.01088947945268437,0.0034353935320817043,0.7999780284139091,0.8,0.13713890420643235,0.03952192293615326,0.36309094829504707,True
22.150000000000002,14.912075874405998,6.010522346129757,17.086141464310785,0.010522346129756777,0.00012315133912816929,0.7999784378463469,0.8,0.13713897786562895,0.043433442164531724,0.36444107887050536,True
22.200000000000003,14.952074210601124,6.010071614348812,17.12613980050591,0.010071614348811764,-0.0028676658149477557,0.7999788396491083,0.8,0.13713905015228975,0.04706371588610684,0.36407720404032007,True
22.25,14.99207129924096,6.009547737480526,17.166136889145747,0.009547737480525953,-0.0055531843789337326,0.7999792339643725,0.8,0.1371391210919887,0.05053206072097169,0.3638049025968024,True
22.3,15.032067205408843,6.008960165583676,17.20613279531363,0.008960165583675739,-0.007951375523341509,0.7999796209316692,0.8,0.13713919070982328,0.05381553970527775,0.3636822522729645,True
22.35,15.072062027281005,6.008318261515172,17.246127617185792,0.008318261515172232,-0.010076301122443568,0.7999800006879276,0.8,0.13713925903042365,0.056907772622406406,0.3636954733795224,True
22.400000000000002,15.112055884377392,6.007630641013594,17.286121474282176,0.007630641013594008,-0.01194320317969959,0.7999803733675255,0.8,0.13713932607796092,0.05981141201056814,0.36383122686904773,True
22.450000000000003,15.152048909281586,6.006905284989083,17.32611449918637,0.006905284989082716,-0.013567469021003042,0.7999807391023362,0.8,0.13713939187615576,0.06253017757054097,0.36407680492123395,True
22.5,15.192041241287262,6.006149598001786,17.36610683119205,0.0061495980017856056,-0.014964223532634857,0.7999810980217757,0.8,0.13713945644828718,0.06506835514334011,0.36442018871508985,True
22.55,15.23203302108612,6.005370428952455,17.406098610990906,0.005370428952454986,-0.016148263961777022,0.7999814502528483,0.8,0.13713951981720018,0.06743070222309676,0.36485004263662546,True
22.6,15.272024386524391,6.004574090608309,17.446089976429178,0.004574090608309156,-0.01713401869130909,0.7999817959201913,0.8,0.13713958200531426,0.06962237954522466,0.36535570279069296,True
22.650000000000002,15.312015469311023,6.003766379765844,17.486081059215806,0.0037663797658442633,-0.017935512488721255,0.7999821351461194,0.8,0.13713964303463133,0.07164888816751815,0.3659271632368263,True
22.700000000000003,15.352006392555067,6.002952597989524,17.526071982459854,0.002952597989524186,-0.018566336961878187,0.7999824680506681,0.8,0.13713970292674307,0.07351601084300106,0.3665550604117898,True
22.75,15.39199726901694,6.002137572777826,17.566062858921725,0.0021375727778263354,-0.01903962583677211,0.7999827947516358,0.8,0.1371397617028392,0.07522975751671503,0.3672306560167482,True
22.8,15.43198819996687,6.001325679015579,17.606053789871655,0.0013256790155793396,-0.01936803472807264,0.7999831153646259,0.8,0.13713981938371436,0.07679631482484091,0.36794581861355824,True
22.85,15.471979274552773,6.000520860583433,17.646044864457558,0.0005208605834328139,-0.019563725084828083,0.7999834300030871,0.8,0.13713987598977595,0.07822199946894465,0.368693004151481,True
22.900000000000002,15.51197056958889,5.9997266520067685,17.686036159493675,-0.0002733479932315319,-0.01963835200325258,0.7999837387783545,0.8,0.137139931541051,0.079513215331121,0.3689185396384587,True
22.950000000000003,15.551962149685485,5.998946200037251,17.726027739590272,-0.0010537999627491246,-0.019603055608393774,0.7999840417996879,0.8,0.13713998605719369,0.08067641418989592,0.36814848211848256,True
23.0,15.591954067648665,5.998182285070489,17.76601965755345,-0.001817714929511105,-0.019468455716709576,0.7999843391743112,0.8,0.13714003955749166,0.08171805989209065,0.3674242070234784,True
23.05,15.631946365087835,5.997437342313016,17.80601195499262,-0.00256265768698416,-0.019244649502160757,0.7999846310074504,0.8,0.13714009206087321,0.08264459583230173,0.36674518077875196,True
23.1,15.671939073176283,5.996713482620982,17.846004663081068,-0.0032865173790179725,-0.018941211899305213,0.7999849174023703,0.8,0.13714014358591428,0.0834624155891913,0.36611070148343144,True
23.150000000000002,15.711932213517917,5.9960125129416655,17.885997803422704,-0.003987487058334516,-0.018567198488013067,0.7999851984604114,0.8,0.13714019415084444,0.08417783656624989,0.3655199175131737,True
23.200000000000003,15.751925799080182,5.9953359562971,17.92599138898497,-0.004664043702899967,-0.018131150615757492,0.7999854742810256,0.8,0.13714024377355374,0.08479707648410854,0.3649718452007019,True
23.25,15.79191983515955,5.994685071256862,17.965985425064336,-0.00531492874313777,-0.017641102524920734,0.7999857449618117,0.8,0.13714029247159884,0.08532623257168313,0.36446538558747066,True
23.3,15.831914320351919,5.99406087085435,18.005979910256706,-0.005939129145650313,-0.017104590264131768,0.7999860105985498,0.8,0.13714034026220906,0.0857712633043757,0.3639993402443007,True
23.35,15.871909247505398,5.993464140907715,18.045974837410185,-0.006535859092284824,-0.01652866217426758,0.7999862712852347,0.8,0.13714038716229315,0.08613797253919947,0.3635724261632443,True
23.400000000000002,15.911904604637803,5.992895457713018,18.08597019454259,-0.007104542286982429,-0.015919890751348843,0.7999865271141099,0.8,0.13714043318844457,0.08643199589894117,0.3631832897271756,True
23.450000000000003,15.951900375805216,5.992355205083159,18.12596596571,-0.00764479491684078,-0.015284385700089241,0.7999867781756999,0.8,0.13714047835694765,0.08665878926020398,0.3628305197676414,True
23.5,15.991896541911686,5.991843590711726,18.16596213181647,-0.008156409288273991,-0.014627808003267706,0.7999870245588422,0.8,0.1371405226837831,0.0868236192034572,0.36251265972522717,True
23.55,16.03189308145322,5.991360661846019,18.205958671358005,-0.00863933815398088,-0.013955384843337026,0.7999872663507188,0.8,0.13714056618463427,0.08693155528686604,0.36222821893014223,True
23.6,16.071889971191936,5.990906320258366,18.24595556109672,-0.009093679741633665,-0.013271925223715881,0.7999875036368872,0.8,0.1371406088748919,0.08698746400965278,0.36197568302386784,True
23.650000000000002,16.111887186758473,5.990480336509163,18.285952776663258,-0.009519663490837438,-0.012581836147999032,0.7999877365013104,0.8,0.13714065076966014,0.08699600433510533,0.36175352354546186,True
23.700000000000003,16.15188470318261,5.990082363499155,18.325950293087395,-0.009917636500844651,-0.011889139225824413,0.7999879650263866,0.8,0.13714069188376185,0.08696162464785216,0.3615602067085915,True
23.75,16.19188249535359,5.989711949312136,18.365948085258374,-0.010288050687863759,-0.011197487584327507,0.7999881892929788,0.8,0.13714073223174345,0.0868885610248268,0.36139420139743317,True
23.8,16.231880538412785,5.9893685493525535,18.40594612831757,-0.010631450647446528,-0.010510182973967035,0.7999884093804428,0.8,0.13714077182788054,0.08678083670422762,0.3612539864113648,True
23.85,16.271878808082306,5.989051537785548,18.44594439798709,-0.01094846221445156,-0.009830192966999291,0.7999886253666558,0.8,0.1371408106861826,0.08664226264183729,0.36113805698979073,True
23.900000000000002,16.31187728093378,5.988760218289619,18.485942870838564,-0.011239781710380647,-0.009160168155995014,0.7999888373280438,0.8,0.1371408488203981,0.08647643904916012,0.361044930649572,True
23.950000000000003,16.351875934602045,5.988493834134498,18.52594152450683,-0.011506165865501572,-0.008502459268517998,0.7999890453396085,0.8,0.13714088624401935,0.0862867578130027,0.36097315236835115,True
24.0,16.391874747948727,5.988251577598942,18.56594033785351,-0.011748422401058,-0.00785913412240976,0.7999892494749539,0.8,0.13714092297028715,0.08607640570128026,0.36092129914761034,True
24.05,16.431873701180795,5.988032598744966,18.60593929108558,-0.011967401255033927,-0.007231994354042835,0.7999894498063124,0.8,0.13714095901219592,0.08584836826499123,0.36088798398958755,True
24.1,16.47187277592925,5.987836013566643,18.645938365834034,-0.012163986433357366,-0.006622591859413432,0.7999896464045704,0.8,0.1371409943824976,0.08560543435141642,0.36087185932222204,True
24.150000000000002,16.511871955292936,5.987660911532925,18.68593754519772,-0.012339088467075321,-0.00603224489504119,0.7999898393392934,0.8,0.13714102909370662,0.08535020114863717,0.3608716199061453,True
24.200000000000003,16.551871223852302,5.987506362545084,18.725936813757087,-0.012493637454915607,-0.005462053792332864,0.7999900286787502,0.8,0.13714106315810448,0.08508507968644403,0.36088600525736736,True
24.25,16.591870567657683,5.987371423330266,18.765936157562468,-0.012628576669733604,-0.004912916245351088,0.799990214489938,0.8,0.13714109658774346,0.08481230072356945,0.36091380161878256,True
24.3,16.63186997419641,5.9872551432933845,18.805935564101194,-0.012744856706615515,-0.004385542137815444,0.7999903968386051,0.8,0.13714112939445144,0.08453392095592221,0.36095384351294146,True
24.35,16.67186943234268,5.987156569850131,18.845935022247467,-0.012843430149868773,-0.003880467880659175,0.7999905757892745,0.8,0.13714116158983605,0.08425182948512813,0.3610050149077223,True
24.400000000000002,16.71186893229383,5.987074753264249,18.885934522198614,-0.012925246735751017,-0.003398070236580006,0.7999907514052671,0.8,0.13714119318528836,0.08396775449116486,0.3610662500256096,True
24.450000000000003,16.75186846549622,5.9870087510124534,18.925934055401004,-0.012991248987546555,-0.0029385796127679507,0.7999909237487236,0.8,0.13714122419198754,0.08368327005719224,0.3611365338262871,True
24.5,16.79186802456371,5.986957631700473,18.965933614468494,-0.013042368299527318,-0.002502092807379273,0.799991092880627,0.8,0.137141254620904,0.08339980309888753,0.3612149021911342,True
24.55,16.83186760319119,5.986920478553659,19.005933193095974,-0.013079521446340614,-0.0020885851993649954,0.7999912588608235,0.8,0.13714128448280424,0.08311864035456874,0.36130044183709187,True
24.6,16.87186719606546,5.986896392505464,19.045932785970244,-0.013103607494535652,-0.0016979223749684445,0.7999914217480443,0.8,0.13714131378825378,0.0828409353962747,0.3613922899861328,True
24.650000000000002,16.911866798775304,5.986884494906834,19.08593238868009,-0.01311550509316639,-0.0013298711875925082,0.7999915815999261,0.8,0.1371413425476214,0.08256771562561749,0.36148963381536003,True
24.700000000000003,16.951866407722378,5.986883929879254,19.125931997627163,-0.013116070120745782,-0.000984110250816951,0.7999917384730316,0.8,0.13714137077108277,0.08229988922173141,0.361591709711496,True
24.75,16.99186602003423,5.986893866333743,19.165931609939015,-0.013106133666257236,-0.000660239867134858,0.7999918924228695,0.8,0.13714139846862364,0.08203825201199855,0.3616978023522419,True
24.8,17.031865633480507,5.98691349967761,19.205931223385292,-0.013086500322390116,-0.00035779139748702587,0.7999920435039138,0.8,0.13714142565004417,0.08178349423935322,0.3618072436357411,True
24.85,17.071865246393166,5.986942053230273,19.24593083629795,-0.01305794676972738,-7.623607891977033e-05,0.7999921917696238,0.8,0.13714145232496155,0.08153620720297883,0.3619194114781016,True
24.900000000000002,17.111864857591353,5.98697877936879,19.28593044749614,-0.013021220631210362,0.00018500670031063905,0.7999923372724622,0.8,0.13714147850281386,0.08129688975202425,0.36192383451832827,True
24.950000000000003,17.151864466311356,5.987022960423158,19.32593005621614,-0.012977039576841598,0.00042656165710222604,0.7999924800639144,0.8,0.13714150419286333,0.0810659546146068,0.36189628298701876,True
25.0,17.191864072141925,5.987073909340732,19.36592966204671,-0.012926090659267864,0.0006490903887150983,0.7999926201945062,0.8,0.1371415294041996,0.08084373454685487,0.3618811558412156,True
25.05,17.231863674965116,5.987130970138398,19.4059292648699,-0.012869029861602321,0.0008532846528648306,0.7999927577138218,0.8,0.1371415541457431,0.08063048828907661,0.36187759013316567,True
25.1,17.27186327490266,5.9871935181604305,19.445928864807446,-0.01280648183956945,0.0010398601376058285,0.7999928926705216,0.8,0.13714157842624775,0.08042640631829498,0.3618847473370329,True
25.150000000000002,17.311862872267827,5.98726096015919,19.485928462172613,-0.012739039840809596,0.001209550704952939,0.799993025112359,0.8,0.1371416022543046,0.08023161638840305,0.36190181512570957,True
25.200000000000003,17.35186246752258,5.987332734215056,19.525928057427365,-0.012667265784943815,0.0013631030914020472,0.7999931550861978,0.8,0.13714162563834437,0.08004618885105876,0.36192800885038845,True
25.25,17.391862061239873,5.987408309511221,19.56592765114466,-0.012591690488778617,0.0015012720478797224,0.7999932826380283,0.8,0.1371416485866409,0.0798701417521728,0.3619625727440726,True
25.3,17.431861654070776,5.987487185978216,19.60592724397556,-0.01251281402178428,0.0016248159011667822,0.7999934078129836,0.8,0.13714167110731398,0.0797034457003924,0.36200478086953547,True
25.35,17.471861246716156,5.98756889382222,19.64592683662094,-0.01243110617777976,0.0017344925184881687,0.799993530655356,0.8,0.1371416932083318,0.07954602850547714,0.3620539378314995,True
25.400000000000002,17.511860839902578,5.987652992950495,19.685926429807363,-0.012347007049505088,0.001831055656731969,0.7999936512086128,0.8,0.137141714897514,0.07939777958575282,0.36210937927207343,True
25.450000000000003,17.55186043436212,5.9877390723064705,19.725926024266904,-0.012260927693529489,0.0019152516776432952,0.7999937695154105,0.8,0.13714173618253492,0.07925855414504245,0.3621704721677146,True
25.5,17.59186003081569,5.987826749126304,19.765925620720473,-0.012173250873695807,0.0019878166103227037,0.7999938856176111,0.8,0.1371417570709257,0.07912817712056289,0.36223661494519377,True
25.55,17.63185962995958,5.9879156681279655,19.805925219864363,-0.012084331872034504,0.0020494735424358467,0.7999939995562966,0.8,0.13714177757007712,0.07900644690424773,0.3623072374332529,True
25.6,17.671859232454864,5.988005500643198,19.84592482235965,-0.011994499356801747,0.0021009303217012676,0.7999941113717832,0.8,0.13714179768724236,0.07889313884082842,0.36238180066584397,True
25.650000000000002,17.71185883891934,5.988095943702006,19.885924428824126,-0.011904056297994181,0.0021428775494579787,0.7999942211036362,0.8,0.13714181742953913,0.078788008506773,0.36245979655204547,True
25.700000000000003,17.751858449921677,5.988186719078615,19.925924039826462,-0.011813280921384894,0.002175986848415359,0.7999943287906832,0.8,0.13714183680395275,0.07869079477487448,0.3625407474269461,True
25.75,17.7918580659775,5.988277572307226,19.965923655882285,-0.011722427692774318,0.002200909387047786,0.7999944344710285,0.8,0.13714185581733854,0.07860122266985395,0.36262420549701313,True
25.8,17.831857687547128,5.988368271675198,20.005923277451913,-0.011631728324801749,0.002218274643507461,0.7999945381820661,0.8,0.13714187447642384,0.0785190060208724,0.36270975219267004,True
25.85,17.871857315034692,5.988458607200733,20.045922904939477,-0.011541392799267136,0.00222868939238438,0.7999946399604936,0.8,0.1371418927878106,0.07844384991725814,0.36279699744005783,True
25.900000000000002,17.911856948788422,5.988548389601483,20.085922538693207,-0.01145161039851672,0.0022327368981360533,0.7999947398423243,0.8,0.1371419107579779,0.0783754529741371,0.362885578863193,True
25.950000000000003,17.951856589101894,5.988637449260001,20.12592217900668,-0.01136255073999859,0.0022309762995352117,0.7999948378629006,0.8,0.13714192839328404,0.07831350941492295,0.3629751609270182,True
26.0,17.991856236216,5.988725635191343,20.165921826120787,-0.011274364808657289,0.002223942170035671,0.7999949340569062,0.8,0.13714194569996893,0.07825771097788936,0.3630654340311102,True
26.05,18.031855890321555,5.988812814017673,20.20592148022634,-0.01118718598232693,0.0022121442395301207,0.7999950284583788,0.8,0.13714196268415604,0.07820774865418006,0.36315611356314415,True
26.1,18.07185555156229,5.9888988689542,20.245921141467075,-0.011101131045800017,0.0021960672635632727,0.7999951211007214,0.8,0.1371419793518548,0.07816331426477575,0.36324693892051896,True
26.150000000000002,18.111855220038198,5.988983698810301,20.285920809942983,-0.011016301189698652,0.002176171026665521,0.7999952120167146,0.8,0.13714199570896274,0.0781241018839857,0.3633376725079198,True
26.200000000000003,18.151854895809045,5.989067217009286,20.32592048571383,-0.01093278299071443,0.002152890467082553,0.7999953012385285,0.8,0.13714201176126753,0.07808980911706018,0.36342809871797166,True
26.25,18.191854578898,5.989149350629786,20.365920168802784,-0.010850649370214072,0.0021266359107897374,0.7999953887977334,0.8,0.1371420275144487,0.07806013823953446,0.36351802290152846,True
26.3,18.231854269295273,5.989230039471417,20.405919859200058,-0.0107699605285827,0.002097793403295314,0.7999954747253113,0.8,0.13714204297408022,0.07803479720584384,0.36360727033358625,True
26.35,18.271853966961718,5.98930923514695,20.445919556866503,-0.01069076485304965,0.0020667251283492346,0.799995559051667,0.8,0.1371420581456323,0.0780135005346813,0.3636956851802545,True
26.400000000000002,18.31185367183233,5.98938690020291,20.485919261737116,-0.010613099797089909,0.002033769903281803,0.7999956418066386,0.8,0.1371420730344728,0.07799597007846946,0.36378312947169733,True
26.450000000000003,18.351853383819602,5.989463007270199,20.525918973724387,-0.010536992729800687,0.0019992437412967023,0.7999957230195084,0.8,0.13714208764586988,0.07798193568416646,0.36386948208547293,True
26.5,18.391853102816704,5.989537538246035,20.56591869272149,-0.010462461753965258,0.00196344047163331,0.7999958027190126,0.8,0.13714210198499358,0.07797113575249195,0.3639546377442157,True
26.55,18.43185282870048,5.989610483508219,20.605918418605267,-0.010389516491780881,0.001926632409091947,0.7999958809333524,0.8,0.1371421160569173,0.07796331770246914,0.36403850603117327,True
26.6,18.471852561334227,5.9896818411625175,20.645918151239012,-0.01031815883748255,0.001889071064981379,0.799995957690203,0.8,0.13714212986662033,0.07795823834798624,0.36412101042668993,True
26.650000000000002,18.511852300570236,5.989751616323662,20.68591789047502,-0.010248383676337625,0.0018509878920980572,0.7999960330167244,0.8,0.1371421434189887,0.07795566419288914,0.36420208736832693,True
26.700000000000003,18.551852046252133,5.989819820430315,20.725917636156918,-0.010180179569685421,0.001812595056881253,0.79999610693957,0.8,0.13714215671881771,0.0779553716508748,0.3642816853369536,True
26.75,18.59185179821698,5.989886470594092,20.765917388121764,-0.01011352940590804,0.0017740862324053346,0.7999961794848969,0.8,0.13714216977081323,0.07795714719625091,0.36435976397078296,True
26.8,18.63185155629716,5.989951588982617,20.805917146201946,-0.010048411017383074,0.0017356374063695035,0.7999962506783744,0.8,0.1371421825795934,0.07796078745137097,0.36443629320901394,True
26.85,18.67185132032206,5.990015202236366,20.845916910226844,-0.009984797763634035,0.0016974076987257107,0.7999963205451939,0.8,0.1371421951496904,0.07796609921631872,0.3645112524664398,True
26.900000000000002,18.711851090119527,5.990077340918957,20.885916680024312,-0.009922659081042617,0.0016595401840460544,0.799996389110077,0.8,0.13714220748555173,0.0779728994461743,0.3645846298400971,True
26.950000000000003,18.751850865517163,5.990138039000391,20.925916455421948,-0.009861960999608677,0.0016221627141722054,0.7999964563972847,0.8,0.1371422195915424,0.07798101518093589,0.3646564213487826,True
27.0,18.79185064634342,5.990197333372635,20.965916236248205,-0.009802666627365397,0.0015853887371104253,0.799996522430626,0.8,0.13714223147194574,0.07799028343293032,0.3647266302060183,True
27.05,18.83185043242853,5.990255263396853,21.005916022333317,-0.009744736603146897,0.0015493181085365975,0.7999965872334662,0.8,0.13714224313096549,0.07800055103627905,0.36479526612683894,True
27.1,18.871850223605314,5.9903118704814915,21.0459158135101,-0.009688129518508504,0.0015140378926560038,0.7999966508287353,0.8,0.13714225457272675,0.07801167446276273,0.3648623446685635,True
27.150000000000002,18.911850019709807,5.9903671976903405,21.08591560961459,-0.00963280230965946,0.0014796231495230595,0.7999967132389356,0.8,0.1371422658012782,0.07802351960815443,0.36492788660554487,True
27.200000000000003,18.951849820581792,5.990421289379657,21.125915410486577,-0.009578710620343323,0.0014461377062666239,0.7999967744861506,0.8,0.13714227682059274,0.07803596155286846,0.3649919173377185,True
27.25,18.991849626065214,5.990474190863354,21.16591521597,-0.009525809136645691,0.0014136349099868255,0.799996834592052,0.8,0.13714228763456926,0.07804888430051785,0.36505446633263144,True
27.3,19.0318494360085,5.990525948105234,21.205915025913285,-0.0094740518947658,0.0013821583603903615,0.7999968935779075,0.8,0.13714229824703428,0.07806218049776129,0.3651155666004885,True
27.35,19.071849250264787,5.990576607437196,21.245914840169572,-0.009423392562803556,0.0013517426205134015,0.7999969514645888,0.8,0.13714230866174273,0.07807575113856187,0.36517525420165436,True
27.400000000000002,19.11184906869207,5.990626215302342,21.285914658596855,-0.009373784697658039,0.0013224139041443331,0.7999970082725787,0.8,0.13714231888237957,0.07808950525578846,0.36523356778592764,True
