time_s,x_m,y_m,progress_m,lateral_error_m,heading_error_rad,speed_mps,target_speed_mps,drive,steer,clearance_m,reference_valid
0.0,0.0,0.15,0.0,0.15,0.08,0.0,0.8,0.35,-0.31067044891537954,0.20166512260332825,True
0.05,0.0014558847563230898,0.15008588331262232,0.0014558847563230898,0.15008588331262232,0.07976841575479243,0.05831443590147568,0.8,0.35,-0.31152125558476784,0.2016454904353171,True
0.1,0.005830631586738995,0.1502168934269292,0.005830631586738995,0.1502168934269292,0.07814123264494366,0.11651566605872463,0.8,0.35,-0.3110202996341274,0.201980205540721,True
0.15000000000000002,0.013130451773368426,0.1501843607267837,0.013130451773368426,0.1501843607267837,0.07369322474943978,0.1744913620874936,0.8,0.35,-0.3073959930268513,0.2032878209319855,True
0.2,0.023341892325076125,0.14990803909379274,0.023341892325076125,0.14990803909379274,0.06619727001653904,0.23213093591663345,0.8,0.35,-0.30029283209468394,0.20571950751741178,True
0.25,0.036433608497967826,0.14944194175449646,0.036433608497967826,0.14944194175449646,0.056589580573239526,0.2893263743246895,0.8,0.35,-0.2907457526610029,0.20896001721948942,True
0.30000000000000004,0.05237433497340421,0.14875055562070943,0.05237433497340421,0.14875055562070943,0.04521768755124402,0.3459730318485169,0.8,0.35,-0.27905305279484593,0.2129521353567856,True
0.35000000000000003,0.07112763128739343,0.1477744478716636,0.07112763128739343,0.1477744478716636,0.03232774145326119,0.40197036999714497,0.8,0.35,-0.26537284008412976,0.2176911971860671,True
0.4,0.09265085788627297,0.14645175753218562,0.09265085788627297,0.14645175753218562,0.01820126484656277,0.4572226321563647,0.8,0.35,-0.24989514804002472,0.2231634700857936,True
0.45,0.11689569296542153,0.14472180045014502,0.11689569296542153,0.14472180045014502,0.003149555282940097,0.5116394452686154,0.8,0.35,-0.23284175044973968,0.2293434031579741,True
0.5,0.14380885864391194,0.14252834019358446,0.14380885864391194,0.14252834019358446,-0.012495578595695323,0.5651363412513684,0.8,0.3358550320105433,-0.21446175112892674,0.2287703281306749,True
0.55,0.17327459701571107,0.13982846007230157,0.17327459701571107,0.13982846007230157,-0.028360600941893035,0.6153010965430945,0.8,0.27116534170583384,-0.19506683472596112,0.22679983741314,True
0.6000000000000001,0.20490945001518174,0.1366208765478622,0.20490945001518174,0.1366208765478622,-0.04395147503147104,0.6537811212974747,0.8,0.22167987341077738,-0.17515502967334795,0.2254504514602646,True
0.65,0.23819352080544276,0.13294554204820172,0.23819352080544276,0.13294554204820172,-0.058778149726483875,0.6832764914384196,0.8,0.18388806047030187,-0.15528356297949988,0.22482326502733507,True
0.7000000000000001,0.27273039303219193,0.12885407707172222,0.27273039303219193,0.12885407707172222,-0.07250809747288581,0.7058821082938943,0.8,0.15506373362382048,-0.13586736557260415,0.224958327784242,True
0.75,0.30821923491991077,0.1244036381875738,0.30821923491991077,0.1244036381875738,-0.08493822588074706,0.723215164449717,0.8,0.1331010000721772,-0.1171983491683611,0.22585066610820373,True
0.8,0.34443268193340953,0.1196529776956123,0.34443268193340953,0.1196529776956123,-0.09596255711779744,0.7365193256980084,0.8,0.11637959455362903,-0.099472317532009,0.22746497514255698,True
0.8500000000000001,0.38119950133923436,0.11465972071639897,0.38119950133923436,0.11465972071639897,-0.10554536835712483,0.74674824723603,0.8,0.10365665698331793,-0.08281215791776457,0.22974706539736026,True
0.9,0.4183911297302554,0.10947861733151515,0.4183911297302554,0.10947861733151515,-0.11370020294604352,0.7546316029583815,0.8,0.09398101088327432,-0.06728653128070886,0.2326322481799531,True
0.9500000000000001,0.4559112951029174,0.10416052947998092,0.4559112951029174,0.10416052947998092,-0.12047403203789163,0.7607267666958575,0.8,0.08662597864993221,-0.052924432445227626,0.23605120178299477,True
1.0,0.493688064013293,0.09875193597560156,0.493688064013293,0.09875193597560156,-0.12593559755600303,0.7654589648317236,0.8,0.08103713231476795,-0.03972627968277879,0.23993390658310595,True
1.05,0.531667776627279,0.09329478251699624,0.531667776627279,0.09329478251699624,-0.13016699581641364,0.7691523010083066,0.8,0.07679189263730261,-0.027672229536904982,0.24421216947455415,True
1.1,0.569810440480812,0.0878265485921791,0.569810440480812,0.0878265485921791,-0.13325769628963302,0.7720536297127595,0.8,0.07356842355968574,-0.01672834305235587,0.2488211548823096,True
1.1500000000000001,0.6080862448862047,0.08238044161386761,0.6080862448862047,0.08238044161386761,-0.1353003510249696,0.774350870475449,0.8,0.07112176037765688,-0.006851123680444021,0.2537002374353,True
1.2000000000000002,0.6464729324569776,0.07698565834714137,0.6464729324569776,0.07698565834714137,-0.13638790039557794,0.7761870246451292,0.8,0.06926553380075075,0.0020091607576047405,0.2587934046581069,True
1.25,0.6849538238893328,0.07166767528458023,0.6849538238893328,0.07166767528458023,-0.1366116065249039,0.7776708842761904,0.8,0.06785800378897947,0.009906054958734523,0.2640493701446116,True
1.3,0.7235163391712542,0.06644854459928995,0.7235163391712542,0.06644854459928995,-0.13605974488179276,0.7788852028650654,0.8,0.06679140167860251,0.016895153024762383,0.26942150713251267,True
1.35,0.7621508950591962,0.06134718229282166,0.7621508950591962,0.06134718229282166,-0.1348167598122758,0.7798929231918319,0.8,0.06598380552537439,0.02303281800201644,0.2748676760584147,True
1.4000000000000001,0.8008500870280019,0.05637964156904885,0.8008500870280019,0.05637964156904885,-0.13296274550785397,0.7807419205942213,0.8,0.06537295154420256,0.028375253740590224,0.2803499942254339,True
1.4500000000000002,0.839608085721745,0.05155936841896406,0.839608085721745,0.05155936841896406,-0.13057315442444842,0.7814686134265227,0.8,0.06491152317618488,0.03297783398555218,0.28583457827581804,True
1.5,0.8784201946578156,0.04689743871744527,0.8784201946578156,0.04689743871744527,-0.12771866422088857,0.782100710005875,0.8,0.06456356666491547,0.036894619673056746,0.2912912784400627,True
1.55,0.9172825287224625,0.04240277739411908,0.9172825287224625,0.04240277739411908,-0.12446515490528556,0.7826592978461808,0.8,0.0643017647531019,0.04017801447676152,0.2966934158067791,True
1.6,0.9561917827553822,0.03808236084609819,0.9561917827553822,0.03808236084609819,-0.12087376239049105,0.7831604322332484,0.8,0.06410536364420985,0.04287852249983106,0.3020175288693695,True
1.6500000000000001,0.995145066963338,0.033941403976696725,0.995145066963338,0.033941403976696725,-0.11700098480784743,0.7836163438681278,0.8,0.06395859703933478,0.04504458200514524,0.30724313246548174,True
1.7000000000000002,1.0341397915753585,0.029983533243428964,1.0341397915753585,0.029983533243428964,-0.1128988249883616,0.784036356777085,0.8,0.06384948826348213,0.046722456259924564,0.3123524903122601,True
1.75,1.073173587474376,0.02621094698863709,1.073173587474376,0.02621094698863709,-0.10861495741424139,0.78442758591333,0.8,0.06376893989533938,0.04795616771567778,0.3173304012281653,True
1.8,1.112244252832703,0.02262456417206956,1.112244252832703,0.02262456417206956,-0.10419291132937894,0.7847954672757855,0.8,0.06371004196962801,0.04878746542117072,0.32216399853168454,True
1.85,1.1513497182857944,0.019224162463834293,1.1513497182857944,0.019224162463834293,-0.09967226403981432,0.785144160724924,0.8,0.06366754631908644,0.049255818191847406,0.32684256182530824,True
1.9000000000000001,1.1904880250862877,0.016008506507891908,1.1904880250862877,0.016008506507891908,-0.09508884006025757,0.785476856048918,0.8,0.06363746718402724,0.049398427935752866,0.3313573402822248,True
1.9500000000000002,1.2296573121299736,0.012975467039308354,1.2296573121299736,0.012975467039308354,-0.09047491289686704,0.7857960055080361,0.8,0.0636167777760209,0.049250258880830136,0.335701386570497,True
2.0,1.2688558088449697,0.010122131435179097,1.2688558088449697,0.010122131435179097,-0.08585940705594354,0.7861035005131896,0.8,0.06360317975341034,0.04884407941692661,0.33986940062241405,True
2.0500000000000003,1.3080818317672467,0.007444906198315903,1.3080818317672467,0.007444906198315903,-0.08126809844004464,0.7864008058573723,0.8,0.06359492809583339,0.04821051396864185,0.3438575825526953,True
2.1,1.3473337832525962,0.0049396118116137085,1.3473337832525962,0.0049396118116137085,-0.07672381171003846,0.7866890616973479,0.8,0.0635906980689471,0.04737810283058632,0.34766349412894704,True
2.15,1.3866101512452227,0.002601570356038175,1.3866101512452227,0.002601570356038175,-0.07224661350295998,0.7869691610342421,0.8,0.06358948416626795,0.04637336827997473,0.35128592829050176,True
2.2,1.4259095093732201,0.0004256862529445661,1.4259095093732201,0.0004256862529445661,-0.06785400063417554,0.7872418085806012,0.8,0.06359052334394712,0.04522088557150439,0.3547247862922157,True
2.25,1.4652305168995599,-0.0015934795311738992,1.4652305168995599,-0.0015934795311738992,-0.06356108260029326,0.7875075654871349,0.8,0.06359323671018599,0.04394335764329106,0.3547940030537386,True
2.3000000000000003,1.5045719182456148,-0.0034616414950742113,1.5045719182456148,-0.0034616414950742113,-0.05938075785107939,0.7877668833276155,0.8,0.06359718523368467,0.042561692539159306,0.3541329508556056,True
2.35,1.5439325419394332,-0.0051847275167454625,1.5439325419394332,-0.0051847275167454625,-0.05532388342403496,0.7880201299237847,0.8,0.06360203610133423,0.041095082694970836,0.35358370670481876,True
2.4000000000000004,1.5833112989358697,-0.006768822367266263,1.5833112989358697,-0.006768822367266263,-0.051399437640686454,0.7882676089716479,0.8,0.06360753716517623,0.03956108535404779,0.35313734802153224,True
2.45,1.6227071803202322,-0.008220116526869149,1.6227071803202322,-0.008220116526869149,-0.047614675653368625,0.7885095749591432,0.8,0.06361349753390856,0.0379757034754982,0.3527853382862419,True
2.5,1.662119254448989,-0.00954486001075985,1.662119254448989,-0.00954486001075985,-0.04397527770827658,0.7887462445070341,0.8,0.06361977283165024,0.03635346658378009,0.3525195361966653,True
2.5500000000000003,1.7015466636062204,-0.010749320917279752,1.7015466636062204,-0.010749320917279752,-0.04048549005691337,0.7889778049928072,0.8,0.06362625400178368,0.03470751108130192,0.35233220121459474,True
2.6,1.7409886202674263,-0.01183974841629766,1.7409886202674263,-0.01183974841629766,-0.037148258505278184,0.7892044211106672,0.8,0.06363285880345965,0.033049659610434476,0.3522159958685956,True
2.6500000000000004,1.7804444030665052,-0.01282233990153405,1.7804444030665052,-0.01282233990153405,-0.033965354639392674,0.7894262398637156,0.8,0.06363952535328044,0.03139049910860677,0.3521639851660612,True
2.7,1.8199133525598623,-0.013703212036991952,1.8199133525598623,-0.013703212036991952,-0.030937494807986604,0.7896433943651291,0.8,0.06364620722034771,0.02973945725133903,0.35216963345272867,True
2.75,1.8593948668756926,-0.014488375434836904,1.8593948668756926,-0.014488375434836904,-0.028064451979145037,0.7898560067345561,0.8,0.06365286970111317,0.028104877023990674,0.35222679904004184,True
2.8000000000000003,1.8988883973280337,-0.015183712709914513,1.8988883973280337,-0.015183712709914513,-0.02534516061813947,0.7900641903071309,0.8,0.06365948699029453,0.026494089204358962,0.35232972690141845,True
2.85,1.9383934440653359,-0.015794959664557365,1.9383934440653359,-0.015794959664557365,-0.02277781475912934,0.7902680513202311,0.8,0.0636660400323473,0.02491348257555827,0.3524730397181315,True
2.9000000000000004,1.9779095518128469,-0.01632768936632849,1.9779095518128469,-0.01632768936632849,-0.020359959464470747,0.7904676902033997,0.8,0.06367251488980936,0.023368571722289753,0.35265172753467494,True
2.95,2.01743630575769,-0.01678729889077871,2.01743630575769,-0.01678729889077871,-0.018088575882495905,0.7906632025666942,0.8,0.06367890150419622,0.021858079764259485,0.35286113626257853,True
3.0,2.0569733269611015,-0.01717903938503412,2.0569733269611015,-0.01717903938503412,-0.01596044170496718,0.7908546799598174,0.8,0.06368519275502922,0.02034041312964028,0.3530968313211405,True
3.0500000000000003,2.096520264449044,-0.017508333687506813,2.096520264449044,-0.017508333687506813,-0.01397434875430064,0.7910422104569872,0.8,0.06369138374528188,0.01881275448116662,0.3533536247667334,True
3.1,2.1360767933991487,-0.017780891410247687,2.1360767933991487,-0.017780891410247687,-0.012131177089039623,0.7912258791092882,0.8,0.06369747125878182,0.017268779878793144,0.35362543509382155,True
3.1500000000000004,2.175642617102603,-0.018002526366074207,2.175642617102603,-0.018002526366074207,-0.010432235840191437,0.7914057682962106,0.8,0.06370345334820421,0.015696586806933376,0.3539059576990722,True
3.2,2.21521746427271,-0.018179237686855948,2.21521746427271,-0.018179237686855948,-0.008879691528363102,0.7915819580004582,0.8,0.06370932902224383,0.01410608805655808,0.3541884566119331,True
3.25,2.2548010879844838,-0.01831713608429686,2.2548010879844838,-0.01831713608429686,-0.007475803801641491,0.7917545260243212,0.8,0.06371509800810599,0.012496518429510118,0.354466063829295,True
3.3000000000000003,2.2943932637949813,-0.01842235765434706,2.2943932637949813,-0.01842235765434706,-0.0062224008101496794,0.7919235481615083,0.8,0.0637207605711987,0.010875858176710987,0.3547320211147677,True
3.35,2.3339937866820737,-0.01850106645504466,2.3339937866820737,-0.01850106645504466,-0.0051209699733314636,0.7920890983349951,0.8,0.06372631737826742,0.009255634860673474,0.35497965112768126,True
3.4000000000000004,2.3736024684618973,-0.018559351260630796,2.3736024684618973,-0.018559351260630796,-0.004172078337707635,0.7922512487089091,0.8,0.06373176939352057,0.007646749906719362,0.35520263295604165,True
3.45,2.413219134581234,-0.018603166647713495,2.413219134581234,-0.018603166647713495,-0.003375234233805773,0.7924100697805474,0.8,0.06373711779981048,0.006058517902661687,0.355395102700395,True
3.5,2.4528436208202673,-0.018638306306739218,2.4528436208202673,-0.018638306306739218,-0.002728990907764443,0.7925656304571559,0.8,0.06374236393884392,0.0045111080924383545,0.3555516498613576,True
3.5500000000000003,2.492475770400489,-0.018670302418179737,2.492475770400489,-0.018670302418179737,-0.0022305087685413113,0.792717998120991,0.8,0.06374750926584508,0.003013520690234109,0.35566754797482925,True
3.6,2.5321154311453955,-0.0187043654803776,2.5321154311453955,-0.0187043654803776,-0.0018755692993315742,0.7928672386853417,0.8,0.0637525553151938,0.0015792618040578116,0.35573881062425994,True
3.6500000000000004,2.571762452968572,-0.018745381859422115,2.571762452968572,-0.018745381859422115,-0.0016588884729269952,0.7930134166435459,0.8,0.06375750367440161,0.00023062517452461178,0.3557621004844876,True
3.7,2.6114166861247847,-0.018797777256672497,2.6114166861247847,-0.018797777256672497,-0.0015734887545708327,0.7931565951125497,0.8,0.0637623559644198,-0.001031581397855627,0.3557350515177064,True
3.75,2.6510779797373787,-0.01886553063173122,2.6510779797373787,-0.01886553063173122,-0.001611297342944603,0.7932968358721904,0.8,0.06376711382475712,-0.002179583883920058,0.35565607653190173,True
3.8000000000000003,2.6907461811058973,-0.018952106147354975,2.6907461811058973,-0.018952106147354975,-0.0017628867350197215,0.7934341994010992,0.8,0.06377177890225182,-0.003208124520413228,0.3555245109990893,True
3.85,2.7304211357068486,-0.019060351620430138,2.7304211357068486,-0.019060351620430138,-0.002017263876580232,0.7935687449099108,0.8,0.06377635284261819,-0.004109934639207716,0.35534077574907946,True
3.9000000000000004,2.770102687468607,-0.019192590555461957,2.770102687468607,-0.019192590555461957,-0.0023628375003487824,0.7937005303723008,0.8,0.06378083728410315,-0.00485831713085468,0.3551059962973281,True
3.95,2.8097906800868753,-0.01935044967125841,2.8097906800868753,-0.01935044967125841,-0.002786405320958713,0.7938296125542517,0.8,0.0637852338527444,-0.005463061761385262,0.354822474272389,True
4.0,2.8494849584452857,-0.019534899332092123,2.8494849584452857,-0.019534899332092123,-0.0032739590567485524,0.7939560470418536,0.8,0.06378954415884605,-0.005896336814377136,0.35449340649004873,True
4.05,2.889185370470569,-0.019746236105272243,2.889185370470569,-0.019746236105272243,-0.0038106304743426673,0.7940798882678752,0.8,0.06379376979437953,-0.00615734750065379,0.3541229169383092,True
4.1000000000000005,2.928891769702198,-0.01998395203915354,2.928891769702198,-0.01998395203915354,-0.004380191085920479,0.7942011895372846,0.8,0.06379791233108792,-0.0062474947277530585,0.35371633449594286,True
4.15,2.9686040168869545,-0.020246897711922972,2.9686040168869545,-0.020246897711922972,-0.004966433136628444,0.7943200030518611,0.8,0.06380197331912493,-0.006139192344031657,0.3532796192981713,True
4.2,3.0083219828303918,-0.020533100167223282,3.0083219828303918,-0.020533100167223282,-0.00555190361722184,0.7944363799340077,0.8,0.06380595428609945,-0.005851025099749017,0.35281991940153856,True
4.25,3.048045550187065,-0.020839812873736464,3.048045550187065,-0.020839812873736464,-0.0061187163421316335,0.7945503702498463,0.8,0.06380985673643004,-0.005358551540787482,0.3523452796227314,True
4.3,3.0877746147669343,-0.021163548627216526,3.0877746147669343,-0.021163548627216526,-0.006648700675923569,0.7946620230316653,0.8,0.06381368215093346,-0.004664116895246012,0.35186456463652716,True
4.3500000000000005,3.127509087460246,-0.02149992945692455,3.127509087460246,-0.02149992945692455,-0.007122633928500866,0.7947713862997713,0.8,0.06381743198659198,-0.003776971943625768,0.3513878368840607,True
4.4,3.167248893120128,-0.021843892612425305,3.167248893120128,-0.021843892612425305,-0.007521834514980559,0.7948785070837869,0.8,0.06382110767645648,-0.0026706284489347335,0.35092567971027855,True
4.45,3.206993970987119,-0.02218951802992525,3.206993970987119,-0.02218951802992525,-0.007826798725764327,0.7949834314434306,0.8,0.06382471062965236,-0.0013693013531763194,0.3504897751358248,True
4.5,3.2467442726087916,-0.022530075705622737,3.2467442726087916,-0.022530075705622737,-0.008017908513168047,0.7950862044888047,0.8,0.0638282422314645,0.000146053063707293,0.350092648887501,True
4.55,3.2864997581336097,-0.022858103716712753,3.2864997581336097,-0.022858103716712753,-0.008075783712621892,0.7951868704002176,0.8,0.06383170384347991,0.0018711755525200326,0.34974749071215394,True
4.6000000000000005,3.326260393057256,-0.023165253096547052,3.326260393057256,-0.023165253096547052,-0.007980338065377514,0.7952854724475575,0.8,0.06383509680377732,0.003790528052474004,0.3494685919966506,True
4.65,3.3660261403728433,-0.02344251164938294,3.3660261403728433,-0.02344251164938294,-0.007712415299879717,0.7953820530092368,0.8,0.06383842242714922,0.0059268925293983,0.34927064128028906,True
4.7,3.4057969540024837,-0.02368006180759828,3.4057969540024837,-0.02368006180759828,-0.007252509556867985,0.7954766535907211,0.8,0.06384168200534965,0.008252948188377261,0.3491692491534446,True
4.75,3.4455727689312154,-0.023867323326048195,3.4455727689312154,-0.023867323326048195,-0.0065813227149012,0.7955693148426557,0.8,0.06384487680736149,0.010780482614468666,0.34918074504144325,True
4.800000000000001,3.48535348907638,-0.02399306823749939,3.48535348907638,-0.02399306823749939,-0.005680284427806867,0.7956600765786026,0.8,0.06384800807967775,0.013502848988928878,0.349321912956213,True
4.8500000000000005,3.5251389749767488,-0.024045282832929976,3.5251389749767488,-0.024045282832929976,-0.004530573088905945,0.7957489777923977,0.8,0.06385107704659264,0.0163994306080477,0.34961042444149865,True
4.9,3.564929027372948,-0.024011391872462973,3.564929027372948,-0.024011391872462973,-0.003114649428752752,0.7958360566751389,0.8,0.06385408491050083,0.01948590083662546,0.35006416505743254,True
4.95,3.6047233709792534,-0.023878164786361386,3.6047233709792534,-0.023878164786361386,-0.0014151991594918692,0.7959213506318141,0.8,0.0638570328522011,0.02273353597172358,0.35070164637783996,True
5.0,3.644521635498843,-0.02363175766272121,3.644521635498843,-0.02363175766272121,0.0005844837828564106,0.7960048962975781,0.8,0.0,0.0,0.3511946720149844,False
5.050000000000001,3.6840599875855515,-0.02343889795436931,3.6840599875855515,-0.02343889795436931,0.001656515980772392,0.7855827674878858,0.8,0.0,0.0,0.35106928852713165,False
5.1000000000000005,3.7230841532492107,-0.023374254374775166,3.7230841532492107,-0.023374254374775166,0.001656511797813016,0.7754300263978134,0.8,0.0,0.0,0.3511339333481969,False
5.15,3.7616072013174957,-0.023310441065342517,3.7616072013174957,-0.023310441065342517,0.00165650761485364,0.7655363617226991,0.8,0.0,0.0,0.35119774789910063,False
5.2,3.799641838705265,-0.023247436972784967,3.799641838705265,-0.023247436972784967,0.001656503431894264,0.7558919817733752,0.8,0.0,0.0,0.3512607532331293,False
5.25,3.8372002950554536,-0.023185221834577895,3.8372002950554536,-0.023185221834577895,0.001656499248934888,0.7464875821522932,0.8,0.0,0.0,0.35132296961280746,False
5.300000000000001,3.87429434634561,-0.02312377613984627,3.87429434634561,-0.02312377613984627,0.0016564950659755117,0.7373143158129329,0.8,0.08964052838750595,0.08726468145980794,0.35138441654901015,True
5.3500000000000005,3.9113038292114983,-0.022506536558685477,3.9113038292114983,-0.022506536558685477,0.005507981293373967,0.7431220135004344,0.8,0.0832160912199909,0.09244733410725356,0.3508594973799643,True
5.4,3.948563829309716,-0.021100009480658946,3.948563829309716,-0.021100009480658946,0.01349230995503251,0.7477300953927959,0.8,0.07833287370890092,0.09311040348001426,0.3499042735212914,True
5.45,3.986017755960162,-0.019345003654302192,3.986017755960162,-0.019345003654302192,0.021782903370484163,0.7514209720461419,0.8,0.07462301723283227,0.09369954046528256,0.3492156404157324,True
5.5,4.0236222940477875,-0.0172611317152898,4.0234868070289265,-0.017353600381617915,0.022337876655711037,0.7544099441583867,0.8,0.07180615795093795,0.09445691750083575,0.35104378697237404,True
5.550000000000001,4.061343382382044,-0.01484369961193889,4.061033065277657,-0.015467715571147336,0.018297513954876124,0.756861082062163,0.8,0.06966873242378628,0.09539117347824051,0.3541191503704282,True
5.6000000000000005,4.0991540008923755,-0.012086552109274793,4.098720609433351,-0.013718121074116536,0.01431192385907358,0.758899382509046,0.8,0.06804813032287867,0.09648340095891046,0.35704418437815594,True
5.65,4.137032450586429,-0.00898332680547046,4.136529136428376,-0.012102015786822344,0.010399399070069787,0.7606200608993453,0.8,0.06682057874947926,0.09771759371432753,0.35981617751808026,True
5.7,4.174961034799167,-0.005527549013225297,4.174442520000531,-0.010615752894321253,0.006576190131575982,0.7620956454528938,0.8,0.0658918910109246,0.09907912975784375,0.36243383559670883,True
5.75,4.212925049254192,-0.0017125951494599985,4.212447850271959,-0.009254987613845581,0.002856807875210324,0.7633813883086704,0.8,0.06519040936357717,0.10054813726588172,0.36489705168543474,True
5.800000000000001,4.250912014622031,0.0024682737520726494,4.250534702275714,-0.008014841875711992,-0.0007460870144455205,0.7645193899526695,0.8,0.06466162536339831,0.10210841974308019,0.3667636050919183,True
5.8500000000000005,4.288911093416005,0.007021866677869335,4.288694577904796,-0.00689004229340851,-0.004221714769267637,0.7655417412169341,0.8,0.06426408135691994,0.10374258396658799,0.3668572260727191,True
5.9,4.326912645478076,0.011955034956561578,4.326920479973141,-0.005875012520467276,-0.007561016184013766,0.7664729158550693,0.8,0.0639662493878786,0.10543307921958207,0.36688296011280164,True
5.95,4.364907893313564,0.017274612811677956,4.365206586778461,-0.004963977484633537,-0.010756680957116932,0.7673315918487861,0.8,0.06374415524121149,0.10716237956119809,0.3668485814460123,True
6.0,4.402888670272077,0.02298735871505451,4.403548002800913,-0.004151052627675509,-0.013803147379640154,0.7681320374909476,0.8,0.06357957021745692,0.10891579667352108,0.3667614505187097,True
6.050000000000001,4.440847230457536,0.02909991271372897,4.441940567475797,-0.0034303070388785953,-0.016696428553785003,0.7688851660350834,0.8,0.06345863527461432,0.1106762150373991,0.36662850683962517,True
6.1000000000000005,4.478776108758506,0.035618741756037714,4.480380707869536,-0.002795831645233976,-0.019434115564607723,0.7695993380351638,0.8,0.06337081433344686,0.11242903189656966,0.36645620391382827,True
6.15,4.516668019951371,0.04255007901406692,4.518865324489979,-0.0022418087123115453,-0.02201530604903376,0.7702809716610369,0.8,0.06330809810739335,0.1141632233988682,0.36625046443801296,True
6.2,4.5545157812316255,0.04989990511143783,4.557391703214084,-0.0017625358273132084,-0.02444039110573712,0.7709350069014774,0.8,0.06326439856373234,0.11586299357113632,0.366016722081947,True
6.25,4.592312262573556,0.05767389209023802,4.595957445822318,-0.001352485410937961,-0.026711069154806755,0.7715652586082635,0.8,0.0632350884159839,0.11752071255838628,0.36575986030450724,True
6.300000000000001,4.630050351727876,0.06587737073589929,4.634560415549776,-0.0010063394255100957,-0.028830173969569824,0.7721746849845895,0.8,0.06321665093958981,0.11912707232268828,0.36548423011144876,True
6.3500000000000005,4.667722926422682,0.07451533201330184,4.673198694848275,-0.0007189886918290285,-0.030801385878860166,0.7727655917614272,0.8,0.06320641369917421,0.12067324356025846,0.36519373677330674,True
6.4,4.705322844760454,0.0835923837182187,4.7118705505536855,-0.0004855773103394754,-0.032629281226956436,0.7733397874634115,0.8,0.06320234609249392,0.12215692120095091,0.3648917816458743,True
6.45,4.74284293367725,0.09311276087127139,4.750574407177362,-0.0003014923710023836,-0.034319014440522655,0.773898701480299,0.8,0.06320290542444236,0.12357642549092936,0.36458136599700697,True
6.5,4.78027597809853,0.10308035317684541,4.789308826181291,-0.00016233596577358537,-0.03587596081970287,0.7744434738554229,0.8,0.06320691988360627,0.12493064271471499,0.3642652233633696,True
6.550000000000001,4.817614719570987,0.11349870267662797,4.828072488460718,-6.392750365458734e-05,-0.03730569373949941,0.7749750235686588,0.8,0.06321349957801628,0.12621931349820414,0.3639458233484105,True
6.6000000000000005,4.854851857258767,0.12437100541716599,4.866864180081372,-2.3020564906821147e-06,-0.03861390557619848,0.7754941004680764,0.8,0.06322196890478927,0.12744219603908943,0.36362539574732866,True
6.65,4.891980051477745,0.13570011262244466,4.90568278042347,2.6290604313012033e-05,-0.039806293814319216,0.7760013247696473,0.8,0.06323181513950057,0.12859950094587305,0.36325338282137687,True
6.7,4.928991929457544,0.14748853073715412,4.944527252156111,2.5385561849749632e-05,-0.04088868886053776,0.7764972171052211,0.8,0.06324264935654064,0.12969201554691348,0.36293853568942436,True
6.75,4.965880091178099,0.15973842664536445,4.983396632889525,-1.692601049667221e-06,-0.04186685734640089,0.7769822213847442,0.8,0.0632541767236661,0.13072049177948636,0.3626770191456314,True
6.800000000000001,5.002637116386276,0.1724516319843338,5.022290027965553,-5.18263229122192e-05,-0.042746506633945136,0.7774567221955421,0.8,0.06326617392268274,0.13168600935215888,0.3623705138566009,True
6.8500000000000005,5.039255572549307,0.1856296468407991,5.061206604146286,-0.00012210248453607542,-0.04353336030518962,0.7779210580484757,0.8,0.06327847198712144,0.13258993444407954,0.36207100137269566,True
6.9,5.075728022353894,0.19927364664220185,5.100145584184363,-0.00020980674190337447,-0.04423298000591558,0.7783755314667363,0.8,0.06329094325755442,0.13343384375507683,0.3617795465671018,True
6.95,5.112047031216127,0.2133844896706895,5.139106242033199,-0.00031241740664147825,-0.0448508906193229,0.7788204166742732,0.8,0.06330349146677468,0.13421967059016635,0.3614970377021044,True
7.0,5.148205174297286,0.2279627261487978,5.178087898636682,-0.0004275978439251528,-0.045392403995321906,0.7792559654593051,0.8,0.06331604420395082,0.1350359084008196,0.36122424469839337,True
7.050000000000001,5.184194836259429,0.24300915834632436,5.217089945294171,-0.0005526009696509419,-0.04585872008286601,0.7796824116503582,0.8,0.06332854718696566,0.1359904167442869,0.3609635483928526,True
7.1000000000000005,5.220007846241214,0.25852570513909556,5.256111886671716,-0.0006833312219433251,-0.04624176534466212,0.7800999745373421,0.8,0.06334095990906792,0.13708063060050268,0.36072137843971736,True
7.15,5.255635495322413,0.2745151425352009,5.295153334203407,-0.0008145903043524074,-0.04652859391426162,0.7805088614904192,0.8,0.06335325233004746,0.13837522234769117,0.3605066853787214,True
7.2,5.291068531854782,0.29098094769338956,5.3342140051600015,-0.0009402159499724202,-0.04670315495490563,0.7809092699687857,0.8,0.06336540236127075,0.1398705635508201,0.36033028822020874,True
7.25,5.326297048348803,0.3079274188601494,5.3732937357405595,-0.0010529223230508228,-0.04674633416340691,0.7813013890653955,0.8,0.06337739395405524,0.14155042999527745,0.3602050237190264,True
7.300000000000001,5.361310629620602,0.3253591856612032,5.412392463097017,-0.001144800912635359,-0.04663996946670057,0.7816854006986204,0.8,0.0633892156465818,0.14340820830769632,0.3601440804259036,True
7.3500000000000005,5.396098350513886,0.3432811295855721,5.451510225997523,-0.001207383824667612,-0.04636693371923306,0.782061480535215,0.8,0.06340085945929293,0.14540121224542532,0.36016091489713786,True
7.4,5.430648843897275,0.3616981671171211,5.490647156856499,-0.0012318597432235832,-0.04591241477864083,0.7824297987087108,0.8,0.06341232005513747,0.14747862842241893,0.36026866694850607,True
7.45,5.46495047244689,0.3806148602964242,5.529803463197844,-0.0012094889931101877,-0.04526603748389434,0.7827905203819826,0.8,0.06342359410109742,0.1495922885552847,0.3604791300848804,True
7.5,5.498991437743,0.4000352173404546,5.568979417150033,-0.0011318200800053196,-0.044422076988772985,0.7831438061910365,0.8,0.06343467978269085,0.1516870512852162,0.3608024740252761,True
7.550000000000001,5.532759902443163,0.41996250381826117,5.608175344414787,-0.000990903058740072,-0.04337964901817454,0.7834898125981836,0.8,0.06344557643473939,0.1536866644560742,0.36124697524444005,True
7.6000000000000005,5.566244213462169,0.44039890668834525,5.647391605623879,-0.0007796808639494099,-0.04214426329579979,0.7838286921760086,0.8,0.06345628426050418,0.1555575782265791,0.36181817013790657,True
7.65,5.599433014047676,0.4613454568199603,5.686628590483937,-0.0004921023116011265,-0.040726403847431425,0.7841605938384119,0.8,0.06346680411798725,0.15722419568467577,0.36251914988562484,True
7.7,5.632315396099362,0.4828019023656818,5.725886709701786,-0.00012329997899425028,-0.03914193148712786,0.7844856630311005,0.8,0.0634771373572902,0.15864380415905735,0.3633502580572258,True
7.75,5.66488112659882,0.504766490544706,5.765166383379228,0.00033011276014946385,-0.03741235300928025,0.7848040418909406,0.8,0.06348728569678586,0.15979761884356986,0.3636484803624504,True
7.800000000000001,5.697120635447971,0.5272361730645806,5.804468048690342,0.0008702270385788642,-0.0355620792656256,0.78511586938133,0.8,0.06349725112880066,0.1606152753455122,0.36364909450427313,True
7.8500000000000005,5.729025250888501,0.550206404200723,5.8437921491097535,0.0014975437346735764,-0.03361980122269881,0.7854212814090399,0.8,0.06350703584773569,0.16111059840289088,0.3635898927397428,True
7.9,5.760587276441779,0.5736712176971754,5.883139135626313,0.002210995116602592,-0.03161700439014614,0.7857204109266678,0.8,0.0635166421952566,0.16124703170086538,0.3634627909528104,True
7.95,5.7917999745507345,0.5976234315749471,5.922509471023863,0.0030081205786119357,-0.029586301859623743,0.786013388023864,0.8,0.06352607261846598,0.16100981249211388,0.3632607350190777,True
8.0,5.822657797617739,0.622054481882292,5.961903618358724,0.0038847928771419487,-0.02756272729352749,0.7863003400097327,0.8,0.0635353296379578,0.16043181234132642,0.36297759207325064,True
8.05,5.853156235573388,0.6469548075732259,6.001322047446369,0.00483561201604776,-0.02558054776954488,0.7865813914882444,0.8,0.06354441582339417,0.1594655663446382,0.36260868939619817,True
8.1,5.883291971756325,0.6723137743956694,6.04076522194026,0.005853741757100142,-0.023674690217957543,0.786856664428059,0.8,0.06355333377481187,0.15815708678605198,0.36215056111616234,True
8.15,5.913062937327568,0.6981197460802214,6.080233589578552,0.0069309220196466376,-0.021880227062864854,0.7871262782278312,0.8,0.06356208610829586,0.15650334475019123,0.36160108937180196,True
8.200000000000001,5.942468139265237,0.7243604257318379,6.119727576575603,0.008057830766787935,-0.02023019460755915,0.7873903497778144,0.8,0.06357067544498496,0.15449645005012397,0.3609597891839347,True
8.25,5.9715079013606065,0.7510226548005153,6.159247563545275,0.009223762240340112,-0.018758029303290066,0.7876489935183957,0.8,0.06357910440261931,0.15219248181710412,0.3602274205982788,True
8.3,6.000183659455275,0.7780927630268231,6.198793873405587,0.010417012146062823,-0.017494928169405122,0.7879023214960418,0.8,0.06358737558903352,0.14955035370678368,0.35940638828610416,True
8.35,6.0284980502860055,0.8055565361783009,6.238366745882713,0.01162477993075579,-0.01647130249980966,0.788150443417031,0.8,0.06359549159713768,0.1466177690243908,0.3585004205303072,True
8.4,6.056454997753359,0.8333991945373079,6.277966309878124,0.012833079987602407,-0.01571729046839032,0.7883934666992599,0.8,0.0636034550010394,0.14340256616941197,0.35751451619259994,True
8.450000000000001,6.084059460472667,0.8616057351587728,6.317592560188151,0.014027149036436256,-0.015260188677153952,0.7886314965223493,0.8,0.06361126835304376,0.1398870251475796,0.3564553051345827,True
8.5,6.111317694233993,0.8901606921033548,6.357245318760527,0.015191076277856489,-0.0151277386010511,0.7888646358762263,0.8,0.06361893418132912,0.1361272821862173,0.35533045947961817,True
8.55,6.138237059440817,0.9190483900795263,6.396924202988819,0.016308104847834674,-0.01534582914051219,0.7890929856083219,0.8,0.06362645498814576,0.13208041020923297,0.3541490808969554,True
8.6,6.164826062381444,0.9482529315049113,6.436628585293556,0.017360579378704586,-0.015939454881513385,0.7893166444694942,0.8,0.0636338332484196,0.1277834769218018,0.35292148178063176,True
8.65,6.191094478730123,0.9777581059102898,6.476357547306618,0.018329781325043024,-0.016933859509841942,0.7895357091587679,0.8,0.06364107140867342,0.12324592545352551,0.35165902455969644,True
8.700000000000001,6.217053066793533,1.0075476923833533,6.516109839202597,0.01919633335143825,-0.018351989897077536,0.789750274366961,0.8,0.06364817188619429,0.11844078474616394,0.3503744807269975,True
8.75,6.2427138291721915,1.0376052188334355,6.5558838235532555,0.019939833374171264,-0.020217357608920627,0.7899604328192603,0.8,0.06365513706839743,0.11341869883387137,0.3490815659361358,True
8.8,6.268089841832188,1.0679141350590966,6.59567742479611,0.02053908900841631,-0.022552264034219616,0.7901662753167948,0.8,0.06366196931234525,0.10813818215066508,0.34779524277422036,True
8.85,6.293195247847552,1.098457815866288,6.63548807182363,0.02097211782256022,-0.02537837118480568,0.7903678907772503,0.8,0.06366867094439005,0.10262828929769996,0.34653156669605245,True
8.9,6.318045387637437,1.129219442378122,6.675312631810058,0.021215967223669085,-0.028717607739686013,0.7905653662745618,0.8,0.0636752442599172,0.09689953358928602,0.3453076158294548,True
8.950000000000001,6.34265649956711,1.1601822517559781,6.715147354597301,0.0212471029442995,-0.03258994670371251,0.7907587870777157,0.8,0.06368169152317016,0.0909259359681983,0.34414177184739914,True
9.0,6.367045940619646,1.191329324678215,6.754987796931603,0.021041105222680767,-0.037015717117056535,0.7909482366886919,0.8,0.06368801496714285,0.0847525265204025,0.3430533625713609,True
9.05,6.39123202663359,1.2226436969122043,6.7948287565408325,0.020572868264084637,-0.042014271835491224,0.7911337968795692,0.8,0.06369421679352749,0.07834823929870682,0.34206287248464395,True
9.1,6.415233974448189,1.2541083710484524,6.834664201839315,0.019816661449855635,-0.04760381540978897,0.7913155477288212,0.8,0.06370029917271008,0.07173798450316683,0.3411919505941864,True
9.15,6.439072002058513,1.2857061957538076,6.874487190161784,0.01874598893307914,-0.05380259882292493,0.7914935676568212,0.8,0.0637062642438054,0.06493809139840169,0.3404632237400307,True
9.200000000000001,6.462767029766316,1.3174200568179562,6.914289808891308,0.017333959675925586,-0.06062668463309562,0.7916679334605794,0.8,0.06371211411472656,0.05793165578346046,0.33990059782272625,True
9.25,6.486340819084064,1.3492327100191335,6.954063091452934,0.01555309742083284,-0.06809163106428263,0.7918387203477296,0.8,0.06371785086228436,0.050761730186550946,0.3395289793625778,True
9.3,6.509815815173333,1.3811268435449224,6.993796952801434,0.013375530337801932,-0.07621159356260898,0.7920060019697858,0.8,0.06372347653231218,0.043414313671778344,0.33937436858746733,True
9.35,6.533215029081069,1.4130850988002115,7.033480128460262,0.010773128848842385,-0.08499883676097753,0.7921698504546839,0.8,0.06372899313981427,0.035916538314621986,0.33946388193630506,True
9.4,6.55656207498282,1.4450899680967764,7.073100102836136,0.007717451417103967,-0.0944647907732814,0.7923303364386277,0.8,0.06373440266913412,0.028293509690621367,0.3398255240856657,True
9.450000000000001,6.579880879452255,1.4771239339492404,7.1126430781907395,0.00418010142238714,-0.10461773536761731,0.7924875290972532,0.8,0.06373970707414088,0.020545572193872545,0.3404885097590628,True
9.5,6.603195712699564,1.5091693605909453,7.152092308828835,0.00016966685170228732,-0.1084642200277336,0.792641496176128,0.8,0.06374490827843228,0.012715413740325912,0.34341414581079205,True
9.55,6.6265310270766165,1.5412085271291023,7.191569924334823,-0.0036223202645553824,-0.09373617852850535,0.792792304020601,0.8,0.0637500081755521,0.004812682770504077,0.34412753798337037,True
9.600000000000001,6.649911279606956,1.5732236689162287,7.231143903614509,-0.006945035998895863,-0.07971793953009454,0.7929400176050161,0.8,0.06375500862922046,-0.00313064895701611,0.34480077893919864,True
9.65,6.673360888324775,1.6051969197264127,7.270800823046003,-0.009826825929771132,-0.06641958968000683,0.7930847005613054,0.8,0.06375991147357622,-0.011078035833299624,0.3457366782050524,True
9.700000000000001,6.696903969304588,1.6371104160650645,7.310528535815119,-0.012296087686306287,-0.053847616184152014,0.7932264152069742,0.8,0.06376471851343067,-0.019006128219037483,0.3469000769302772,True
9.75,6.720564238788077,1.6689462831923236,7.350316125808076,-0.014381159380519329,-0.04200519361176258,0.7933652225724925,0.8,0.06376943152453027,-0.02687396490734912,0.34825722756412897,True
9.8,6.744364866586398,1.7006866620777086,7.390153855605416,-0.016110149611039157,-0.03089215128013656,0.7935011824281056,0.8,0.06377405225382876,-0.034648836491868854,0.3497759812760852,True
9.850000000000001,6.768328282153506,1.7323137785478373,7.4300331052338855,-0.017510709412657602,-0.02050458545615985,0.793634353310077,0.8,0.0637785824197665,-0.042295835903287886,0.3514261318887,True
9.9,6.792476067446303,1.7638099577539543,7.469946297736158,-0.01860991166689991,-0.010835018024489718,0.7937647925463751,0.8,0.06378302371255794,-0.04977872009848417,0.3531794882229109,True
9.950000000000001,6.816828804265097,1.7951576831499638,7.5098868213575845,-0.01943407275207978,-0.0018723982842218099,0.7938925562818169,0.8,0.06378737779448496,-0.05706174738910396,0.3550100443995883,True
10.0,6.841405935973381,1.8263396577155377,7.549848946508216,-0.020008589415472317,0.006398187114101228,0.7940176995026802,0.8,0.0637916463001959,-0.06411606839329954,0.3530937205178857,True
10.05,6.866225678850425,1.8573388414053997,7.589827740775171,-0.020357834330267652,0.013994701068248294,0.7941402760607958,0.8,0.06379583083701011,-0.0709065999935678,0.35049811565380673,True
10.100000000000001,6.891304916048391,1.888138515883153,7.629818984676135,-0.020505025552582955,0.02093861591339541,0.794260338697131,0.8,0.06379993298522701,-0.07740885940277788,0.34830406052362206,True
10.15,6.916659112187435,1.9187223485494385,7.669819088951865,-0.020472116464332682,0.027254363451900687,0.7943779390648755,0.8,0.06380395429843837,-0.08360311354149932,0.3464807618052738,True
10.200000000000001,6.942302307836039,1.9490744076445974,7.709825017732117,-0.02027978183846494,0.03296862098152664,0.7944931277520412,0.8,0.06380789630384523,-0.08946519724068552,0.34499823841554195,True
10.25,6.968247057886023,1.979179233962914,7.749834215194326,-0.019947327191689228,0.038110487147960614,0.7946059543035843,0.8,0.06381176050257736,-0.09499052069907454,0.34382736244206036,True
10.3,6.994504451180614,2.0090218594874023,7.789844540213819,-0.019492696451626226,0.04271047537355455,0.7947164672430634,0.8,0.06381554837001463,-0.1001683210077047,0.3429401428582931,True
10.350000000000001,7.021084158412839,2.0385878103521713,7.829854209274867,-0.018932512524536437,0.04680006355241883,0.7948247140938406,0.8,0.0638192613561114,-0.10499957109118563,0.3423098073637283,True
10.4,7.0479944489604085,2.0678631419866127,7.869861744046904,-0.0182820740457875,0.05041143433138795,0.7949307413998367,0.8,0.0638229008857218,-0.1094941248247148,0.3419108690678694,True
10.450000000000001,7.07524230614769,2.09683439446705,7.909865931019637,-0.01755547885032601,0.05357619822281801,0.7950345947458503,0.8,0.06382646835892726,-0.11366292227347548,0.3417193592272152,True
10.5,7.102833514833891,2.1254885695792898,7.949865786360801,-0.01676571213807984,0.05632539468514297,0.7951363187774503,0.8,0.06382996515136373,-0.11751784208549396,0.3417127216103195,True
10.55,7.130772718902717,2.1538131338530646,7.989860523921765,-0.015924694570187733,0.058688796704289614,0.7952359572204497,0.8,0.06383339261455104,-0.12107094473340846,0.34186994896875983,True
10.600000000000001,7.159063478114271,2.1817960227931743,8.029849527308777,-0.015043328567193575,0.06069550935623469,0.7953335528999718,0.8,0.06383675207622101,-0.12433506858189734,0.34217134713902686,True
10.65,7.1877083263355575,2.20942564385667,8.069832325706741,-0.014131545779601287,0.06237314495395041,0.7954291477591152,0.8,0.06384004484064672,-0.1273231653128423,0.3425987111134936,True
10.700000000000001,7.216708831671037,2.2366908768981957,8.109808573119253,-0.013198356856076881,0.06374837198572358,0.7955227828772284,0.8,0.06384327218897135,-0.13004818343180036,0.34313510266309666,True
10.75,7.246065653982975,2.263581075820133,8.149778030271648,-0.012251897593116871,0.06484690510536328,0.7956144984878012,0.8,0.06384643537953547,-0.13252328960380652,0.3437647948453054,True
10.8,7.275778603215046,2.290086067756268,8.189740549113095,-0.011299476413920269,0.06569289402523959,0.7957043339959804,0.8,0.06384953564820517,-0.1347620017589456,0.34447338963549423,True
10.850000000000001,7.305846699657468,2.3161961479126636,8.229696059753776,-0.010347625280900975,0.06630960678473341,0.7957923279957202,0.8,0.06385257420869785,-0.1367769236502516,0.34524756016604174,True
10.9,7.336268229147314,2.3419020768690664,8.269644558917811,-0.009402144306884698,0.0667188560293126,0.7958785182865726,0.8,0.06385555225290726,-0.1385814136242655,0.3460751629908224,True
10.950000000000001,7.3670407984241715,2.367195074870154,8.30958610013439,-0.008468147639891562,0.06694147909636439,0.7959629418901267,0.8,0.06385847095122772,-0.14023491270420044,0.3469450465629629,True
11.0,7.398161604005876,2.3920665652590825,8.34952080750176,-0.0075504369466152695,0.06699461177803046,0.7960456350661046,0.8,0.06386133145287558,-0.14190338691781607,0.3478474566635157,True
11.05,7.429628231061639,2.4165072436943795,8.389448949232023,-0.006654728817142148,0.06688501860292784,0.7961266333281205,0.8,0.06386413488620969,-0.1435988513176225,0.34877472473411475,True
11.100000000000001,7.461438707935635,2.4405069093361322,8.429370943603548,-0.005787822493010984,0.06661063598124806,0.7962059714591109,0.8,0.06386688235904986,-0.14539311890979278,0.3497206536243534,True
11.15,7.4935911881578985,2.4640547464155973,8.469287327972705,-0.004957187130634776,0.06616561292035306,0.796283683526442,0.8,0.06386957495899306,-0.14731138183088413,0.3506794793571091,True
11.200000000000001,7.526084087474711,2.4871390720083704,8.509198775337698,-0.004171251410716144,0.0655393142691677,0.7963598028967024,0.8,0.06387221375372741,-0.14933666035762538,0.3516458709088117,True
11.25,7.558915749239033,2.5097476741136626,8.549106061489963,-0.003438941331900214,0.06472099441797341,0.7964343622501865,0.8,0.06387479979134407,-0.15147271821350872,0.35261404922355233,True
11.3,7.5920843163406895,2.531867929908527,8.589010052278178,-0.0027695196261069404,0.06370034843969952,0.7965073935950762,0.8,0.06387733410064625,-0.1536813931690561,0.35357779166162157,True
11.350000000000001,7.625587612784943,2.553486932281691,8.62891169059857,-0.0021724255878152452,0.062468709951910895,0.7965789282813266,0.8,0.06387981769145584,-0.15591383013939095,0.35453024895077256,True
11.4,7.659422865434903,2.57459187279766,8.66881196470714,-0.0016568148080724732,0.0610217040460902,0.7966489970142624,0.8,0.06388225155491785,-0.15812169457468384,0.3554636403683795,True
11.450000000000001,7.693586576058537,2.595170267952023,8.708711891273055,-0.0012313130835564664,0.059359685387998073,0.7967176298678913,0.8,0.06388463666380065,-0.1602526604842161,0.3563693704690617,True
11.5,7.728074429522008,2.6152101678381374,8.748612501474057,-0.0009038041007719355,0.057487676499494704,0.7967848562979393,0.8,0.06388697397279532,-0.16222960265454023,0.35723825397039144,True
11.55,7.7628811198753285,2.6347005328768986,8.788514818043788,-0.0006810300872656412,0.055417122426668186,0.7968507051546154,0.8,0.06388926441881024,-0.16402034719087535,0.3580603995966095,True
11.600000000000001,7.798000348192839,2.653631392774882,8.828419850573848,-0.0005684652861728502,0.05316463296494123,0.7969152046951102,0.8,0.06389150892126419,-0.16555139005420771,0.3588256892536106,True
11.65,7.833424815767123,2.6719940366564976,8.868328590337333,-0.000570156986320162,0.050751995769579124,0.7969783825958345,0.8,0.06389370838237514,-0.1667834243464241,0.35952392110018877,True
11.700000000000001,7.869146171748395,2.689781315106836,8.908242000693022,-0.0006884431904769003,0.04820640722595193,0.7970402659644034,0.8,0.0638958636874467,-0.1677011328396986,0.3601450114298872,True
11.75,7.905155217606855,2.706987516352927,8.948161033075452,-0.0009241623696896402,0.04555772844014705,0.7971008813513709,0.8,0.06389797570515099,-0.1682385826377318,0.360679569017817,True
11.8,7.941441872670328,2.723608662804677,8.988086618230565,-0.001276375541906514,0.0428398876214236,0.7971602547617215,0.8,0.06390004528780856,-0.16841836409413893,0.3611187552310862,True
11.850000000000001,7.977995320488933,2.7396424975564724,9.02801967427811,-0.001742441987362908,0.04008862949356513,0.7972184116661213,0.8,0.0639020732716652,-0.16820232430787163,0.36145485408909805,True
11.9,8.014804188731663,2.7550883792572978,9.06796111529065,-0.0023181869899264553,0.03734082325052063,0.7972753770119373,0.8,0.06390406047716467,-0.16759117498175502,0.36168130151899314,True
11.950000000000001,8.051856553505194,2.769947519982775,9.107911841802725,-0.0029976802217184235,0.034634914011170914,0.7973311752340264,0.8,0.0639060077092191,-0.1666171502949698,0.361792772867633,True
12.0,8.089140229150804,2.7842226130662846,9.14787275346956,-0.0037736832635527377,0.03200775423616209,0.7973858302653013,0.8,0.06390791575747523,-0.1652405817669047,0.36178566239484766,True
12.05,8.12664277040702,2.7979180351704125,9.187844733795874,-0.0046374520972896184,0.02949672272974296,0.7974393655470764,0.8,0.06390978539657781,-0.1635197948546208,0.36165766615394523,True
12.100000000000001,8.164351609357775,2.8110397521060975,9.227828643624816,-0.005578861967724089,0.027138039762453214,0.7974918040391994,0.8,0.06391161738642963,-0.16143876481640138,0.36140815626537115,True
12.15,8.202254230251075,2.8235950832896886,9.267825313479124,-0.0065866745719487165,0.024966036325845042,0.7975431682299728,0.8,0.06391341247244761,-0.15901354631650894,0.36103813731698065,True
12.200000000000001,8.240338139700405,2.8355929495951684,9.30783551787422,-0.007648278567099353,0.02301483030889806,0.7975934801458695,0.8,0.0639151713858162,-0.1562917900338049,0.36055002393708724,True
12.25,8.278591094845556,2.8470434371712168,9.34785996476203,-0.008750159436658614,0.021315549532144318,0.7976427613610467,0.8,0.0639168948437367,-0.15323679990852515,0.3599479977034066,True
12.3,8.317001072532625,2.8579580036575924,9.387899264007704,-0.009877676077613404,0.019898634218802558,0.7976910330066632,0.8,0.06391858354967371,-0.14991080822449473,0.3592375659721984,True
12.350000000000001,8.355556342922869,2.8683494067198905,9.42795390029152,-0.011015133389179244,0.01879325184317887,0.7977383157800031,0.8,0.0639202381935978,-0.14629582920852285,0.35842567285979776,True
12.4,8.394245583639414,2.878231461885908,9.468024205193998,-0.012146029216496181,0.018026276327203328,0.7977846299534106,0.8,0.06392185945222496,-0.1424037469922473,0.3575207652746647,True
12.450000000000001,8.433057818075609,2.8876193339514726,9.508110315476749,-0.013252739701578687,0.017624890986744076,0.79782999538304,0.8,0.06392344798925259,-0.1382765288645583,0.35653235297696995,True
12.5,8.471982568199092,2.8965291151588946,9.548212141425504,-0.01431694983665964,0.017613466806672085,0.797874431517424,0.8,0.0639250044555923,-0.13387056175167128,0.3554715101374508,True
12.55,8.511009800055474,2.9049780638810327,9.588329319619861,-0.01531939275567107,0.018016292352721203,0.7979179574058651,0.8,0.06392652948959875,-0.12924083345941167,0.35435034400513027,True
12.600000000000001,8.55012995536363,2.9129845583129357,9.628461167296999,-0.016239887850476798,0.018857128313579136,0.7979605917066532,0.8,0.0639280237172958,-0.12436227970229041,0.353182100750255,True
12.65,8.589334016365713,2.9205678725120907,9.668606636328523,-0.017057560550578086,0.020157901649381832,0.7980023526951129,0.8,0.0639294877525989,-0.11924138547440205,0.3519813435574013,True
12.700000000000001,8.628613435864946,2.927748482765356,9.708764253519096,-0.0177505168084322,0.021941512251941627,0.7980432582714843,0.8,0.06393092219753446,-0.11391186171526202,0.350763465088925,True
12.75,8.667960230651069,2.934547667820498,9.748932070778428,-0.018296244471710923,0.024228540508079488,0.7980833259686414,0.8,0.06393232764245521,-0.10833000502013672,0.3495452700911244,True
12.8,8.70736692093057,2.9409877414936325,9.789107599485277,-0.018671366521458673,0.027039894133127018,0.7981225729596503,0.8,0.06393370466625328,-0.1025433771238325,0.34834445797683145,True
12.850000000000001,8.746826532243084,2.9470920105417533,9.829287745815215,-0.018851678964453642,0.030396028689891358,0.7981610160651711,0.8,0.06393505383656901,-0.0965271698360781,0.34717983104563516,True
12.9,8.786332619060362,2.9528845663791663,9.869468748277027,-0.0188123590578927,0.03431622605288213,0.798198671760707,0.8,0.06393637570999751,-0.09028847986157855,0.34607131501463156,True
12.950000000000001,8.825879194485879,2.9583905499837475,9.909646098145227,-0.018527694989330833,0.03882011641427526,0.7982355561837039,0.8,0.06393767083229077,-0.08385634067462593,0.3450398018271056,True
13.0,8.865460768951136,2.9636357839470517,9.949814477332733,-0.017971461470829442,0.04392546818190338,0.7982716851405023,0.8,0.06393893973855795,-0.07719718382896078,0.3441074403251523,True
13.05,8.905072283970778,2.968646956443502,9.989967676824673,-0.017116738276323082,0.049649897240323454,0.7983070741131469,0.8,0.06394018295346102,-0.07035426572610133,0.3432973378001421,True
13.100000000000001,8.944709085388736,2.9734515607071716,10.030098520752873,-0.01593598113248332,0.056010193975237606,0.7983417382660546,0.8,0.06394140099140869,-0.06331191468924847,0.34263370774387,True
13.15,8.98436690797964,2.9780776956806676,10.070198799400995,-0.01440123631175738,0.06302165520271286,0.7983756924525446,0.8,0.06394259435674636,-0.05608377158399322,0.34214187064252133,True
13.200000000000001,9.024041799704083,2.9825542450831044,10.110259182928663,-0.012483977881610361,0.07069914527066484,0.7984089512212349,0.8,0.06394376354394288,-0.04869948057794037,0.341848131902604,True
13.25,9.06373011176906,2.9869105441588943,10.150269167759456,-0.01015546603880191,0.07905518351725883,0.7984415288223056,0.8,0.06394490903777476,-0.0411437578996928,0.3417799976625506,True
13.3,9.103428423143756,2.9911764793880113,10.190217002264284,-0.007386673830840087,0.0881010315062219,0.798473439213633,0.8,0.06394603131350736,-0.033458850367499564,0.3419659541472977,True
13.350000000000001,9.143133487311129,2.9953823972454168,10.230089628829788,-0.004148411340930285,0.0978465182412861,0.798504696066798,0.8,0.06394713083707249,-0.02564718209136628,0.34243541507636865,True
13.4,9.18284218788783,2.999558890348383,10.269872647888977,-0.00041157722320457716,0.1082987287478541,0.7985353127729693,0.8,0.06394820806524354,-0.017731633467276534,0.34321886031831256,True
13.450000000000001,9.222551457394012,3.0037368664120287,10.309616146649374,0.0036205746312961504,0.10186462188542969,0.7985653024486664,0.8,0.06394926344580759,-0.009746724477249757,0.34182589093412297,True
13.5,9.262258234643626,3.0079472629600765,10.349455486930873,0.007217093632125432,0.08727914002032611,0.7985946779414029,0.8,0.06395029741773438,-0.0017017118379979027,0.3423697007699684,True
13.55,9.301959390977357,3.01222102085323,10.389380247249228,0.0103481328384617,0.07342688544587635,0.7986234518352134,0.8,0.06395131041134326,0.0063601764260171915,0.3432004908902305,True
13.600000000000001,9.341651668800784,3.0165889532557673,10.429377320220768,0.013043115892126875,0.060315890704992665,0.7986516364560674,0.8,0.06395230284846569,0.014412906280653831,0.34428123085129153,True
13.65,9.381331633641835,3.0210815050488438,10.469434916634054,0.015331401677148259,0.047950529890307944,0.79867924387717,0.8,0.0639532751426069,0.022423436473985196,0.3455764235138158,True
13.700000000000001,9.420995609580613,3.02572869714129,10.509542507806433,0.017242195080076066,0.036332002310041925,0.798706285924155,0.8,0.06395422769910325,0.030351597660050307,0.34705206586076964,True
13.75,9.460639638025526,3.0305599069192013,10.54969076663154,0.018804298000549325,0.025457678289938113,0.7987327741801697,0.8,0.06395516091527757,0.03816616869896336,0.3486760918679531,True
13.8,9.500259434766427,3.0356037304550103,10.589871492697052,0.02004594718558233,0.015321224829117103,0.7987587199908557,0.8,0.0639560751805916,0.045829918500266874,0.350418498023641,True
13.850000000000001,9.539850353198254,3.0408878648499535,10.630077530665552,0.02099467706209271,0.005912733629403408,0.7987841344692261,0.8,0.06395697087679618,0.053305355794439374,0.35225143630200306,True
13.9,9.579407365536712,3.046438922482253,10.670302684929034,0.021677118378145375,-0.0027815277305060226,0.798809028500444,0.8,0.06395784837807786,0.06055992409171135,0.3524972525068738,True
13.950000000000001,9.618925047732017,3.0522823113153494,10.710541629650427,0.02211886719402705,-0.010778898134333859,0.7988334127465,0.8,0.06395870805120446,0.06756328405228337,0.34968712352067266,True
14.0,9.658397572245118,3.058442143651695,10.750789819319,0.022344385911552588,-0.018099958462006627,0.7988572976507959,0.8,0.06395955025566627,0.07428100373162509,0.3473006949126122,True
14.05,9.697818719574334,3.0649410944124895,10.791043400448691,0.02237685604198222,-0.024768590203691123,0.7988806934426324,0.8,0.06396037534381632,0.08069484662488209,0.34530596553353765,True
14.100000000000001,9.737181890167506,3.0718003479430003,10.831299127247515,0.022238122195114587,-0.03081141999604378,0.7989036101416045,0.8,0.06396118366100718,0.08677910092983766,0.34367166318450093,True
14.15,9.776480124896121,3.079039557572117,10.871554283194795,0.021948650321970995,-0.03625737193320541,0.7989260575619076,0.8,0.06396197554572561,0.09252051321036817,0.3423674227317811,True
14.200000000000001,9.815706139230683,3.0866767819886127,10.911806607486302,0.021527463164209178,-0.04113738147138496,0.7989480453165533,0.8,0.06396275132972506,0.09791385671807114,0.3413639330908199,True
14.25,9.854852344990961,3.094728550830036,10.952054232522034,0.020992206672882346,-0.04548347107309997,0.7989695828214993,0.8,0.06396351133815563,0.10295089374590376,0.3406331339227232,True
14.3,9.893910888455306,3.10320986128996,10.992295626282276,0.02035914658757124,-0.04932845725366067,0.7989906792996949,0.8,0.06396425588969094,0.10763907883746071,0.34014829261622187,True
14.350000000000001,9.932873683510614,3.112134231178755,11.032529543446588,0.01964322180683964,-0.05270533327334484,0.7990113437850415,0.8,0.06396498529665454,0.11199024611306628,0.33988411595536194,True
14.4,9.971732428809437,3.121513839134198,11.072754987940613,0.018858186182971436,-0.05564629489555362,0.7990315851262733,0.8,0.06396569986514182,0.11601640560354642,0.3398168741729174,True
14.450000000000001,10.010478637290767,3.1313595903607268,11.112971178300086,0.01801667459158231,-0.05818252067507915,0.7990514119907574,0.8,0.06396639989514137,0.11972937343473478,0.3399243803062456,True
14.5,10.04910367098489,3.141681158335145,11.153177516425119,0.01713024394745039,-0.06034421487887157,0.7990708328682156,0.8,0.06396708568065343,0.12314274231760303,0.3401859192911477,True
14.55,10.087598773635518,3.1524870384580503,11.193373561021732,0.016209425680570225,-0.06216034955804858,0.79908985607437,0.8,0.06396775750980611,0.12626953186442108,0.34058225377666124,True
14.600000000000001,10.12595510208291,3.163784604506246,11.233559004855058,0.015263780399596314,-0.06365878189617769,0.7991084897545132,0.8,0.06396841566497023,0.1291231058295714,0.34109552048559943,True
14.65,10.164163758610494,3.1755801573163125,11.273733654682006,0.014301943872256239,-0.06486620155554867,0.7991267418870057,0.8,0.06396906042287054,0.13171751062320614,0.34170918589769994,True
14.700000000000001,10.202215819593452,3.187878983186048,11.313897414569926,0.013331682321571343,-0.06580798781504771,0.7991446202867007,0.8,0.06396969205469648,0.13406602419543415,0.34240801998598647,True
14.75,10.24010236347568,3.200685407806206,11.35405027135987,0.012359942541458327,-0.06650829890591586,0.7991621326082986,0.8,0.06397031082621053,0.13618165270909952,0.3431780095775634,True
14.8,10.277814498842119,3.2140028436199857,11.394192281761116,0.011392894608307103,-0.06699008813198754,0.7991792863496331,0.8,0.06397091699785325,0.13807898322050124,0.3440063016580962,True
14.850000000000001,10.315343385946809,3.2278338520496392,11.434323562277998,0.010435989598459892,-0.06727500721284237,0.7991960888548889,0.8,0.06397151082484845,0.13977636444654795,0.3448811654360875,True
14.9,10.352680244627443,3.242180236308893,11.474444282953314,0.009494049430985398,-0.06738314541735302,0.7992125473177539,0.8,0.06397209255730478,0.14143471258610696,0.34579197074413015,True
14.950000000000001,10.389816020917655,3.257044073543324,11.514554730283155,0.008572352696872114,-0.06732610065370337,0.7992286687845065,0.8,0.063972662440316,0.14312086309326585,0.3467300914414721,True
15.0,10.42674108386426,3.2724284263493946,11.554655352604776,0.00767740848271409,-0.06710448463797253,0.7992444601570388,0.8,0.06397322071405967,0.14486331077043565,0.3476888463878627,True
15.05,10.463445346118878,3.28833679754603,11.5947467191509,0.006816409370264727,-0.06671437686452464,0.7992599281958185,0.8,0.06397376761389352,0.14673649115429863,0.3486621879531674,True
15.100000000000001,10.499918143080848,3.3047733033128885,11.634829531127068,0.005997443084774314,-0.06614698190740015,0.7992750795227896,0.8,0.0639743033704502,0.14872022336185411,0.3496445907518215,True
15.15,10.536148223418396,3.3217425383781825,11.674904611569001,0.005229379708825934,-0.06539084960834607,0.7992899206242137,0.8,0.06397482820973015,0.1508197561996443,0.35063052812353634,True
15.200000000000001,10.572123880474484,3.3392491420610297,11.714972873957612,0.004521431708391347,-0.0644353255200974,0.799304457853452,0.8,0.06397534235319285,0.1530088894140694,0.35161392126350777,True
15.25,10.607832957914852,3.35729772802479,11.755035316145019,0.003883098844814604,-0.06327075217545053,0.7993186974336917,0.8,0.06397584601784664,0.1552423762486126,0.3525881386434536,True
15.3,10.643263013260158,3.3758924889615516,11.795092991039644,0.0033237536152467776,-0.06189090692312965,0.7993326454606147,0.8,0.063976339416336,0.15746906198460203,0.35354570871510815,True
15.350000000000001,10.678401474077821,3.3950368952077925,11.835146984095262,0.002852315299318696,-0.060294271826379586,0.799346307905013,0.8,0.06397682275702787,0.1596437121544042,0.3544782777120318,True
15.4,10.713235757678202,3.4147335260112817,11.875198400173515,0.0024770585285391836,-0.05848398150268802,0.7993596906153494,0.8,0.06397729624409652,0.16168738238555513,0.35537681169447216,True
15.450000000000001,10.74775349305436,3.434983743278355,11.915248340748775,0.002205234114736317,-0.05646914477292592,0.7993727993202655,0.8,0.063977760077606,0.16355367647827915,0.356231586588594,True
15.5,10.781942720159552,3.4557874768474215,11.955297890212488,0.0020427968358454974,-0.05426488107261895,0.7993856396310394,0.8,0.0639782144535914,0.16519433384880428,0.3570324392277181,True
15.55,10.815791978501938,3.477143253637392,11.99534811862112,0.0019943967683193047,-0.051891024531489305,0.7993982170439912,0.8,0.06397865956413916,0.16653669513669064,0.3577691390858586,True
15.600000000000001,10.849290579272811,3.499047918201365,12.035400066273128,0.002063008320459283,-0.04937322101745756,0.7994105369428406,0.8,0.06397909559746476,0.16757687325794168,0.3584314282611122,True
15.65,10.882428679056007,3.5214967418638405,12.07545475277085,0.002249990120813796,-0.0467407849371122,0.7994226046010153,0.8,0.06397952273798965,0.16824884221339262,0.3590095698292446,True
15.700000000000001,10.91519740929,3.544483432537063,12.115513179208541,0.002555026348618341,-0.04402649692207594,0.7994344251839123,0.8,0.06397994116641656,0.16854896583446358,0.3594944540963104,True
15.75,10.947589070501191,3.5680000542289636,12.155576325152404,0.0029759524776572905,-0.04126646873478235,0.799446003751112,0.8,0.06398035105980364,0.16847691932687292,0.35987780203999553,True
15.8,10.97959703061822,3.5920374064203022,12.195645167358585,0.0035091225562889116,-0.03849707587015316,0.7994573452585485,0.8,0.06398075259163605,0.1679915389389735,0.3601526849695072,True
15.850000000000001,11.011215957135956,3.616584867037753,12.235720668327877,0.0041491408339476114,-0.03575670621542437,0.7994684545606335,0.8,0.06398114593189799,0.16714068522035966,0.36031328060370815,True
15.9,11.04244176925301,3.6416306576592317,12.275803783114387,0.004889095564099163,-0.03308329919951936,0.799479336412338,0.8,0.06398153124714154,0.1658891546970803,0.36035535716576883,True
15.950000000000001,11.073271639258994,3.667162002173606,12.315895456407855,0.005720673557754595,-0.030514286611374786,0.7994899954712302,0.8,0.06398190870055556,0.1642679200224084,0.3602761802626785,True
16.0,11.103704140785364,3.6931650751578724,12.355996608015644,0.006634015187504906,-0.028087222689928807,0.7995004362994725,0.8,0.06398227845203215,0.1623048169432227,0.3600744789543817,True
16.05,11.133739010447501,3.7196254461623623,12.396108133338103,0.007618195096241832,-0.025836786318090502,0.7995106633657769,0.8,0.06398264065823273,0.15997381089427992,0.35975085196868317,True
16.1,11.163377361158323,3.746527907028837,12.436230876976396,0.008660936615358083,-0.02379747374432417,0.7995206810473203,0.8,0.06398299547265235,0.15734203397611518,0.3593072740885883,True
16.150000000000002,11.192621564361522,3.7738567203839595,12.476365618364525,0.00974886015198876,-0.022001872902257413,0.7995304936316209,0.8,0.06398334304568294,0.15437772436192118,0.35874736472412594,True
16.2,11.22147520798467,3.8015957435927232,12.516513048763613,0.010867586020547193,-0.020480639647638462,0.7995401053183756,0.8,0.06398368352467505,0.15111748648664483,0.3580763043579522,True
16.25,11.249943252635225,3.829728316979977,12.556673738612579,0.012001528562643882,-0.01926414996097603,0.7995495202212602,0.8,0.06398401705399875,0.1475885910766152,0.3573005662711669,True
16.3,11.278031734780836,3.8582376562301577,12.596848115124049,0.013134367522301533,-0.018379589672010477,0.7995587423696923,0.8,0.06398434377510316,0.14376147825781802,0.3564283141632923,True
16.35,11.30574800319916,3.8871066292328136,12.637036420257726,0.014248705257855251,-0.017854208284364462,0.7995677757105577,0.8,0.06398466382657482,0.13969765101118306,0.355468799371084,True
16.400000000000002,11.333100589771394,3.9163179379634583,12.677238676065187,0.015326270008567493,-0.0177136092350354,0.7995766241099025,0.8,0.06398497734419505,0.13535833240926684,0.35443267340121964,True
16.45,11.360099168145055,3.9458541854321076,12.717454643602874,0.016347975977764363,-0.017982016947790114,0.7995852913545892,0.8,0.06398528446099595,0.13077454146535372,0.35333186181749815,True
16.5,11.386754716038379,3.9756977360499763,12.75768377326311,0.017293694454396453,-0.01868398528691806,0.7995937811539199,0.8,0.06398558530731543,0.12596341439126116,0.35217930234131944,True
16.55,11.413079209004607,4.0058310323814865,12.797925162852447,0.018142680298477633,-0.0198416492805652,0.799602097141225,0.8,0.06398588001085154,0.12089243852708453,0.35098934140896954,True
16.6,11.439085867660044,4.036236358787676,12.838177498488877,0.018873217870984338,-0.021477664687351128,0.7996102428754207,0.8,0.0639861686967149,0.11561331029387005,0.3497772356452978,True
16.650000000000002,11.464789017163707,4.066895979849415,12.878439001053609,0.01946280832952782,-0.02361343021104056,0.7996182218425336,0.8,0.06398645148748082,0.11008583950223395,0.3485595026428172,True
16.7,11.490204043634959,4.097792171162346,12.918707366976701,0.0198882150771331,-0.02626981691752861,0.7996260374571943,0.8,0.06398672850324004,0.10433657889341064,0.34735367562197805,True
16.75,11.515347536489024,4.1289070819326446,12.95897969882547,0.020125261424438788,-0.029468020452114274,0.7996336930641,0.8,0.063986999861649,0.09837688685752392,0.34617827193761647,True
16.8,11.54023698693399,4.160222980339833,12.999252447245734,0.02014921733896389,-0.03322703365728364,0.7996411919394484,0.8,0.06398726567797786,0.09217959958376509,0.34505316530152397,True
16.85,11.564891000711677,4.191722040646494,13.039521332327404,0.01993450125930049,-0.037566582959064454,0.79964853729234,0.8,0.06398752606515944,0.08579007427735963,0.3439990403345088,True
16.900000000000002,11.589329137243018,4.223386448935633,13.079781275034943,0.01945487679265575,-0.04250508785350926,0.7996557322661538,0.8,0.06398778113383542,0.07917469527654213,0.3430378136911234,True
16.95,11.613571854815236,4.2551984056224725,13.120026323846107,0.01868350618202289,-0.04806015388601503,0.7996627799398938,0.8,0.0639880309924027,0.0723621849071191,0.3421924557551144,True
17.0,11.637640594752206,4.287140010926806,13.160249570971464,0.017592827008221214,-0.05424919514581672,0.7996696833295073,0.8,0.06398827574705857,0.06536330483821835,0.34148695458825057,True
17.05,11.661557486946949,4.319193445271943,13.200443090848129,0.01615491326048923,-0.061087618745096384,0.7996764453891776,0.8,0.0639885155018448,0.05816523662762011,0.34094650446419694,True
17.1,11.685345492952159,4.351340792346261,13.240597853154762,0.014341277402381981,-0.06859027956041652,0.799683069012589,0.8,0.06398875035869114,0.050810440568446545,0.34059730294005464,True
17.150000000000002,11.709028214118838,4.383564121106001,13.28070365903815,0.012123100761520282,-0.07677051148806346,0.7996895570341664,0.8,0.06398898041745774,0.043282353045334974,0.3404666237422137,True
17.2,11.732629802910147,4.415845477190248,13.320749076375758,0.009471332472238364,-0.08563989694687502,0.7996959122302892,0.8,0.06398920577597714,0.035612918684597886,0.34058280456471884,True
17.25,11.756174974224429,4.4481667939385225,13.36072136923018,0.006356666176089649,-0.09520871664222341,0.7997021373204808,0.8,0.06398942653009455,0.027822497165397045,0.3409751619248107,True
17.3,11.779688713891936,4.480510025359588,13.400606466996736,0.002749896170597836,-0.10548473482139986,0.7997082349685729,0.8,0.0639896427737084,0.019916079631997333,0.34167399971425955,True
17.35,11.803196313506344,4.512857028899051,13.440403239555675,-0.0012974173085531617,-0.10606167877182426,0.7997142077838469,0.8,0.06398985459880935,0.011936061767803907,0.3429636978100472,True
17.400000000000002,11.826723175990855,4.545189616930214,13.480256946126921,-0.005034545391513797,-0.09126141214275918,0.7997200583221513,0.8,0.06399006209551868,0.0038904230587247725,0.3434186028435326,True
17.45,11.85029466528344,4.577489572513963,13.52019895846491,-0.008296982175541126,-0.07719431693009793,0.799725789086996,0.8,0.06399026535212626,-0.004183492609948958,0.34417131906934995,True
17.5,11.873936032910393,4.609738608698083,13.560215778551465,-0.011114300646675032,-0.06386922336634437,0.7997314025306247,0.8,0.06399046445512735,-0.012251805602192346,0.3451843023263838,True
17.55,11.897672147435648,4.641918474053635,13.600295247561366,-0.013516038363993087,-0.05129151386574615,0.7997369010550651,0.8,0.06399065948925878,-0.02028861245832339,0.34642145077278386,True
17.6,11.92152741026247,4.674010925425041,13.640426490011153,-0.015531603012297092,-0.03946295267102129,0.7997422870131576,0.8,0.06399085053753453,-0.02825168824922126,0.34784826206933017,True
17.650000000000002,11.945525582758483,4.705997771829139,13.680599854969309,-0.017190070057306217,-0.028381882799464075,0.7997475627095628,0.8,0.0639910376812804,-0.036108666636604364,0.34943198472408943,True
17.7,11.969689601320312,4.737860935740536,13.720806845453492,-0.018519965865540593,-0.018042854252732,0.7997527304017483,0.8,0.06399122100016824,-0.04382409274972002,0.35114194315234737,True
17.75,11.994041472890347,4.769582465340037,13.761040036407504,-0.019549150316669935,-0.008436641135374345,0.7997577923009555,0.8,0.0639914005722496,-0.05135936827468453,0.35294964552119173,True
17.8,12.018602105954015,4.801144606544193,13.801292989983532,-0.020304617645045875,0.00044946846461502155,0.7997627505731465,0.8,0.06399157647398775,-0.05868093457980521,0.35456190285182676,True
17.85,12.043391182104363,4.8325298589593935,13.841560165526676,-0.020812344723368098,0.008632249379103896,0.7997676073399317,0.8,0.06399174878029053,-0.06575876181937493,0.35162856625538236,True
17.900000000000002,12.068427076719152,4.863721009081339,13.881836829109709,-0.02109719720578964,0.016131428626525612,0.7997723646794778,0.8,0.06399191756454167,-0.07255748204834597,0.3491282398631349,True
17.95,12.093726740379816,4.894701208408453,13.922118964264403,-0.0211827816130275,0.02297032183015435,0.7997770246273982,0.8,0.06399208289863113,-0.07905521902553565,0.3470286085060232,True
18.0,12.119305634223418,4.9254540259916615,13.962403185454583,-0.02109135949231284,0.029175100572440216,0.7997815891776243,0.8,0.06399224485298584,-0.0852302560607946,0.3452980602236207,True
18.05,12.145177722661911,4.955963469654229,14.002686658170019,-0.020843829097062734,0.03477421343260145,0.7997860602832593,0.8,0.06399240349659913,-0.09106281371098242,0.3439058811453821,True
18.1,12.1713554226311,4.986214054330086,14.042967023307819,-0.02045964608208957,0.039798237853786445,0.7997904398574143,0.8,0.0639925588970597,-0.0965487265647386,0.34282237799880644,True
18.150000000000002,12.197849645852994,5.016190807067941,14.08324233121607,-0.019956857971704184,0.04427917023233353,0.7997947297740275,0.8,0.06399271112058029,-0.10167754558901697,0.3420190457137517,True
18.2,12.224669833298725,5.045879285565048,14.123510982799269,-0.019352125022060622,0.048249748430960304,0.7997989318686669,0.8,0.06399286023202518,-0.10645496529114792,0.34146873340930606,True
18.25,12.251823999064797,5.07526559522367,14.163771677643664,-0.01866074973961484,0.051743222931835975,0.7998030479393153,0.8,0.06399300629493793,-0.11089140176156705,0.3411456673672972,True
18.3,12.279318859434968,5.10433633544916,14.204023374402102,-0.017896817036813895,0.0547921211094351,0.7998070797471412,0.8,0.06399314937156754,-0.11499911917404383,0.34102565339984714,True
18.35,12.30715991106654,5.133078587387498,14.244265254906628,-0.017073268571384116,0.057427991085553735,0.7998110290172517,0.8,0.0639932895228953,-0.11879070559763813,0.34108605837600514,True
18.400000000000002,12.335351495084597,5.161479913940957,14.284496692408123,-0.01620195796922705,0.05968135492275306,0.7998148974394318,0.8,0.06399342680866014,-0.1222782252857423,0.34130575073849667,True
18.45,12.363896852379419,5.18952836810528,14.324717223357487,-0.015293693337693044,0.0615815364214527,0.7998186866688676,0.8,0.06399356128738402,-0.1254755209365284,0.3416650910827229,True
18.5,12.39279818664153,5.217212494158566,14.364926523470489,-0.014358289516887918,0.063156895477403,0.7998223983268548,0.8,0.06399369301639633,-0.12839597715001455,0.34214579680453994,True
18.55,12.422056730894962,5.244521324204152,14.405124387459004,-0.013404625147953441,0.06443434362434597,0.7998260340014928,0.8,0.06399382205185833,-0.13105338512708764,0.34273101093874114,True
18.6,12.451672808009727,5.2714443786337535,14.445310711214397,-0.012440691716454169,0.0654397597144184,0.7998295952483645,0.8,0.06399394844878696,-0.13346139835767265,0.34340512053204086,True
18.650000000000002,12.481645893074836,5.297971662633638,14.485485476733453,-0.011473645660855044,0.0661976749219616,0.7998330835912026,0.8,0.06399407226107749,-0.13563306520402835,0.34415378430484994,True
18.7,12.511974670654533,5.3240936653681485,14.525648738835105,-0.010509853929949516,0.06673136410459425,0.7998365005225415,0.8,0.06399419354152683,-0.13758278506376567,0.34496385098408244,True
18.75,12.542657097529439,5.349801350487847,14.565800614385507,-0.009554948503466814,0.06706274647694344,0.7998398475043561,0.8,0.06399431234185572,-0.13932305278265328,0.3458233249876613,True
18.8,12.573690460137794,5.375086148610226,14.60594127279575,-0.00861387479989785,0.06721270662871737,0.7998431259686881,0.8,0.06399442871273026,-0.14092017456707864,0.34672121841854314,True
18.85,12.60507166772359,5.399939670480364,14.646070952594632,-0.0076913036186982186,0.06719823293080207,0.7998463373182586,0.8,0.06399454270378382,-0.1424386550512607,0.34764795708655083,True
18.900000000000002,12.636797610285075,5.424353293949795,14.686189989417615,-0.006792179868719444,0.0670299654079063,0.7998494829270687,0.8,0.06399465436363763,-0.14389130335092662,0.34859553319983816,True
18.95,12.668865060316328,5.448318248054741,14.726298800922915,-0.005921598907463768,0.0667151242791304,0.7998525641409877,0.8,0.06399476373992138,-0.14532574837221904,0.3495567831559775,True
19.0,12.701270657594232,5.471825609842051,14.7663978811741,-0.0050848037614101985,0.06625778270206517,0.7998555822783291,0.8,0.06399487087929356,-0.14674536823438333,0.3505253105663033,True
19.05,12.734010940185277,5.49486624288377,14.806487801045934,-0.004287257322600873,0.0656597954535254,0.7998585386304148,0.8,0.06399497582746116,-0.14815584226998968,0.35149514628051204,True
19.1,12.767082194020547,5.51743097166379,14.846569189894339,-0.0035344182785476326,0.06492228328634986,0.7998614344621281,0.8,0.06399507862919868,-0.14956116450032395,0.35246054488047585,True
19.150000000000002,12.800480461782305,5.539510567315454,14.886642734106186,-0.002831763653761977,0.0640463776350445,0.7998642710124549,0.8,0.06399517932836744,-0.1509473098969803,0.3534157474122579,True
19.200000000000003,12.834201467956543,5.561095850497552,14.926709166649145,-0.002184667783780519,0.06303333665431321,0.7998670494950142,0.8,0.06399527796793406,-0.15229938237297064,0.3543550686387703,True
19.25,12.868240528145021,5.582177835895645,14.966769254480637,-0.001598238380468127,0.06188593442596557,0.7998697710985773,0.8,0.06399537458998844,-0.15360343432052587,0.3552726595112361,True
19.3,12.90259252895538,5.602747794477782,15.006823793152863,-0.0010772598510347768,0.06060839906151483,0.7998724369875766,0.8,0.06399546923576209,-0.1548333469770145,0.3561625800192403,True
19.35,12.937251870351819,5.622797383694403,15.046873596893043,-0.0006260587377423099,0.05920689653699295,0.7998750483026046,0.8,0.06399556194564476,-0.15596563583824397,0.3570187918205892,True
19.400000000000002,12.972212408491496,5.642318798796406,15.08691948821316,-0.00024835078611488797,0.05768993355843898,0.7998776061609012,0.8,0.06399565275920246,-0.1569868262658258,0.3578351916850262,True
19.450000000000003,13.00746748530496,5.661304803751054,15.126962296504114,5.2765447473470076e-05,0.05606786775287997,0.7998801116568325,0.8,0.06399574171519369,-0.15785800333421166,0.3585002249921929,True
19.5,13.043009875549302,5.679748906549849,15.167002847176937,0.0002749825826102323,0.05435353528876108,0.799882565862359,0.8,0.06399582885158586,-0.1585744815864469,0.358774563546431,True
19.55,13.07883180460371,5.697645437747578,15.207041957971168,0.000416841112929248,0.05256194630027189,0.7998849698274941,0.8,0.0639959142055718,-0.15910991304504843,0.3591520806691769,True
19.6,13.114925009941393,5.714989556906597,15.24708043938633,0.0004777040593617294,0.05070955846661196,0.7998873245807544,0.8,0.06399599781358478,-0.1594442682723019,0.35962869269660613,True
19.650000000000002,13.151280706108563,5.731777440330545,15.28711908412487,0.00045793890021298176,0.04881513730090103,0.7998896311295987,0.8,0.06399607971131487,-0.15958241399609155,0.3601986253765039,True
19.700000000000003,13.187889704689931,5.748006191109047,15.327158672331723,0.00035878420633367363,0.04689818627308629,0.79989189046086,0.8,0.06399615993372326,-0.15949040905251438,0.3608549996198406,True
19.75,13.224742418699531,5.763673961884902,15.367199963707439,0.0001824603816412142,0.04497949819298114,0.7998941035411675,0.8,0.06399623851505763,-0.1591829934916947,0.3615895586110727,True
19.8,13.26182891738929,5.778779989141249,15.407243694046102,-6.781891321378021e-05,0.043080913818351385,0.7998962713173606,0.8,0.06399631548886646,-0.15864725180773712,0.36225708705225,True
19.85,13.299139043932128,5.793324484186747,15.447290577123017,-0.0003879893524648594,0.041224064093904,0.7998983947168938,0.8,0.06399639088801316,-0.15787663705958505,0.3624781300707567,True
19.900000000000002,13.336662402440945,5.8073087980623885,15.487341292075651,-0.0007729732630338193,0.03943163473092398,0.7999004746482336,0.8,0.06399646474469056,-0.15689387646763103,0.3626160316248648,True
19.950000000000003,13.374388500608763,5.820735236648736,15.527396485417439,-0.00121689760976974,0.037725401861666175,0.7999025120012474,0.8,0.06399653709043374,-0.1556746786763641,0.36267025537604597,True
20.0,13.4123067688245,5.833607137689771,15.567456759384115,-0.0017130210736246798,0.036127206240771315,0.7999045076475846,0.8,0.06399660795613415,-0.15424757972690745,0.3626410971282738,True
20.05,13.450406613056815,5.845928871262131,15.607522662505573,-0.0022537432438752285,0.034658729661915855,0.7999064624410492,0.8,0.06399667737205215,-0.15260956197481024,0.362529743963594,True
20.1,13.488677527429184,5.857705664259225,15.647594684833749,-0.0028307980082256214,0.033340286304625766,0.7999083772179656,0.8,0.0639967453678303,-0.15076245857694454,0.36233843832116835,True
20.150000000000002,13.527109078347644,5.868943749296854,15.687673239424853,-0.0034350972051731864,0.03219223033640384,0.7999102527975359,0.8,0.06399681197250577,-0.1487363334693191,0.36207022735992944,True
20.200000000000003,13.565691019984778,5.879650143867909,15.727758655650256,-0.004056965671379061,0.03123341702547089,0.7999120899821911,0.8,0.06399687721452278,-0.14651237976111045,0.36172918305486557,True
20.25,13.604413302687785,5.889832707064507,15.76785116113205,-0.0046860785049997605,0.030482019926943216,0.7999138895579342,0.8,0.06399694112174442,-0.1441230557573782,0.36132023107398836,True
20.3,13.643266105509461,5.899500127794598,15.80795086499657,-0.005311470559650964,0.029955474810144263,0.7999156522946766,0.8,0.06399700372146469,-0.1415682396149872,0.3608491628808849,True
20.35,13.682239915463972,5.908661735301371,15.848057745259553,-0.005921729199864408,0.02966963836849912,0.7999173789465677,0.8,0.06399706504042021,-0.13885232092794428,0.36032269490859314,True
20.400000000000002,13.721325503383026,5.91732763934268,15.888171624891328,-0.006504841752780816,0.02964008292498382,0.7999190702523172,0.8,0.06399712510480132,-0.13600524540402315,0.3597482469212012,True
20.450000000000003,13.760514000939176,5.925508507270599,15.928292158046958,-0.007048419983195382,0.02988064843407895,0.7999207269355119,0.8,0.06399718394026349,-0.13301002420594812,0.35913414715500525,True
20.5,13.799796893954971,5.933215617899051,15.968418807156754,-0.0075396360076421115,0.03040453356183212,0.7999223497049246,0.8,0.06399724157193794,-0.1298982962684592,0.35848938153643595,True
20.55,13.839166035530967,5.940460844624581,16.00855082143223,-0.007965232209929127,0.0312239772565778,0.7999239392548182,0.8,0.06399729802444235,-0.12666929837033897,0.3578236819177314,True
20.6,13.87861369122074,5.947256475734437,16.048687219946775,-0.008311697539926879,0.0323498373129435,0.799925496265242,0.8,0.06399735332189176,-0.12332828701101985,0.3571474777822877,True
20.650000000000002,13.918132509868135,5.953615345222052,16.088826764824365,-0.008565125506467753,0.03379256353738369,0.7999270214023232,0.8,0.0639974074879084,-0.11990143835415286,0.35647175746178134,True
20.700000000000003,13.957715566105449,5.959550625180803,16.12896794499253,-0.008711418912075435,0.035560904550385936,0.7999285153185519,0.8,0.06399746054563163,-0.11637492261832413,0.35580824607989137,True
20.75,13.997356344334344,5.965075872564298,16.169108952123565,-0.008736234815270163,0.037663125304907646,0.7999299786530601,0.8,0.06399751251772831,-0.11277639378765107,0.35516910780513267,True
20.8,14.037048736789545,5.970205010257624,16.209247658592375,-0.008624997806593131,0.04010652090900599,0.7999314120318956,0.8,0.06399756342640187,-0.10910558537028005,0.3545670784419436,True
20.85,14.07678706086632,5.974952170874697,16.24938160145952,-0.008363052908307784,0.04289700608816735,0.7999328160682891,0.8,0.06399761329340216,-0.10536848989100786,0.35401543524400814,True
20.900000000000002,14.116566030428025,5.9793318014476,16.28950795720964,-0.007935555028835882,0.04604015679404544,0.7999341913629179,0.8,0.0639976621400344,-0.10158722866123628,0.35352780625508196,True
20.950000000000003,14.15638077052677,5.98335848488356,16.329623528955736,-0.0073276460778686475,0.04954001941808994,0.7999355385041613,0.8,0.06399770998716875,-0.09775228496610949,0.353118342692048,True
21.0,14.196226796385844,5.987046974213802,16.36972472647148,-0.006524417866952826,0.053399856409380074,0.7999368580683538,0.8,0.06399775685524867,-0.09388699960774122,0.3528015403676087,True
21.05,14.236100001023642,5.990412172061225,16.409807549461856,-0.005510931817101941,0.05762220892852603,0.799938150620031,0.8,0.0639978027642996,-0.08999286280908005,0.35259220362468136,True
21.1,14.275996653316007,5.99346899975813,16.449867579041083,-0.004272350627720926,0.0622083716228479,0.7999394167121713,0.8,0.06399784773393812,-0.08607657499858755,0.35250546688042717,True
21.150000000000002,14.315913370754632,5.996232471969673,16.489899960181145,-0.002793864519442592,0.0671587737583096,0.7999406568864325,0.8,0.0639978917833795,-0.08215679862479491,0.3525567580236505,True
21.200000000000003,14.355847115216829,5.99871755274306,16.52989939919774,-0.0010608381903212236,0.0724729937247481,0.7999418716733835,0.8,0.06399793493144655,-0.07822929430607871,0.35276164728991755,True
21.25,14.395795170360959,6.000939169586526,16.569860760265744,0.0009391695865259564,0.07698614555105183,0.7999430615927318,0.8,0.06399797719657702,-0.07431300525040657,0.3515887709219925,True
21.3,14.435755123030388,6.002912193648233,16.609820712935175,0.002912193648232808,0.06971695459955117,0.799944227153545,0.8,0.06399801859683218,-0.07041239947089492,0.3517022954716711,True
21.35,14.475724850143367,6.004651332315495,16.64979044004815,0.0046513323154950825,0.06282108188748027,0.7999453688544695,0.8,0.0639980591499037,-0.06653524678302183,0.3519496505272147,True
21.400000000000002,14.515702494028723,6.006171167399892,16.689768083933508,0.006171167399892319,0.05629653015949343,0.7999464871839435,0.8,0.06399809887312191,-0.06269702470004519,0.3523156224581273,True
21.450000000000003,14.555686447587362,6.007486050296913,16.729752037492148,0.007486050296913405,0.05014020166613197,0.7999475826204057,0.8,0.06399813778346267,-0.05890034115256384,0.3527856432928778,True
21.5,14.595675332854924,6.008610085849118,16.76974092275971,0.008610085849118043,0.04434814544601514,0.7999486556325005,0.8,0.06399817589755485,-0.055159581314175726,0.35334573425138416,True
21.55,14.63566798061406,6.009557111450421,16.809733570518844,0.009557111450421374,0.038915610070191564,0.7999497066792783,0.8,0.06399821323168756,-0.05148323916315207,0.353982509008108,True
21.6,14.675663412786133,6.010340614665537,16.849729002690918,0.010340614665537373,0.0338367633153361,0.799950736210392,0.8,0.06399824980181662,-0.047880015842945746,0.3546833352625245,True
21.650000000000002,14.715660821502771,6.010973731379499,16.88972641140756,0.010973731379499085,0.02910496360364588,0.7999517446662894,0.8,0.06399828562357164,-0.04476461627305185,0.3554362547346549,True
21.700000000000003,14.755659620319538,6.011466399195106,16.929725210224323,0.011466399195105836,0.02469340069416516,0.7999527324784013,0.8,0.06399832071226297,-0.04123772905639694,0.35623851442069837,True
21.75,14.795659262965971,6.011830579232517,16.969724852870755,0.011830579232516847,0.020598375101029562,0.7999537000693266,0.8,0.06399835508288763,-0.037792570166183606,0.35707865334923805,True
21.8,14.835659258773982,6.012081470082277,17.009724848678765,0.012081470082277335,0.016835543439318566,0.7999546478530131,0.8,0.06399838875013625,-0.03447727752454757,0.357936324018325,True
21.85,14.875659306373237,6.01223083657438,17.049724896278022,0.012230836574380177,0.01339477074312387,0.7999555762349341,0.8,0.06399842172839883,-0.03130599099595851,0.35880224905165164,True
21.900000000000002,14.915659195210432,6.0122895779519085,17.089724785115216,0.012289577951908548,0.010262965030165815,0.7999564856122624,0.8,0.06399845403177129,-0.0282865384250824,0.35966895791288905,True
21.950000000000003,14.955658784521983,6.012267909929744,17.129724374426768,0.012267909929743581,0.00742599749913471,0.7999573763740401,0.8,0.06399848567406134,-0.02544182066802864,0.3605300356577871,True
22.0,14.995657989536697,6.0121752663468255,17.16972357944148,0.01217526634682553,0.004868284597924932,0.7999582489013448,0.8,0.06399851666879436,-0.02277251688500663,0.3613803400981164,True
22.05,15.035656768156313,6.012020280714519,17.2097223580611,0.012020280714518883,0.0025731276960617223,0.7999591035674533,0.8,0.06399854702921895,-0.02027441214256776,0.3622159150144698,True
22.1,15.075655109467332,6.011810943233472,17.24972069937212,0.011810943233472315,0.0005240032510964777,0.7999599407380004,0.8,0.063998576768313,-0.017942537811288066,0.3630334449692867,True
22.150000000000002,15.115653025711195,6.011554649852281,17.289718615615982,0.011554649852280718,-0.0012951694870898655,0.799960760771136,0.8,0.06399860589878904,-0.01577151542012069,0.3630607897590826,True
22.200000000000003,15.155650545836089,6.011258228406404,17.329716135740874,0.01125822840640378,-0.0028999741602605844,0.7999615640176784,0.8,0.06399863443309936,-0.013755648302851078,0.36288100609048635,True
22.25,15.195647710211722,6.010927963725332,17.36971330011651,0.010927963725332113,-0.004305463560440457,0.7999623508212638,0.8,0.06399866238344189,-0.011888990870827863,0.36279447610957033,True
22.3,15.235644566347945,6.010569622937654,17.40971015625273,0.010569622937653733,-0.005526133402546724,0.7999631215184938,0.8,0.06399868976176502,-0.010165410695449005,0.36279103242483457,True
22.35,15.27564116548151,6.010188480886443,17.449706755386295,0.010188480886442974,-0.006575902219314045,0.7999638764390794,0.8,0.06399871657977281,-0.008578644684889983,0.36286119287601615,True
22.400000000000002,15.31563755990732,6.009789345500983,17.489703149812104,0.009789345500982982,-0.007468096771004565,0.799964615905982,0.8,0.06399874284892972,-0.007122349738321997,0.36299613613855947,True
22.450000000000003,15.355633800942243,6.009376582984012,17.52969939084703,0.009376582984011783,-0.008215442441283131,0.7999653402355514,0.8,0.06399876858046595,-0.005790148199751866,0.36318767637771676,True
22.5,15.39562993742094,6.008954142690582,17.569695527325727,0.008954142690582145,-0.008830058123302021,0.7999660497376615,0.8,0.06399879378538204,-0.004575668425376494,0.36342823721511475,True
22.55,15.435626014634133,6.0085255815905665,17.609691604538916,0.008525581590566489,-0.009323455129141197,0.7999667447158424,0.8,0.0639988184744535,-0.003472580772370543,0.36371082524020437,True
22.6,15.475622073630298,6.008094088221494,17.649687663535083,0.008094088221493934,-0.00970653968402861,0.7999674254674108,0.8,0.06399884265823534,-0.0024746293100204775,0.3640290032716928,True
22.650000000000002,15.515618150811546,6.007662506051897,17.689683740716333,0.007662506051897111,-0.009989618594368269,0.7999680922835969,0.8,0.06399886634706697,-0.0015756595461058084,0.364376863549437,True
22.700000000000003,15.555614277763652,6.007233356187737,17.729679867668438,0.00723335618773735,-0.010182407705501247,0.799968745449669,0.8,0.06399888955107595,-0.00076964245253252,0.3647490010151015,True
22.75,15.595610481268572,6.00680885936582,17.769676071173357,0.006808859365819764,-0.010294042791274828,0.7999693852450557,0.8,0.06399891228018295,-5.069506456271566e-05,0.3651404868199015,True
22.8,15.63560678345549,6.00639095718849,17.809672373360275,0.006390957188489921,-0.010333092542851538,0.7999700119434653,0.8,0.06399893454410553,0.0005869020822761877,0.3655468421797236,True
22.85,15.675603202053331,6.005981332563359,17.849668791958116,0.0059813325633593095,-0.01030757334870803,0.799970625813003,0.8,0.06399895635236258,0.0011486904242764776,0.3659640126816525,True
22.900000000000002,15.71559975071386,6.005581429320418,17.889665340618645,0.005581429320417719,-0.010224965581411907,0.7999712271162855,0.8,0.06399897771427851,0.0016400215084002997,0.3663883431312248,True
22.950000000000003,15.755596439379975,6.005192470986687,17.92966202928476,0.00519247098668707,-0.01009223112948515,0.7999718161105537,0.8,0.0639989986389865,0.002066047567023281,0.3668165530164419,True
23.0,15.795593274678618,6.004815478705598,17.9696588645834,0.00481547870559762,-0.009915831934434948,0.799972393047782,0.8,0.0639990191354334,0.002431714309222989,0.36724571265256556,True
23.05,15.835590260321915,6.004451288294619,18.0096558502267,0.004451288294618827,-0.009701749313829012,0.7999729581747871,0.8,0.06399903921238267,0.0027417557207834306,0.3676732200608134,True
23.1,15.875587397503782,6.0041005664403055,18.049652987408567,0.004100566440305542,-0.00945550387109654,0.7999735117333328,0.8,0.06399905887841877,0.0030006906766645485,0.3680967786242585,True
23.150000000000002,15.915584685282306,6.003763826034979,18.08965027518709,0.0037638260349792674,-0.00918217581153424,0.7999740539602338,0.8,0.06399907814195029,0.003212821181077867,0.36851437555530625,True
23.200000000000003,15.955582120940832,6.003441440663702,18.129647710845617,0.003441440663701556,-0.00888642550178444,0.799974585087457,0.8,0.06399909701121409,0.0033822320615914357,0.36892426120107585,True
23.25,15.995579700322871,6.003133658254091,18.169645290227656,0.003133658254091287,-0.008572514126832232,0.7999751053422207,0.8,0.06399911549427827,0.0035127919547500094,0.3693249292057577,True
23.3,16.03557741813772,6.002840613904964,18.209643008042505,0.002840613904964151,-0.008244324314345589,0.7999756149470918,0.8,0.06399913359904601,0.0036081554314284312,0.36971509754242937,True
23.35,16.07557526823517,6.002562341912659,18.249640858139955,0.0025623419126592495,-0.007905380610973083,0.7999761141200809,0.8,0.06399915133325891,0.003671766120672301,0.3700936904209577,True
23.400000000000002,16.115573243848825,6.002298787016444,18.28963883375361,0.002298787016443704,-0.0075588697090338336,0.7999766030747357,0.8,0.06399916870450002,0.003706860700860526,0.37045982107329256,True
23.450000000000003,16.155571337808464,6.002049814886452,18.32963692771325,0.0020498148864520616,-0.007207660334907271,0.7999770820202327,0.8,0.06399918572019733,0.003716473636831498,0.3708127754127547,True
23.5,16.195569542722602,6.001815221879353,18.369635132627387,0.0018152218793527908,-0.006854322722383269,0.7999775511614658,0.8,0.0639992023876269,0.003703442550977461,0.371151996559701,True
23.55,16.23556785113285,6.001594744088299,18.409633441037634,0.0015947440882992936,-0.0065011476052951956,0.7999780106991352,0.8,0.06399921871391573,0.003670414125324474,0.3714770702222462,True
23.6,16.275566255642094,6.001388065714817,18.44963184554688,0.0013880657148170883,-0.006150164673961635,0.799978460829832,0.8,0.06399923470604521,0.0036198504401606423,0.3717877109174273,True
23.650000000000002,16.3155647490187,6.001194826791053,18.489630338923487,0.0011948267910533161,-0.005803160449342302,0.7999789017461232,0.8,0.06399925037085391,0.003554035662964572,0.3720837490153597,True
23.700000000000003,16.355563324279043,6.001014630281362,18.529628914183828,0.001014630281361839,-0.005461695537405486,0.7999793336366335,0.8,0.06399926571504042,0.0034750830091179507,0.3723651185864557,True
23.75,16.39556197475076,6.000847048592509,18.569627564655544,0.0008470485925089477,-0.005127121234044731,0.7999797566861268,0.8,0.06399928074516611,0.003384941903208783,0.37263184602966914,True
23.8,16.435560694119044,6.000691629521889,18.60962628402383,0.0006916295218886148,-0.004800595458010121,0.799980171075584,0.8,0.06399929546765852,0.003285405276646576,0.37288403945794846,True
23.85,16.47555947645823,6.000547901673056,18.649625066363015,0.0005479016730562947,-0.004483097995772227,0.7999805769822816,0.8,0.06399930988881329,0.0031781169438189257,0.37312187881562026,True
23.900000000000002,16.515558316250804,6.000415379367665,18.68962390615559,0.00041537936766467,-0.0041754450480519,0.7999809745798672,0.8,0.06399932401479755,0.003064579005101455,0.37334560670122063,True
23.950000000000003,16.555557208395804,6.0002935670824895,18.72962279830059,0.0002935670824895098,-0.00387830307296541,0.7999813640384332,0.8,0.06399933785165206,0.0029461592307679875,0.37355551986838575,True
24.0,16.595556148208484,6.000181963439741,18.76962173811327,0.00018196343974086204,-0.0035922019253883364,0.7999817455245907,0.8,0.06399935140529393,0.002824098385161615,0.37375196137671374,True
24.05,16.635555131412847,6.000080064778246,18.809620721317632,8.006477824640257e-05,-0.0033175472962691244,0.7999821192015396,0.8,0.06399936468151922,0.0026995174554456706,0.37393531336404323,True
24.1,16.675554154128555,5.999987368332386,18.84961974403334,-1.2631667614115827e-05,-0.0030546324592612057,0.7999824852291392,0.8,0.06399937768600567,0.0025734247538696338,0.37408072707610157,True
24.150000000000002,16.71555321285352,5.999903375044886,18.889618802758307,-9.66249551144216e-05,-0.0028036493352241523,0.7999828437639762,0.8,0.06399939042431452,0.0024467228667360533,0.3740711835609797,True
24.200000000000003,16.755552304443324,5.999827592038736,18.92961789434811,-0.00017240796126394287,-0.0025646988879029714,0.799983194959432,0.8,0.06399940290189339,0.002320215427195586,0.37406628840888095,True
24.25,16.795551426088437,5.99975953477261,18.969617015993222,-0.0002404652273897412,-0.0023378008664627545,0.7999835389657481,0.8,0.0639994151240784,0.0021946136926084543,0.37406555012962306,True
24.3,16.83555057529011,5.999698728903221,19.009616165194895,-0.0003012710967791321,-0.0021229029125637436,0.7999838759300905,0.8,0.06399942709609646,0.002070542910539752,0.3740685088814645,True
24.35,16.8755497498356,5.999644711877096,19.049615339740384,-0.00035528812290408496,-0.0019198890513388283,0.7999842059966122,0.8,0.06399943882306759,0.0019485484604878207,0.3740747355524453,True
24.400000000000002,16.915548947773345,5.999597034273273,19.08961453767813,-0.0004029657267272668,-0.0017285875870091756,0.799984529306516,0.8,0.06399945031000688,0.0018291017612029027,0.3740838307664946,True
24.450000000000003,16.955548167388535,5.999555260917405,19.12961375729332,-0.0004447390825950137,-0.0015487784249713272,0.7999848459981135,0.8,0.06399946156182698,0.0017126059359768514,0.37409542382871797,True
24.5,16.99554740717944,5.999518971786784,19.169612997084226,-0.00048102821321638345,-0.0013801998430350594,0.7999851562068853,0.8,0.06399947258333992,0.0015994012305409774,0.37410917162300483,True
24.55,17.03554666583482,5.999487762724764,19.209612255739604,-0.0005122372752364157,-0.0012225547351094523,0.7999854600655384,0.8,0.0639994833792594,0.0014897701802622204,0.37412475747387974,True
24.6,17.075545942212553,5.999461245982101,19.24961153211734,-0.0005387540178993788,-0.001075516351047472,0.7999857577040634,0.8,0.06399949395420243,0.001383942525146518,0.3741418899833787,True
24.650000000000002,17.115545235319708,5.999439050601709,19.289610825224493,-0.0005609493982907665,-0.0009387335565877978,0.7999860492497899,0.8,0.06399950431269169,0.0012820998728023713,0.3741603018526397,True
24.700000000000003,17.15554454429406,5.999420822662397,19.329610134198845,-0.000579177337603376,-0.0008118356373961398,0.7999863348274407,0.8,0.06399951445915728,0.0011843801109453014,0.3741797486968922,True
24.75,17.195543868387162,5.999406225396169,19.369609458291947,-0.0005937746038311431,-0.0006944366711255489,0.7999866145591857,0.8,0.06399952439793871,0.001090881572310657,0.3742000078615634,True
24.8,17.235543206948947,5.999394939192787,19.409608796853732,-0.0006050608072127872,-0.0005861394912032478,0.7999868885646939,0.8,0.06399953413328646,0.0010016669559424409,0.3742208772463362,True
24.85,17.275542559413807,5.9993866615043485,19.449608149318593,-0.0006133384956514831,-0.00048653926572591954,0.7999871569611843,0.8,0.06399954366936442,0.0009167670097944563,0.3742421741431573,True
24.900000000000002,17.315541925288173,5.999381106661799,19.489607515192958,-0.0006188933382009765,-0.00039522671442134786,0.7999874198634765,0.8,0.06399955301025095,0.0008361839803925486,0.37426373409343144,True
24.950000000000003,17.355541304139432,5.99937800561444,19.529606894044218,-0.0006219943855603205,-0.0003117909861254962,0.7999876773840399,0.8,0.06399956215994111,0.0007598948360196124,0.3742854097689119,True
25.0,17.395540695586195,5.999377105602682,19.56960628549098,-0.0006228943973178858,-0.00023582221864273562,0.7999879296330411,0.8,0.06399957112234814,0.0006878542704473866,0.37430706988015183,True
25.05,17.435540099289764,5.999378169773527,19.60960568919455,-0.0006218302264731079,-0.0001669138022148869,0.799988176718392,0.8,0.06399957990130521,0.00061999749472855,0.3743285981157628,True
25.1,17.47553951494671,5.999380976747502,19.649605104851496,-0.0006190232524980743,-0.0001046643671326585,0.7999884187457951,0.8,0.06399958850056699,0.0005562428249229451,0.37434989211518466,True
25.150000000000002,17.515538942282515,5.999385320145078,19.6896045321873,-0.000614679854922251,-4.8679515290563826e-05,0.7999886558187892,0.8,0.06399959692381155,0.0004964940739364914,0.3743708624771481,True
25.200000000000003,17.55553838104611,5.99939100807991,19.729603970950894,-0.0006089919200897853,1.4266852777307227e-06,0.7999888880387938,0.8,0.06399960517464134,0.0004406427558440304,0.37439058435450995,True
25.25,17.595537831005267,5.999397862625612,19.76960342091005,-0.0006021373743880787,4.60304246344548e-05,0.7999891155051521,0.8,0.06399961325658515,0.00038857011121423793,0.37438419172192533,True
25.3,17.63553729194274,5.999405719262149,19.809602881847525,-0.0005942807378511716,8.549707649793571e-05,0.7999893383151735,0.8,0.06399962117309994,0.00034014896202118463,0.3743803270873193,True
25.35,17.675536763653053,5.999414426307387,19.849602353557838,-0.0005855736926125843,0.00012018030849677097,0.7999895565641758,0.8,0.06399962892757144,0.00029524540473534617,0.37437873365855645,True
25.400000000000002,17.715536245939873,5.9994238443387715,19.88960183584466,-0.0005761556612284835,0.00015042136130439604,0.7999897703455253,0.8,0.06399963652331635,0.00025372035015691565,0.3743791706087942,True
25.450000000000003,17.755535738613887,5.999433845609602,19.92960132851867,-0.0005661543903983102,0.00017654848165703362,0.7999899797506771,0.8,0.06399964396358357,0.0002154309184675917,0.37438141265890734,True
25.5,17.795535241491102,5.999444313463915,19.969600831395887,-0.0005556865360851759,0.00019887649506901512,0.7999901848692141,0.8,0.06399965125155528,0.0001802316978514752,0.37438524961725994,True
25.55,17.83553475439154,5.9994551417535105,20.009600344296324,-0.0005448582464895324,0.00021770650486036368,0.7999903857888856,0.8,0.06399965839034867,0.00014797587488670386,0.3743904858843353,True
25.6,17.875534277138208,5.999466234260269,20.049599867042993,-0.0005337657397310736,0.00023332570489935782,0.7999905825956444,0.8,0.06399966538301706,0.00011851624470040183,0.37439693992909784,True
25.650000000000002,17.91553380955637,5.999477504126495,20.089599399461154,-0.0005224958735050578,0.0002460072942335801,0.7999907753736838,0.8,0.06399967223255135,9.170610870519447e-05,0.3744044437433188,True
25.700000000000003,17.955533351472994,5.999488873295692,20.12959894137778,-0.0005111267043078627,0.00025601048253549413,0.7999909642054738,0.8,0.06399967894188116,6.74000674559409e-05,0.3744128422795451,True
25.75,17.995532902716416,5.999500271965813,20.1695984926212,-0.0004997280341871857,0.00026358057601952756,0.7999911491717959,0.8,0.06399968551387629,4.545471595862442e-05,0.3744219928778114,True
25.8,18.03553246311612,5.999511638056746,20.209598053020905,-0.0004883619432538566,0.00026894913419542863,0.7999913303517783,0.8,0.06399969195134764,2.5729248461437897e-05,0.3744317646857054,True
25.85,18.07553203250264,5.999522916693508,20.249597622407425,-0.0004770833064924318,0.00027233418850624544,0.7999915078229289,0.8,0.06399969825704885,8.085979511128321e-06,0.3744420380758904,True
25.900000000000002,18.115531610707546,5.999534059706346,20.28959720061233,-0.000465940293653766,0.0002739405145567395,0.7999916816611696,0.8,0.0639997044336768,-7.6092122438436384e-06,0.3744527040647533,True
25.950000000000003,18.15553119756349,5.999545025148744,20.329596787468276,-0.00045497485125611803,0.0002739599502694006,0.7999918519408677,0.8,0.0639997104838734,-2.1486511299240757e-05,0.37446366373541007,True
26.0,18.195530792904314,5.999555776834073,20.3695963828091,-0.0004442231659274043,0.0002725717529090325,0.7999920187348684,0.8,0.06399971641022649,-3.367185769109631e-05,0.37447482766792106,True
26.05,18.23553039656517,5.999566283891473,20.409595986469956,-0.00043371610852727116,0.00026994298849295514,0.7999921821145253,0.8,0.06399972221527105,-4.428669891837582e-05,0.3744861153791901,True
26.1,18.275530008382674,5.999576520341348,20.44959559828746,-0.0004234796586519707,0.0002662289476523099,0.7999923421497318,0.8,0.06399972790148996,-5.34477960789048e-05,0.3744974547746951,True
26.150000000000002,18.315529628195062,5.999586464690707,20.489595218099847,-0.0004135353092928895,0.0002615735825305276,0.7999924989089504,0.8,0.06399973347131539,-6.12670791804096e-05,0.3745087816138776,True
26.200000000000003,18.355529255842345,5.999596099548447,20.52959484574713,-0.00040390045155280774,0.0002561099597977272,0.799992652459242,0.8,0.06399973892712991,-6.785154688749376e-05,0.37452003899073827,True
26.25,18.395528891166467,5.999605411260542,20.569594481071253,-0.0003945887394580794,0.0002499607253251988,0.7999928028662949,0.8,0.06399974427126698,-7.330320623418695e-05,0.37453117683091613,True
26.3,18.43552853401145,5.999614389564991,20.609594123916235,-0.00038561043500884296,0.00024323857650248204,0.7999929501944527,0.8,0.06399974950601249,-7.771904811859315e-05,0.3745421514062951,True
26.35,18.475528184223528,5.999623027266287,20.649593774128313,-0.00037697273371328777,0.00023604673859146255,0.7999930945067418,0.8,0.06399975463360548,-8.119105465536394e-05,0.374552924867955,True
26.400000000000002,18.515527841651263,5.999631319929068,20.689593431556048,-0.0003686800709319371,0.00022847944189782713,0.7999932358648985,0.8,0.06399975965623925,-8.380623473061165e-05,0.3745634647980932,True
26.450000000000003,18.55552750614565,5.9996392655905595,20.729593096050436,-0.0003607344094405107,0.0002206223969010004,0.799993374329395,0.8,0.06399976457606225,-8.564668434255706e-05,0.37457374378135155,True
26.5,18.595527177560204,5.999646864491328,20.76959276746499,-0.0003531355086723309,0.00021255326482031242,0.799993509959466,0.8,0.06399976939517878,-8.678966857111837e-05,0.374583738995832,True
26.55,18.63552685575102,5.999654118823839,20.809592445655806,-0.000345881176160745,0.00020434212140803734,0.7999936428131336,0.8,0.06399977411565025,-8.730772224407125e-05,0.3745934318239348,True
26.6,18.67552654057685,5.9996610324982536,20.849592130481636,-0.0003389675017464455,0.00019605191204978464,0.7999937729472318,0.8,0.06399977873949572,-8.72687665912566e-05,0.3746028074830198,True
26.650000000000002,18.71552623189912,5.9996676109248535,20.889591821803904,-0.00033238907514654414,0.00018773889652122684,0.7999939004174317,0.8,0.06399978326869299,-8.673623939907667e-05,0.3746118546757825,True
26.700000000000003,18.75552592958196,5.99967386081248,20.929591519486745,-0.0003261391875195585,0.00017945308199748816,0.7999940252782642,0.8,0.06399978770517947,-8.576923636851077e-05,0.3746205652601263,True
26.75,18.795525633492236,5.999679789982334,20.96959122339702,-0.0003202100176658007,0.00017123864313926053,0.7999941475831445,0.8,0.06399979205085284,-8.442266159957195e-05,0.37462893393823743,True
26.8,18.835525343499526,5.999685407196461,21.00959093340431,-0.00031459280353907104,0.00016313432828790706,0.7999942673843938,0.8,0.0639997963075719,-8.274738527729101e-05,0.3746369579644749,True
26.85,18.875525059476125,5.999690722000269,21.04959064938091,-0.00030927799973134995,0.00015517385099230742,0.7999943847332628,0.8,0.06399980047715748,-8.079040684583957e-05,0.3746446368716416,True
26.900000000000002,18.91552478129702,5.999695744578377,21.089590371201805,-0.00030425542162326735,0.00014738626626338236,0.7999944996799527,0.8,0.06399980456139297,-7.859502208188885e-05,0.3746519722151245,True
26.950000000000003,18.95552450883987,5.999700485623133,21.129590098744654,-0.00029951437686737137,0.0001397963311094237,0.7999946122736372,0.8,0.06399980856202557,-7.620099267354994e-05,0.37465896733436677,True
27.0,18.99552424198496,5.999704956215113,21.169589831889745,-0.0002950437848872056,0.00013242484904732666,0.7999947225624833,0.8,0.06399981248076661,-7.364471702703001e-05,0.374665627131082,True
27.05,19.03552398061518,5.999709167714941,21.209589570519967,-0.0002908322850592171,0.00012528899841198567,0.799994830593672,0.8,0.06399981631929216,-7.095940117289107e-05,0.3746719578635931,True
27.1,19.075523724615973,5.999713131665765,21.249589314520758,-0.00028686833423474667,0.00011840264440064085,0.7999949364134188,0.8,0.06399982007924415,-6.817522877118073e-05,0.37467796695665956,True
27.150000000000002,19.115523473875278,5.999716859705755,21.289589063780063,-0.0002831402942451433,0.00011177663489029586,0.7999950400669926,0.8,0.06399982376223101,-6.531952933552721e-05,0.3746836628261376,True
