time_s,x_m,y_m,progress_m,lateral_error_m,heading_error_rad,speed_mps,target_speed_mps,drive,steer,clearance_m,reference_valid
0.0,0.0,-0.2,0.0,-0.2,-0.15,0.0,0.5,0.35,0.4583662361046582,0.13202048991333573,True
0.05,0.0014463123715000156,-0.200187501709664,0.0014463123715000156,-0.200187501709664,-0.14976841575479244,0.05831443590147568,0.5,0.35,0.45969126105694164,0.13189667495765856,True
0.1,0.005801182227611627,-0.20062417322993428,0.005801182227611627,-0.20062417322993428,-0.14814123264494367,0.11651566605872463,0.5,0.35,0.45997822404348593,0.13190774016884627,True
0.15000000000000002,0.013085400586132653,-0.20110229041126806,0.013085400586132653,-0.20110229041126806,-0.14369322474943977,0.1744913620874936,0.5,0.35,0.4574582865913983,0.13265579884994452,True
0.2,0.023314215394500584,-0.2013717437431828,0.023314215394500584,-0.2013717437431828,-0.13493750967189555,0.23213093591663345,0.5,0.35,0.45023345514988333,0.1348096072424052,True
0.25,0.03647720788063495,-0.20124015331234113,0.03647720788063495,-0.20124015331234113,-0.12119844730279566,0.2893263743246895,0.5,0.30126328471569397,0.4373190403747687,0.1387689108095917,True
0.30000000000000004,0.05231641253296446,-0.200736935982998,0.05231641253296446,-0.200736935982998,-0.10393655520171086,0.3378940135076773,0.5,0.23813176945428077,0.4202452930436603,0.14412402390817547,True
0.35000000000000003,0.07030797066620441,-0.19993265600630442,0.07030797066620441,-0.19993265600630442,-0.08502125222742365,0.37545993118837984,0.5,0.18927568676564582,0.4010222851795709,0.15029795933203122,True
0.4,0.08994819320064548,-0.1987966593367991,0.08994819320064548,-0.1987966593367991,-0.06528025115120527,0.4044697584523338,0.5,0.15152783584254026,0.3804441703826327,0.15709512354421815,True
0.45,0.11084590080506046,-0.19731368752768144,0.11084590080506046,-0.19731368752768144,-0.04532622434144383,0.42684383489895,0.5,0.12239881377030908,0.3591094895009912,0.16435741505086823,True
0.5,0.1326984202141243,-0.19548266509182488,0.1326984202141243,-0.19548266509182488,-0.025609356196521698,0.4440824525517584,0.5,0.09994227547982461,0.3374729376150056,0.17195317517873962,True
0.55,0.1552724777481292,-0.19331290499254453,0.1552724777481292,-0.19331290499254453,-0.006450183427993899,0.45735322800753725,0.5,0.08264259300150807,0.3158730834268934,0.17977400410821062,True
0.6000000000000001,0.17838895052587425,-0.190820787858538,0.17838895052587425,-0.190820787858538,0.011931203312554376,0.4675621943213952,0.5,0.06932317433246513,0.29455708500192423,0.18064462582554094,True
0.65,0.20191079514836105,-0.18802713850971603,0.20191079514836105,-0.18802713850971603,0.02939062930842838,0.4754108174994004,0.5,0.059072777358275805,0.27370169586798254,0.17829908541412404,True
0.7000000000000001,0.22573355674665646,-0.18495526949648167,0.22573355674665646,-0.18495526949648167,0.045840176527278446,0.4814412442832914,0.5,0.05118694253232968,0.25343031634933416,0.1765662752750138,True
0.75,0.24977794694634947,-0.1816295865497844,0.24977794694634947,-0.1816295865497844,0.06123292864476344,0.4860719306443402,0.5,0.045121823707531164,0.23382640840196592,0.1754298650324572,True
0.8,0.27398406413091714,-0.17807463471369778,0.27398406413091714,-0.17807463471369778,0.0755514015174387,0.4896255323291072,0.5,0.04045801537898409,0.21494382372195722,0.17486452097302896,True
0.8500000000000001,0.2983069072532414,-0.17431447373158238,0.2983069072532414,-0.17431447373158238,0.08879891519364817,0.4923506420513702,0.5,0.036872342506274816,0.1968146347138556,0.17483939896776574,True
0.9,0.3227129024080154,-0.17037229046588495,0.3227129024080154,-0.17037229046588495,0.10099324185563063,0.4944386745324367,0.5,0.034115936796808646,0.1794550069078586,0.17532061589738698,True
0.9500000000000001,0.3471772186912742,-0.16627017662641858,0.3471772186912742,-0.16627017662641858,0.11216197728853879,0.49603694931431797,0.5,0.031997243622745294,0.1628695669646253,0.1762729636738637,True
1.0,0.37168169704408194,-0.16202901833758301,0.37168169704408194,-0.16202901833758301,0.1223391975791905,0.49725880801481254,0.5,0.03036887720160852,0.14705463173011232,0.17766107229075248,True
1.05,0.3962132539212301,-0.15766845894691714,0.3962132539212301,-0.15766845894691714,0.13156306326728107,0.49819142673951866,0.5,0.029117468184834384,0.13200058389099883,0.17945017832555166,True
1.1,0.4207626520699863,-0.1532069079528013,0.4207626520699863,-0.1532069079528013,0.13987411575967099,0.49890184194267007,0.5,0.02815583164214232,0.1176936130184418,0.18160661481420234,True
1.1500000000000001,0.4453235547657158,-0.14866157745903683,0.4453235547657158,-0.14866157745903683,0.14731407591239237,0.4994415942890306,0.5,0.02741693052856662,0.10411698739803915,0.18409810697327028,True
1.2000000000000002,0.4698917987277362,-0.14404853372762902,0.4698917987277362,-0.14404853372762902,0.15392500463558953,0.4998503051131473,0.5,0.026849226221408822,0.0912519805028093,0.1868939345172378,True
1.25,0.4944648356636734,-0.13938275575209672,0.4944648356636734,-0.13938275575209672,0.15974872301750112,0.50015842943052,0.5,0.02641309929417144,0.07907854422171458,0.18996500377105283,True
1.3,0.5190413038271887,-0.13467819578134876,0.5190413038271887,-0.13467819578134876,0.16482641746849,0.5003893742723036,0.5,0.026078095287505373,0.06757579699386046,0.19328385999515002,True
1.35,0.54362069982721,-0.1299478387610222,0.54362069982721,-0.1299478387610222,0.16919837602920595,0.5005611281776585,0.5,0.02582080597467868,0.056722377064425324,0.1968246611360044,True
1.4000000000000001,0.5682031277631159,-0.12520375900853273,0.5682031277631159,-0.12520375900853273,0.17290381709741257,0.5006875143674371,0.5,0.025623239877965588,0.046496697737943585,0.20056312765042236,True
1.4500000000000002,0.5927891080294077,-0.12045717330930898,0.5927891080294077,-0.12045717330930898,0.17598078282808433,0.500779154338985,0.5,0.025471569287628934,0.03687713162592537,0.20447647840707117,True
1.5,0.6173794321891573,-0.11571849016603458,0.6173794321891573,-0.11571849016603458,0.17846607743292417,0.5008442086978063,0.5,0.0253551669243449,0.02784214359606487,0.2085433594064333,True
1.55,0.6419750534346018,-0.11099735525754731,0.6419750534346018,-0.11099735525754731,0.18039523635923116,0.5008889466658863,0.5,0.02526586536905628,0.0193703867661786,0.2127437697850119,True
1.6,0.6665770045507811,-0.10630269334431702,0.6665770045507811,-0.10630269334431702,0.18180251646540882,0.5009181838521375,0.5,0.025197387792740562,0.01144077194869989,0.21705898799400225,True
1.6500000000000001,0.6911863371407354,-0.1016427469447514,0.6911863371407354,-0.1016427469447514,0.182720900274075,0.5009356187380609,0.5,0.025144910390305933,0.004032518068249407,0.22147149996017682,True
1.7000000000000002,0.7158040772871519,-0.09702511213596579,0.7158040772871519,-0.09702511213596579,0.18318210949790648,0.5009440913003675,0.5,0.025104726064065632,-0.0028748110315041046,0.22596493029989415,True
1.75,0.7404311939145866,-0.09245677182747294,0.7404311939145866,-0.09245677182747294,0.18321662453445417,0.5009457817809982,0.5,0.025073985937752702,-0.009301279510190696,0.23052397716128556,True
1.8,0.7650685769547004,-0.08794412683182397,0.7650685769547004,-0.08794412683182397,0.18285370768608708,0.5009423634518774,0.5,0.025050500694965606,-0.01526655941568398,0.23513435094093288,True
1.85,0.789717023062827,-0.08349302502239338,0.789717023062827,-0.08349302502239338,0.18212142860460737,0.5009351200197407,0.5,0.025032587899364692,-0.020789915572076843,0.23978271690785186,True
1.9000000000000001,0.8143772271325104,-0.0791087888313678,0.8143772271325104,-0.0791087888313678,0.18104669097711676,0.5009250358541,0.5,0.025018954655638737,-0.025890194092914487,0.24445664163306052,True
1.9500000000000002,0.8390497782397885,-0.07479624130423008,0.8390497782397885,-0.07479624130423008,0.17965525982553412,0.5009128653282463,0.5,0.02500860743198649,-0.03058581355912882,0.24914454304217215,True
2.0,0.8637351589472706,-0.07055973089267598,0.8637351589472706,-0.07055973089267598,0.17797178903369376,0.5008991861077786,0.5,0.025000782757407893,-0.03489475819848189,0.2538356438637857,True
2.0500000000000003,0.8884337471296264,-0.06640315513697874,0.8884337471296264,-0.06640315513697874,0.17601984887695282,0.5008844401023528,0.5,0.02499489396193348,-0.0388345726135982,0.258519928225855,True
2.1,0.9131458196623876,-0.06232998336170708,0.9131458196623876,-0.06232998336170708,0.1738219534338997,0.500868964936385,0.5,0.024990490246196827,-0.04242235775290342,0.2631881011473778,True
2.15,0.9378715574567553,-0.05834327848539819,0.9378715574567553,-0.05834327848539819,0.17139958782540526,0.5008530181334622,0.5,0.02498722522628492,-0.04567476792063076,0.2678315506779715,True
2.2,0.962611051433455,-0.054445718025070346,0.962611051433455,-0.054445718025070346,0.16877323526522528,0.500836795701192,0.5,0.024984832760427404,-0.04860800869134823,0.2724423124493224,True
2.25,0.9873643091154853,-0.05063961435999881,0.9873643091154853,-0.05063961435999881,0.165962403927394,0.5008204464127813,0.5,0.02498310837181888,-0.05123783564063205,0.2770130364174906,True
2.3000000000000003,1.0121312615881775,-0.04692693430560261,1.0121312615881775,-0.04692693430560261,0.16298565364491474,0.5008040827815585,0.5,0.02498189497208407,-0.05357955383336155,0.28153695559188574,True
2.35,1.0369117706293733,-0.04330931803722249,1.0369117706293733,-0.04330931803722249,0.1598606224560648,0.5007877894940383,0.5,0.02498107188979116,-0.05564801802961407,0.28600785656422445,True
2.4000000000000004,1.0617056358558568,-0.03978809739465651,1.0617056358558568,-0.03978809739465651,0.15660405301197913,0.500771629889896,0.5,0.024980546438893587,-0.05745763357886512,0.2904200516681943,True
2.45,1.086512601766843,-0.036364313591233426,1.086512601766843,-0.036364313591233426,0.15323181885409562,0.5007556509410105,0.5,0.024980247439102973,-0.05902235797868881,0.2947683526174002,True
2.5,1.111332364593168,-0.033038734345655345,1.111332364593168,-0.033038734345655345,0.14975895056390334,0.5007398870770622,0.5,0.02498012023631873,-0.06035570307626554,0.2990480454851507,True
2.5500000000000003,1.1361645788832742,-0.029811870450575186,1.1361645788832742,-0.029811870450575186,0.1461996617811204,0.5007243631247253,0.5,0.024980122875848547,-0.06147073789100055,0.3032548669045988,True
2.6,1.16100886377523,-0.026683991788670848,1.16100886377523,-0.026683991788670848,0.14256737508049777,0.5007090965656766,0.5,0.024980223161546435,-0.06238009203534205,0.30738498138158843,True
2.6500000000000004,1.1858648089187445,-0.023655142804647034,1.1858648089187445,-0.023655142804647034,0.13887474769221905,0.5006940992711306,0.5,0.02498039639577694,-0.06309595970907106,0.3114349596252423,True
2.7,1.2107319800230627,-0.02072515743997571,1.2107319800230627,-0.02072515743997571,0.13513369704651235,0.5006793788341023,0.5,0.02498062364259353,-0.06363010424033089,0.3154017578128776,True
2.75,1.2356099240163312,-0.01789367353613979,1.2356099240163312,-0.01789367353613979,0.13135542611965936,0.5006649395925383,0.5,0.024980890393006938,-0.06399386314473704,0.31928269771626894,True
2.8000000000000003,1.2604981738098646,-0.01516014671155598,1.2604981738098646,-0.01516014671155598,0.12755044855607334,0.5006507834148964,0.5,0.024981185539258693,-0.06419815367220653,0.3230754476256542,True
2.85,1.2853962526670966,-0.012523863717123902,1.2853962526670966,-0.012523863717123902,0.12372861353945727,0.5006369103031806,0.5,0.02498150058656547,-0.06425347880978004,0.32677800401624646,True
2.9000000000000004,1.3103036781820858,-0.009983955275398039,1.3103036781820858,-0.009983955275398039,0.11989913038516967,0.5006233188557055,0.5,0.024981829047359353,-0.06416993370769804,0.3303886739094396,True
2.95,1.3352199658765151,-0.00753940840863798,1.3352199658765151,-0.00753940840863798,0.11607059282572091,0.500610006622077,0.5,0.024982165975777015,-0.06395721249535481,0.3339060578874442,True
3.0,1.3601446324273039,-0.005189078261404486,1.3601446324273039,-0.005189078261404486,0.1122510029616985,0.5005969703753533,0.5,0.024982507609929542,-0.06362461545347377,0.3373290337258258,True
3.0500000000000003,1.3850771985394306,-0.0029316994238868183,1.3850771985394306,-0.0029316994238868183,0.1084477948512796,0.5005842063205755,0.5,0.02498285109700119,-0.06318105650889173,0.3406567406134129,True
3.1,1.4100171914804145,-0.0007658967627323324,1.4100171914804145,-0.0007658967627323324,0.10466785771273975,0.5005717102544077,0.5,0.024983194282003907,-0.06263507101867208,0.34388856393335465,True
3.1500000000000004,1.4349641472942487,0.00130980423322896,1.4349641472942487,0.00130980423322896,0.10091755871592366,0.5005594776872202,0.5,0.02498353554544983,-0.06199482381086358,0.3444045121163498,True
3.2,1.4599176127134939,0.0032969675843393486,1.4599176127134939,0.0032969675843393486,0.09720276534043339,0.5005475039363225,0.5,0.024983873678616896,-0.061268117450017014,0.3434693096431969,True
3.25,1.4848771467887898,0.005197237419898539,1.4848771467887898,0.005197237419898539,0.09352886728023953,0.5005357841970364,0.5,0.024984207787706426,-0.06046240069655891,0.342611499725273,True
3.3000000000000003,1.5098423222552897,0.007012329037130216,1.5098423222552897,0.007012329037130216,0.0899007978764796,0.5005243135967519,0.5,0.02498453722020217,-0.05958477713023615,0.3418278802365069,True
3.35,1.5348127266555123,0.008744020409518414,1.5348127266555123,0.008744020409518414,0.0863230550623203,0.5005130872359179,0.5,0.02498486150829216,-0.05864201390908092,0.34111530152690817,True
3.4000000000000004,1.5597879632378957,0.01039414413418421,1.5597879632378957,0.01039414413418421,0.08279972180588825,0.5005021002190031,0.5,0.024985180325402815,-0.05764055063665185,0.3404706702965834,True
3.45,1.5847676516499407,0.011964579807506663,1.5847676516499407,0.011964579807506663,0.07933448603938174,0.5004913476777607,0.5,0.024985493452809336,-0.05658650831167404,0.33989095306721806,True
3.5,1.6097514284443062,0.013457246817780539,1.6097514284443062,0.013457246817780539,0.07593066006453628,0.5004808247885901,0.5,0.02498580075399045,-0.055485698335599146,0.33937317926426724,True
3.5500000000000003,1.6347389474155776,0.01487409754334923,1.6347389474155776,0.01487409754334923,0.072591199426608,0.5004705267853731,0.5,0.024986102154933142,-0.054343631555020824,0.3389144439244933,True
3.6,1.6597298797846973,0.016217110944355306,1.6597298797846973,0.016217110944355306,0.06931872125094451,0.5004604489688426,0.5,0.024986397629010573,-0.05316552731729372,0.3385119100445763,True
3.6500000000000004,1.6847239142472568,0.017488286536012518,1.6847239142472568,0.017488286536012518,0.06611552203801974,0.5004505867132975,0.5,0.024986687185374806,-0.05195632251910202,0.33816281058733877,True
3.7,1.709720756901001,0.018689638731120707,1.709720756901001,0.018689638731120707,0.06298359491450976,0.5004409354712887,0.5,0.02498697086004847,-0.05072068062910258,0.33786445016269834,True
3.75,1.7347201310670268,0.019823191539416567,1.7347201310670268,0.019823191539416567,0.05992464633957604,0.500431490776755,0.5,0.02498724870909297,-0.04946300066710488,0.3376142064008168,True
3.8000000000000003,1.759721777018263,0.020890973611276006,1.759721777018263,0.020890973611276006,0.05694011226699536,0.500422248246979,0.5,0.02498752080336995,-0.04818742612355983,0.33740953103508337,True
3.85,1.7847254516279158,0.021895013613254802,1.7847254516279158,0.021895013613254802,0.054031173765136525,0.5004132035836449,0.5,0.0249877872245283,-0.04689785380438741,0.33724795071257424,True
3.9000000000000004,1.8097309279496763,0.022837335922970003,1.8097309279496763,0.022837335922970003,0.0511987720980276,0.5004043525732161,0.5,0.024988048061932135,-0.04559794258738425,0.3371270675494942,True
3.95,1.83473799474059,0.023719956630881597,1.83473799474059,0.023719956630881597,0.04844362327189293,0.5003956910867992,0.5,0.024988303410311937,-0.044291122077619406,0.3370445594488518,True
4.0,1.859746455936636,0.024544879836628734,1.859746455936636,0.024544879836628734,0.04576623205256556,0.5003872150796217,0.5,0.024988553367971737,-0.042980601150336105,0.3369981801972659,True
4.05,1.8847561300902076,0.025314094227703664,1.8847561300902076,0.025314094227703664,0.04316690546010494,0.5003789205902242,0.5,0.02498879803542157,-0.04166937637093855,0.3369857593573605,True
4.1000000000000005,1.9097668497778835,0.02602956992840602,1.9097668497778835,0.02602956992840602,0.04064576574777586,0.500370803739438,0.5,0.024989037514339063,-0.04036024028265097,0.3370052019717064,True
4.15,1.9347784609860903,0.02669325560720667,1.9347784609860903,0.02669325560720667,0.03820276287327871,0.5003628607292102,0.5,0.024989271906781636,-0.03905578955339402,0.3370544880937072,True
4.2,1.9597908224815168,0.027307075830860787,1.9597908224815168,0.027307075830860787,0.03583768647076805,0.5003550878413172,0.5,0.024989501314592318,-0.03775843297432892,0.3371316721602313,True
4.25,1.984803805172425,0.027872928653840993,1.984803805172425,0.027872928653840993,0.033550177332762984,0.5003474814360022,0.5,0.024989725838953328,-0.0364703993033784,0.33723488222016657,True
4.3,2.009817291466341,0.028392683431910246,2.009817291466341,0.028392683431910246,0.031339738411543326,0.5003400379505613,0.5,0.024989945580053758,-0.03519564141457996,0.3373623190324253,True
4.3500000000000005,2.0348311748607695,0.028868170922902295,2.0348311748607695,0.028868170922902295,0.029205688848260247,0.500332753897899,0.5,0.024990160636843953,-0.03395415816136697,0.3375122795399187,True
4.4,2.059845361337159,0.029301103956036408,2.059845361337159,0.029301103956036408,0.027146634621498092,0.5003256258650667,0.5,0.024990371106857198,-0.03275135847794093,0.33768339170114015,True
4.45,2.0848597685865173,0.029693049492506566,2.0848597685865173,0.029693049492506566,0.02516042533680454,0.5003186505117964,0.5,0.024990577086081756,-0.03158710711040285,0.3378746559307421,True
4.5,2.10987432281417,0.03004549745152702,2.10987432281417,0.03004549745152702,0.023244754141935088,0.5003118245690374,0.5,0.024990778668873115,-0.030462179011031484,0.33808520064206105,True
4.55,2.1348889575628367,0.03035987751639244,2.1348889575628367,0.03035987751639244,0.021397295754586206,0.5003051448375042,0.5,0.02499097594789451,-0.029387254654721123,0.33831422474137707,True
4.6000000000000005,2.1599036140024146,0.030637513226731385,2.1599036140024146,0.030637513226731385,0.019615384289647958,0.5002986081862366,0.5,0.02499116901408205,-0.028364067176072313,0.33856113815767197,True
4.65,2.184918240241095,0.030879606979480504,2.184918240241095,0.030879606979480504,0.017895984748398618,0.5002922115511805,0.5,0.02499135795662515,-0.027391027167896424,0.33882558536164276,True
4.7,2.209932789611282,0.03108728428157953,2.209932789611282,0.03108728428157953,0.016236058462898228,0.5002859519337876,0.5,0.024991542862961697,-0.026466948616210986,0.3391072934489229,True
4.75,2.234947219917743,0.03126160666965024,2.234947219917743,0.03126160666965024,0.014632649983444,0.5002798263996378,0.5,0.02499172381878229,-0.02559506795234671,0.33940603328423447,True
4.800000000000001,2.25996149324441,0.03140355351461522,2.25996149324441,0.03140355351461522,0.013082743313928724,0.5002738320770862,0.5,0.024991900908041872,-0.024774724728706843,0.33972167979472284,True
4.8500000000000005,2.284975575466354,0.03151401720543086,2.284975575466354,0.03151401720543086,0.011583246229876411,0.5002679661559336,0.5,0.024992074212977493,-0.024003840156935137,0.3400542212246548,True
4.9,2.3099894354914006,0.03159382441458875,2.3099894354914006,0.03159382441458875,0.01013114852164994,0.5002622258861227,0.5,0.024992243814129112,-0.023280288833923104,0.34040369090320455,True
4.95,2.3350030448234524,0.03164374461742498,2.3350030448234524,0.03164374461742498,0.008723565567462753,0.5002566085764588,0.5,0.024992409790364756,-0.02260147945539582,0.3407701455275065,True
5.0,2.3600163772323497,0.031664495381675234,2.3600163772323497,0.031664495381675234,0.0073577535450891456,0.5002511115933573,0.5,0.024992572218906113,-0.021965391169117162,0.3411536550506957,True
5.050000000000001,2.3850294084853383,0.03165674556413254,2.3850294084853383,0.03165674556413254,0.006031106274098506,0.5002457323596148,0.5,0.024992731175357247,-0.021370218873829474,0.34155430011488774,True
5.1000000000000005,2.4100421161225896,0.031621115323792366,2.4100421161225896,0.031621115323792366,0.004741131768181854,0.500240468353206,0.5,0.024992886733733337,-0.02081366487796083,0.34197217870942276,True
5.15,2.4350544792226096,0.031558180079122096,2.4350544792226096,0.031558180079122096,0.003485460443789213,0.500235317106106,0.5,0.02499303896649014,-0.02028868675170876,0.34240739954143207,True
5.2,2.4600664781522514,0.03146849557201355,2.4600664781522514,0.03146849557201355,0.0022620010121358874,0.5002302762031363,0.5,0.024993187944553647,-0.01979268573045625,0.34286001049068804,True
5.25,2.485078094510758,0.031352607261119624,2.485078094510758,0.031352607261119624,0.0010689494016796273,0.5002253432808351,0.5,0.024993333737350264,-0.019324674942625263,0.3433299862428374,True
5.300000000000001,2.510089311124584,0.03121103110014558,2.510089311124584,0.03121103110014558,-9.539155547652373e-05,0.5002205160263516,0.5,0.02499347641283658,-0.019219977417250195,0.3437606381766427,True
5.3500000000000005,2.535100110204745,0.031042844050739836,2.535100110204745,0.031042844050739836,-0.001242671936797385,0.5002157921763637,0.5,0.0249936160375288,-0.018810483044396187,0.3435881789936046,True
5.4,2.5601104713436715,0.030848138827609218,2.5601104713436715,0.030848138827609218,-0.0023746344584239724,0.5002111695160177,0.5,0.02499375267653261,-0.01840027232262529,0.3434469478314436,True
5.45,2.5851203796241142,0.03062865117378892,2.5851203796241142,0.03062865117378892,-0.003482184947039635,0.5002066458778922,0.5,0.02499388639357158,-0.018001464464485757,0.3433378998369929,True
5.5,2.6101298215544855,0.030384947773153446,2.6101298215544855,0.030384947773153446,-0.004565642407473649,0.5002022191409824,0.5,0.024994017251015847,-0.017613382955912707,0.3432603639586968,True
5.550000000000001,2.635138784799028,0.030117536501062653,2.635138784799028,0.030117536501062653,-0.0056256664272711174,0.5001978872297069,0.5,0.024994145309910298,-0.017222647769742253,0.34321362738554734,True
5.6000000000000005,2.6601472585300177,0.029826967604850315,2.6601472585300177,0.029826967604850315,-0.006662498115051298,0.5001936481129355,0.5,0.02499427063000217,-0.016826937906920705,0.34319705938892686,True
5.65,2.6851552337853097,0.02951385418534285,2.6851552337853097,0.02951385418534285,-0.007675911177713969,0.5001894998030374,0.5,0.02499439326976845,-0.016427877476438223,0.3432101050394596,True
5.7,2.710162703278174,0.029178818459241175,2.710162703278174,0.029178818459241175,-0.008665658568237077,0.5001854403549503,0.5,0.02499451328644191,-0.016025260418020677,0.3432522064803264,True
5.75,2.7351696613006764,0.02882248246283656,2.7351696613006764,0.02882248246283656,-0.009631535440088667,0.5001814678652687,0.5,0.024994630736038005,-0.015604103747376467,0.3433227935985522,True
5.800000000000001,2.7601761043971518,0.028445536815932905,2.7601761043971518,0.028445536815932905,-0.01057288483195377,0.5001775804713529,0.5,0.02499474567337965,-0.015162708269137475,0.34342136144593993,True
5.8500000000000005,2.7851820318606597,0.02804876192243571,2.7851820318606597,0.02804876192243571,-0.011488553251263618,0.5001737763504549,0.5,0.024994858152123142,-0.014703992847817657,0.3435474619079321,True
5.9,2.810187445233042,0.02763296230979518,2.810187445233042,0.02763296230979518,-0.012377423540900401,0.5001700537188655,0.5,0.02499496822478238,-0.01422883205762117,0.34370061167727123,True
5.95,2.835192348131937,0.027198953822379177,2.835192348131937,0.027198953822379177,-0.013238491481454107,0.5001664108310778,0.5,0.02499507594275275,-0.013721180139983642,0.34388028249746855,True
6.0,2.8601967472695677,0.026747640508428736,2.8601967472695677,0.026747640508428736,-0.014070301334037688,0.5001628459789694,0.5,0.024995181356335418,-0.013180050272293109,0.3440859910105757,True
6.050000000000001,2.8852006530332694,0.02628003787232327,2.8852006530332694,0.02628003787232327,-0.014870890464444383,0.5001593574910018,0.5,0.024995284514760015,-0.012609596694482323,0.34431729165033054,True
6.1000000000000005,2.9102040785839316,0.025797197442044596,2.9102040785839316,0.025797197442044596,-0.015638390574002396,0.5001559437314373,0.5,0.02499538546620716,-0.012011644496470452,0.34457367451079646,True
6.15,2.935207039555937,0.025300191390634063,2.935207039555937,0.025300191390634063,-0.016371111379674674,0.5001526030995722,0.5,0.024995484257831185,-0.011369649089632462,0.34485455617299443,True
6.2,2.9602095553520473,0.02479019510173625,2.9602095553520473,0.02479019510173625,-0.01706692457461147,0.5001493340289865,0.5,0.024995580935781535,-0.010683266778242108,0.34515937892577137,True
6.25,2.9852116497227623,0.02426851172679069,2.9852116497227623,0.02426851172679069,-0.017723199304384065,0.5001461349868103,0.5,0.024995675545224007,-0.009957687871478674,0.3454876051184602,True
6.300000000000001,3.010213349416582,0.023736489962412868,3.010213349416582,0.023736489962412868,-0.018337449035887955,0.5001430044730046,0.5,0.024995768130361744,-0.00919566146452703,0.34583860868351174,True
6.3500000000000005,3.0352146836931335,0.02319550615711166,3.0352146836931335,0.02319550615711166,-0.018907423584560424,0.5001399410196591,0.5,0.024995858734455745,-0.008380467952342442,0.3462116661151008,True
6.4,3.060215685781403,0.022647050498418395,3.060215685781403,0.022647050498418395,-0.019430457064236916,0.5001369431903036,0.5,0.024995947399844388,-0.007512384632597543,0.3466060625440386,True
6.45,3.0852163933599184,0.022092752552840426,3.0852163933599184,0.022092752552840426,-0.01990339434198352,0.5001340095792347,0.5,0.024996034167963727,-0.006597479802659693,0.34702108786096514,True
6.5,3.110216846731285,0.021534294132050005,3.110216846731285,0.021534294132050005,-0.020323269194941703,0.5001311388108576,0.5,0.02499611907936598,-0.005639210585294045,0.34745592423861094,True
6.550000000000001,3.135217088108174,0.020973389865903188,3.135217088108174,0.020973389865903188,-0.020687398912673998,0.5001283295390406,0.5,0.024996202173738494,-0.004621133975722715,0.3479096379742861,True
6.6000000000000005,3.16021716307854,0.02041187476227603,3.16021716307854,0.02041187476227603,-0.02099271437726526,0.5001255804464846,0.5,0.024996283489922413,-0.003544011740645246,0.3483812893671825,True
6.65,3.1852171208695594,0.019851730062307827,3.1852171208695594,0.019851730062307827,-0.02123567985412793,0.5001228902441053,0.5,0.024996363065930286,-0.0024146426325252998,0.3488699306100438,True
6.7,3.210217012066517,0.019294993612021714,3.210217012066517,0.019294993612021714,-0.021412984602440767,0.5001202576704294,0.5,0.02499644093896357,-0.001237042746513341,0.34937449209990235,True
6.75,3.2352168876295133,0.01874373917057863,3.2352168876295133,0.01874373917057863,-0.021521639678141097,0.5001176814910031,0.5,0.024996517145430348,4.673510554015352e-06,0.3498937749636222,True
6.800000000000001,3.2602168001934104,0.018200163780578305,3.2602168001934104,0.018200163780578305,-0.021558302879483945,0.5001151604978132,0.5,0.02499659172096177,0.001309119591573121,0.3504265626167111,True
6.8500000000000005,3.285216803979193,0.017666612530285182,3.285216803979193,0.017666612530285182,-0.021519200474743677,0.5001126935087216,0.5,0.024996664700428467,0.0026691422496087996,0.35097161931849724,True
6.9,3.3102169521204896,0.01714548889359822,3.3102169521204896,0.01714548889359822,-0.021400812727096565,0.50011027936691,0.5,0.024996736117957365,0.004080152344913715,0.35152757846925214,True
6.95,3.3352172953966335,0.016639233603206113,3.3352172953966335,0.016639233603206113,-0.021199969143212184,0.5001079169403388,0.5,0.024996806006946804,0.005557170198080681,0.3520929360571252,True
7.0,3.3602178831593386,0.016150409152742424,3.3602178831593386,0.016150409152742424,-0.020913188612658753,0.500105605121216,0.5,0.024996874400082247,0.007098264957144456,0.3526661606720789,True
7.050000000000001,3.385218762798952,0.015681723549342174,3.385218762798952,0.015681723549342174,-0.020536600248362187,0.5001033428254777,0.5,0.02499694132935153,0.00869594703386535,0.35324569347517987,True
7.1000000000000005,3.4102199767597683,0.015235941902552428,3.4102199767597683,0.015235941902552428,-0.020066613142626637,0.5001011289922802,0.5,0.02499700682605968,0.010345262370887235,0.35382983992175754,True
7.15,3.435221560993379,0.014815865446669251,3.435221560993379,0.014815865446669251,-0.019500006269375918,0.5000989625835024,0.5,0.02499707092084355,0.012059960402444076,0.35441676460823135,True
7.2,3.4602235453402708,0.014424411620246836,3.4602235453402708,0.014424411620246836,-0.018833296400123295,0.5000968425832596,0.5,0.024997133643685686,0.013837487390303502,0.355004597665596,True
7.25,3.4852259524579376,0.014064635306768207,3.4852259524579376,0.014064635306768207,-0.018062666581150823,0.500094767997427,0.5,0.02499719502392847,0.015670292601398694,0.35559143511437413,True
7.300000000000001,3.5102287946760504,0.013739644218774676,3.5102287946760504,0.013739644218774676,-0.017184599895102785,0.5000927378531737,0.5,0.024997255090287978,0.017553143736336183,0.3561752372612831,True
7.3500000000000005,3.535232072209638,0.01345257897856516,3.535232072209638,0.01345257897856516,-0.016195959111741532,0.5000907511985065,0.5,0.024997313870866737,0.019497865631644833,0.356753825415542,True
7.4,3.56023577282944,0.013206685109731742,3.56023577282944,0.013206685109731742,-0.015093409994413907,0.5000888071018242,0.5,0.024997371393167232,0.021501649744376752,0.3573249802418057,True
7.45,3.585239870257089,0.01300533231890892,3.585239870257089,0.01300533231890892,-0.013873349039733121,0.50008690465148,0.5,0.0249974276841048,0.023556794343005262,0.3578864443603722,True
7.5,3.6102443210403794,0.012851936043001031,3.6102443210403794,0.012851936043001031,-0.012532484512178525,0.5000850429553547,0.5,0.02499748277001952,0.025657768234194397,0.35843582981102706,True
7.550000000000001,3.6352490625657774,0.012749937033685392,3.6352490625657774,0.012749937033685392,-0.011067917431862858,0.5000832211404386,0.5,0.024997536676688966,0.027814386384752567,0.3589706146976769,True
7.6000000000000005,3.660254012004065,0.012702865193589976,3.660254012004065,0.012702865193589976,-0.009476620115122163,0.5000814383524215,0.5,0.02499758942934027,0.030023397392538672,0.3594882336130668,True
7.65,3.685259064222301,0.012714356076820959,3.685259064222301,0.012714356076820959,-0.007755368168585593,0.500079693755293,0.5,0.02499764105266128,0.032277089697489866,0.35998608175605284,True
7.7,3.710264088864489,0.012788079279454048,3.710264088864489,0.012788079279454048,-0.005901262113319215,0.5000779865309501,0.5,0.024997691570812827,0.03456974313363699,0.3604614325952502,True
7.75,3.735268928306497,0.012927718784823046,3.735268928306497,0.012927718784823046,-0.003911800868607344,0.500076315878814,0.5,0.024997741007439074,0.03690901150926423,0.3609114357056316,True
7.800000000000001,3.7602733959442554,0.013137027568619078,3.7602733959442554,0.013137027568619078,-0.0017844242249449374,0.5000746810154539,0.5,0.024997789385679484,0.0392909166598747,0.36133319772838735,True
7.8500000000000005,3.785277273766042,0.013419839538109922,3.785277273766042,0.013419839538109922,0.0004835391580462552,0.5000730811742212,0.5,0.024997836728178645,0.04146452013863222,0.3614365639506787,True
7.9,3.8102803127700735,0.013778988396054891,3.8102803127700735,0.013778988396054891,0.0028871698036796243,0.5000715156048887,0.5,0.024997883057097492,0.043902428946612046,0.3603640443475349,True
7.95,3.835282234047899,0.014218048179037763,3.835282234047899,0.014218048179037763,0.005428150902215356,0.5000699835732997,0.5,0.024997928394123153,0.046386829911264534,0.3591716404668648,True
8.0,3.860282714453925,0.014741816522973699,3.860282714453925,0.014741816522973699,0.008115757431788061,0.5000684843610231,0.5,0.024997972760479624,0.04890493211474281,0.3578519465521756,True
8.05,3.885281390254554,0.015354303864822536,3.885281390254554,0.015354303864822536,0.010952398205406175,0.5000670172650175,0.5,0.024998016176937053,0.05144913634988535,0.3564003960148546,True
8.1,3.9102778552240256,0.01605949094057175,3.9102778552240256,0.01605949094057175,0.013939876594971203,0.5000655815973005,0.5,0.02499805866382174,0.054013168777038,0.3548126446082723,True
8.15,3.93527165890639,0.016861341814990913,3.93527165890639,0.016861341814990913,0.017079584511212005,0.5000641766846273,0.5,0.024998100241025396,0.05659991996567552,0.3530844997763231,True
8.200000000000001,3.9602623042587246,0.01776383739731347,3.9602623042587246,0.01776383739731347,0.020372814926566923,0.5000628018681741,0.5,0.02499814092801471,0.05920470736080305,0.35121179494842103,True
8.25,3.985249245297678,0.018770981476443745,3.985249245297678,0.018770981476443745,0.023820809307884022,0.5000614565032295,0.5,0.02499818074384021,0.06182060008655157,0.3491903699728487,True
8.3,4.010231885971815,0.019886756004100822,4.010300255588527,0.019869191037027358,0.02399104630481456,0.5000601399588928,0.5,0.024998219707144907,0.06444183673464221,0.34804212313173,True
8.35,4.035209579015065,0.02111510689786279,4.035457633611724,0.02090703051976708,0.019365090833451844,0.5000588516177771,0.5,0.02499825783617354,0.06706804040689388,0.3483653341559175,True
8.4,4.0601816240288535,0.022459961783699935,4.060627457866531,0.021851832589272386,0.014891506660506613,0.5000575908757208,0.5,0.02499829514878075,0.0699768455164007,0.3487394129489071,True
8.450000000000001,4.085147219618824,0.02392641206964093,4.085808491350617,0.02270860516047282,0.010579319421461321,0.5000563571415038,0.5,0.024998331662439446,0.07257821819685965,0.3491563906416467,True
8.5,4.110105532714929,0.025518520587899683,4.110999595629604,0.023481345648908015,0.006428206305374953,0.5000551498365706,0.5,0.024998367394248724,0.07515641149727435,0.3496120728326961,True
8.55,4.135055737558615,0.027238900191076696,4.136199708250612,0.02417261777759337,0.0024286908417088596,0.5000539683947589,0.5,0.024998402360942355,0.07772088793474001,0.3501064304100615,True
8.6,4.159996914795676,0.02909121117572047,4.161407815953387,0.02478605067509763,-0.0014199536748460073,0.500052812262034,0.5,0.02499843657889618,0.0802677535346061,0.34979234924194824,True
8.65,4.184928086847686,0.031079105466103027,4.1866229692673915,0.025325282437573975,-0.0051183132188149585,0.5000516808962294,0.5,0.02499847006413573,0.08279204889733706,0.34815622249070605,True
8.700000000000001,4.20984822000434,0.033206166386997145,4.211844280766618,0.025793899777097323,-0.00866725258582069,0.5000505737667923,0.5,0.02499850283234394,0.08528952299411031,0.34663665348381534,True
8.75,4.234756224841693,0.03547589958240095,4.237070922619923,0.026195428906146224,-0.012067933821725439,0.5000494903545347,0.5,0.0249985348988685,0.0877568907200863,0.34522958382380853,True
8.8,4.259650956360654,0.03789173259487391,4.26230212413601,0.026533335150904964,-0.015321755336595978,0.5000484301513906,0.5,0.024998566278728613,0.09019070601937017,0.34393095353207126,True
8.85,4.284531214400047,0.040457012106077606,4.287537169317221,0.02681102027468634,-0.01843035793637983,0.5000473926601768,0.5,0.024998596986622514,0.0925869711909949,0.34273670258211075,True
8.9,4.309395744715823,0.043174995141483714,4.3127753942923315,0.02703181379201075,-0.021395597983452544,0.5000463773943611,0.5,0.024998627036933733,0.09494225775548125,0.3416427880479305,True
8.950000000000001,4.334243240210937,0.0460488427052496,4.338016184715941,0.02719896674706779,-0.0242195844276249,0.5000453838778327,0.5,0.02499865644373848,0.0972525210778748,0.34064517987483334,True
9.0,4.359072342461817,0.049081613445947886,4.363258973135434,0.027315645544622295,-0.02690465816854086,0.50004441164468,0.5,0.024998685220811796,0.09951485812252925,0.3397398735284428,True
9.05,4.383881643344055,0.05227625940335933,4.388503236399112,0.027384927883601,-0.029453391538077717,0.5000434602389718,0.5,0.024998713381634143,0.10172705693192542,0.3389228945160924,True
9.1,4.408669686230791,0.05563562806495028,4.413748493291607,0.027409805041324793,-0.03186852627353329,0.5000425292145436,0.5,0.02499874093939734,0.10388619641480555,0.33819031449316694,True
9.15,4.433434967939204,0.05916245795698686,4.438994302068493,0.02739317767686398,-0.03415295938689332,0.5000416181347882,0.5,0.02499876790701128,0.10598853368358094,0.33753825964823575,True
9.200000000000001,4.458175941719017,0.0628593675919228,4.464240257771253,0.027337844942242912,-0.036309826499866346,0.5000407265724511,0.5,0.02499879429710964,0.10803213624603011,0.3369628972118276,True
9.25,4.482891019569221,0.06672885382343141,4.489485989850169,0.027246503025755077,-0.03834240542740674,0.5000398541094304,0.5,0.024998820122055735,0.11001593432177964,0.3364604651052474,True
9.3,4.507578573600844,0.0707732986537662,4.514731160210656,0.027121752197307843,-0.04025412569096515,0.5000390003365803,0.5,0.024998845393948442,0.11193864749662706,0.33602726196559773,True
9.35,4.532236938152431,0.07499496938362243,4.539975461153629,0.02696609715513183,-0.04204847459069941,0.5000381648535196,0.5,0.024998870124627884,0.11379654959072676,0.33565967399260876,True
9.4,4.556864413956077,0.07939600524126006,4.565218612802357,0.026781933706954697,-0.04372907696083677,0.5000373472684438,0.5,0.024998894325680622,0.11558946147296159,0.3353541647042527,True
9.450000000000001,4.581459270916304,0.08397841723284016,4.590460361079472,0.026571548717135744,-0.04529975170134534,0.5000365471979415,0.5,0.024998918008445583,0.11731756966447061,0.33510725827213217,True
9.5,4.606019748746029,0.08874410203310597,4.615700476443676,0.026337134220285205,-0.04676426039861506,0.5000357642668145,0.5,0.02499894118401901,0.1189804741559107,0.33491559827840117,True
9.55,4.630544059623979,0.09369484080028759,4.640938752105609,0.026080786316152484,-0.048126403349867584,0.5000349981079019,0.5,0.024998963863259657,0.12057649772107713,0.33477592039660575,True
9.600000000000001,4.6550303922303575,0.09883229083368052,4.66617500194722,0.025804496766427064,-0.0493900903946741,0.5000342483619078,0.5,0.024998986056794112,0.12210635310665728,0.3346850398050889,True
9.65,4.679476914242842,0.10415798813266933,4.691409059007461,0.025510155558637296,-0.050559203222488996,0.5000335146772334,0.5,0.024999007775021197,0.12357105825888273,0.3346398882357284,True
9.700000000000001,4.703881773225153,0.1096733582780291,4.716640774503029,0.025199561898917203,-0.05163763363412177,0.5000327967098115,0.5,0.024999029028117594,0.12497209946856846,0.3346374914025744,True
9.75,4.728243098384332,0.11537972082685145,4.741870016650461,0.0248744286397954,-0.05262917080650575,0.5000320941229451,0.5,0.024999049826042136,0.12631053469977596,0.33467499683312146,True
9.8,4.752559002691722,0.12127829131132441,4.767096669451968,0.024536384257436632,-0.053537574480977686,0.5000314065871502,0.5,0.02499907017854058,0.12758788529656417,0.3347496501763123,True
9.850000000000001,4.776827585017432,0.12737018306749254,4.7923206315453735,0.024186974627991516,-0.05436648438353281,0.5000307337800006,0.5,0.024999090095149928,0.1288053798998786,0.3348588192465998,True
9.9,4.801046932060488,0.13365640990764419,4.817541815170342,0.02382766563710969,-0.05511950438296694,0.5000300753859773,0.5,0.024999109585203228,0.12996463855380472,0.33499996657911507,True
9.950000000000001,4.825215120291604,0.14013788847059716,4.842760145185035,0.023459845438113087,-0.05580016959725789,0.5000294310963201,0.5,0.024999128657833675,0.1310669200366091,0.3351706563102066,True
10.0,4.849330217848713,0.14681544056401227,4.867975558145409,0.023084826677979536,-0.05641184105535585,0.500028800608883,0.5,0.02499914732197919,0.1321137654135685,0.3353685820624252,True
10.05,4.873390286521624,0.15368979493187693,4.893188001409552,0.02270384810894805,-0.05695794636665371,0.5000281836279923,0.5,0.024999165586386422,0.13310666919107453,0.3355914952823652,True
10.100000000000001,4.897393383348581,0.16076159044623742,4.9183974323797,0.02231807763770833,-0.05744167448848897,0.5000275798643083,0.5,0.024999183459614684,0.13404724643529367,0.335837290224192,True
10.15,4.921337562256748,0.1680313787517472,4.943603817766919,0.021928614797835373,-0.057866271401551816,0.5000269890346898,0.5,0.02499920095003998,0.13493676824270148,0.3361039155769565,True
10.200000000000001,4.945220875923529,0.1754996258171847,4.968807132839391,0.02153649207506526,-0.05823477849128539,0.5000264108620603,0.5,0.02499921806585938,0.1357768286971577,0.33638944855512193,True
10.25,4.969041377451588,0.18316671407226184,4.994007360749063,0.02114267680982597,-0.05855024168316192,0.5000258450752794,0.5,0.024999234815094376,0.13656923472191868,0.3366920322161133,True
10.3,4.992797121287686,0.19103294697726428,5.0192044920501235,0.020748075606168197,-0.058815546197993285,0.5000252914090146,0.5,0.024999251205594552,0.13731533021812967,0.337009918601203,True
10.350000000000001,5.016486164799848,0.19909855076424596,5.044398524089571,0.020353535809918905,-0.05903354317943199,0.5000247496036176,0.5,0.024999267245041812,0.13801660289652778,0.33734143040496667,True
10.4,5.040106569998203,0.2073636755849607,5.06958946039718,0.019959846345058083,-0.059206939989699614,0.5000242194050022,0.5,0.024999282940953382,0.13867451340590137,0.3376849916518324,True
10.450000000000001,5.063656404708761,0.21582839836635384,5.094777310214328,0.01956774030657922,-0.059338386007660775,0.5000237005645249,0.5,0.02499929830068578,0.13929076340222432,0.33803910010489086,True
10.5,5.087133743502276,0.22449272610870355,5.119962088084703,0.01917789801458123,-0.0594304660954974,0.5000231928388691,0.5,0.024999313331437897,0.13986655518532057,0.3384023259314921,True
10.55,5.110536669055659,0.23335659750647175,5.145143813372595,0.018790948310031048,-0.05948564868413947,0.5000226959899301,0.5,0.024999328040254586,0.14040462648386282,0.3387733252583609,True
10.600000000000001,5.133863271815513,0.24241988940631548,5.1703225101156525,0.018407474936580504,-0.0595062842920025,0.500022209784704,0.5,0.02499934243402998,0.1409584645311496,0.33915083407671043,True
10.65,5.1571115769414835,0.25168262870973046,5.195498219973104,0.01802824043756844,-0.05949303073032036,0.5000217339951785,0.5,0.024999356519510404,0.1415590339253915,0.3395338994032743,True
10.700000000000001,5.180279477860354,0.26114515370955066,5.220671012475042,0.01765436025483649,-0.059444061883664245,0.5000212683982254,0.5,0.024999370303297987,0.14220273479085394,0.33992193382525265,True
10.75,5.203364786577457,0.2708079370450364,5.2458409742306324,0.017287119739652107,-0.05935666714522758,0.5000208127754966,0.5,0.02499938379185336,0.14288587821425433,0.34031443627079105,True
10.8,5.226365275508426,0.2806714571525766,5.271008201179825,0.016927839807164557,-0.05922841420823849,0.5000203669133213,0.5,0.024999396991499133,0.14363726944721156,0.34071079039003016,True
10.850000000000001,5.249278628778509,0.2907363197501239,5.296172806669655,0.016578008151744195,-0.059056053474385306,0.5000199306026061,0.5,0.02499940990842226,0.14446840882936363,0.3411104501990053,True
10.9,5.272102402299048,0.3010033396077708,5.3213349271172214,0.016239370401269205,-0.05883520888944055,0.5000195036387367,0.5,0.02499942254867728,0.14537119260839798,0.34151293858774134,True
10.950000000000001,5.294834063839052,0.31147341573264253,5.346494714621256,0.015913800308332046,-0.058561310722265614,0.5000190858214821,0.5,0.024999434918189217,0.1463367480506859,0.3419177078206768,True
11.0,5.317471023221254,0.3221474470838495,5.3716523321017355,0.015603211336133406,-0.05823041804492641,0.5000186769549005,0.5,0.02499944702275643,0.1473710150459626,0.3423239904293786,True
11.05,5.340010613181737,0.33302637379602557,5.396807956297885,0.015309602939147206,-0.05783855703551788,0.5000182768472479,0.5,0.02499945886805274,0.14847052485740506,0.34273094452564923,True
11.100000000000001,5.362450076864818,0.3441111972369496,5.421961779320073,0.015035084864296649,-0.057381736739834766,0.5000178853108874,0.5,0.02499947045963074,0.14962349267478695,0.3431376252744047,True
11.15,5.3847865953471885,0.3554029084564506,5.447114004356123,0.014781801734777656,-0.056856483455788864,0.5000175021622021,0.5,0.024999481802924148,0.15081848544519927,0.3435429060030224,True
11.200000000000001,5.407017306893418,0.3669024436869422,5.47226484304861,0.014551885736514277,-0.056259962009161,0.5000171272215084,0.5,0.024999492903250094,0.15204260933604452,0.34394549055425405,True
11.25,5.429139317618085,0.3786106635498364,5.4974145142941895,0.014347434409603899,-0.055590039509206435,0.5000167603129717,0.5,0.024999503765812277,0.1532827948383364,0.3443439170597419,True
11.3,5.4511497146813515,0.39052832955221123,5.522563242810379,0.014170484892122845,-0.0548454545304487,0.5000164012645244,0.5,0.02499951439570277,0.15452793330673292,0.3447365345891401,True
11.350000000000001,5.473045574605878,0.40265609332791963,5.547711258441023,0.014023001697343128,-0.05402561488446278,0.5000160499077849,0.5,0.024999524797904498,0.1557668398818356,0.3451215736830475,True
11.4,5.494823971063805,0.41499448824828006,5.572858795560313,0.013906866781658414,-0.05313060098411787,0.5000157060779786,0.5,0.02499953497729395,0.15697466517071268,0.3454971550012073,True
11.450000000000001,5.516482013264157,0.42754386339000083,5.59800608903441,0.013823804371859595,-0.05216164112689265,0.500015369613861,0.5,0.024999544938642874,0.15813616057647056,0.3458612262085525,True
11.5,5.53801687515862,0.4403043434517237,5.623153371890472,0.0137753328952631,-0.0511211160529399,0.5000150403576412,0.5,0.02499955468662126,0.15924445656102704,0.3462116078529469,True
11.55,5.5594257808025915,0.4532758745470212,5.648300878024923,0.013762813004296229,-0.05001207633634963,0.5000147181549092,0.5,0.024999564225798857,0.16029283246790413,0.3465460844392949,True
11.600000000000001,5.580706000247507,0.46645824553379833,5.673448843282495,0.013787468909463061,-0.048837985190570365,0.5000144028545623,0.5,0.02499957356064755,0.16125144566451613,0.3468624570238129,True
11.65,5.601854908339067,0.4798509966533404,5.698597500201427,0.01385028063911008,-0.04760353245702398,0.5000140943087351,0.5,0.024999582695543608,0.16210831469964698,0.34715841366363953,True
11.700000000000001,5.622870022589492,0.4934533761229667,5.723747075836823,0.013951928067973532,-0.046314436737923126,0.5000137923727296,0.5,0.02499959163476946,0.16286384056052644,0.3474316415346751,True
11.75,5.643748963157586,0.5072644333972549,5.748897796992336,0.014092891785152922,-0.04497700832437912,0.5000134969049476,0.5,0.024999600382515863,0.1635173845642902,0.34767985195662776,True
11.8,5.664489438155056,0.5212830596667982,5.774049892100437,0.014273495441264815,-0.04359744842169966,0.5000132077668241,0.5,0.02499960894288396,0.16403985910663668,0.34790094119811044,True
11.850000000000001,5.685089315673011,0.5355078846219267,5.799203585645525,0.014493780184668903,-0.04218286001295968,0.5000129248227627,0.5,0.024999617319887042,0.16442437924435827,0.3480928211417628,True
11.9,5.705546664521764,0.5499372357420511,5.824359096325324,0.014753448429323534,-0.04074143677054154,0.5000126479400717,0.5,0.02499962551745229,0.1646790330618924,0.3482534192158939,True
11.950000000000001,5.725859692417048,0.5645692607953583,5.849516643100348,0.015051999887982108,-0.039281338193255966,0.500012376988902,0.5,0.02499963353942284,0.1648094923800016,0.3483808693032403,True
12.0,5.746026720505386,0.5794019811866251,5.87467644707263,0.01538878957375285,-0.03781036866074816,0.500012111842186,0.5,0.0249996413895597,0.16478808290012048,0.34847354730015556,True
12.05,5.766046267367758,0.5944331781439877,5.8998387255671805,0.015762885945885517,-0.03633687991938572,0.5000118523755782,0.5,0.02499964907154321,0.16461420791836448,0.34852994944940474,True
12.100000000000001,5.785917088150857,0.6096603578886124,5.925003690423983,0.01617301935946177,-0.03487025810363642,0.5000115984673971,0.5,0.024999656588974902,0.1643013978512921,0.34854860088543704,True
12.15,5.805638093129502,0.6250808916792905,5.950171553590633,0.016617742489712557,-0.03341931869867398,0.5000113499985674,0.5,0.024999663945379353,0.1638603409337347,0.34852836399364906,True
12.200000000000001,5.825208316409418,0.6406920703114481,5.975342528076764,0.017095491742757117,-0.03199220285818494,0.5000111068525653,0.5,0.02499967114420535,0.16326448407573838,0.3484684081154484,True
12.25,5.844627008679448,0.6564909846347198,6.000516821835346,0.017604434980490812,-0.030597589320851548,0.5000108689153627,0.5,0.024999678188828117,0.16251753217380852,0.3483680076087426,True
12.3,5.863893675748796,0.6724744924372772,6.025694635675876,0.018142420763281174,-0.029244725919918446,0.5000106360753744,0.5,0.024999685082550488,0.16163661356602224,0.34822658322821626,True
12.350000000000001,5.883007980722792,0.6886393668837415,6.050876167613239,0.018707154306152884,-0.0279424056071077,0.5000104082234057,0.5,0.024999691828604554,0.1606346169179085,0.3480438265707435,True
12.4,5.901969710484459,0.7049823462613237,6.076061612593346,0.019296255819354867,-0.02669827123404367,0.500010185252601,0.5,0.024999698430153112,0.15948550630008737,0.34781984680786815,True
12.450000000000001,5.9207788767415765,0.7215000102409804,6.1012511562001475,0.019907099322491854,-0.025520537507223162,0.5000099670583937,0.5,0.02499970489029146,0.15819490589246224,0.3475548276792726,True
12.5,5.93943575388439,0.7381887478379765,6.126444971997971,0.020536762460081237,-0.02441797125233425,0.5000097535384577,0.5,0.024999711212048217,0.156782240259009,0.3472490837033104,True
12.55,5.957940767745098,0.7550449084463664,6.151643224352876,0.0211822121702629,-0.023398576412350658,0.5000095445926582,0.5,0.024999717398387692,0.1552603386349643,0.3469032615158782,True
12.600000000000001,5.97629446177242,0.7720648451351351,6.176846067008216,0.02184035788625505,-0.02246937666476356,0.5000093401230064,0.5,0.024999723452210125,0.15360253648628186,0.34651835199491676,True
12.65,5.994497608451622,0.7892447853281799,6.202053636534181,0.02250787921816876,-0.02163774801286311,0.5000091400336119,0.5,0.024999729376354064,0.15181579895409328,0.34609547194315915,True
12.700000000000001,6.01255124352276,0.8065808033180879,6.227266049087628,0.023181181163735038,-0.020911714209250087,0.5000089442306388,0.5,0.024999735173597184,0.1499194550995603,0.3456358226092563,True
12.75,6.030456545690533,0.8240689682260339,6.252483401684488,0.023856582929101512,-0.02029843860830738,0.5000087526222615,0.5,0.02499974084665752,0.14792584832376168,0.3451409455677319,True
12.8,6.04821480481674,0.8417053795703311,6.277705769789177,0.024530363917970664,-0.019804241489985722,0.5000085651186214,0.5,0.024999746398195122,0.14580675025187395,0.3446126730349912,True
12.850000000000001,6.06582754139534,0.8594860363853537,6.302933200466898,0.025198584910784094,-0.019435736980373815,0.5000083816317847,0.5,0.02499975183081284,0.14357027352991925,0.3440529731175034,True
12.9,6.0832965371565555,0.8774068137829589,6.328165708381325,0.025857048509015136,-0.01920019820347807,0.5000082020757018,0.5,0.024999757147057832,0.14123439695729914,0.3434638827522817,True
12.950000000000001,6.100623707750306,0.8954636061182387,6.3534032757598,0.02650148903089389,-0.019104164048611927,0.5000080263661661,0.5,0.024999762349422826,0.13881045040737983,0.3428477292496138,True
13.0,6.117811075814555,0.9136523532829828,6.378645849113581,0.027127608556929646,-0.019153164566505617,0.500007854420775,0.5,0.02499976744034718,0.13626931657939073,0.34220717638938775,True
13.05,6.13486089391521,0.9319689136587006,6.403893331892599,0.027730898716869838,-0.019353259117690036,0.5000076861588911,0.5,0.024999772422217865,0.13361963755925288,0.3415449506901849,True
13.100000000000001,6.151775671349429,0.9504090443259933,6.429145579530145,0.028306606429261343,-0.01971117605542161,0.5000075215016047,0.5,0.02499977729737079,0.13087863348324447,0.3408638357329588,True
13.15,6.168558040913926,0.9689685389086767,6.454402398453829,0.02884992422880131,-0.020232739194583682,0.5000073603716961,0.5,0.02499978206809184,0.1280549002531064,0.34016694656888913,True
13.200000000000001,6.18521074080973,0.9876432420773688,6.479663541953506,0.029356012089787237,-0.020923108971460214,0.5000072026936004,0.5,0.024999786736617794,0.1251205305910572,0.33945763797061246,True
13.25,6.201736737280948,1.006428929662777,6.50492870196582,0.029819824862799115,-0.021787841737532013,0.500007048393371,0.5,0.024999791305137947,0.12208391016765288,0.33873936630721413,True
13.3,6.218139243669212,1.0253212956374769,6.53019750311959,0.030236088547058244,-0.022833133686479434,0.5000068973986456,0.5,0.02499979577579412,0.1189614809911392,0.33801564306961607,True
13.350000000000001,6.234421588205193,1.0443160787188077,6.555469501073356,0.03059948242154458,-0.02406442890735483,0.5000067496386119,0.5,0.02499980015068288,0.11576010052412952,0.33729026378636473,True
13.4,6.250587200409641,1.0634090706379036,6.580744177705814,0.030904653882726275,-0.025486466725006096,0.500006605043975,0.5,0.024999804431855333,0.11245278491243557,0.3365672802469244,True
13.450000000000001,6.266639732889477,1.082596002706698,6.606020931557661,0.0311460514956936,-0.027104347072393398,0.5000064635469239,0.5,0.02499980862131912,0.10904851902062125,0.33585085557706107,True
13.5,6.282583072540089,1.1018725386247477,6.6312990708602575,0.03131791148438831,-0.02892400240374104,0.5000063250811008,0.5,0.024999812721038493,0.10556305341127885,0.33514514126522377,True
13.55,6.2984212085653075,1.1212343918656513,6.6565778117975105,0.0314144340627065,-0.030950320377010843,0.5000061895815691,0.5,0.02499981673293581,0.10200109105746294,0.3344546536578047,True
13.600000000000001,6.314158227372712,1.1406773247887867,6.681856272936166,0.03142978660241336,-0.03318763132303426,0.5000060569847833,0.5,0.02499982065889239,0.09833812939015801,0.33378412855386763,True
13.65,6.329798428566571,1.1601970448611423,6.7071334641001945,0.03135794823812792,-0.035640914603863094,0.5000059272285595,0.5,0.02499982450074888,0.09458373658999068,0.33313832480389804,True
13.700000000000001,6.345346325644136,1.1797892045806193,6.732408278708495,0.03119270969405934,-0.038315354396662116,0.5000058002520457,0.5,0.024999828260306917,0.09075243360724067,0.33252215711956273,True
13.75,6.3608065211217415,1.1994495049180964,6.75767949238002,0.030927835920684786,-0.041215529681938534,0.5000056759956933,0.5,0.02499983193932936,0.08684801776321484,0.33194077210897,True
13.8,6.376183706730654,1.2191736888182976,6.782945756793922,0.03055706255714376,-0.0443453499743337,0.5000055544012298,0.5,0.024999835539541364,0.08284894560668465,0.33139957149099675,True
13.850000000000001,6.391482768794142,1.2389574494705786,6.808205587114335,0.030073957450376495,-0.047709253541240115,0.5000054354116308,0.5,0.02499983906263113,0.07876538517251892,0.33090400288677657,True
13.9,6.406708781224862,1.2587964340996656,6.83345735407152,0.02947192985339693,-0.051311957143848064,0.5000053189710936,0.5,0.02499984251025042,0.07461082459308574,0.33045962665738554,True
13.950000000000001,6.421866889384197,1.2786863337808807,6.858699283564232,0.028744378649290397,-0.05515740989964868,0.5000052050250107,0.5,0.02499984588401616,0.07038845144735938,0.33007227386171856,True
14.0,6.4369623146983175,1.298622872424054,6.883929450228356,0.0278846836809379,-0.05924900321234783,0.5000050935199447,0.5,0.02499984918551016,0.06608088744349691,0.3297479946773374,True
14.05,6.452000445032704,1.318601728959725,6.909145764028275,0.02688608891320713,-0.06359055251535062,0.500004984403603,0.5,0.02499985241628051,0.06169825113199435,0.32949289282841354,True
14.100000000000001,6.466986821925443,1.3386185430818394,6.93434596284556,0.02574171852118643,-0.0681859713009393,0.5000048776248128,0.5,0.024999855577842327,0.05725348655187749,0.3293132071387457,True
14.15,6.481927036393416,1.3586689905530456,6.959527613686786,0.02444470786497336,-0.07303842685023132,0.5000047731334981,0.5,0.024999858671677977,0.05274957635941109,0.32921542602810716,True
14.200000000000001,6.4968267344708694,1.378748770706898,6.984688106683464,0.02298819443844609,-0.07815061396686007,0.5000046708806553,0.5,0.02499986169923832,0.04817380274481174,0.3292062183255561,True
14.25,6.511691691358991,1.3988535420482597,7.009824641868748,0.021365223419763144,-0.08352540150423093,0.5000045708183306,0.5,0.02499986466194291,0.04353662591802292,0.329292343989363,True
14.3,6.526527792437237,1.41897893039044,7.034934223553601,0.019568771384393113,-0.08916560985087074,0.5000044728995976,0.5,0.024999867561181194,0.038850058220545394,0.3294806971621878,True
14.350000000000001,6.541340944188986,1.439120588927956,7.0600136637288085,0.017591857153019128,-0.09507351329857772,0.5000043770785352,0.5,0.024999870398312526,0.034117814431156905,0.329778339238104,True
14.4,6.556137079026013,1.459274185731177,7.085059577477951,0.015427534549384697,-0.10125080364388939,0.5000042833102059,0.5,0.024999873174667404,0.029332167482165324,0.33019251684066386,True
14.450000000000001,6.570922209748681,1.4794353544521082,7.110068371826769,0.013068824048798462,-0.10769894026635218,0.5000041915506349,0.5,0.024999875891547674,0.024503468191337283,0.33073063147899984,True
14.5,6.585702408484699,1.4995997022036338,7.1350362430322924,0.010508739121153047,-0.11441978747380555,0.5000041017567897,0.5,0.024999878550227332,0.01964319840650456,0.3314000357210256,True
14.55,6.600483733414632,1.5197628556743163,7.159863416413106,0.007852465542817613,-0.10920145560282546,0.5000040138865594,0.5,0.02499988115195299,0.014757266518095098,0.335523693260971,True
14.600000000000001,6.6152722263807995,1.5399204538296019,7.184686592247547,0.005378338330182062,-0.09990352824827609,0.5000039278987352,0.5,0.02499988369794481,0.009841454254475501,0.34062292206364075,True
14.65,6.6300739523789645,1.5600681098522913,7.209547347548469,0.003093834702103385,-0.09088472740915754,0.5000038437529911,0.5,0.024999886189396726,0.004906032713919167,0.3454664429507829,True
14.700000000000001,6.6448949821432395,1.5802014155229405,7.234442208366802,0.0009919011191818982,-0.08214769577691006,0.5000037614098652,0.5,0.024999888627476995,-3.790436407064062e-05,0.3500591925531153,True
14.75,6.6597413303792985,1.600315978250267,7.2593679054435025,-0.0009345121177084877,-0.07369432973229371,0.5000036808307409,0.5,0.02499989101332889,-0.004982696661991818,0.35253735242146955,True
14.8,6.674618947729542,1.6204074184138546,7.28432136946537,-0.0026924414907269034,-0.06552585727938098,0.5000036019778287,0.5,0.02499989334807111,-0.009926325835242297,0.3531285588207952,True
14.850000000000001,6.689533736959045,1.6404713491245608,7.309299724192686,-0.004288931093702083,-0.057643286949000345,0.5000035248141487,0.5,0.024999895632798655,-0.014858922002260048,0.3538081063337918,True
14.9,6.70449153719437,1.6605033798597948,7.334300282586581,-0.005731014030456911,-0.050047163223328694,0.5000034493035133,0.5,0.02499989786858283,-0.019770150247763345,0.3545676949778552,True
14.950000000000001,6.719498083763277,1.6804991385131312,7.359320543372646,-0.007025663551823647,-0.04273731894198307,0.50000337541051,0.5,0.024999900056472114,-0.024651561514240257,0.35539935380755305,True
15.0,6.734558997390861,1.7004542722526634,7.384358184240456,-0.008179780617816462,-0.03571315565406097,0.5000033031004851,0.5,0.02499990219749236,-0.029497081056140847,0.35629537258571076,True
15.05,6.749679784389859,1.7203644407158802,7.4094110543203175,-0.00920019519170454,-0.0289733526861512,0.5000032323395271,0.5,0.02499990429264772,-0.034297735111679724,0.3572483852183269,True
15.100000000000001,6.764865823608032,1.7402253195454866,7.434477167289261,-0.01009365109150579,-0.022516268186058452,0.5000031630944511,0.5,0.024999906342920597,-0.03904481726577971,0.35825126735987817,True
15.15,6.780122345190488,1.7600326107105693,7.459554694258674,-0.010866780543161012,-0.016339621657113446,0.500003095332783,0.5,0.024999908349272536,-0.04372952798623158,0.35929725384184097,True
15.200000000000001,6.795454418063684,1.7797820470885568,7.48464195585594,-0.01152608946273748,-0.01044061748298264,0.5000030290227444,0.5,0.024999910312644202,-0.04834335962858303,0.3603799163241689,True
15.25,6.810866937810609,1.7994693975355378,7.509737414093351,-0.012077943068127775,-0.004815830651552776,0.5000029641332377,0.5,0.02499991223395639,-0.05287873311529393,0.36149321026825365,True
15.3,6.826364618433324,1.8190904698141472,7.53483966409474,-0.012528556180920133,0.0005386387578930617,0.5000029006338316,0.5,0.02499991411411009,-0.057329445154722276,0.3623114862489528,True
15.350000000000001,6.841951988833344,1.838641110660174,7.55994742590843,-0.012883989296597358,0.005627098029290845,0.5000028384947464,0.5,0.024999915953986998,-0.0616873393091775,0.36044675041777985,True
15.4,6.857633381451889,1.8581172126006889,7.585059536466381,-0.01315013458586222,0.010454518571561655,0.5000027776868405,0.5,0.024999917754449933,-0.06594298859095,0.35875176095679806,True
15.450000000000001,6.873412911564639,1.8775147290258332,7.610174941326813,-0.013332689696349202,0.015026096814561907,0.5000027181815968,0.5,0.024999919516343255,-0.07009189732417477,0.3572188386923907,True
15.5,6.889294477996778,1.8968296736827222,7.6352926866251725,-0.013437158246201172,0.019347801987605658,0.5000026599511089,0.5,0.024999921240493012,-0.07413010469214813,0.355840298426084,True
15.55,6.905281773336942,1.9160581132092587,7.66041191176691,-0.013468862275869983,0.023425618172086105,0.5000026029680683,0.5,0.02499992292770783,-0.07805234748109795,0.35460866133945024,True
15.600000000000001,6.921378276185916,1.9351961742932016,7.685531842209713,-0.013432931704929773,0.027266104661268883,0.5000025472057514,0.5,0.02499992457877891,-0.08185021596869727,0.3535165007246557,True
15.65,6.937587231016517,1.954240061793325,7.710651781868566,-0.013334277424321014,0.030876053012128923,0.5000024926380072,0.5,0.02499992619448059,-0.08552271499336243,0.35255657023067904,True
15.700000000000001,6.953911654054069,1.9731860570424942,7.735771106460998,-0.013177597201398994,0.034262658698552495,0.500002439239245,0.5,0.024999927775570304,-0.08906899930321507,0.35172174746900087,True
15.75,6.970354354448535,1.992030503819529,7.760889258142206,-0.012967401306064648,0.037433057544878356,0.5000023869844221,0.5,0.024999929322789723,-0.09248698743038251,0.3510051437047059,True
15.8,6.986917930363442,2.01076981484151,7.786005739698834,-0.012708005813590662,0.04039477598858377,0.5000023358490324,0.5,0.02499993083686433,-0.09577241653891257,0.3503999779328296,True
15.850000000000001,7.003604757068746,2.0294004857664683,7.811120108470639,-0.01240351503185027,0.04315529740497259,0.5000022858090948,0.5,0.02499993231850418,-0.0989271786007078,0.34989972032724703,True
15.9,7.020416997057931,2.0479190915137115,7.836231971602103,-0.012057832187740338,0.045722301443097635,0.5000022368411419,0.5,0.024999933768404002,-0.10195322755715552,0.34949801047937273,True
15.950000000000001,7.037356621118057,2.066322273035899,7.861340982499048,-0.01167468463928318,0.04810329950087145,0.5000021889222089,0.5,0.024999935187243843,-0.10485272105311202,0.3491887370742673,True
16.0,7.05442541264938,2.0846067380321656,7.886446836845078,-0.011257627319128417,0.050305865228727153,0.5000021420298233,0.5,0.024999936575689045,-0.10762810857116861,0.348965965810763,True
16.05,7.071624972998487,2.1027692609295676,7.911549268976415,-0.010810047424232729,0.05233732163829274,0.5000020961419938,0.5,0.024999937934390582,-0.11028179153626116,0.34882402413008484,True
16.1,7.088956726376857,2.1208066833219195,7.936648048513311,-0.010335168485264713,0.0542049125207208,0.5000020512372001,0.5,0.024999939263985704,-0.11281633778246737,0.3487574457010266,True
16.150000000000002,7.106421924546929,2.13871591470942,7.961742977233172,-0.00983605404684796,0.05591567954782561,0.5000020072943832,0.5,0.024999940565097925,-0.11523429290121182,0.3487610008511006,True
16.2,7.1240216517779045,2.1564939330730644,7.986833886202442,-0.009315611634513317,0.05747657697753805,0.5000019642929349,0.5,0.024999941838337487,-0.11753853412165033,0.3488296578408322,True
16.25,7.141756830422993,2.17413778491152,8.011920633184426,-0.008776597510696583,0.058894521760126,0.5000019222126888,0.5,0.02499994308430132,-0.11973186537435145,0.34895856224565225,True
16.3,7.1596282266130675,2.191644585146825,8.037003100276117,-0.008221621567864199,0.06017602790567089,0.5000018810339103,0.5,0.024999944303573905,-0.12181677592189408,0.3491431364307658,True
16.35,7.177636454086445,2.209011518782401,8.062081191590691,-0.0076531496261034,0.061327694686277294,0.5000018407372877,0.5,0.024999945496726905,-0.12379632431957997,0.3493789347297006,True
16.400000000000002,7.19578197979059,2.226235840902876,8.087154831260143,-0.0070735081073099145,0.06235584107877179,0.500001801303923,0.5,0.02499994666431978,-0.12567333278900678,0.3496617432398289,True
16.45,7.214065130024581,2.2433148760556114,8.112223961662904,-0.006484889475651234,0.06326661467103079,0.5000017627153229,0.5,0.024999947806900222,-0.12745075565285316,0.34998754169279334,True
16.5,7.232486095301925,2.260246018779353,8.13728854170501,-0.005889355911377821,0.06406617328497066,0.5000017249533905,0.5,0.024999948925003967,-0.12913156295733613,0.35035244630057416,True
16.55,7.25104493599028,2.2770267332794827,8.162348545316869,-0.005288844080190796,0.0647602629792402,0.5000016880004163,0.5,0.024999950019155247,-0.1307186256052846,0.350752825707359,True
16.6,7.2697415873160915,2.293654553622694,8.18740396003159,-0.004685169031508753,0.06535457785710541,0.5000016518390704,0.5,0.024999951089867422,-0.1322146763885952,0.3511851923133033,True
16.650000000000002,7.288575863862889,2.310127084365628,8.2124547856395,-0.004080027376050709,0.06585464766793003,0.500001616452394,0.5,0.024999952137642514,-0.13362310852862075,0.3516462306556257,True
16.7,7.307547466140513,2.3264419988835616,8.237501033155525,-0.003475003491233072,0.06626582178405771,0.500001581823792,0.5,0.024999953162971694,-0.13494643377442747,0.35213279500555017,True
16.75,7.326655985345967,2.342597039385273,8.262542723730508,-0.0028715732047806357,0.06659339474005943,0.500001547937024,0.5,0.0249999541663361,-0.13618780081535295,0.35264186877667303,True
16.8,7.345900907672813,2.3585900172978165,8.287579887615546,-0.0022711068427870313,0.06684225565381352,0.5000015147761984,0.5,0.024999955148206045,-0.13735120149704522,0.35317066177982953,True
16.85,7.3652816235746315,2.374418807948548,8.312612563715742,-0.0016748797546059027,0.06701726062226065,0.5000014823257635,0.5,0.02499995610904199,-0.13849389599528308,0.35371649180286374,True
16.900000000000002,7.384797583415033,2.3900811762478593,8.337640814262596,-0.0010843058529917855,0.06712136508431676,0.5000014505705008,0.5,0.02499995704929467,-0.1396456232500614,0.3542770883172644,True
16.95,7.404448401896175,2.405574644958756,8.362664735508016,-0.0005011055196962654,0.06715496640096008,0.5000014194955181,0.5,0.024999957969404903,-0.14080369033311793,0.35485061332228546,True
17.0,7.42423372267963,2.4208966356401516,8.387684444351653,7.288858617755806e-05,0.06711758799436329,0.500001389086242,0.5,0.02499995886980418,-0.1419661289902913,0.3552895931881357,True
17.05,7.444153136648957,2.4360445599309077,8.412700069841296,0.0006358530575081046,0.0670089528890615,0.5000013593284114,0.5,0.02499995975091474,-0.1431637400071274,0.3547579108197535,True
17.1,7.464206268693626,2.4510157129907006,8.437711762056862,0.0011858358761471116,0.06682797475207625,0.5000013302080705,0.5,0.024999960613149907,-0.14440787371138106,0.35426004548531465,True
17.150000000000002,7.484392826726112,2.465807203175707,8.462719697513482,0.0017206703367927858,0.06657217706806073,0.5000013017115627,0.5,0.024999961456913973,-0.14569226542477284,0.3537988828689442,True
17.2,7.504712513897462,2.4804160491980967,8.487724070211538,0.0022381045731136914,0.06623898792677951,0.5000012738255238,0.5,0.024999962282602595,-0.14700931773746778,0.3533774240313395,True
17.25,7.525164975815531,2.4948392426863357,8.512725086053946,0.0027358821615310436,0.06582619177933413,0.5000012465368762,0.5,0.024999963090603053,-0.14836550604523702,0.35299857493314324,True
17.3,7.545749825631185,2.5090737145595328,8.53772296542585,0.0032116991894028677,0.06533184359338162,0.500001219832822,0.5,0.02499996388129426,-0.1497586421086479,0.35266521426296493,True
17.35,7.56646665685436,2.523116314101316,8.562717944493347,0.003663178782401641,0.06475356925035214,0.5000011937008378,0.5,0.02499996465504691,-0.15117871392177445,0.35238042073041453,True
17.400000000000002,7.587314999508506,2.5369638635064744,8.587710270344916,0.0040879397355830455,0.06408947998465131,0.5000011681286685,0.5,0.024999965412223987,-0.1526148775163141,0.3521471411452497,True
17.45,7.608294291271376,2.5506131976476767,8.612700197612192,0.004483644344139115,0.06333849350268361,0.5000011431043212,0.5,0.02499996615318052,-0.15405526873064487,0.3519680499544687,True
17.5,7.629403864419767,2.5640611856717954,8.637687986702028,0.004848022305484524,0.062499973287174486,0.5000011186160603,0.5,0.024999966878263915,-0.15548775718672098,0.35184562916747675,True
17.55,7.650642934344639,2.5773047525256834,8.662673902131825,0.005178893704865727,0.061574125790236356,0.5000010946524015,0.5,0.02499996758781424,-0.15690222470185688,0.35178203049622936,True
17.6,7.672010595841726,2.5903408911348564,8.687658211661798,0.005474179983487794,0.060561710069948704,0.5000010712021062,0.5,0.02499996828216442,-0.15828928112993845,0.35177914771037155,True
17.650000000000002,7.693505823299439,2.6031666697499665,8.71264118582148,0.005731908821031203,0.05946425377324282,0.5000010482541771,0.5,0.024999968961639866,-0.15962528960574535,0.35183854883688753,True
17.7,7.715127434698399,2.6157792958074264,8.737623093536161,0.005950286106761923,0.05828416429355377,0.5000010257978521,0.5,0.024999969626559336,-0.1608954115972702,0.3519613712706444,True
17.75,7.736874069850993,2.628176164832157,8.762604199328186,0.006127747796578018,0.05702501368593793,0.5000010038225997,0.5,0.024999970277234693,-0.162093625856755,0.3521481864655125,True
17.8,7.758744223599649,2.6403548261299603,8.787584766377831,0.006262912443269719,0.055691126433016665,0.5000009823181143,0.5,0.024999970913970843,-0.1632145361145478,0.35239916537537364,True
17.85,7.780736265817127,2.6523129650426296,8.812565058087227,0.006354554954108904,0.05428699640600265,0.5000009612743106,0.5,0.024999971537066706,-0.1642318051001081,0.35271427249535464,True
17.900000000000002,7.802848398463629,2.6640484885346614,8.83754533306352,0.00640170135668993,0.05281819959577083,0.5000009406813197,0.5,0.024999972146814327,-0.16513200488582525,0.3530929057883055,True
17.95,7.825078633134596,2.6755595863324397,8.862525842435286,0.006403692353679894,0.051291458854306304,0.5000009205294842,0.5,0.024999972743499552,-0.16591599156649084,0.35353381274746,True
18.0,7.847424846797262,2.6868446613232457,8.887506835181672,0.006360095067692946,0.049713940867249895,0.5000009008093531,0.5,0.024999973327402475,-0.16658546592764328,0.35403538108408744,True
18.05,7.869884818546657,2.697902283500325,8.912488561206711,0.006270644902257143,0.048092678939383404,0.5000008815116784,0.5,0.024999973898796678,-0.16711531081149952,0.3545958636413064,True
18.1,7.892456184394841,2.708731288507473,8.937471266175328,0.006135353644938765,0.04643541823073888,0.50000086262741,0.5,0.024999974457950255,-0.16749604661791923,0.3552130241473389,True
18.150000000000002,7.915136414597829,2.719330847009811,8.96245518889216,0.005954581467367041,0.04475101356209361,0.5000008441476914,0.5,0.024999975005125456,-0.16773590898994456,0.35588394822685554,True
18.2,7.937922882343868,2.7297003654246543,8.987440567429445,0.005728917668322722,0.04304835986705019,0.5000008260638564,0.5,0.02499997554057874,-0.16784355929090475,0.3566054726702693,True
18.25,7.960812908813028,2.7398394176626364,9.012427642412902,0.005459100092485288,0.0413356634455731,0.5000008083674241,0.5,0.024999976064561266,-0.16779653958434157,0.3573744782465178,True
18.3,7.983803716992917,2.7497478524292553,9.037416651685259,0.005146132419013118,0.039621847180554504,0.5000007910500952,0.5,0.024999976577318877,-0.16758905673231242,0.3581873630621295,True
18.35,8.006892408024285,2.759425869273471,9.062407827427462,0.004791363695339689,0.03791645091218359,0.5000007741037484,0.5,0.0249999770790919,-0.16723567943162346,0.35903999129112407,True
18.400000000000002,8.030076034349626,2.768873896884352,9.08740140175041,0.004396348166053197,0.03622880769326192,0.5000007575204363,0.5,0.02499997757011585,-0.16674968952094327,0.3599280735170095,True
18.45,8.053351645774773,2.7780925105693774,9.112397609152744,0.0039627523112574035,0.03456746559793106,0.5000007412923817,0.5,0.024999978050620795,-0.16611086123797314,0.36084742930012137,True
18.5,8.076716241925892,2.7870825485072226,9.137396680871484,0.0034924815814948986,0.03294112103571,0.5000007254119742,0.5,0.024999978520832133,-0.16531577626697863,0.3617935884601383,True
18.55,8.100166748226687,2.795845191874182,9.162398841616941,0.0029877647227071285,0.031359182883230974,0.5000007098717661,0.5,0.024999978980970363,-0.16438237936914207,0.3627615417553434,True
18.6,8.123700085967334,2.804381831419175,9.187404313693582,0.002451005097627706,0.029830676039279858,0.5000006946644697,0.5,0.024999979431251262,-0.16332725709170764,0.36374621076045677,True
18.650000000000002,8.147313216478796,2.8126939740662387,9.212413318288135,0.0018846791348181035,0.028363457006710557,0.500000679782953,0.5,0.024999979871886034,-0.16213057044099943,0.3647427805646351,True
18.7,8.171003093309242,2.820783366730115,9.237426069585092,0.0012914706197375615,0.026965654717677423,0.500000665220237,0.5,0.024999980303081374,-0.16078979530293402,0.3657461443935509,True
18.75,8.194766636556862,2.8286520837564497,9.26244277092423,0.0006743630569996046,0.02564583048434083,0.5000006509694922,0.5,0.024999980725039336,-0.15932448404175553,0.366750764737995,True
18.8,8.218600798164067,2.8363023841266033,9.287463617317991,3.648473001101527e-05,0.02441226294225024,0.5000006370240353,0.5,0.024999981137957934,-0.1577517910929848,0.3677510388767963,True
18.85,8.242502600806509,2.8437366149693974,9.312488795419569,-0.0006189934666132625,0.023271936188518416,0.5000006233773262,0.5,0.024999981542030886,-0.15605152332758135,0.36750371276165994,True
18.900000000000002,8.266469090826272,2.8509573427433224,9.337518477482632,-0.0012887169199053904,0.022231979622806597,0.500000610022965,0.5,0.024999981937447575,-0.15422126350873347,0.3671398190794416,True
18.95,8.290497313614146,2.8579674426707795,9.362552817060452,-0.001969053054886761,0.021300198943734305,0.5000005969546889,0.5,0.024999982324393488,-0.15228010900977784,0.3667336212920388,True
19.0,8.314584371536744,2.8647699535430395,9.387591949881452,-0.00265624566016911,0.020483888860644506,0.5000005841663692,0.5,0.024999982703050042,-0.1502452144908591,0.3662866882228071,True
19.05,8.338727457413702,2.871367980291909,9.412635992698526,-0.0033465160780564605,0.01978924288352868,0.5000005716520085,0.5,0.02499998307359471,-0.14809534488563353,0.3658009374751321,True
19.1,8.362923810228935,2.8777648288251387,9.437685037113699,-0.0040359195695620865,0.01922245197544814,0.5000005594057378,0.5,0.024999983436201505,-0.14582745165410707,0.36527845697836775,True
19.150000000000002,8.387170691238017,2.8839640992833693,9.462739144628497,-0.004720247532779177,0.01879061144967242,0.5000005474218141,0.5,0.02499998379104032,-0.14345973053994104,0.3647213365727122,True
19.200000000000003,8.411465434914781,2.8899695392246842,9.487798346123046,-0.005395181105565199,0.018500173651068708,0.5000005356946171,0.5,0.024999984138277594,-0.1410083523824495,0.3641319711554427,True
19.25,8.43580547699393,2.895784947616541,9.512862639786025,-0.006056389522810148,0.01835666758062332,0.5000005242186472,0.5,0.024999984478076116,-0.13845142201778243,0.36351304624898095,True
19.3,8.460188313904316,2.901414311189615,9.537931984605692,-0.006699386338029705,0.018365669294821474,0.5000005129885222,0.5,0.024999984810595365,-0.1357853005430669,0.3628673970343833,True
19.35,8.484611480947425,2.906861897592717,9.563006294600854,-0.0073194324000050645,0.01853351714264523,0.5000005019989757,0.5,0.024999985135991186,-0.13302688716092428,0.3621978957143225,True
19.400000000000002,8.50907259580366,2.912132110467202,9.588085437111083,-0.007911685689656136,0.018866262498100302,0.5000004912448538,0.5,0.024999985454416267,-0.1301914022730267,0.36150761207532456,True
19.450000000000003,8.53356938160256,2.91722939571889,9.613169230015796,-0.00847129648832963,0.01936880532228183,0.5000004807211131,0.5,0.02499998576601979,-0.12725633912585438,0.36079997418278686,True
19.5,8.558099630415816,2.922158377656967,9.638257434557978,-0.008993265266682076,0.02004625912958155,0.5000004704228183,0.5,0.024999986070948086,-0.12421827733386313,0.3600785094584824,True
19.55,8.582661184073935,2.9269239488113863,9.66334974850383,-0.00947234983901245,0.020904630024864566,0.5000004603451397,0.5,0.024999986369343908,-0.12109277223531306,0.3593467389635546,True
19.6,8.607251970823222,2.9315311269833004,9.68844580356765,-0.009903211922530646,0.021949314803624474,0.5000004504833511,0.5,0.024999986661347427,-0.11789393349551089,0.35860847457703543,True
19.650000000000002,8.631870023036978,2.9359849677758136,9.71354516206649,-0.010280505475996123,0.02318499282787712,0.5000004408328276,0.5,0.024999986947095487,-0.11459938713848515,0.3578677635419705,True
19.700000000000003,8.656513445085393,2.9402906973059784,9.73864730873538,-0.010598739520440608,0.024616408032340026,0.5000004313890434,0.5,0.024999987226722063,-0.11120617966167934,0.35712879670950914,True
19.75,8.681180396728518,2.944453796300783,9.763751642593434,-0.010852191949603815,0.026249178453421253,0.5000004221475695,0.5,0.02499998750035847,-0.1077292096015265,0.356395758523416,True
19.8,8.705869123458228,2.9484798591692734,9.788857473923779,-0.01103505328727123,0.02808837990214022,0.500000413104072,0.5,0.024999987768132823,-0.10418094287258879,0.35567310136056235,True
19.85,8.730577968952167,2.9523745155158565,9.813964020549257,-0.01114150585536084,0.030138323354072877,0.5000004042543097,0.5,0.024999988030170686,-0.10054049899336905,0.35496553273067094,True
19.900000000000002,8.755305347123633,2.956143556665727,9.839070398372321,-0.011165594289888335,0.032403508815615295,0.5000003955941322,0.5,0.024999988286595172,-0.09680566543875435,0.35427786612521767,True
19.950000000000003,8.780049728147771,2.9597930095728264,9.864175611970806,-0.01110115060039147,0.03488906459729546,0.5000003871194783,0.5,0.024999988537526392,-0.09299022321848555,0.3536149694920889,True
20.0,8.804809661754572,2.9633290048459155,9.889278551490369,-0.01094192856239754,0.037599828669439894,0.5000003788263734,0.5,0.024999988783082013,-0.08910623400088076,0.3529819021763735,True
20.05,8.829583785789811,2.966757703808309,9.914377988947706,-0.01068167762385322,0.04053968437023206,0.5000003707109284,0.5,0.024999989023377137,-0.08513435429062288,0.3523840363727767,True
20.1,8.854370802044523,2.970085415598435,9.93947256748702,-0.010314024369116583,0.043712790586512736,0.5000003627693373,0.5,0.024999989258524487,-0.08107352057944214,0.35182681749435635,True
20.150000000000002,8.879169463553247,2.973318663629684,9.964560790800782,-0.009832406121450409,0.047123854816372684,0.5000003549978758,0.5,0.024999989488634432,-0.07693715973646881,0.3513157538212668,True
20.200000000000003,8.903978592239087,2.9764640594591536,9.989641020717716,-0.00923019960680581,0.05077709429830968,0.500000347392899,0.5,0.024999989713814924,-0.07273598923053676,0.3508565930155989,True
20.25,8.928797083318818,2.9795282401566605,10.014711473813653,-0.008500785099603966,0.05467600457367494,0.5000003399508406,0.5,0.02499998993417149,-0.06845391589519105,0.35045532625864206,True
20.3,8.953623884522527,2.9825179724644797,10.039770209729905,-0.007637442397715009,0.05882418236644211,0.5000003326682104,0.5,0.024999990149807406,-0.06409145823920301,0.35011805476408475,True
20.35,8.978457985029808,2.985440204864768,10.064815120310797,-0.006633300091590157,0.06322574935040001,0.5000003255415931,0.5,0.024999990360823825,-0.059660939915093934,0.3498509209540926,True
20.400000000000002,9.003298426935629,2.9883019564053783,10.089843928330742,-0.005481449663526179,0.06788414696522074,0.5000003185676465,0.5,0.024999990567319736,-0.05517289222119292,0.3496603455883154,True
20.450000000000003,9.028144306558158,2.9911102619669347,10.114854185085674,-0.004175002579915364,0.07280225621983796,0.5000003117430999,0.5,0.024999990769391967,-0.05061481443024554,0.3495529367872585,True
20.5,9.052994756859652,2.9938722580547315,10.139843258823547,-0.002707006225009859,0.07798301965782815,0.5000003050647528,0.5,0.024999990967135323,-0.04598865843949702,0.34953539666550637,True
20.55,9.077848936849836,2.996595224935934,10.164808324421381,-0.001070404389983793,0.08342933983192129,0.5000002985294733,0.5,0.02499999116064248,-0.0413064114466223,0.349614592778955,True
20.6,9.102706038293105,2.9992864887265602,10.189746364232635,0.0007418612112996602,0.08914400577034393,0.5000002921341964,0.5,0.024999991350004195,-0.03657821086192927,0.3483137578187753,True
20.650000000000002,9.127565284600243,3.001953374093933,10.21465416752423,0.0027368003226465897,0.09512879455579588,0.5000002858759229,0.5,0.024999991535309345,-0.031796440726815235,0.3446177078994116,True
20.700000000000003,9.152425916036316,3.004603269192088,10.239528320597804,0.004921435869008929,0.1013855328859737,0.5000002797517179,0.5,0.024999991716644854,-0.026964410527851958,0.34066050953999416,True
20.75,9.177287179708104,3.0072436560706666,10.264365198657027,0.007302830502010259,0.10791606245982749,0.5000002737587093,0.5,0.024999991894095675,-0.02209342992632017,0.33643543437111156,True
20.8,9.202148331979085,3.009882032211022,10.289200588155994,0.009876021123483222,0.11072461478518636,0.5000002678940865,0.5,0.024999992067744982,-0.018233199355182018,0.33307138597215,True
20.85,9.227009119198918,3.0125215549049282,10.314169796641869,0.012362207477080396,0.10120173712245813,0.5000002621550991,0.5,0.02499999223767437,-0.01324898424449195,0.3332717222789323,True
20.900000000000002,9.251868877315024,3.0151689058218962,10.339177973428152,0.014648939466654768,0.09192904440069835,0.5000002565390558,0.5,0.02499999240396331,-0.008194021394383647,0.33361438649900615,True
20.950000000000003,9.276726374008817,3.0178358642098084,10.364221007149743,0.016747571555545994,0.0829434314382495,0.5000002510433227,0.5,0.024999992566689958,-0.003120304758484018,0.33407619457040516,True
21.0,9.301580809317722,3.0205302453283887,10.389295446720363,0.018665549126865893,0.07424868760738607,0.5000002456653224,0.5,0.02499999272593066,0.001960107536550812,0.3346472425318342,True
21.05,9.326431382408558,3.0232596500718696,10.414398069787271,0.0204101541741274,0.0658466415742782,0.5000002404025329,0.5,0.024999992881760025,0.00704409578173594,0.3353184106605831,True
21.1,9.351277265854906,3.02603162979779,10.439525860571276,0.021988666592161834,0.05773859433577831,0.500000235252486,0.5,0.024999993034251006,0.012123993291317295,0.33608079854895556,True
21.150000000000002,9.376117597647452,3.028853695020551,10.464676003931572,0.023408369522082122,0.04992548160336962,0.5000002302127665,0.5,0.024999993183475358,0.017952069362933136,0.3369256738016403,True
21.200000000000003,9.400951125109113,3.031736440403342,10.489845745638622,0.02467968792407894,0.04243038167755586,0.5000002252810108,0.5,0.024999993329502975,0.02290221771909093,0.337834773833012,True
21.25,9.42577685549916,3.0346875651278578,10.515032715032117,0.025810178362370893,0.03525025156654166,0.5000002204549062,0.5,0.02499999347240226,0.02778887682682921,0.33880031817368217,True
21.3,9.45059417356296,3.0377108987381667,10.540234838991939,0.02680354004280683,0.02835780967354111,0.5000002157321893,0.5,0.02499999361224022,0.032634758005796786,0.3398255762225527,True
21.35,9.475402072639872,3.0408132442432843,10.565450055610256,0.027666493344737416,0.02175068278352886,0.5000002111106453,0.5,0.02499999374908251,0.0374320293966751,0.34090363031229265,True
21.400000000000002,9.50019948076695,3.0440013886943706,10.590676461526503,0.028405774201912933,0.015426902879005708,0.5000002065881067,0.5,0.024999993882993298,0.04217237124121731,0.3420274914153419,True
21.450000000000003,9.524985270590122,3.0472819770420063,10.615912309004482,0.029028005671600087,0.009383960605244476,0.5000002021624527,0.5,0.024999994014035413,0.046846414880719195,0.34319050256167183,True
21.5,9.549758257999791,3.0506614928078757,10.641155997901931,0.02953967712125397,0.0036187958416288163,0.5000001978316077,0.5,0.024999994142270207,0.051445835728724736,0.3443863613389314,True
21.55,9.574517200870387,3.0541462437930016,10.666406067239175,0.029947128709625053,-0.0018722407519663198,0.5000001935935405,0.5,0.02499999426775796,0.05596396778794797,0.344497035192172,True
21.6,9.599260797001513,3.0577423594893203,10.691661186701358,0.03025654787592651,-0.007093278547133597,0.5000001894462639,0.5,0.024999994390557324,0.060394160567194405,0.3426399107112055,True
21.650000000000002,9.6239876828704,3.0614557863338234,10.716920148389097,0.03047396386222278,-0.012048855841188977,0.5000001853878326,0.5,0.024999994510726112,0.06472533354129928,0.34095668586048167,True
21.700000000000003,9.648696436289896,3.0652922585192184,10.742181858366177,0.030605217748448696,-0.01674411971547693,0.5000001814163436,0.5,0.02499999462832044,0.06895136581533319,0.3394395335064415,True
21.75,9.67338557791519,3.069257284966386,10.767445328103497,0.030655948896384882,-0.02118472962805335,0.5000001775299341,0.5,0.024999994743395756,0.07306815398824057,0.33808070551648783,True
21.8,9.698053569301672,3.0733561657363033,10.792709666780928,0.030631611231796186,-0.025376710188345586,0.5000001737267816,0.5,0.024999994856005753,0.07707173622206204,0.3368725611754859,True
21.85,9.722698813371231,3.0775939928853377,10.817974073991552,0.030537473962704693,-0.02932632819826514,0.5000001700051026,0.5,0.024999994966203382,0.08095246057870722,0.33580760322226055,True
21.900000000000002,9.747319660053972,3.0819756205396183,10.843237831818488,0.030378591262781276,-0.03304031895878584,0.5000001663631515,0.5,0.024999995074040344,0.08470678842421815,0.3348784420293376,True
21.950000000000003,9.771914410134388,3.086505654273338,10.868500297341,0.03015979144935605,-0.03652580030492608,0.5000001627992204,0.5,0.02499999517956718,0.08833457223984759,0.33407783196030827,True
22.0,9.796481313140267,3.0911884813626354,10.893760897019387,0.029885707547010688,-0.03979007910698773,0.5000001593116381,0.5,0.02499999528283331,0.09183433946983653,0.333398697190222,True
22.05,9.821018568896351,3.0960282765807006,10.919019121042119,0.029560783202921746,-0.04284050076609907,0.5000001558987689,0.5,0.024999995383887134,0.09520072210744218,0.33283416891558326,True
22.1,9.845524334491623,3.1010289782766494,10.94427451673503,0.02918924849407073,-0.045684650583437375,0.5000001525590122,0.5,0.02499999548277614,0.09843388998143422,0.3323775497795304,True
22.150000000000002,9.869996728027347,3.1061942885017824,10.969526683066343,0.028775120017045675,-0.0483302754856543,0.5000001492908017,0.5,0.024999995579546762,0.10153609475120653,0.33202233565210953,True
22.200000000000003,9.894433827398936,3.111527701425324,10.994775266982971,0.02832222968766269,-0.05078511609647046,0.5000001460926048,0.5,0.024999995674244317,0.10450920637983598,0.3317622344294861,True
22.25,9.918833672213239,3.1170325120528215,11.020019959438613,0.02783423361951637,-0.053056751654298934,0.5000001429629216,0.5,0.02499999576691312,0.10735573849872865,0.33159120062100367,True
22.3,9.94319426670845,3.122711819707673,11.045260491516801,0.027314615679196234,-0.055152696468599945,0.5000001399002844,0.5,0.024999995857596744,0.11007849581358174,0.33150340211236773,True
22.35,9.96751358210903,3.128568534795993,11.070496631036576,0.02676669436204637,-0.057080297338702284,0.5000001369032567,0.5,0.024999995946337717,0.11267936731317002,0.33149324141634173,True
22.400000000000002,9.991789560187947,3.1346053798090825,11.095728179119492,0.026193623774477585,-0.05884684154028912,0.5000001339704332,0.5,0.024999996033177676,0.11516162689498541,0.33155532180666725,True
22.450000000000003,10.016020116158368,3.14082489415885,11.120954967216186,0.02559839847790435,-0.06045933397517786,0.5000001311004384,0.5,0.024999996118157237,0.11752746673998964,0.33168450538608146,True
22.5,10.040203141508709,3.147229439301688,11.14617685440103,0.024983858594964894,-0.06192480079284792,0.5000001282919263,0.5,0.02499999620131638,0.11978002819831451,0.33187581865981386,True
22.55,10.064336507314326,3.153821201762926,11.171393724762746,0.024352692729952323,-0.06325002489275464,0.5000001255435799,0.5,0.024999996282693997,0.12192188455979583,0.33212452465490405,True
22.6,10.08841806697424,3.16060219873954,11.196605485164243,0.023707443483843064,-0.06444165342807764,0.5000001228541101,0.5,0.02499999636232836,0.12395631982200882,0.33242608493478376,True
22.650000000000002,10.112445659129108,3.167574282696469,11.221812063138682,0.02305051190278205,-0.0655061634181186,0.5000001202222558,0.5,0.024999996440256692,0.12588595636823174,0.3327761637693424,True
22.700000000000003,10.136417110512646,3.1747391460584895,11.247013404972874,0.022384161984446774,-0.06644985995840397,0.5000001176467826,0.5,0.02499999651651565,0.127713414329602,0.3331706228998408,True
22.75,10.160330239586578,3.1820983227638835,11.272209473737519,0.021710521903274348,-0.06727892564149585,0.5000001151264828,0.5,0.024999996591140963,0.12944223455267803,0.3336055049183459,True
22.8,10.184182858539149,3.189653196021043,11.297400247891883,0.02103159158029126,-0.06799936283855529,0.5000001126601743,0.5,0.024999996664167624,0.13107521368445704,0.33407704124938087,True
22.85,10.207972775653458,3.1974050039645014,11.322585719898807,0.02034924807307678,-0.06861698805109706,0.5000001102467007,0.5,0.024999996735629703,0.1326148354056429,0.33458164736493734,True
22.900000000000002,10.231697799070613,3.205354840083337,11.34776589459596,0.01966524550877156,-0.06913746335287929,0.5000001078849299,0.5,0.0249999968055609,0.13406480184012257,0.33511591286304565,True
22.950000000000003,10.255355738436766,3.213503661022891,11.372940788205206,0.01898122261001753,-0.06956623903856053,0.5000001055737543,0.5,0.024999996873994085,0.13542788573650377,0.3356766095785141,True
23.0,10.278944406736583,3.2218522929245883,11.398110427358407,0.01829870870656779,-0.06990866380511773,0.5000001033120901,0.5,0.024999996940961246,0.13670694760409116,0.3362606530862925,True
23.05,10.302461623469203,3.230401432929758,11.42327484787226,0.017619124681058165,-0.07016983092954632,0.5000001010988766,0.5,0.02499999700649385,0.13790452274104795,0.3368651452743826,True
23.1,10.325905217158764,3.239151652827411,11.44843409376412,0.01694378609430846,-0.07035473412693427,0.500000098933076,0.5,0.024999997070622487,0.13906203213355714,0.33748732573999773,True
23.150000000000002,10.349272975333415,3.24810355775231,11.473588227956476,0.016274069547633083,-0.07046707657547435,0.5000000968136724,0.5,0.024999997133377274,0.14022819120305596,0.33812474720370944,True
23.200000000000003,10.372562563503868,3.2572580096064883,11.498737348377977,0.015611650064216361,-0.07050776006455683,0.500000094739672,0.5,0.024999997194787696,0.14140214923832717,0.33877547185798784,True
23.25,10.395771549890922,3.2666160199732075,11.523881579871876,0.014958392535161548,-0.07047633475783621,0.500000092710102,0.5,0.02499999725488257,0.14258057004470123,0.33943776284851,True
23.3,10.418897465598784,3.2761785624008155,11.549021059964016,0.014316155830031837,-0.0703725063207617,0.5000000907240107,0.5,0.024999997313690053,0.1437845481151494,0.3401098469094876,True
23.35,10.44193777360868,3.2859466549151013,11.574155944768101,0.013686881487164909,-0.07019535558660951,0.5000000887804666,0.5,0.024999997371237804,0.14503797427663492,0.34079005004705104,True
23.400000000000002,10.46488981712296,3.295921483575555,11.59928641808806,0.013072728010227545,-0.06994266661401566,0.5000000868785583,0.5,0.024999997427552666,0.14633329795808894,0.3414768565944381,True
23.450000000000003,10.48775084306818,3.306104317896768,11.624412684980696,0.01247598459439529,-0.0696117889303724,0.5000000850173938,0.5,0.02499999748266123,0.14766382388982677,0.3421687479211697,True
23.5,10.510518044309894,3.3164963920435104,11.649534962740145,0.01189894645100552,-0.06920041011699546,0.5000000831961002,0.5,0.024999997536589207,0.14903194169372655,0.3428641052473527,True
23.55,10.533188547681418,3.327098932708304,11.67465348283343,0.011343946172019075,-0.0687063755589512,0.5000000814138236,0.5,0.024999997589361823,0.15043966917693832,0.343561230315511,True
23.6,10.55575939872494,3.337913190364667,11.699768493007877,0.010813389498057206,-0.0681274852808641,0.5000000796697279,0.5,0.024999997641003892,0.1518767566451463,0.3442583682885836,True
23.650000000000002,10.578227579266224,3.3489403907744775,11.724880253414685,0.010309705120181928,-0.06746166649860952,0.5000000779629953,0.5,0.024999997691539735,0.15333226894305035,0.3449537085380361,True
23.700000000000003,10.60059003314217,3.360181674777284,11.749989031902757,0.009835280588013008,-0.06670757334770294,0.5000000762928253,0.5,0.024999997740992982,0.15479462823348256,0.34564527619370683,True
23.75,10.622843677363488,3.3716380778753194,11.775095102283942,0.009392440414205557,-0.06586450841373548,0.5000000746584347,0.5,0.02499999778938681,0.15625124074445,0.3463309764445368,True
23.8,10.644985415339233,3.383310508140205,11.800198742476816,0.008983421760159559,-0.06493250334967327,0.5000000730590569,0.5,0.024999997836743944,0.15769134586461428,0.34700859532268225,True
23.85,10.667012147291736,3.395199732941798,11.825300233308834,0.00861035921728267,-0.06391223539211449,0.5000000714939421,0.5,0.02499999788308642,0.1591051005587364,0.3476758385233758,True
23.900000000000002,10.688920777160147,3.407306374644491,11.850399857971235,0.008275279083609805,-0.06280521326473543,0.500000069962356,0.5,0.02499999792843625,0.16047171488891648,0.3483302829327458,True
23.950000000000003,10.71070824341129,3.4196308598302734,11.8754978982537,0.007980041380708722,-0.06161357437522841,0.5000000684635806,0.5,0.024999997972814443,0.16177229843816943,0.3489694923399196,True
24.0,10.732371555691556,3.4321733643718053,11.900594630735142,0.007726275398247875,-0.06034089576050594,0.5000000669969128,0.5,0.024999998016241965,0.163000543990634,0.34959084680400987,True
24.05,10.75390778950597,3.444933845310513,11.925690329084372,0.007515411234931367,-0.05899145932746386,0.5000000655616648,0.5,0.02499999805873927,0.16415109895529503,0.3501917218727183,True
24.1,10.775314074541798,3.4579120806303165,11.950785266685244,0.00734872103707295,-0.05756978346380259,0.5000000641571635,0.5,0.024999998100326173,0.1652009726125527,0.35076958172063255,True
24.150000000000002,10.796587639636991,3.4711076024326117,11.975879712151723,0.007227239521278404,-0.056081366401796284,0.5000000627827503,0.5,0.024999998141022054,0.16613205883787394,0.3513218426879079,True
24.200000000000003,10.817725862033516,3.4845196319439364,12.000973925436014,0.007151683792210775,-0.05453295344842202,0.5000000614377806,0.5,0.0249999981808462,0.16694371018422824,0.35184587450761196,True
24.25,10.838726247447479,3.498147142394976,12.026068162259193,0.007122517985655292,-0.05293180182326218,0.5000000601216237,0.5,0.02499999821981724,0.16763954431998346,0.3523391469410987,True
24.3,10.859586397617095,3.511988935344407,12.051162678824273,0.007140035480448849,-0.05128514227004799,0.5000000588336623,0.5,0.024999998257953338,0.16819694097630286,0.3527993027012163,True
24.35,10.880304063355915,3.5260435675508637,12.076257727197216,0.0072042689329893965,-0.04960066491414239,0.5000000575732924,0.5,0.02499999829527245,0.16860191795408727,0.35322410587280373,True
24.400000000000002,10.900877205086669,3.540309275890759,12.10135355120262,0.007314894515826726,-0.04788734986543697,0.5000000563399228,0.5,0.02499999833179209,0.16886202273111411,0.35361129530776264,True
24.450000000000003,10.921303951129442,3.5547840727761835,12.126450392270563,0.0074713343686382576,-0.04615425548859375,0.5000000551329753,0.5,0.02499999836752939,0.16898689136417286,0.35395883282216667,True
24.5,10.941582551382147,3.569465837154127,12.151548494087711,0.007672857459599319,-0.04440992171222358,0.5000000539518836,0.5,0.02499999840250122,0.1689577885364823,0.35426497573851,True
24.55,10.961711436241417,3.584352236834643,12.176648097720232,0.007918481649972279,-0.04266316502023404,0.500000052796094,0.5,0.024999998436723805,0.16876390562695412,0.35452814367063856,True
24.6,10.981689281804615,3.5994406518855926,12.201749437502686,0.008206872969637553,-0.04092375633126899,0.5000000516650644,0.5,0.024999998470213315,0.1684193566609136,0.35474682121517387,True
24.650000000000002,11.001514953793656,3.614728282183301,12.226852746330641,0.008536464886149073,-0.03920130620686324,0.5000000505582645,0.5,0.024999998502985357,0.16793940502460908,0.35491976303689265,True
24.700000000000003,11.021187445008191,3.6302122513567148,12.251958259607877,0.008905578004553981,-0.03750453420093003,0.5000000494751751,0.5,0.02499999853505526,0.16730620219390363,0.3550460880288403,True
24.75,11.040705943756455,3.645889518394173,12.277066209655295,0.009312307119169326,-0.035842295481776865,0.5000000484152882,0.5,0.0249999985664382,0.1665125735134931,0.35512509351866717,True
24.8,11.060069903022248,3.661756799390275,12.302176821360263,0.009754415919902648,-0.03422413996868934,0.5000000473781069,0.5,0.02499999859714887,0.16557653779703868,0.3551561972622427,True
24.85,11.079278968178738,3.67781068568656,12.327290316402722,0.010229473336861625,-0.03265922564884516,0.5000000463631448,0.5,0.02499999862720149,0.1645159814313723,0.35513911903175577,True
24.900000000000002,11.09833290717793,3.69404774522277,12.352406915554837,0.010734974768619291,-0.03115585775051688,0.5000000453699257,0.5,0.024999998656610404,0.16331286535509418,0.355073895475262,True
24.950000000000003,11.117231688110849,3.710464425753084,12.37752683259342,0.01126821645506683,-0.02972198356768696,0.500000044397984,0.5,0.024999998685389338,0.16196223306186014,0.35496086225909884,True
25.0,11.135975549953814,3.7270569780669596,12.402650269725386,0.011826189742274899,-0.028366597953749628,0.5000000434468638,0.5,0.02499999871355168,0.16048347790902473,0.3548003486062987,True
25.05,11.154564918375161,3.7438215768551446,12.427777420288841,0.012405726210588188,-0.027097954677983035,0.5000000425161191,0.5,0.02499999874111069,0.15889466989231005,0.35459305705363114,True
25.1,11.173000334103314,3.7607544131579353,12.452908469357125,0.013003612696873404,-0.025923347201826874,0.5000000416053133,0.5,0.02499999876807936,0.1571777064968221,0.3543400143885521,True
25.150000000000002,11.191282535937582,3.7778515956802523,12.478043587487974,0.01361646055765382,-0.024850004001797266,0.5000000407140194,0.5,0.024999998794470277,0.15532772137374543,0.35404244101232085,True
25.200000000000003,11.20941253305191,3.7951090755070016,12.503182925793219,0.01424059972280951,-0.023885781010419382,0.5000000398418193,0.5,0.024999998820295823,0.15336410894783986,0.3537016543255379,True
25.25,11.227391514617933,3.812522762584516,12.528326616994157,0.01487222405170868,-0.023038207012435974,0.5000000389883039,0.5,0.024999998845568222,0.15130483972408296,0.3533192046916418,True
25.3,11.245220774064494,3.830088613598694,12.553474774789574,0.015507505460597388,-0.02231355625844145,0.5000000381530731,0.5,0.02499999887029911,0.14912991294082534,0.35289703538566286,True
25.35,11.262901799970939,3.847802529527427,12.578627487309776,0.01614245521439505,-0.021718157563864752,0.5000000373357352,0.5,0.02499999889450022,0.14683476255014424,0.35243723779370534,True
25.400000000000002,11.280436350102796,3.8656602819716457,12.603784811657658,0.016772817915590148,-0.021259133347684034,0.5000000365359066,0.5,0.02499999891818297,0.14443761901500426,0.3519419409275065,True
25.450000000000003,11.297826354197484,3.88365762676188,12.628946773600202,0.017394219168636454,-0.02094312664722242,0.5000000357532126,0.5,0.02499999894135822,0.14195569028641822,0.35141353931982533,True
25.5,11.315073838182999,3.9017903839337755,12.65411336587245,0.01800227404930092,-0.02077564558320355,0.5000000349872858,0.5,0.02499999896403712,0.1393668374433619,0.35085477883146143,True
25.55,11.332181021680137,3.920054334003989,12.67928454119986,0.018592443200497744,-0.020762519258515466,0.5000000342377673,0.5,0.02499999898623008,0.1366674903665434,0.3502684732826398,True
25.6,11.349150390214463,3.9384451495823543,12.70446020612486,0.01915993199668692,-0.020910046231227053,0.5000000335043053,0.5,0.024999999007947662,0.13387500333503832,0.34965756269792964,True
25.650000000000002,11.36598458965756,3.9569585078969483,12.72964021964258,0.019699843316202975,-0.021224341250759338,0.500000032786556,0.5,0.02499999902920001,0.13100439191699395,0.34902515407490087,True
25.700000000000003,11.382686357126042,3.975590157316462,12.754824390540218,0.020207272068963254,-0.021710359805452106,0.5000000320841828,0.5,0.024999999049997102,0.12803314128376986,0.3483747151637605,True
25.75,11.399258621731233,3.994335816063064,12.780012469730671,0.02067716115644428,-0.022373336817788747,0.5000000313968562,0.5,0.02499999907034856,0.12495802908432774,0.3477097962444501,True
25.8,11.415704571472624,4.0131911116651775,12.805204143122282,0.02110421023002795,-0.02321921521233472,0.5000000307242539,0.5,0.024999999090264166,0.12179495208758523,0.3470339967204876,True
25.85,11.432027546714984,4.03215168556285,12.830399029337002,0.021483023950795793,-0.02425355061773804,0.5000000300660605,0.5,0.0249999991097531,0.11855869652589193,0.3463511405682955,True
25.900000000000002,11.448230971497338,4.051213253919004,12.85559667654301,0.02180820280530943,-0.025480971644096014,0.5000000294219674,0.5,0.024999999128824436,0.11522525797039311,0.3456653453309681,True
25.950000000000003,11.464318457599735,4.070371508095966,12.880796553665771,0.022074198480074206,-0.026906259662417553,0.5000000287916724,0.5,0.024999999147487316,0.11179350148841197,0.34498085050692545,True
26.0,11.480293866353755,4.089622060492676,12.905998042022823,0.02227523121369637,-0.028535004882489945,0.5000000281748799,0.5,0.024999999165750426,0.10827754466320386,0.34430190935197547,True
26.05,11.496161198460532,4.108960544509407,12.931200432681212,0.022405438163486446,-0.03037234327326499,0.5000000275713007,0.5,0.02499999918362227,0.1046908463758199,0.34363301322451534,True
26.1,11.511924534723978,4.128382662364677,12.956402922756627,0.022458949248374556,-0.032422520327282656,0.5000000269806518,0.5,0.02499999920111112,0.10101110172194114,0.3429789447276442,True
26.150000000000002,11.527588133000963,4.1478840959943675,12.981604605488045,0.02242975558912097,-0.034690102714951654,0.5000000264026562,0.5,0.024999999218225346,0.09723742280412333,0.3423445553755402,True
26.200000000000003,11.543156484740681,4.167460458171321,13.006804460560229,0.022311635071034924,-0.03718022883268546,0.5000000258370426,0.5,0.024999999234973046,0.09338413414678225,0.34173476906809364,True
26.25,11.558634205641397,4.187107384523314,13.032001351569352,0.02209829564031757,-0.03989757160636775,0.500000025283546,0.5,0.024999999251361878,0.08946265378051853,0.3411547443848392,True
26.3,11.574025982103374,4.2068205728090975,13.05719402223424,0.02178344217206595,-0.04284609078786384,0.5000000247419067,0.5,0.02499999926739968,0.08545283440338178,0.34060988116117563,True
26.35,11.5893366650138,4.226595699386235,13.082381085031596,0.02136065195715137,-0.046029826629325754,0.5000000242118708,0.5,0.02499999928309382,0.08135548776943896,0.34010571471267825,True
26.400000000000002,11.60457131355231,4.246428380866712,13.107561010758959,0.02082331779341956,-0.04945345526115741,0.5000000236931896,0.5,0.024999999298451824,0.0771838636724776,0.3396478136825059,True
26.450000000000003,11.619735091615015,4.266314255068166,13.132732126658176,0.020164780766108267,-0.05312123111902445,0.50000002318562,0.5,0.024999999313480743,0.07294842649150976,0.3392419577469393,True
26.5,11.63483322208616,4.286249010963086,13.157892612829237,0.019378386262644886,-0.05703640190680692,0.5000000226889237,0.5,0.02499999932818776,0.06863212310716682,0.3388942523376129,True
26.55,11.649871069335425,4.306228316170116,13.183040490033179,0.018457376390928742,-0.061202650894086164,0.500000022202868,0.5,0.024999999342579772,0.06423733693328242,0.33861081929088044,True
26.6,11.664854172573705,4.326247786057897,13.20817360909296,0.017394847085740458,-0.06562392101718184,0.5000000217272248,0.5,0.024999999356663503,0.059776329595453134,0.33839789413168214,True
26.650000000000002,11.67978815127575,4.346303052443731,13.233289650335669,0.016183867359828956,-0.07030360017135118,0.5000000212617712,0.5,0.024999999370445353,0.05525946163395039,0.33826194456080566,True
26.700000000000003,11.69467866443381,4.36638978733342,13.258386120975882,0.01481752878043169,-0.07524446336112345,0.5000000208062888,0.5,0.024999999383932093,0.05067302104315689,0.3382096384712175,True
26.75,11.709531479908689,4.386503641590453,13.283460342977627,0.013288856471336976,-0.08044920970096536,0.500000020360564,0.5,0.024999999397129876,0.04602092389051563,0.33824777982955123,True
26.8,11.724352499486848,4.4066402192518535,13.30850944320192,0.011590777286945672,-0.08592083367899683,0.5000000199243878,0.5,0.02499999941004493,0.04131541184021479,0.33838323699713335,True
26.85,11.739147671508768,4.426795136846991,13.333530355351527,0.009716228797842466,-0.09166191193199545,0.5000000194975557,0.5,0.024999999422683238,0.03656597508118538,0.33862304058562137,True
26.900000000000002,11.753922957050973,4.446964040200065,13.358519818995154,0.007658200269201268,-0.0976739614629315,0.5000000190798674,0.5,0.024999999435050872,0.03176342474892454,0.3389745255175922,True
26.950000000000003,11.768684385201437,4.467142554159803,13.383474368807939,0.00540966288465782,-0.1039588536036049,0.500000018671127,0.5,0.024999999447153587,0.026913489626277463,0.3394449993400718,True
27.0,11.783438065602624,4.487326265242362,13.40839032744552,0.0029635541455161427,-0.11051821122413996,0.5000000182711429,0.5,0.024999999458996964,0.022027501058296022,0.3400419318472772,True
27.05,11.798190115097018,4.5075107679502375,13.433262374660183,0.00033627195900298354,-0.11169643684013586,0.5000000178797276,0.5,0.02499999947058662,0.017115557552873056,0.3423377687968198,True
27.1,11.812946627728431,4.527691677921917,13.45814367769504,-0.0021793773184681036,-0.10223808418537861,0.5000000174966973,0.5,0.024999999481928086,0.012172879024184673,0.343161502798303,True
27.150000000000002,11.82771371225503,4.547864595125944,13.483063674726866,-0.004501659904802987,-0.09305996570135901,0.5000000171218726,0.5,0.024999999493026528,0.007206275445520556,0.34344027507379205,True
27.200000000000003,11.842497499144768,4.5680250900372545,13.508018779085921,-0.006637673279347965,-0.0841651120368536,0.5000000167550775,0.5,0.02499999950388725,0.0022275492664736336,0.3438372642790605,True
27.25,11.857304077457101,4.588168741481985,13.53300561235604,-0.008594529238466968,-0.07555553184383534,0.5000000163961402,0.5,0.024999999514515297,-0.0027535571915624844,0.3443434422113355,True
27.3,11.872139468918723,4.6082911469462475,13.558021001808228,-0.010379322325468211,-0.06723272090728238,0.5000000160448923,0.5,0.024999999524915613,-0.0077353118620617275,0.34495000812800813,True
27.35,11.887009645445882,4.628387901150627,13.583061973094505,-0.011999152211823771,-0.05919772347937968,0.500000015701169,0.5,0.024999999535093128,-0.012709468957666333,0.34564835012799544,True
27.400000000000002,11.90192052515473,4.648454590766272,13.608125745451755,-0.013461119645353129,-0.051451355632867846,0.5000000153648092,0.5,0.024999999545052613,-0.017666070800039357,0.34642998507528877,True
27.450000000000003,11.916877933783844,4.668486814934149,13.63320972859248,-0.014772279607070966,-0.0439937220192651,0.500000015035655,0.5,0.024999999554798768,-0.02259553318958029,0.34728674531334625,True
27.5,11.931887585449722,4.688480192011974,13.658311516647835,-0.015939618426957736,-0.036824354585680785,0.5000000147135523,0.5,0.0249999995643361,-0.02749173437273735,0.34821076236953696,True
27.55,11.94695508055878,4.708430354159599,13.683428880651018,-0.016970052241519203,-0.0299421474744539,0.5000000143983497,0.5,0.024999999573669152,-0.03234613041468448,0.3491944877579498,True
27.6,11.962085897393884,4.728332947093661,13.708559761345734,-0.017870417651587672,-0.023345685465153476,0.5000000140898997,0.5,0.024999999582802225,-0.03714970649283965,0.35023060584789867,True
27.650000000000002,11.977285370170135,4.748183640521039,13.733702262112097,-0.01864744548679504,-0.017032859172615326,0.5000000137880574,0.5,0.024999999591739763,-0.04189437425672049,0.35131217189666886,True
27.700000000000003,11.992558677230262,4.767978131774752,13.758854640993004,-0.01930774707674566,-0.01100105659485473,0.5000000134926813,0.5,0.024999999600485805,-0.046570468232774054,0.35243256889427443,True
27.75,12.00791082635818,4.787712152379594,13.784015302540013,-0.019857796780019914,-0.005247023574260656,0.500000013203633,0.5,0.024999999609044497,-0.05117029359705311,0.3535855650686204,True
27.8,12.023346643002414,4.8073814732773,13.809182789385854,-0.020303917951390613,0.00023294673779705735,0.5000000129207769,0.5,0.024999999617419687,-0.05568724274136721,0.35462690025962074,True
27.85,12.038870768590874,4.826981903181038,13.834355773791163,-0.020652281395517898,0.005443043125855973,0.5000000126439803,0.5,0.0249999996256155,-0.0601144665165832,0.35273299444376943,True
27.900000000000002,12.054487653364896,4.846509291777028,13.85953304945234,-0.020908896797174385,0.010387971845720267,0.5000000123731134,0.5,0.024999999633635736,-0.06444133468642108,0.35101267536393854,True
27.950000000000003,12.070201533667854,4.865959545813505,13.884713523125559,-0.021079584226370726,0.015073018145815631,0.5000000121080491,0.5,0.024999999641484284,-0.06866182156065685,0.3494580983699207,True
28.0,12.086016422704873,4.885328635993781,13.909896206170602,-0.021169962159782934,0.019503844234144085,0.5000000118486633,0.5,0.02499999964916457,-0.07277260956137133,0.348061537591706,True
28.05,12.101936125130916,4.904612585994727,13.935080206945928,-0.021185465486405416,0.02368651083821549,0.5000000115948341,0.5,0.0249999996566804,-0.07676871773874523,0.34681536263360346,True
28.1,12.117964235018357,4.923807474809077,13.960264723514628,-0.021131342389041477,0.027627387481766297,0.5000000113464426,0.5,0.024999999664035266,-0.08064135415631642,0.3457120688062075,True
28.150000000000002,12.13410411259637,4.942909456869243,13.98544903579291,-0.021012623712904598,0.03133325736526116,0.5000000111033722,0.5,0.024999999671232575,-0.08438747916772653,0.3447442772946586,True
28.200000000000003,12.150358882239587,4.961914766502187,14.010632498337142,-0.020834118848712037,0.03481126056226435,0.5000000108655092,0.5,0.024999999678275587,-0.08800700735891083,0.3439047561441807,True
28.25,12.166731455661505,4.980819702374775,14.035814534722856,-0.020600443880030392,0.0380686945090043,0.5000000106327417,0.5,0.024999999685167803,-0.0914977853971584,0.3431864502295533,True
28.3,12.183224534121482,4.9996206288519245,14.06099463177602,-0.02031602286332824,0.04111292854925608,0.5000000104049608,0.5,0.024999999691912245,-0.09485544660609331,0.3425825041006225,True
28.35,12.19984059379631,5.018313991946953,14.086172333182748,-0.01998506692219568,0.043951592127737804,0.5000000101820595,0.5,0.024999999698512215,-0.09808031598882999,0.342086226985038,True
28.400000000000002,12.216581890939711,5.036896319772016,14.111347234250399,-0.019611578499935674,0.04659244168840393,0.5000000099639333,0.5,0.024999999704970872,-0.1011741744986318,0.3416911264089797,True
28.450000000000003,12.23345048158932,5.055364210722678,14.136518978027105,-0.01919937464019121,0.0490430579471004,0.50000000975048,0.5,0.024999999711291184,-0.10413933656632976,0.3413909716561332,True
28.5,12.250448230707741,5.073714330226453,14.161687251384805,-0.018752096685927234,0.05131114409538329,0.5000000095415994,0.5,0.02499999971747601,-0.10697840866749281,0.3411796957698725,True
28.55,12.267576818591966,5.091943409800657,14.186851781311681,-0.018273216407001663,0.05340420304793281,0.5000000093371936,0.5,0.024999999723528364,-0.10969379545081064,0.3410514817173518,True
28.6,12.284837745447234,5.110048247779665,14.212012331387115,-0.01776603964501635,0.05532947504798835,0.5000000091371666,0.5,0.024999999729451158,-0.11228763761152273,0.3410007750563624,True
28.650000000000002,12.302232334287169,5.1280257116828665,14.237168698389336,-0.017233707608153383,0.05709418991463988,0.5000000089414247,0.5,0.024999999735247032,-0.11476303737413039,0.3410222078790017,True
28.700000000000003,12.319761737319007,5.145872737598922,14.262320709398619,-0.0166792027242622,0.058705486365605686,0.5000000087498762,0.5,0.024999999740918728,-0.11712272052474289,0.3411106149059624,True
28.75,12.337426942617352,5.163586329257876,14.287468219184209,-0.016105354885577485,0.060170334649768176,0.5000000085624311,0.5,0.024999999746468878,-0.1193689129423467,0.34126104815294184,True
28.8,12.355228776409707,5.181163561163232,14.312611107462581,-0.015514841689644655,0.06149532416229453,0.5000000083790016,0.5,0.024999999751900117,-0.12150514394809253,0.3414688365517655,True
28.85,12.37316791012914,5.198601577374295,14.33774927673428,-0.014910195081391115,0.06268735432692363,0.5000000081995016,0.5,0.02499999975721503,-0.12353402377663525,0.34172937835997935,True
28.900000000000002,12.391244866931466,5.215897590645791,14.362882650291558,-0.014293807314184927,0.06375266908509936,0.5000000080238469,0.5,0.024999999762416222,-0.12545836314495587,0.34203841277859515,True
28.950000000000003,12.409460024698236,5.2330488848932655,14.388011170099869,-0.013667932032461033,0.06469759340854087,0.5000000078519552,0.5,0.024999999767505977,-0.12728067758808081,0.34239180492603827,True
29.0,12.427813620828731,5.250052815993936,14.41313479498293,-0.01303468774039613,0.06552841662822761,0.5000000076837459,0.5,0.02499999977248667,-0.12900477256041662,0.3427855750242041,True
29.05,12.446305760151764,5.266906809373952,14.43825349925261,-0.01239606568223343,0.06625100459812261,0.5000000075191401,0.5,0.024999999777360553,-0.1306332152399938,0.3432160012317409,True
29.1,12.46493642076042,5.283608359409464,14.463367271311398,-0.011753934918697216,0.06687115542734945,0.5000000073580606,0.5,0.024999999782130012,-0.1321688421712685,0.3436795109848568,True
29.150000000000002,12.48370545643801,5.300155032238589,14.488476112058745,-0.011110042534011582,0.06739456866148907,0.5000000072004318,0.5,0.02499999978679738,-0.13361513066017672,0.34417268879035867,True
29.200000000000003,12.502612604381248,5.316544463050733,14.513580033919304,-0.010466021419338986,0.06782663878223005,0.5000000070461799,0.5,0.0249999997913647,-0.13497430796139456,0.34469232705109654,True
29.25,12.5216574889659,5.33277435727835,14.538679059609565,-0.009823392452282066,0.0681727116233337,0.5000000068952324,0.5,0.024999999795834196,-0.13624989035413884,0.3452353492654286,True
29.3,12.540839626764035,5.348842490386469,14.563773221125011,-0.009183568491374354,0.06843790407150463,0.5000000067475185,0.5,0.02499999980020802,-0.13744436843533503,0.34579885723117665,True
29.35,12.560158432605135,5.364746706328467,14.588862558931947,-0.008547859994243028,0.06862715544587338,0.5000000066029692,0.5,0.02499999980448807,-0.1385780790257481,0.34638010997966784,True
29.400000000000002,12.579613271394438,5.380484863501887,14.613947126047726,-0.00791755004933078,0.0687447208455021,0.5000000064615164,0.5,0.024999999808676406,-0.1396786132605794,0.34697659392606806,True
29.450000000000003,12.599203541521172,5.396054738585883,14.63902699593881,-0.007294021726960438,0.06879341476947688,0.5000000063230939,0.5,0.02499999981277508,-0.14074619812255867,0.34758611258612915,True
29.5,12.61892864064206,5.4114540596814535,14.664102258611909,-0.00667871112392295,0.06877539437351865,0.5000000061876368,0.5,0.024999999816785905,-0.14178088257497493,0.34820660777255086,True
29.55,12.638787897853282,5.4266805835973075,14.689173012967746,-0.006073005248428776,0.06869251150104604,0.5000000060550815,0.5,0.024999999820710876,-0.14279366885271808,0.3488361601883155,True
29.6,12.658780603524889,5.441732061984801,14.714239369356001,-0.00547828753160845,0.06854640528305145,0.500000005925366,0.5,0.024999999824551693,-0.14379849994138447,0.34947291709690775,True
29.650000000000002,12.678906052541109,5.456606187230826,14.739301453821291,-0.004896007420401627,0.06833820247681321,0.5000000057984292,0.5,0.02499999982831033,-0.14479390541530776,0.350115108822101,True
29.700000000000003,12.699163520962712,5.471300617008649,14.764359405352012,-0.004327647219123396,0.06806829676346227,0.5000000056742118,0.5,0.024999999831988355,-0.1457779455674054,0.3507611453758676,True
29.75,12.719552226559042,5.485813022457503,14.789413371280078,-0.003774660534155743,0.06773742322954379,0.5000000055526554,0.5,0.024999999835587542,-0.14675290398088733,0.35140936878698514,True
29.8,12.74007133718823,5.500141078861912,14.81446350782372,-0.0032384853466355503,0.06734618764089828,0.5000000054337032,0.5,0.024999999839109655,-0.1477225976284649,0.35205817542121215,True
29.85,12.760719986145483,5.514282445915906,14.839509981455015,-0.0027205695539818837,0.0668951908905221,0.5000000053172992,0.5,0.02499999984255628,-0.14868489776269733,0.35270595457388965,True
29.900000000000002,12.781497263161226,5.528234778914476,14.864552967620195,-0.002222357253002394,0.06638474470516109,0.5000000052033887,0.5,0.02499999984592923,-0.14963551782596582,0.3533511840219376,True
29.950000000000003,12.802402193790748,5.541995757305017,14.889592648134126,-0.0017452542253613306,0.06581547365387008,0.5000000050919187,0.5,0.024999999849229744,-0.1505716111036931,0.3539922911386335,True
30.0,12.823433735348948,5.555563093021463,14.914629210368414,-0.0012906194415295894,0.06518821773211758,0.5000000049828365,0.5,0.024999999852459712,-0.15148935805357625,0.3546276892916874,True
30.05,12.844590776293362,5.568934534635905,14.939662846803186,-0.0008597619285605503,0.0645040780281807,0.5000000048760912,0.5,0.024999999855620368,-0.15238534165859668,0.35525576764193556,True
30.1,12.86587213314952,5.582107875412452,14.964693754285003,-0.0004539330016825026,0.06376431486031785,0.5000000047716326,0.5,0.024999999858713363,-0.15325718120625187,0.3558749280754909,True
30.150000000000002,12.887276552480989,5.59508095455414,14.989722133837956,-7.432690128823585e-05,0.06297036409706191,0.5000000046694119,0.5,0.024999999861740112,-0.15409705897117826,0.3564835796696078,True
30.200000000000003,12.90880269999727,5.607851678043959,15.014748189007578,0.00027794201233516294,0.06212397011768289,0.5000000045693809,0.5,0.024999999864702062,-0.15489634093139085,0.35652423887815016,True
30.25,12.930449143808485,5.6204180509004384,15.039772123506845,0.000601874856351047,0.06122737479517781,0.5000000044714928,0.5,0.024999999867600518,-0.15565383308707584,0.3564591806467744,True
30.3,12.952214366471026,5.632778167222853,15.064794142075705,0.0008965729320836629,0.060283117757135574,0.5000000043757019,0.5,0.024999999870436766,-0.15636766854579304,0.3564372428120471,True
30.35,12.974096780404397,5.644930193118871,15.089814451701711,0.0011612147326671718,0.059293891757026596,0.500000004281963,0.5,0.024999999873212345,-0.15702873904703213,0.3564584875205919,True
30.400000000000002,12.996094711757346,5.656872399544693,15.114833259272583,0.0013950919812564608,0.058262602917325094,0.5000000041902323,0.5,0.0249999998759284,-0.15762650865560188,0.35652280128719593,True
30.450000000000003,13.018206380511291,5.66860320544609,15.13985076879117,0.0015976565054133095,0.0571928711367713,0.5000000041004666,0.5,0.0249999998785863,-0.15816151722449548,0.3566297029878389,True
30.5,13.040429919125833,5.680121159245057,15.164867182881045,0.001768494674569806,0.05608855997441364,0.500000004012624,0.5,0.02499999988118725,-0.15863428041946268,0.3567785048078317,True
30.55,13.062763398060795,5.691424905152762,15.189882705003425,0.0019072854351507114,0.054953502346960614,0.5000000039266631,0.5,0.02499999988373262,-0.15903664787500305,0.35696843329034683,True
30.6,13.08520481154581,5.702513216613559,15.214897537210682,0.002013836347836049,0.05379176298768551,0.5000000038425437,0.5,0.024999999886223437,-0.15935706927814858,0.3571985170804146,True
30.650000000000002,13.107752054205466,5.713385050937515,15.239911876895974,0.0020881426650438345,0.05260800301061719,0.5000000037602265,0.5,0.024999999888660814,-0.1595989205950735,0.35746742177882934,True
30.700000000000003,13.13040294366371,5.724039523745244,15.264925918593319,0.002130354280958761,0.05140719115024372,0.5000000036796727,0.5,0.024999999891045933,-0.15976578054087057,0.35777356615474076,True
30.75,13.153155254633866,5.7344758568835426,15.28993985693231,0.0021407140695996964,0.05019396754903288,0.5000000036008445,0.5,0.02499999989338003,-0.15985000595757243,0.35811536816126277,True
30.8,13.176006703586918,5.744693416759734,15.314953884124975,0.002119599233534596,0.04897321496475959,0.5000000035237051,0.5,0.02499999989566405,-0.1598411946084249,0.3584910378347952,True
30.85,13.198954925055677,5.75469177497116,15.33996818657329,0.002067586398118962,0.04775024269985622,0.5000000034482182,0.5,0.024999999897899236,-0.15974489039125617,0.3588984584804484,True
30.900000000000002,13.221997497401356,5.764470674073338,15.364982946782652,0.0019854100239527087,0.04653062621971743,0.5000000033743484,0.5,0.024999999900086507,-0.15956761623733665,0.35933527453370834,True
30.950000000000003,13.2451319793861,5.77402996443603,15.389998346286902,0.0018738902848818692,0.04531945692024669,0.5000000033020611,0.5,0.02499999990222687,-0.15930289466763042,0.35979918182704457,True
31.0,13.268355895871508,5.783369642728123,15.415014563064453,0.001733974557086657,0.04412194361770355,0.5000000032313223,0.5,0.024999999904321453,-0.15894117206789748,0.3602877114200983,True
31.05,13.291666713555983,5.792489918524586,15.440031767928716,0.0015668086759309664,0.04294365970104446,0.500000003162099,0.5,0.02499999990637109,-0.1584901971449827,0.36079808633569893,True
31.1,13.315061867601013,5.80139117329953,15.465050126226167,0.0013736894220247686,0.04179035128080272,0.5000000030943587,0.5,0.024999999908376848,-0.15795883863899915,0.361327324850091,True
31.150000000000002,13.338538798846828,5.810073887117773,15.4900698004838,0.001155983346845937,0.04066714183318737,0.5000000030280695,0.5,0.02499999991033964,-0.157340872808742,0.3618725537067608,True
31.200000000000003,13.362094938355169,5.818538681400271,15.515090947500358,0.000915173008283661,0.03957913305026989,0.5000000029632004,0.5,0.02499999991226038,-0.15662835650329243,0.3624307872413881,True
31.25,13.385727684443182,5.826786387372498,15.540113714673648,0.000652929838314408,0.03853191247480925,0.5000000028997209,0.5,0.024999999914139977,-0.15583056512675206,0.36299870656156963,True
31.3,13.409434429719253,5.83481799690337,15.565138241400708,0.00037105943380735774,0.03753084650307498,0.5000000028376014,0.5,0.02499999991597928,-0.15495701907780546,0.3635729207132933,True
31.35,13.433212593980437,5.842634588884922,15.590164660952851,7.142207753365417e-05,0.03658091040695726,0.5000000027768126,0.5,0.02499999991777925,-0.15400297128743015,0.3641500963167666,True
31.400000000000002,13.457059609984132,5.850237370869788,15.615193097493083,-0.00024402228352964685,0.035686813811657614,0.500000002717326,0.5,0.024999999919540602,-0.15296040844162986,0.3642388319367677,True
31.450000000000003,13.480972901736404,5.8576277489273805,15.640223662295853,-0.0005731400017068883,0.034853708709283004,0.5000000026591138,0.5,0.024999999921264292,-0.15184002184549572,0.36415332032329034,True
31.5,13.504949908897789,5.864807276653035,15.665256454564535,-0.0009136788725391593,0.03408666344897543,0.5000000026021487,0.5,0.024999999922950964,-0.15065158816502702,0.36403715419036775,True
31.55,13.528988116922127,5.871777577369291,15.690291562786424,-0.0012633503665822367,0.03339000658887614,0.5000000025464039,0.5,0.02499999992460164,-0.14939080393428741,0.36389133458424056,True
31.6,13.553085042436885,5.878540388793024,15.71532906151866,-0.001619781551882862,0.03276807762862526,0.5000000024918533,0.5,0.024999999926216866,-0.1480506665090691,0.36371694411503597,True
31.650000000000002,13.57723821436135,5.885097629606794,15.74036900763021,-0.001980444909501051,0.032225435079723086,0.5000000024384713,0.5,0.024999999927797476,-0.14664126859521534,0.36351515662439765,True
31.700000000000003,13.601445194405027,5.891451350278379,15.765411440485131,-0.0023427103018211284,0.031766481565319526,0.5000000023862329,0.5,0.0249999999293443,-0.14517307179310185,0.3632872953889368,True
31.75,13.62570360306526,5.8976036554082025,15.790456382768205,-0.002703925688617773,0.03139511614178553,0.5000000023351135,0.5,0.02499999993085796,-0.1436416532535338,0.3630348547770059,True
31.8,13.650011106522669,5.903556746287473,15.815503837248848,-0.003061371525240453,0.031115053066499088,0.5000000022850893,0.5,0.02499999993233917,-0.14204068305840167,0.3627594530526974,True
31.85,13.674365399236255,5.909312987587246,15.840553782876782,-0.003412190848463984,0.0309301490194811,0.5000000022361368,0.5,0.024999999933788576,-0.1403800828398917,0.3624628068970561,True
31.900000000000002,13.698764221797747,5.914874856897983,15.865606174571603,-0.0037534416286699396,0.030844387896610478,0.5000000021882329,0.5,0.024999999935207053,-0.13866980413191643,0.3621466839581041,True
31.950000000000003,13.72320538206998,5.9202448707840665,15.890660943597538,-0.004082172600511079,0.030860854175691066,0.5000000021413553,0.5,0.024999999936595053,-0.1369059782132414,0.3618131283221885,True
32.0,13.747686743518287,5.925425625218643,15.915717994316648,-0.004395380206852436,0.030982685109399777,0.5000000020954819,0.5,0.02499999993795338,-0.13508213938806388,0.3614642250543183,True
32.050000000000004,13.772206209698535,5.930419860774495,15.94077720015899,-0.004689940686429931,0.03121320734224647,0.5000000020505913,0.5,0.02499999993928255,-0.13320831753995724,0.36110212852633433,True
32.1,13.79676173904018,5.935230413197022,15.96583840310188,-0.004962660673025984,0.03155569725483301,0.5000000020066623,0.5,0.024999999940583235,-0.13129375843701163,0.3607290825148422,True
32.15,13.821351362222826,5.939860141117553,15.990901413880541,-0.0052103506164444926,0.03201267014820766,0.5000000019636743,0.5,0.02499999994185613,-0.12933454253541068,0.3603475554305895,True
32.2,13.8459731709658,5.944311968066355,16.015966008627927,-0.005429780505240231,0.03258671755945719,0.5000000019216073,0.5,0.024999999943101734,-0.12732527349538506,0.35996003968136386,True
32.25,13.870625305454796,5.948588941087719,16.041031924856277,-0.005617619182699505,0.033280411113473185,0.5000000018804415,0.5,0.02499999994432068,-0.1252747868961332,0.3595691409517545,True
32.300000000000004,13.895305965824342,5.952694184556498,16.066098860739928,-0.005770481169634404,0.03409651503554495,0.5000000018401575,0.5,0.02499999994551355,-0.12319236202060102,0.35917746964610153,True
32.35,13.92001342561091,5.9566308324112285,16.091166475296934,-0.005884995029277071,0.03503694945689914,0.5000000018007366,0.5,0.024999999946680732,-0.12107375573579343,0.3587878762832271,True
32.4,13.94474602201806,5.960402067446067,16.11623438507852,-0.005957762327846222,0.03610366065015497,0.5000000017621601,0.5,0.024999999947822992,-0.11891423523468028,0.3584032380825681,True
32.45,13.969502144924633,5.964011177920145,16.14130216001532,-0.005985299461121164,0.03729874383877488,0.5000000017244101,0.5,0.024999999948940727,-0.11672251698529182,0.3580264816772347,True
32.5,13.99428024645461,5.967461509785117,16.16636932287094,-0.005964085860399419,0.038624232858392754,0.5000000016874687,0.5,0.024999999950034536,-0.11450667442069089,0.3576605968689488,True
32.550000000000004,14.019078850519364,5.970756406242767,16.191435349518674,-0.005890624693495165,0.04008153737079035,0.5000000016513187,0.5,0.024999999951104933,-0.11226294841776786,0.35730874052486605,True
32.6,14.043896544125777,5.9738992460984,16.216499665654162,-0.005761403253884283,0.04167205605394245,0.5000000016159432,0.5,0.024999999952152466,-0.10998749665071424,0.35697409721630524,True
32.65,14.068731968854898,5.97689349206751,16.24156164278538,-0.005572843671284825,0.04339729561338518,0.5000000015813255,0.5,0.0249999999531774,-0.10768799049439175,0.3566598942029523,True
32.7,14.09358382754912,5.979742648111406,16.266620597836308,-0.0053213458519983685,0.04525864721381562,0.5000000015474494,0.5,0.024999999954180493,-0.10537203830345974,0.356369424089914,True
32.75,14.118450890878847,5.982450205174018,16.291675793740183,-0.0050033419029116705,0.047257043596292875,0.500000001514299,0.5,0.024999999955162045,-0.10303651027047912,0.3561060903728288,True
32.800000000000004,14.143331990309704,5.985019673839668,16.31672643644477,-0.004615262743299099,0.049393223557241656,0.5000000014818587,0.5,0.02499999995612266,-0.10067797070390201,0.35587336374990497,True
32.85,14.168226010897303,5.987454628859258,16.34177167098428,-0.004153493062475481,0.051668182044291966,0.5000000014501135,0.5,0.02499999995706264,-0.09830368300601416,0.3556746966134101,True
32.9,14.193131895825726,5.989758670083504,16.366810581488238,-0.0036144106752326825,0.054082739674372146,0.5000000014190483,0.5,0.024999999957982397,-0.0959202695058073,0.35551360921395736,True
32.95,14.218048650562961,5.99193537425186,16.391842192270197,-0.002994434932439443,0.056637241918464906,0.5000000013886486,0.5,0.024999999958882496,-0.09352524672563112,0.3553937284043477,True
33.0,14.242975336881447,5.993988324693595,16.41686546511825,-0.0022899967462972058,0.05933191078608484,0.5000000013589002,0.5,0.024999999959763285,-0.09111617123690433,0.35531871542375815,True
33.050000000000004,14.267911067303428,5.9959211476711225,16.44187929581684,-0.0014975021895718746,0.06216717573706665,0.5000000013297891,0.5,0.024999999960625234,-0.08869938601979802,0.3552922068169224,True
33.1,14.29285500766126,5.997737478604699,16.466882514669074,-0.0006133666465241911,0.06514317123768965,0.5000000013013015,0.5,0.02499999996146875,-0.08628092170435346,0.35531792582246513,True
33.15,14.317806379236973,5.9994409209969755,16.491873888152462,0.0003659437973422018,0.06825978162699636,0.5000000012734243,0.5,0.02499999996229418,-0.08385887775295293,0.3546677401475774,True
33.2,14.342764453900905,6.001035071127244,16.51685211675709,0.0014439369116146887,0.07151664943836467,0.5000000012461442,0.5,0.02499999996310195,-0.08143183247520239,0.35265324797169273,True
33.25,14.367728549704964,6.002523547560267,16.541815832129835,0.0026241235089373392,0.07491363660718518,0.5000000012194485,0.5,0.0249999999638924,-0.07900509459812681,0.3504979206379345,True
33.300000000000004,14.392698031894748,6.003909962924234,16.56676362179953,0.003909962924233845,0.07831924042119748,0.5000000011933248,0.5,0.024999999964665932,-0.07658417700544098,0.3482361683515237,True
33.35,14.417672313548055,6.005197889917055,16.591737903452838,0.00519788991705461,0.07368470864691676,0.5000000011677607,0.5,0.024999999965422865,-0.07416795328332619,0.3482767357883111,True
33.4,14.442650851732935,6.006390879660397,16.61671644163772,0.006390879660396642,0.06919460349238037,0.5000000011427442,0.5,0.024999999966163543,-0.0717558295980137,0.3483738422928301,True
33.45,14.46763314392775,6.007492485232996,16.641698733832534,0.00749248523299606,0.06484862996054824,0.5000000011182637,0.5,0.024999999966888373,-0.06935261393698815,0.3485237099720202,True
33.5,14.492618727977286,6.008506237687103,16.666684317882073,0.008506237687102569,0.06064636852461869,0.5000000010943075,0.5,0.024999999967597785,-0.0669629290455571,0.3487226335438813,True
33.550000000000004,14.517607181627204,6.009435619453262,16.69167277153199,0.009435619453261879,0.05658711957396492,0.5000000010708646,0.5,0.024999999968291924,-0.0645869791443221,0.34896705186883803,True
33.6,14.542598119475544,6.010284076323419,16.716663709380327,0.0102840763234191,0.05267004094194235,0.5000000010479239,0.5,0.024999999968971277,-0.06222496632310109,0.34925349638945413,True
33.65,14.56759119012967,6.011055033187659,16.741656780034454,0.011055033187658658,0.0488942798291869,0.5000000010254746,0.5,0.02499999996963601,-0.0598807790426538,0.349578536922049,True
33.7,14.592586075216083,6.011751878117695,16.766651665120868,0.011751878117695291,0.04525886291958649,0.5000000010035063,0.5,0.02499999997028646,-0.05755825428567703,0.34993882904511076,True
33.75,14.617582488246084,6.012377943019379,16.79164807815087,0.01237794301937889,0.041762588054992215,0.5000000009820086,0.5,0.024999999970922972,-0.055258638963888086,0.3503311647973406,True
33.800000000000004,14.64258017223464,6.012936508767078,16.816645762139423,0.012936508767078081,0.03840410308226729,0.5000000009609714,0.5,0.02499999997154587,-0.053521005525437926,0.3507524445198844,True
33.85,14.667578976658927,6.013428564734035,16.841644566563712,0.013428564734034865,0.035165954086129214,0.5000000009403849,0.5,0.02499999997215547,-0.0512101547055309,0.35120658171998254,True
33.9,14.692578686570153,6.013857022795112,16.866644276474936,0.01385702279511225,0.03204845881456868,0.5000000009202394,0.5,0.024999999972751905,-0.048907607842004236,0.35169040273701335,True
33.95,14.717579032968509,6.014227399596599,16.891644622873294,0.014227399596599355,0.029068434166218647,0.5000000009005255,0.5,0.024999999973335598,-0.04663953296156111,0.3521932983750017,True
34.0,14.742579855699978,6.014542948286702,16.916645445604765,0.014542948286702106,0.026224586191629838,0.500000000881234,0.5,0.024999999973906773,-0.04440995850708579,0.35271222293052384,True
34.050000000000004,14.767581019129924,6.014806757490274,16.94164660903471,0.014806757490274158,0.02351472284123895,0.5000000008623556,0.5,0.024999999974465784,-0.04222114359796723,0.35324457071556137,True
34.1,14.792582407231437,6.015021834199216,16.96664799713622,0.015021834199216322,0.020936466476904402,0.5000000008438817,0.5,0.024999999975012774,-0.040074935452485395,0.35378788449462595,True
34.15,14.817583921638562,6.0151911086106695,16.991649511543347,0.015191108610669524,0.01848731882267767,0.5000000008258035,0.5,0.024999999975548155,-0.037976392813972325,0.35433983116644746,True
34.2,14.842585480205907,6.015317419450436,17.01665107011069,0.015317419450435743,0.016164577551807495,0.5000000008081127,0.5,0.02499999997607196,-0.035930044830367706,0.35489824057947456,True
34.25,14.86758701552122,6.015403496817926,17.041652605426005,0.01540349681792641,0.0139652564091637,0.5000000007908008,0.5,0.02499999997658464,-0.03393678315508868,0.35546114592255545,True
34.300000000000004,14.892588473011502,6.015451972589211,17.066654062916285,0.015451972589210605,0.011886209270811592,0.5000000007738598,0.5,0.024999999977086254,-0.0319972338996819,0.3560267364016871,True
34.35,14.917589809295055,6.015465393592785,17.09165539919984,0.01546539359278487,0.009924246279019269,0.5000000007572817,0.5,0.0249999999775771,-0.030117756342979474,0.35659330926165583,True
34.4,14.942590991098955,6.015446197710789,17.11665658100374,0.015446197710788923,0.008075970985806702,0.5000000007410588,0.5,0.024999999978057418,-0.028304122990121187,0.357159341288803,True
34.45,14.967591994051954,6.015396685774471,17.14165758395674,0.015396685774470953,0.0063376271123687065,0.5000000007251834,0.5,0.024999999978527494,-0.02655583014013556,0.3577235619099928,True
34.5,14.992592801111716,6.015319041367921,17.1666583910165,0.015319041367921393,0.004705302794512095,0.500000000709648,0.5,0.024999999978987542,-0.024872050374742938,0.3582848725983523,True
34.550000000000004,15.01759340131716,6.015215356047138,17.191658991221946,0.015215356047137973,0.0031751269305085785,0.5000000006944455,0.5,0.02499999997943769,-0.023251870502660275,0.3588422629278961,True
34.6,15.042593788909528,6.015087632133947,17.216659378814313,0.01508763213394726,0.0017432812451939814,0.5000000006795686,0.5,0.024999999979878257,-0.021694307548707027,0.359394803537771,True
34.65,15.067593962546376,6.014937784694858,17.24165955245116,0.01493778469485818,0.0004060048045690034,0.5000000006650105,0.5,0.024999999980309325,-0.020198315820320455,0.3599416421839914,True
34.7,15.0925939245942,6.0147676435350785,17.266659514498983,0.014767643535078534,-0.0008404021464706346,0.5000000006507642,0.5,0.024999999980731182,-0.018762793320478092,0.3599828011990336,True
34.75,15.117593680494041,6.014578955232533,17.291659270398824,0.014578955232533275,-0.0019995747385536497,0.5000000006368231,0.5,0.024999999981143987,-0.017386587835246953,0.3598274213594763,True
34.800000000000004,15.142593238194872,6.014373385205937,17.316658828099655,0.014373385205937339,-0.003075080395648214,0.5000000006231807,0.5,0.024999999981547956,-0.016068502716378122,0.35971390836293093,True
34.85,15.167592607649777,6.014152519810213,17.341658197554562,0.014152519810212816,-0.004070416097939273,0.5000000006098306,0.5,0.024999999981943175,-0.01480730236754314,0.3596396054634886,True
34.9,15.192591800370106,6.013917868452943,17.36665739027489,0.013917868452942628,-0.004989005972329333,0.5000000005967665,0.5,0.024999999982329924,-0.013601717442470698,0.3596019585531026,True
34.95,15.217590829033012,6.01367086572595,17.3916564189378,0.013670865725949888,-0.005834199193645198,0.5000000005839822,0.5,0.02499999998270852,-0.012450449763281251,0.35959851430489775,True
35.0,15.242589707137986,6.013412873546479,17.416655297042773,0.013412873546479354,-0.006609268180136001,0.5000000005714718,0.5,0.02499999998307898,-0.011352176967361339,0.35962691823675697,True
35.050000000000004,15.267588448708231,6.013145183302849,17.441654038613017,0.013145183302849084,-0.007317407067344992,0.5000000005592293,0.5,0.0249999999834415,-0.010305556891178026,0.35968491270547426,True
35.1,15.29258706803293,6.012869017999777,17.466652657937715,0.012869017999777022,-0.00796173044493103,0.5000000005472492,0.5,0.024999999983796144,-0.009309231699416115,0.3597703348410744,True
35.15,15.317585579446673,6.012585534398938,17.491651169351456,0.012585534398938059,-0.008545272341504786,0.5000000005355257,0.5,0.024999999984143283,-0.008361831767829401,0.3598811144302243,True
35.2,15.342583997142572,6.012295825150621,17.516649587047358,0.012295825150620665,-0.009070985443028966,0.5000000005240534,0.5,0.024999999984483018,-0.007461979328157392,0.3600152717570424,True
35.25,15.367582335015744,6.012000920912671,17.54164792492053,0.01200092091267102,-0.009541740530811742,0.5000000005128268,0.5,0.024999999984815422,-0.006608291883432435,0.3601709154090177,True
35.300000000000004,15.392580606534114,6.011701792453191,17.5666461964389,0.011701792453190585,-0.009960326125597796,0.5000000005018407,0.5,0.02499999998514074,-0.005799385401920955,0.360346240055213,True
35.35,15.41757882463367,6.0113993527337435,17.591644414538457,0.011399352733743484,-0.010329448324731507,0.50000000049109,0.5,0.02499999998545907,-0.005033877297886171,0.3605395242033991,True
35.4,15.442577001635499,6.01109445897009,17.616642591540284,0.011094458970090315,-0.010651730819831543,0.5000000004805696,0.5,0.024999999985770488,-0.004310389207265545,0.3607491279422885,True
35.45,15.467575149182148,6.0107879146677154,17.64164073908693,0.010787914667715448,-0.010929715082875695,0.5000000004702745,0.5,0.02499999998607539,-0.0036275495662525465,0.3609734906745846,True
35.5,15.49257327819103,6.010480471629655,17.666638868095816,0.010480471629654708,-0.011165860709048264,0.5000000004602,0.5,0.02499999998637369,-0.0029839960006620377,0.3612111288461364,True
35.550000000000004,15.517571398822776,6.010172831934366,17.69163698872756,0.01017283193436569,-0.011362545905149473,0.5000000004503413,0.5,0.024999999986665588,-0.002378377533847184,0.361460633676082,True
35.6,15.542569520462601,6.009865649881587,17.716635110367385,0.009865649881587224,-0.011522068112807603,0.5000000004406938,0.5,0.024999999986951276,-0.0018093566207863481,0.3617206688925043,True
35.65,15.567567651712935,6.009559533904352,17.74163324161772,0.009559533904352158,-0.011646644756168511,0.500000000431253,0.5,0.024999999987230778,-0.0012756110158365242,0.36198996847775344,True
35.7,15.5925658003957,6.009255048445499,17.766631390300486,0.009255048445498737,-0.011738414104164279,0.5000000004220145,0.5,0.024999999987504243,-0.0007758354814817437,0.36226733442728043,True
35.75,15.617563973562786,6.008952715797233,17.791629563467573,0.00895271579723289,-0.011799436237882035,0.5000000004129739,0.5,0.02499999998777195,-0.00030874334528404674,0.3625516345254901,True
35.800000000000004,15.642562177513396,6.008653017902438,17.816627767418183,0.008653017902438442,-0.011831694113966118,0.500000000404127,0.5,0.024999999988033827,0.00012693208796146234,0.3628418001418628,True
35.85,15.667560417817064,6.008356398116633,17.84162600772185,0.008356398116633024,-0.011837094715390259,0.5000000003954694,0.5,0.02499999998829027,0.0005324362619780671,0.36313682405028425,True
35.9,15.6925586993413,6.008063262929588,17.866624289246083,0.008063262929588255,-0.011817470281331921,0.5000000003869974,0.5,0.024999999988541154,0.0009089922259999098,0.3634357582743041,True
35.95,15.717557026282872,6.007773983645817,17.891622616187657,0.007773983645816607,-0.011774579608267688,0.500000000378707,0.5,0.024999999988786617,0.0012577996164583572,0.36373771196076154,True
36.0,15.742555402201909,6.007488898023238,17.916620992106694,0.007488898023238377,-0.011710109414786497,0.5000000003705941,0.5,0.024999999989026772,0.0015800337570348398,0.36404184928402306,True
36.050000000000004,15.767553830058045,6.007208311869487,17.94161941996283,0.007208311869487005,-0.011625675762986662,0.500000000362655,0.5,0.02499999998926185,0.001876844870911077,0.36434738738284367,True
36.1,15.792552312247958,6.006932500595439,17.96661790215274,0.0069325005954388175,-0.011522825529681806,0.500000000354886,0.5,0.024999999989491886,0.0021493573992201497,0.36465359433166183,True
36.15,15.817550850643721,6.006661710725661,17.991616440548505,0.006661710725660797,-0.01140303792099134,0.5000000003472834,0.5,0.024999999989716998,0.0023986694198975616,0.3649597871479544,True
36.2,15.842549446631459,6.006396161365579,18.016615036536244,0.006396161365579189,-0.011267726024231843,0.5000000003398437,0.5,0.02499999998993729,0.002625852161311932,0.3652653298370998,True
36.25,15.867548101149884,6.006136045625287,18.04161369105467,0.006136045625287245,-0.011118238391356354,0.5000000003325634,0.5,0.02499999999015279,0.002831949605216425,0.3655696314760158,True
36.300000000000004,15.892546814728341,6.005881531999986,18.066612404633126,0.005881531999985867,-0.010955860648510002,0.500000000325439,0.5,0.0249999999903638,0.00301797817377409,0.36587214433669735,True
36.35,15.917545587524042,6.00563276570716,18.091611177428828,0.005632765707160203,-0.010781817126581699,0.5000000003184673,0.5,0.024999999990570242,0.0031849264955592467,0.366172362050614,True
36.4,15.942544419358251,6.005389869980663,18.116610009263034,0.005389869980662709,-0.010597272507933063,0.5000000003116448,0.5,0.024999999990772296,0.003333755245640776,0.3664698178147965,True
36.45,15.967543309751182,6.0051529473219585,18.141608899655967,0.005152947321958479,-0.010403333484777441,0.5000000003049686,0.5,0.024999999990969943,0.0034653970550175073,0.36676408264030447,True
36.5,15.992542257955474,6.004922080708857,18.16660784786026,0.004922080708857024,-0.010201050424963387,0.5000000002984354,0.5,0.024999999991163386,0.003580756484856608,0.3670547636436432,True
36.550000000000004,16.017541262988075,6.0046973347621275,18.19160685289286,0.004697334762127525,-0.00999141904118888,0.5000000002920422,0.5,0.024999999991352623,0.003680710061149138,0.3673415023815739,True
36.6,16.042540323660475,6.004478756870441,18.21660591356526,0.004478756870440748,-0.009775382059934784,0.5000000002857858,0.5,0.024999999991537913,0.003766106365589835,0.3676239732296655,True
36.65,16.067539438607177,6.004266378274147,18.241605028511962,0.004266378274147442,-0.009553830886658253,0.5000000002796635,0.5,0.02499999999171926,0.003837766178641275,0.367901881804821,True
36.7,16.09253860631242,6.00406021510846,18.266604196217205,0.004060215108459886,-0.009327607264029173,0.5000000002736724,0.5,0.02499999999189662,0.003896482670897911,0.3681749634319089,True
36.75,16.11753782513508,6.003860269406628,18.291603415039866,0.003860269406628092,-0.009097504920226264,0.5000000002678097,0.5,0.02499999999207019,0.00394302163906225,0.3684429816545597,True
36.800000000000004,16.14253709333179,6.003666530063768,18.316602683236574,0.0036665300637679366,-0.00886427120453307,0.5000000002620725,0.5,0.02499999999224008,0.003978121782968292,0.36870572679007674,True
36.85,16.167536409078263,6.003478973762018,18.341601998983048,0.0034789737620180006,-0.008628608707688288,0.5000000002564582,0.5,0.024999999992406336,0.0040024950202715215,0.36896301452835323,True
36.9,16.192535770488895,6.00329756585775,18.36660136039368,0.0032975658577498734,-0.008391176864650397,0.5000000002509641,0.5,0.02499999999256908,0.004016826835556146,0.3692146845745923,True
36.95,16.21753517563464,6.003122261231575,18.391600765539426,0.0031222612315753295,-0.008152593537632811,0.5000000002455879,0.5,0.024999999992728204,0.0040217766607768875,0.3694605993355745,True
37.0,16.242534622559248,6.002953005101928,18.416600212464033,0.0029530051019284187,-0.007913436577453473,0.5000000002403268,0.5,0.02499999999288397,0.004017978284086115,0.36970064264914143,True
37.050000000000004,16.267534109293912,6.002789733803012,18.441599699198697,0.002789733803012062,-0.00767424536142166,0.5000000002351783,0.5,0.02499999999303644,0.0040060402842564255,0.36993471855651416,True
37.1,16.292533633870413,6.002632375527939,18.466599223775198,0.002632375527938713,-0.007435522306155113,0.5000000002301402,0.5,0.024999999993185546,0.0039865464880159554,0.37016275011699407,True
37.15,16.31753319433279,6.002480851037891,18.491598784237574,0.0024808510378910853,-0.007197734353883154,0.5000000002252101,0.5,0.024999999993331475,0.00396005644777972,0.37038467826455795,True
37.2,16.342532788747665,6.002335074338149,18.51659837865245,0.00233507433814939,-0.00696131443094587,0.5000000002203855,0.5,0.02499999999347433,0.0039271059373805085,0.3706004607058084,True
37.25,16.367532415213276,6.002194953321852,18.54159800511806,0.0021949533218519335,-0.006726662877345623,0.5000000002156643,0.5,0.024999999993614113,0.0038882074635155405,0.3708100708586864,True
37.300000000000004,16.39253207186729,6.002060390382346,18.566597661772075,0.0020603903823461778,-0.006494148846346227,0.5000000002110442,0.5,0.0249999999937509,0.003843850790775649,0.3710134968313337,True
37.35,16.417531756893503,6.001931282995016,18.591597346798288,0.0019312829950157706,-0.0062641116732466105,0.500000000206523,0.5,0.024999999993884837,0.0037945034782092047,0.3712107404404324,True
37.4,16.44253146852747,6.001807524269452,18.616597058432255,0.0018075242694521876,-0.006036862212580225,0.5000000002020988,0.5,0.02499999999401581,0.0037406114255196772,0.3714018162683387,True
37.45,16.467531205061192,6.0016890034728565,18.641596794965977,0.0016890034728564984,-0.0058126841431089945,0.5000000001977692,0.5,0.024999999994144078,0.0036825994270839554,0.371586750758284,True
37.5,16.49253096484689,6.001575606525543,18.666596554751674,0.001575606525542561,-0.005591835240091174,0.5000000001935325,0.5,0.024999999994269516,0.0036208717321075255,0.37176558134690346,True
37.550000000000004,16.51753074629997,6.0014672164694325,18.691596336204753,0.0014672164694324863,-0.005374548614406697,0.5000000001893865,0.5,0.02499999999439234,0.003555812609303343,0.3719383556333079,True
37.6,16.542530547901244,6.001363713910405,18.71659613780603,0.0013637139104050178,-0.005161033918221716,0.5000000001853293,0.5,0.024999999994512544,0.003487786914621379,0.37210513058392247,True
37.65,16.567530368198483,6.001264977435375,18.741595958103268,0.0012649774353752363,-0.004951478516966045,0.500000000181359,0.5,0.024999999994630144,0.0034171406606173516,0.3722659717722733,True
37.7,16.592530205807346,6.001170884004959,18.76659579571213,0.0011708840049591274,-0.004746048627483098,0.5000000001774739,0.5,0.02499999999474509,0.0033442015861687756,0.37242095265290787,True
37.75,16.617530059411784,6.001081309322585,18.79159564931657,0.001081309322585433,-0.004544890422292518,0.500000000173672,0.5,0.024999999994857677,0.003269279725309797,0.37257015386860576,True
37.800000000000004,16.642529927763942,6.000996128180893,18.816595517668727,0.0009961281808932299,-0.004348131099980732,0.5000000001699515,0.5,0.024999999994967784,0.0031926679740638237,0.37271366259003885,True
37.85,16.667529809683657,6.000915214786253,18.841595399588442,0.0009152147862527826,-0.004155879921804707,0.5000000001663107,0.5,0.02499999999507552,0.0031146426542203714,0.37285157188702633,True
37.9,16.69252970405756,6.000838443062231,18.866595293962344,0.0008384430622312422,-0.003968229214658964,0.5000000001627479,0.5,0.024999999995181026,0.003035464073087847,0.37298398013052547,True
37.95,16.717529609837865,6.0007656869328105,18.89159519974265,0.0007656869328105387,-0.0037852553406161563,0.5000000001592614,0.5,0.02499999999528435,0.002955377078331752,0.37311099042449886,True
38.0,16.742529526040876,6.000696820586165,18.91659511594566,0.0006968205861648258,-0.003607019633306867,0.5000000001558496,0.5,0.024999999995385422,0.0028746116070591894,0.3732327100667826,True
38.050000000000004,16.76752945174527,6.000631718719765,18.941595041650054,0.0006317187197648622,-0.003433569301455866,0.5000000001525109,0.5,0.024999999995484218,0.002793383228419118,0.3733492500381078,True
38.1,16.792529386090155,6.000570256767595,18.96659497599494,0.0005702567675953674,-0.003264938299938759,0.5000000001492437,0.5,0.024999999995580943,0.0027118936790020273,0.37346072451839274,True
38.15,16.817529328273018,6.0005123111102225,18.991594918177803,0.0005123111102225408,-0.0031011481687661176,0.5000000001460465,0.5,0.02499999999567565,0.0026303313904365304,0.3735672504294629,True
38.2,16.842529277547488,6.00045775926846,19.016594867452273,0.0004577592684595899,-0.002942208840441426,0.5000000001429178,0.5,0.024999999995768327,0.002548872008599225,0.3736689470033327,True
38.25,16.86752923322105,6.000406480081348,19.041594823125834,0.00040648008134791525,-0.0027881194161745206,0.5000000001398561,0.5,0.024999999995858967,0.0024676789039319038,0.3737659353752013,True
38.300000000000004,16.892529194652656,6.000358353869159,19.06659478455744,0.000358353869159167,-0.0026388689114646333,0.5000000001368601,0.5,0.024999999995947632,0.0023869036724075755,0.3738583382003209,True
38.35,16.917529161250318,6.000313262582103,19.091594751155103,0.00031326258210295777,-0.0024944369715958897,0.5000000001339282,0.5,0.024999999996034417,0.0023066866267430907,0.3739462792939048,True
38.400000000000006,16.94252913246866,6.0002710899354135,19.116594722373446,0.00027108993541347104,-0.0023547945576137064,0.5000000001310592,0.5,0.024999999996119293,0.0022271572774952716,0.37402988329324777,True
38.45,16.967529107806467,6.000231721531469,19.141594697711252,0.00023172153146866492,-0.002219904603373341,0.5000000001282515,0.5,0.024999999996202445,0.0021484348037267937,0.3741092753412429,True
38.5,16.992529086804257,6.000195044969571,19.166594676709042,0.00019504496957090112,-0.002089722644271984,0.500000000125504,0.5,0.024999999996283783,0.002070628512982134,0.37418458079049843,True
38.550000000000004,17.017529069041874,6.000160949944012,19.19159465894666,0.00016094994401161244,-0.001964197418292849,0.5000000001228154,0.5,0.0249999999963634,0.001993838290337191,0.3742559249272581,True
38.6,17.042529054136114,6.00012932833102,19.2165946440409,0.0001293283310204174,-0.0018432714400044667,0.5000000001201844,0.5,0.024999999996441275,0.0019181550363310458,0.3743234327143463,True
38.650000000000006,17.06752904173842,6.000100074265174,19.241594631643206,0.00010007426517422147,-0.0017268815481711515,0.5000000001176097,0.5,0.024999999996517593,0.0018436610936357842,0.3743872285523787,True
38.7,17.09252903153263,6.000073084205836,19.266594621437417,7.308420583562736e-05,-0.0016149594276405443,0.5000000001150902,0.5,0.02499999999659224,0.0017704306623363875,0.3744474360584841,True
38.75,17.11752902323279,6.000048256994164,19.291594613137576,4.825699416421969e-05,-0.0015074321061822704,0.5000000001126247,0.5,0.024999999996665166,0.0016985302037365434,0.374504177861803,True
38.800000000000004,17.142529016581044,6.000025493901226,19.31659460648583,2.5493901225637217e-05,-0.001404222426958028,0.500000000110212,0.5,0.024999999996736636,0.001628018832638266,0.3745575754150473,True
38.85,17.167529011345607,6.000004698667717,19.341594601250392,4.6986677171290125e-06,-0.0013052494973074785,0.500000000107851,0.5,0.024999999996806507,0.001558948698053089,0.37460774882140735,True
38.900000000000006,17.192529007318825,5.999985777535791,19.36659459722361,-1.4222464209012742e-05,-0.0012104291145371127,0.5000000001055405,0.5,0.024999999996874973,0.0014913653523596535,0.37462637174771296,True
38.95,17.217529004315317,5.999968639273464,19.391594594220102,-3.1360726535645256e-05,-0.0011196741694000725,0.5000000001032795,0.5,0.024999999996941948,0.0014253081089093144,0.374636174469018,True
39.0,17.24252900217021,5.99995319519206,19.416594592074993,-4.68048079396155e-05,-0.0010328950279544003,0.5000000001010669,0.5,0.024999999997007527,0.0013608103881444164,0.37464649210280804,True
39.050000000000004,17.267529000737444,5.9999393591571355,19.44159459064223,-6.064084286450111e-05,-0.0009499998924852322,0.5000000000989018,0.5,0.024999999997071698,0.0012979000522742414,0.37465726563774043,True
39.1,17.292528999888216,5.999927047593307,19.466594589793,-7.295240669336067e-05,-0.0008708951421731479,0.500000000096783,0.5,0.024999999997134457,0.001236599728609997,0.37466843917242165,True
39.150000000000006,17.31752899950945,5.999916179483393,19.491594589414234,-8.382051660671408e-05,-0.0007954856541865607,0.5000000000947097,0.5,0.024999999997195845,0.0011769271216516618,0.37467995981885427,True
39.2,17.342528999502402,5.999906676362264,19.516594589407187,-9.332363773584262e-05,-0.0007236751058702206,0.5000000000926808,0.5,0.02499999999725593,0.0011188953140494156,0.3746917776061831,True
39.25,17.367528999781346,5.999898462305769,19.54159458968613,-0.00010153769423126846,-0.0006553662586954974,0.5000000000906953,0.5,0.024999999997314643,0.0010625130565679963,0.37470384538492696,True
39.300000000000004,17.392529000272315,5.999891463915105,19.5665945901771,-0.0001085360848946948,-0.000590461224630631,0.5000000000887524,0.5,0.024999999997372114,0.0010077850472161854,0.3747161187318581,True
39.35,17.41752900091197,5.9998856102969835,19.591594590816754,-0.00011438970301647089,-0.0005288617155804836,0.5000000000868512,0.5,0.024999999997428336,0.0009547121996829156,0.3747285558556974,True
39.400000000000006,17.442529001646502,5.999880833039901,19.616594591551287,-0.00011916696009883765,-0.0004704692765362922,0.5000000000849906,0.5,0.02499999999748349,0.0009032919012685142,0.37474111750375805,True
39.45,17.467529002430656,5.999877066186862,19.64159459233544,-0.00012293381313810414,-0.0004151855030660912,0.5000000000831698,0.5,0.024999999997537468,0.0008535182604768851,0.3747537668696814,True
39.5,17.4925290032268,5.999874246204822,19.666594593131585,-0.00012575379517798524,-0.0003629122437659335,0.5000000000813881,0.5,0.024999999997590186,0.0008053823444813103,0.37476646950237047,True
39.550000000000004,17.51752900400407,5.999872311951169,19.691594593908857,-0.00012768804883123153,-0.0003135517882807722,0.5000000000796446,0.5,0.02499999999764174,0.0007588724066402754,0.37477919321624553,True
39.6,17.5425290047376,5.999871204637498,19.716594594642384,-0.0001287953625022098,-0.0002670070414922852,0.5000000000779384,0.5,0.02499999999769225,0.0007139741042804078,0.3747919080029143,True
39.650000000000006,17.56752900540778,5.999870867790946,19.741594595312566,-0.00012913220905375056,-0.00022318168445921546,0.5000000000762688,0.5,0.02499999999774172,0.0006706707069663401,0.3748045859443412,True
39.7,17.592529005999637,5.999871247213339,19.766594595904422,-0.0001287527866606908,-0.0001819803226828017,0.5000000000746349,0.5,0.024999999997790154,0.0006289432954611585,0.3748172011276032,True
39.75,17.617529006502192,5.9998722909383835,19.791594596406977,-0.00012770906161652107,-0.0001433086222572671,0.500000000073036,0.5,0.02499999999783744,0.0005887709516032798,0.37482972956130384,True
39.800000000000004,17.642529006907942,5.999873949187121,19.816594596812728,-0.00012605081287908604,-0.00010707343445256023,0.5000000000714714,0.5,0.024999999997883788,0.0005501309393412002,0.3748421490936943,True
39.85,17.667529007212366,5.999876174321876,19.84159459711715,-0.0001238256781244118,-7.318290926263418e-05,0.5000000000699403,0.5,0.02499999999792913,0.0005129988771260642,0.37485443933257767,True
39.900000000000006,17.692529007413466,5.99987892079887,19.86659459731825,-0.00012107920113013648,-4.1546598439419565e-05,0.500000000068442,0.5,0.024999999997973414,0.00047734890192758334,0.3748665815670194,True
39.95,17.717529007511377,5.999882145119723,19.891594597416162,-0.00011785488027715729,-1.207554851879612e-05,0.5000000000669759,0.5,0.02499999999801676,0.00044315382507317374,0.37487855869092657,True
40.0,17.742529007508008,5.99988580578199,19.916594597412793,-0.00011419421800962226,1.531761566897791e-05,0.500000000065541,0.5,0.024999999998059325,0.0004103852801737514,0.3748812564648012,True
40.050000000000004,17.767529007406708,5.99988986322893,19.941594597311493,-0.00011013677107030162,4.071861652570408e-05,0.5000000000641369,0.5,0.024999999998100958,0.00037901386334915474,0.37487776990345023,True
40.1,17.792529007211996,5.99989427979864,19.96659459711678,-0.00010572020136034865,6.421145778404883e-05,0.5000000000627629,0.5,0.02499999999814169,0.00034900926599960337,0.37487520925338536,True
40.150000000000006,17.817529006929306,5.999899019672728,19.99159459683409,-0.00010098032727157147,8.587836672788109e-05,0.5000000000614184,0.5,0.02499999999818141,0.00032034040035336885,0.37487351425878496,True
40.2,17.842529006564753,5.999904048824647,20.016594596469538,-9.595117535265985e-05,0.00010579974409748752,0.5000000000601027,0.5,0.024999999998220338,0.000292975518025856,0.3748726270003081,True
40.25,17.86752900612496,5.999909334967825,20.041594596029746,-9.066503217525224e-05,0.00012405412125685416,0.5000000000588152,0.5,0.024999999998258422,0.0002668823218171259,0.374872491855745,True
40.300000000000004,17.892529005616872,5.9999148475037165,20.066594595521657,-8.515249628349153e-05,0.00014071812421395606,0.5000000000575552,0.5,0.024999999998295754,0.00024202807098728428,0.3748730554585623,True
40.35,17.91752900504762,5.999920557469895,20.091594594952404,-7.944253010538915e-05,0.00015586644409887223,0.5000000000563222,0.5,0.024999999998332308,0.0002183796802261135,0.37487426665458146,True
40.400000000000006,17.942529004424387,5.9999264374882735,20.11659459432917,-7.35625117265215e-05,0.00016957181371810373,0.5000000000551156,0.5,0.024999999998368064,0.00019590381255278792,0.37487607645700305,True
40.45,17.967529003754315,5.99993246171358,20.1415945936591,-6.753828642036552e-05,0.0001819049898169258,0.5000000000539349,0.5,0.02499999999840303,0.00017456696635766524,0.37487843799999104,True
40.5,17.992529003044414,5.999938605782148,20.1665945929492,-6.139421785178456e-05,0.0001929347406949279,0.5000000000527794,0.5,0.02499999999843722,0.00015433555681794282,0.3748813064910057,True
40.550000000000004,18.01752900230148,5.999944846761135,20.191594592206265,-5.51532388648468e-05,0.0002027278388330966,0.5000000000516488,0.5,0.024999999998470666,0.00013517599189682918,0.37488463916207515,True
40.6,18.042529001532042,5.999951163098227,20.216594591436827,-4.883690177326372e-05,0.00021134905820393104,0.5000000000505423,0.5,0.024999999998503424,0.00011705474313284678,0.374888395220184,True
40.650000000000006,18.067529000742326,5.999957534571907,20.24159459064711,-4.246542809305254e-05,0.00021886117594846122,0.5000000000494595,0.5,0.024999999998535555,9.993841144541259e-05,0.3748925357969326,True
40.7,18.092528999938196,5.99996394224236,20.26659458984298,-3.605775764015107e-05,0.00022532497811691632,0.5000000000484,0.5,0.024999999998566995,8.379378814352636e-05,0.3748970238976345,True
40.75,18.11752899912515,5.99997036840306,20.291594589029934,-2.9631596939694305e-05,0.00023079926918207424,0.5000000000473631,0.5,0.024999999998597675,6.858791134809965e-05,0.3749018243499907,True
40.800000000000004,18.142528998308286,5.999976796533105,20.31659458821307,-2.3203466895438396e-05,0.00023534088504614537,0.5000000000463485,0.5,0.024999999998627707,5.4288118028869006e-05,0.37490690375247426,True
40.85,18.167528997492305,5.9999832112503375,20.34159458739709,-1.6788749662488556e-05,0.0002390047092742852,0.5000000000453556,0.5,0.024999999998657055,4.086209183582895e-05,0.37491223042256205,True
40.900000000000006,18.192528996681492,5.999989598265312,20.366594586586277,-1.040173468780381e-05,0.00024184369229915932,0.5000000000443839,0.5,0.024999999998685872,2.8277906925939076e-05,0.37491777434492274,True
40.95,18.217528995879736,5.999995944336126,20.39159458578452,-4.055663874069637e-06,0.00024390887335231206,0.5000000000434331,0.5,0.02499999999871399,1.6504067960449378e-05,0.3749235071196797,True
41.0,18.24252899509051,6.000002237224163,20.416594584995295,2.2372241632595546e-06,0.0002452494048892765,0.5000000000425027,0.5,0.02499999999874158,5.509546458349545e-06,0.3749249274625192,True
41.050000000000004,18.267528994316905,6.000008465650781,20.44159458422169,8.465650781275258e-06,0.0002459125792861,0.5000000000415922,0.5,0.024999999998768507,-4.7361863279032875e-06,0.3749185020934691,True
41.1,18.292528993561625,6.000014619254959,20.46659458346641,1.4619254958603278e-05,0.0002459438575954194,0.5000000000407012,0.5,0.024999999998794806,-1.4263129837262475e-05,0.37491233920059575,True
41.150000000000006,18.317528992827015,6.000020688551931,20.4915945827318,2.0688551931158372e-05,0.0002453869001604348,0.5000000000398293,0.5,0.024999999998820684,-2.3100727761746014e-05,0.37490643530287326,True
41.2,18.342528992115067,6.000026664892838,20.516594582019852,2.6664892837757748e-05,0.00024428359889526967,0.500000000038976,0.5,0.024999999998845893,-3.127784459150065e-05,0.3749007866086667,True
41.25,18.36752899142745,6.000032540425383,20.541594581332234,3.2540425382698857e-05,0.00024267411104964597,0.500000000038141,0.5,0.02499999999887066,-3.882274497516157e-05,0.3748953890450132,True
41.300000000000004,18.392528990765513,6.0000383080555375,20.566594580670298,3.8308055537505936e-05,0.00024059689428536276,0.5000000000373239,0.5,0.02499999999889492,-4.576307576031409e-05,0.37489023828547824,True
41.35,18.417528990130325,6.000043961410282,20.59159458003511,4.3961410281845303e-05,0.00023808874290109268,0.5000000000365243,0.5,0.0249999999989186,-5.2125850554162874e-05,0.3748853297766352,True
41.400000000000006,18.442528989522682,6.000049494801398,20.616594579427467,4.9494801397820254e-05,0.00023518482505078807,0.5000000000357419,0.5,0.024999999998941827,-5.7937436675233765e-05,0.37488065876319987,True
41.45,18.46752898894313,6.000054903190313,20.641594578847915,5.4903190313204675e-05,0.0002319187208095886,0.5000000000349762,0.5,0.024999999998964396,-6.322354434718017e-05,0.37487622031186707,True
41.5,18.492528988391992,6.000060182154002,20.666594578296777,6.018215400160898e-05,0.00022832246094939596,0.500000000034227,0.5,0.024999999998986593,-6.800921801323539e-05,0.3748720093338822,True
41.550000000000004,18.517528987869383,6.000065327851936,20.69159457777417,6.532785193602564e-05,0.0002244265662943236,0.5000000000334938,0.5,0.024999999999008246,-7.231882964038776e-05,0.37486802060638935,True
41.6,18.542528987375228,6.000070336994091,20.716594577280013,7.033699409131344e-05,0.00022026008753374038,0.5000000000327762,0.5,0.02499999999902951,-7.617607388861826e-05,0.3748642487925967,True
41.650000000000006,18.56752898690929,6.000075206809996,20.741594576814077,7.520680999562046e-05,0.00021585064537822782,0.5000000000320741,0.5,0.024999999999050237,-7.96039650350533e-05,0.3748606884607937,True
41.7,18.592528986471184,6.000079935018814,20.76659457637597,7.993501881387033e-05,0.00021122447095075754,0.500000000031387,0.5,0.024999999999070592,-8.262483552414335e-05,0.3748573341022663,True
41.75,18.61752898606039,6.000084519800465,20.791594575965174,8.451980046508822e-05,0.00020640644631250636,0.5000000000307147,0.5,0.024999999999090444,-8.526033605069405e-05,0.37485418014814165,True
41.800000000000004,18.64252898567627,6.000088959767758,20.816594575581057,8.89597677575793e-05,0.00020142014502933357,0.5000000000300566,0.5,0.024999999999109984,-8.753143706208814e-05,0.37485122098520285,True
41.85,18.667528985318103,6.000093253939532,20.84159457522289,9.325393953218963e-05,0.00019628787269109578,0.5000000000294127,0.5,0.024999999999129104,-8.945843158172957e-05,0.37484845097071096,True
41.900000000000006,18.692528984985074,6.0000974017148,20.86659457488986,9.7401714800327e-05,0.0001910307073022744,0.5000000000287826,0.5,0.024999999999147697,-9.106093925664551e-05,0.37484586444627166,True
41.95,18.7175289846763,6.00010140284786,20.891594574581084,0.00010140284785986609,0.00018566853946818982,0.500000000028166,0.5,0.024999999999165978,-9.235791153255729e-05,0.3748434557507853,True
42.0,18.742528984390848,6.000105257424378,20.916594574295633,0.00010525742437828,0.00018022011230684146,0.5000000000275626,0.5,0.024999999999183866,-9.336763787502643e-05,0.3748412192325119,True
42.050000000000004,18.767528984127736,6.000108965838427,20.94159457403252,0.00010896583842701091,0.00017470306102171173,0.5000000000269722,0.5,0.024999999999201286,-9.410775295244636e-05,0.37483914926028594,True
42.1,18.792528983885955,6.000112528770443,20.96659457379074,0.00011252877044309884,0.00016913395207579805,0.5000000000263943,0.5,0.024999999999218477,-9.459524468929216e-05,0.3748372402339233,True
42.150000000000006,18.817528983664467,6.0001159471661065,20.99159457356925,0.00011594716610652256,0.00016352832191236772,0.5000000000258289,0.5,0.024999999999235217,-9.484646312230088e-05,0.37483548659384647,True
42.2,18.842528983462227,6.000119222216114,21.016594573367012,0.00011922221611371242,0.00015790071517265907,0.5000000000252756,0.5,0.024999999999251617,-9.487712998473075e-05,0.3748338828299646,True
42.25,18.867528983278184,6.000122355336828,21.04159457318297,0.00012235533682769528,0.00015226472236498073,0.5000000000247341,0.5,0.024999999999267636,-9.470234894802598e-05,0.37483242348983875,True
42.300000000000004,18.89252898311129,6.000125348151783,21.066594573016076,0.00012534815178266712,0.00014663301694399128,0.5000000000242042,0.5,0.02499999999928338,-9.433661645042285e-05,0.37483110318616863,True
42.35,18.9175289829605,6.000128202474028,21.091594572865286,0.0001282024740278942,0.00014101739176314044,0.5000000000236857,0.5,0.02499999999929867,-9.379383305706161e-05,0.3748299166036263,True
42.400000000000006,18.942528982824797,6.000130920289284,21.116594572729582,0.00013092028928429755,0.0001354287948669971,0.5000000000231783,0.5,0.024999999999313637,-9.308731528216795e-05,0.3748288585050731,True
42.45,18.96752898270317,6.0001335037398995,21.141594572607953,0.0001335037398995098,0.00012987736459390642,0.5000000000226817,0.5,0.024999999999328434,-9.22298078265777e-05,0.37482792373718266,True
42.5,18.99252898259464,6.000135955109576,21.166594572499424,0.00013595510957564727,0.00012437246396287206,0.5000000000221958,0.5,0.024999999999342878,-9.123349616957125e-05,0.3748271072355045,True
42.550000000000004,19.017528982498252,6.0001382768088485,21.191594572403037,0.00013827680884848093,0.00011892271432176729,0.5000000000217203,0.5,0.024999999999356984,-9.011001946391628e-05,0.3748264040289945,True
42.6,19.042528982413092,6.000140471361302,21.216594572317877,0.0001404713613020192,0.000113536028237313,0.500000000021255,0.5,0.024999999999370748,-8.887048369444594e-05,0.3748258092440358,True
42.650000000000006,19.067528982338267,6.000142541390488,21.241594572243052,0.0001425413904883044,0.00010821964160996273,0.5000000000207997,0.5,0.024999999999384178,-8.75254750413488e-05,0.3748253181079845,True
42.7,19.092528982272928,6.000144489607543,21.266594572177713,0.00014448960754265272,0.0001029801449997638,0.5000000000203542,0.5,0.0249999999993973,-8.608507342348132e-05,0.37482492595225336,True
